name,n_conformers,boltz_r2.5,min_E_r2.5,min_r2.5,max_r2.5,boltz_r3.5,min_E_r3.5,min_r3.5,max_r3.5,boltz_r4.5,min_E_r4.5,min_r4.5,max_r4.5,boltz_r5.5,min_E_r5.5,min_r5.5,max_r5.5,boltz_r6.5,min_E_r6.5,min_r6.5,max_r6.5,boltz_r7.5,min_E_r7.5,min_r7.5,max_r7.5,boltz_r8.5,min_E_r8.5,min_r8.5,max_r8.5
fragment_00001,1,26.07,26.07,26.07,26.07,13.38,13.38,13.38,13.38,6.29,6.29,6.29,6.29,3.45,3.45,3.45,3.45,2.09,2.09,2.09,2.09,1.36,1.36,1.36,1.36,0.93,0.93,0.93,0.93
fragment_00002,1,25.12,25.12,25.12,25.12,15.68,15.68,15.68,15.68,8.41,8.41,8.41,8.41,4.6,4.6,4.6,4.6,2.79,2.79,2.79,2.79,1.82,1.82,1.82,1.82,1.25,1.25,1.25,1.25
fragment_00003,1,28.78,28.78,28.78,28.78,18.95,18.95,18.95,18.95,10.29,10.29,10.29,10.29,5.64,5.64,5.64,5.64,3.42,3.42,3.42,3.42,2.22,2.22,2.22,2.22,1.53,1.53,1.53,1.53
fragment_00004,2,29.76,29.77,29.75,29.77,22.16,22.16,22.15,22.16,15.3,15.3,15.29,15.3,10.68,10.68,10.67,10.68,6.73,6.73,6.73,6.73,4.38,4.38,4.38,4.38,3.01,3.01,3.01,3.01
fragment_00005,1,29.26,29.26,29.26,29.26,21.07,21.07,21.07,21.07,12.67,12.67,12.67,12.67,6.95,6.95,6.95,6.95,4.21,4.21,4.21,4.21,2.74,2.74,2.74,2.74,1.88,1.88,1.88,1.88
fragment_00006,1,31.57,31.57,31.57,31.57,24.55,24.55,24.55,24.55,14.26,14.26,14.26,14.26,7.81,7.81,7.81,7.81,4.73,4.73,4.73,4.73,3.08,3.08,3.08,3.08,2.12,2.12,2.12,2.12
fragment_00007,2,29.72,29.72,29.72,29.72,22.13,22.13,22.13,22.13,15.29,15.29,15.29,15.29,10.68,10.68,10.68,10.68,7.07,7.07,7.07,7.07,4.69,4.69,4.69,4.69,3.22,3.22,3.22,3.22
fragment_00008,1,28.66,28.66,28.66,28.66,20.43,20.43,20.43,20.43,11.4,11.4,11.4,11.4,6.25,6.25,6.25,6.25,3.79,3.79,3.79,3.79,2.46,2.46,2.46,2.46,1.69,1.69,1.69,1.69
fragment_00009,3,30.09,28.85,28.85,30.72,21.21,19.24,19.24,22.2,13.22,12.0,12.0,13.84,7.8,7.77,7.77,7.82,4.73,4.73,4.73,4.74,3.08,3.08,3.08,3.08,2.12,2.12,2.12,2.12
fragment_00010,1,30.08,30.08,30.08,30.08,21.45,21.45,21.45,21.45,10.66,10.66,10.66,10.66,5.84,5.84,5.84,5.84,3.54,3.54,3.54,3.54,2.3,2.3,2.3,2.3,1.58,1.58,1.58,1.58
fragment_00011,1,34.28,34.28,34.28,34.28,30.1,30.1,30.1,30.1,18.19,18.19,18.19,18.19,9.97,9.97,9.97,9.97,6.04,6.04,6.04,6.04,3.93,3.93,3.93,3.93,2.7,2.7,2.7,2.7
fragment_00012,2,29.74,29.73,29.73,29.75,22.14,22.14,22.14,22.14,15.29,15.3,15.29,15.3,10.7,10.7,10.7,10.7,7.33,7.33,7.33,7.33,5.18,5.18,5.18,5.18,3.58,3.58,3.58,3.58
fragment_00013,1,29.02,29.02,29.02,29.02,21.7,21.7,21.7,21.7,15.18,15.18,15.18,15.18,9.9,9.9,9.9,9.9,6.11,6.11,6.11,6.11,3.98,3.98,3.98,3.98,2.73,2.73,2.73,2.73
fragment_00014,1,28.17,28.17,28.17,28.17,18.36,18.36,18.36,18.36,9.51,9.51,9.51,9.51,5.21,5.21,5.21,5.21,3.16,3.16,3.16,3.16,2.05,2.05,2.05,2.05,1.41,1.41,1.41,1.41
fragment_00015,1,28.3,28.3,28.3,28.3,19.95,19.95,19.95,19.95,13.58,13.58,13.58,13.58,8.73,8.73,8.73,8.73,5.32,5.32,5.32,5.32,3.46,3.46,3.46,3.46,2.38,2.38,2.38,2.38
fragment_00016,4,29.48,29.39,29.39,30.85,23.76,23.56,23.56,26.71,16.81,16.67,16.67,18.9,11.34,11.34,11.34,11.42,6.91,6.91,6.91,6.92,4.5,4.5,4.5,4.5,3.09,3.09,3.09,3.09
fragment_00017,1,29.24,29.24,29.24,29.24,22.84,22.84,22.84,22.84,13.12,13.12,13.12,13.12,7.18,7.18,7.18,7.18,4.35,4.35,4.35,4.35,2.83,2.83,2.83,2.83,1.95,1.95,1.95,1.95
fragment_00018,1,28.31,28.31,28.31,28.31,19.17,19.17,19.17,19.17,10.11,10.11,10.11,10.11,5.54,5.54,5.54,5.54,3.35,3.35,3.35,3.35,2.18,2.18,2.18,2.18,1.5,1.5,1.5,1.5
fragment_00019,2,30.83,30.83,30.83,30.83,23.77,23.77,23.77,23.77,16.69,16.69,16.68,16.69,11.46,11.46,11.45,11.46,7.21,7.21,7.21,7.21,4.69,4.69,4.69,4.69,3.22,3.22,3.22,3.22
fragment_00020,1,28.92,28.92,28.92,28.92,20.76,20.76,20.76,20.76,14.57,14.57,14.57,14.57,10.18,10.18,10.18,10.18,6.39,6.39,6.39,6.39,4.16,4.16,4.16,4.16,2.86,2.86,2.86,2.86
fragment_00021,2,29.64,29.65,29.64,29.65,22.05,22.05,22.05,22.05,15.06,15.06,15.06,15.06,10.2,10.2,10.2,10.2,6.39,6.39,6.39,6.39,4.16,4.16,4.16,4.16,2.86,2.86,2.86,2.86
fragment_00022,5,31.64,31.4,30.79,32.85,25.21,24.73,24.06,27.14,17.31,17.08,16.28,18.66,10.89,10.89,10.86,10.91,6.61,6.61,6.61,6.61,4.3,4.3,4.3,4.3,2.95,2.95,2.95,2.95
fragment_00023,2,27.02,26.92,26.92,27.23,19.04,18.92,18.92,19.29,10.86,10.85,10.85,10.88,6.0,5.99,5.99,6.01,3.63,3.63,3.63,3.64,2.37,2.36,2.36,2.37,1.62,1.62,1.62,1.63
fragment_00024,2,31.58,31.58,31.58,32.57,24.96,24.96,24.96,28.07,17.43,17.43,17.43,20.22,12.41,12.41,12.41,12.9,7.85,7.85,7.85,7.86,5.11,5.11,5.11,5.11,3.51,3.51,3.51,3.51
fragment_00025,2,31.89,31.89,31.89,31.89,25.4,25.4,25.4,25.4,18.81,18.81,18.81,18.81,12.77,12.77,12.77,12.77,8.0,8.0,8.0,8.0,5.21,5.21,5.21,5.21,3.58,3.58,3.58,3.58
fragment_00026,1,25.73,25.73,25.73,25.73,16.45,16.45,16.45,16.45,9.01,9.01,9.01,9.01,4.93,4.93,4.93,4.93,2.99,2.99,2.99,2.99,1.94,1.94,1.94,1.94,1.34,1.34,1.34,1.34
fragment_00027,2,29.76,29.76,29.75,29.76,22.16,22.16,22.16,22.16,15.38,15.38,15.37,15.38,11.06,11.06,11.06,11.06,7.21,7.21,7.21,7.21,4.69,4.69,4.69,4.69,3.22,3.22,3.22,3.22
fragment_00028,2,29.59,29.59,29.59,29.6,22.03,22.03,22.03,22.03,15.12,15.12,15.12,15.12,10.39,10.39,10.39,10.39,6.39,6.39,6.39,6.39,4.16,4.16,4.16,4.16,2.86,2.86,2.86,2.86
fragment_00029,3,31.08,30.89,30.89,32.34,22.94,22.58,22.58,25.3,15.8,15.58,15.58,17.32,9.94,9.93,9.93,9.99,6.05,6.04,6.04,6.05,3.93,3.93,3.93,3.94,2.7,2.7,2.7,2.71
fragment_00030,2,29.78,29.77,29.77,29.78,22.17,22.17,22.17,22.17,15.47,15.47,15.47,15.47,11.42,11.42,11.42,11.42,7.89,7.89,7.89,7.89,5.21,5.21,5.21,5.21,3.58,3.58,3.58,3.58
fragment_00031,1,28.28,28.28,28.28,28.28,22.69,22.69,22.69,22.69,15.78,15.78,15.78,15.78,10.24,10.24,10.24,10.24,6.21,6.21,6.21,6.21,4.05,4.05,4.05,4.05,2.78,2.78,2.78,2.78
fragment_00032,2,27.85,27.84,27.84,28.09,17.17,17.19,16.79,17.19,8.49,8.49,8.49,8.51,4.65,4.65,4.65,4.66,2.82,2.82,2.82,2.82,1.83,1.83,1.83,1.84,1.26,1.26,1.26,1.26
fragment_00033,4,30.93,30.52,30.1,32.0,23.84,23.3,22.22,25.69,16.08,15.76,15.11,17.19,9.98,9.98,9.98,9.99,6.05,6.05,6.05,6.05,3.94,3.94,3.94,3.94,2.71,2.71,2.71,2.71
fragment_00034,3,29.69,31.06,28.66,31.06,20.2,21.57,19.16,21.57,12.33,12.9,11.89,12.9,7.24,7.24,7.24,7.24,4.39,4.39,4.38,4.39,2.85,2.86,2.85,2.86,1.96,1.96,1.96,1.96
fragment_00035,2,29.84,29.84,29.84,29.85,22.24,22.24,22.24,22.24,15.39,15.39,15.39,15.39,11.1,11.1,11.1,11.1,7.95,7.95,7.95,7.96,5.68,5.68,5.68,5.68,3.93,3.93,3.93,3.93
fragment_00036,1,29.07,29.07,29.07,29.07,24.57,24.57,24.57,24.57,14.66,14.66,14.66,14.66,8.08,8.08,8.08,8.08,4.9,4.9,4.9,4.9,3.19,3.19,3.19,3.19,2.19,2.19,2.19,2.19
fragment_00037,4,30.93,30.54,30.1,31.99,23.87,23.35,22.22,25.72,16.09,15.79,15.11,17.2,9.98,9.98,9.98,9.99,6.05,6.05,6.05,6.05,3.94,3.94,3.94,3.94,2.71,2.7,2.7,2.71
fragment_00038,2,29.73,29.74,29.73,29.74,22.13,22.14,22.13,22.14,15.29,15.29,15.29,15.29,10.7,10.7,10.7,10.7,7.38,7.38,7.38,7.38,5.32,5.32,5.32,5.32,3.72,3.72,3.72,3.72
fragment_00039,8,29.93,29.61,29.05,31.13,24.48,23.76,23.76,27.13,17.53,17.01,17.01,19.44,11.99,11.91,11.86,12.3,7.47,7.47,7.47,7.47,4.86,4.86,4.86,4.86,3.34,3.34,3.34,3.34
fragment_00040,3,26.32,26.32,26.18,26.32,19.6,19.6,19.57,19.6,13.32,13.32,13.29,13.32,8.44,8.44,8.44,8.44,5.12,5.12,5.12,5.12,3.34,3.34,3.34,3.34,2.29,2.29,2.29,2.29
fragment_00041,7,29.99,28.91,28.91,30.8,21.27,19.27,19.27,23.29,13.89,12.19,12.19,15.7,9.3,8.59,8.59,9.95,6.03,5.95,5.95,6.06,3.94,3.94,3.94,3.94,2.71,2.71,2.71,2.71
fragment_00042,2,28.98,28.98,28.97,28.98,21.51,21.52,21.51,21.52,14.79,14.8,14.79,14.8,9.93,9.93,9.93,9.93,6.1,6.1,6.1,6.1,3.97,3.97,3.97,3.97,2.73,2.73,2.73,2.73
fragment_00043,1,30.48,30.48,30.48,30.48,22.09,22.09,22.09,22.09,14.02,14.02,14.02,14.02,8.0,8.0,8.0,8.0,4.85,4.85,4.85,4.85,3.16,3.16,3.16,3.16,2.17,2.17,2.17,2.17
fragment_00044,1,28.66,28.66,28.66,28.66,20.63,20.63,20.63,20.63,14.49,14.49,14.49,14.49,9.39,9.39,9.39,9.39,5.77,5.77,5.77,5.77,3.76,3.76,3.76,3.76,2.58,2.58,2.58,2.58
fragment_00045,3,30.76,30.93,28.88,30.93,21.46,21.66,19.18,21.66,12.39,12.47,11.49,12.47,6.83,6.83,6.83,6.84,4.14,4.14,4.14,4.14,2.69,2.69,2.69,2.7,1.85,1.85,1.85,1.85
fragment_00046,2,30.79,30.8,30.78,30.8,23.74,23.74,23.74,23.74,16.68,16.68,16.68,16.68,11.46,11.46,11.45,11.46,7.54,7.54,7.54,7.54,5.0,5.0,5.0,5.0,3.44,3.44,3.44,3.44
fragment_00047,1,27.99,27.99,27.99,27.99,18.03,18.03,18.03,18.03,9.13,9.13,9.13,9.13,5.0,5.0,5.0,5.0,3.03,3.03,3.03,3.03,1.97,1.97,1.97,1.97,1.36,1.36,1.36,1.36
fragment_00048,4,29.2,29.14,28.62,29.46,20.39,20.54,20.02,20.54,12.91,13.09,12.42,13.09,7.37,7.37,7.37,7.37,4.47,4.47,4.46,4.47,2.91,2.91,2.91,2.91,2.0,2.0,2.0,2.0
fragment_00049,2,29.72,29.72,29.71,29.72,22.13,22.13,22.13,22.13,15.36,15.37,15.36,15.37,11.05,11.05,11.05,11.05,7.54,7.54,7.54,7.54,5.0,5.0,5.0,5.0,3.44,3.44,3.44,3.44
fragment_00050,2,29.8,29.8,29.8,29.8,22.19,22.19,22.19,22.19,15.33,15.33,15.32,15.33,10.72,10.72,10.72,10.72,7.58,7.58,7.58,7.58,5.62,5.62,5.62,5.62,3.92,3.92,3.92,3.92
fragment_00051,6,25.86,26.3,24.53,26.3,17.84,18.64,16.65,18.64,11.09,11.26,10.98,11.26,6.16,6.17,6.16,6.17,3.73,3.74,3.73,3.74,2.43,2.43,2.43,2.43,1.67,1.67,1.67,1.67
fragment_00052,2,29.74,29.74,29.74,29.74,22.14,22.14,22.14,22.14,15.4,15.41,15.4,15.41,11.22,11.22,11.22,11.22,8.35,8.35,8.35,8.35,6.3,6.3,6.3,6.3,4.48,4.48,4.48,4.48
fragment_00053,3,28.28,28.28,28.28,28.42,23.16,23.17,23.16,23.3,16.58,16.58,16.56,16.58,10.79,10.79,10.79,10.8,6.55,6.55,6.55,6.55,4.26,4.26,4.26,4.27,2.93,2.93,2.93,2.93
fragment_00054,2,29.77,29.77,29.77,29.77,22.16,22.17,22.16,22.17,15.31,15.31,15.31,15.31,10.73,10.73,10.73,10.73,7.32,7.32,7.32,7.32,5.19,5.19,5.19,5.19,3.71,3.71,3.71,3.71
fragment_00055,2,29.79,29.67,29.67,30.9,22.74,22.58,22.58,24.26,15.08,15.0,15.0,15.83,8.94,8.94,8.94,8.94,5.41,5.41,5.41,5.42,3.52,3.52,3.52,3.52,2.42,2.42,2.42,2.42
fragment_00056,2,26.02,26.02,26.01,26.02,19.35,19.35,19.35,19.35,12.94,12.94,12.94,12.94,7.88,7.88,7.88,7.88,4.78,4.77,4.77,4.78,3.11,3.11,3.11,3.11,2.14,2.14,2.14,2.14
fragment_00057,1,28.74,28.74,28.74,28.74,20.72,20.72,20.72,20.72,14.7,14.7,14.7,14.7,10.59,10.59,10.59,10.59,8.08,8.08,8.08,8.08,5.97,5.97,5.97,5.97,4.22,4.22,4.22,4.22
fragment_00058,2,29.74,29.73,29.73,29.74,22.14,22.14,22.14,22.14,15.73,15.73,15.73,15.73,11.84,11.84,11.84,11.84,8.38,8.38,8.38,8.38,5.71,5.71,5.71,5.71,3.92,3.92,3.92,3.92
fragment_00059,2,31.89,31.89,31.88,31.89,25.39,25.39,25.39,25.39,18.81,18.81,18.81,18.81,12.79,12.79,12.79,12.79,8.6,8.6,8.6,8.6,6.01,6.01,6.01,6.01,4.15,4.15,4.15,4.15
fragment_00060,2,32.46,32.47,32.45,32.47,25.57,25.58,25.56,25.58,18.83,18.83,18.82,18.83,14.4,14.4,14.39,14.4,10.13,10.13,10.13,10.13,6.77,6.77,6.77,6.77,4.65,4.65,4.65,4.65
fragment_00061,2,29.77,29.77,29.77,29.77,22.16,22.16,22.16,22.17,15.48,15.48,15.48,15.48,11.5,11.5,11.5,11.5,8.07,8.07,8.07,8.07,5.41,5.41,5.41,5.41,3.72,3.72,3.72,3.72
fragment_00062,1,28.52,28.52,28.52,28.52,19.62,19.62,19.62,19.62,13.9,13.9,13.9,13.9,9.69,9.69,9.69,9.69,6.05,6.05,6.05,6.05,3.94,3.94,3.94,3.94,2.71,2.71,2.71,2.71
fragment_00063,3,28.93,28.77,28.77,29.65,21.13,20.72,20.72,22.89,13.33,13.02,13.02,14.62,8.36,8.35,8.35,8.43,5.1,5.09,5.09,5.11,3.32,3.32,3.32,3.32,2.28,2.28,2.28,2.28
fragment_00064,4,28.26,28.15,28.15,28.39,18.24,18.14,18.14,18.36,11.09,11.05,11.05,11.14,6.71,6.7,6.7,6.71,4.07,4.07,4.07,4.07,2.65,2.65,2.65,2.65,1.82,1.82,1.82,1.82
fragment_00065,8,30.76,31.26,28.87,31.26,21.24,21.36,20.2,21.36,13.28,13.23,12.68,13.53,7.71,7.71,7.7,7.71,4.67,4.67,4.67,4.67,3.04,3.04,3.04,3.04,2.09,2.09,2.09,2.09
fragment_00066,4,31.76,31.55,31.03,32.73,25.73,25.34,24.33,27.64,18.3,18.13,16.9,19.96,12.67,12.69,12.34,13.01,8.14,8.14,8.14,8.15,5.3,5.3,5.3,5.3,3.64,3.64,3.64,3.64
fragment_00067,1,31.9,31.9,31.9,31.9,25.42,25.42,25.42,25.42,18.05,18.05,18.05,18.05,12.23,12.23,12.23,12.23,7.69,7.69,7.69,7.69,5.0,5.0,5.0,5.0,3.44,3.44,3.44,3.44
fragment_00068,2,31.43,31.43,31.43,32.36,24.79,24.79,24.79,27.71,17.13,17.13,17.13,19.73,11.88,11.88,11.88,12.06,7.29,7.29,7.29,7.31,4.75,4.75,4.75,4.75,3.26,3.26,3.26,3.27
fragment_00069,4,33.51,33.89,31.85,33.89,27.57,28.1,24.93,28.1,17.58,17.87,15.96,17.87,9.99,9.99,9.95,10.0,6.05,6.05,6.05,6.06,3.94,3.94,3.94,3.94,2.71,2.71,2.71,2.71
fragment_00070,4,33.55,33.94,31.86,33.94,27.59,28.14,24.94,28.14,17.58,17.88,15.96,17.88,9.99,9.99,9.96,10.0,6.05,6.05,6.05,6.06,3.94,3.94,3.94,3.94,2.71,2.71,2.71,2.71
fragment_00071,2,29.77,29.77,29.77,29.77,22.15,22.15,22.15,22.16,15.48,15.47,15.47,15.48,11.38,11.38,11.38,11.38,7.9,7.9,7.9,7.9,5.4,5.39,5.39,5.4,3.71,3.71,3.71,3.71
fragment_00072,2,28.4,28.41,28.39,28.41,18.16,18.17,18.15,18.17,10.62,10.62,10.62,10.62,6.05,6.05,6.05,6.06,3.67,3.67,3.67,3.67,2.39,2.39,2.39,2.39,1.64,1.64,1.64,1.64
fragment_00073,2,29.76,29.76,29.76,29.76,22.14,22.14,22.14,22.15,15.48,15.47,15.47,15.48,11.46,11.46,11.46,11.46,8.49,8.49,8.49,8.49,6.0,6.0,6.0,6.0,4.14,4.14,4.14,4.14
fragment_00074,2,32.02,32.02,32.02,32.02,25.76,25.76,25.76,25.76,19.39,19.39,19.39,19.39,13.28,13.28,13.28,13.28,8.32,8.32,8.32,8.32,5.41,5.41,5.41,5.41,3.72,3.72,3.72,3.72
fragment_00075,2,29.31,29.31,29.31,29.31,23.08,23.08,23.08,23.09,16.92,16.92,16.92,16.93,12.28,12.28,12.28,12.28,8.81,8.81,8.81,8.81,5.96,5.96,5.96,5.96,4.09,4.09,4.09,4.09
fragment_00076,2,29.69,29.68,29.68,29.7,22.1,22.09,22.09,22.1,15.27,15.27,15.27,15.27,10.67,10.68,10.67,10.68,7.18,7.18,7.18,7.18,4.83,4.83,4.83,4.83,3.32,3.32,3.32,3.32
fragment_00077,4,31.75,31.56,30.99,32.75,25.73,25.37,24.32,27.65,18.31,18.16,16.9,19.97,12.67,12.7,12.34,13.01,8.14,8.14,8.14,8.15,5.3,5.3,5.3,5.3,3.64,3.64,3.64,3.64
fragment_00078,7,30.02,30.78,29.0,32.45,21.62,23.32,19.6,24.69,15.01,16.35,13.37,17.04,10.95,11.54,10.25,11.54,7.32,7.37,7.26,7.37,4.79,4.79,4.79,4.8,3.29,3.29,3.29,3.3
fragment_00079,3,26.7,26.71,26.51,26.71,20.62,20.62,20.53,20.62,13.77,13.77,13.73,13.77,8.44,8.44,8.44,8.44,5.12,5.12,5.12,5.12,3.33,3.33,3.33,3.33,2.29,2.29,2.29,2.29
fragment_00080,2,29.77,29.77,29.77,29.77,22.16,22.16,22.16,22.16,15.49,15.49,15.49,15.49,11.51,11.51,11.51,11.51,8.57,8.57,8.57,8.57,6.46,6.46,6.46,6.46,4.64,4.64,4.64,4.64
fragment_00081,17,32.35,32.98,29.46,33.03,29.48,30.43,23.99,30.45,22.07,22.75,17.82,22.77,14.29,14.44,12.96,14.44,8.77,8.78,8.73,8.78,5.71,5.71,5.7,5.72,3.92,3.92,3.91,3.93
fragment_00082,2,30.82,30.82,30.81,30.82,23.77,23.77,23.77,23.77,16.77,16.77,16.77,16.77,11.84,11.84,11.84,11.84,7.69,7.69,7.69,7.69,5.0,5.0,5.0,5.0,3.44,3.44,3.44,3.44
fragment_00083,1,28.87,28.87,28.87,28.87,20.68,20.68,20.68,20.68,14.32,14.32,14.32,14.32,9.7,9.7,9.7,9.7,6.06,6.06,6.06,6.06,3.94,3.94,3.94,3.94,2.71,2.71,2.71,2.71
fragment_00084,3,30.05,30.01,30.01,30.6,23.51,23.48,23.48,25.55,16.42,16.41,16.41,18.01,10.52,10.52,10.52,10.61,6.41,6.41,6.41,6.43,4.17,4.17,4.17,4.19,2.87,2.87,2.87,2.88
fragment_00085,2,28.52,28.52,28.52,28.53,20.95,20.95,20.95,20.95,14.12,14.12,14.12,14.12,8.72,8.72,8.72,8.72,5.31,5.31,5.31,5.31,3.46,3.46,3.46,3.46,2.38,2.38,2.38,2.38
fragment_00086,1,29.05,29.05,29.05,29.05,21.73,21.73,21.73,21.73,15.21,15.21,15.21,15.21,10.25,10.25,10.25,10.25,7.06,7.06,7.06,7.06,4.8,4.8,4.8,4.8,3.3,3.3,3.3,3.3
fragment_00087,1,28.06,28.06,28.06,28.06,19.68,19.68,19.68,19.68,13.35,13.35,13.35,13.35,9.95,9.95,9.95,9.95,7.68,7.68,7.68,7.68,5.62,5.62,5.62,5.62,3.94,3.94,3.94,3.94
fragment_00088,4,33.18,33.17,33.17,33.35,26.98,26.98,26.89,26.99,20.3,20.31,19.98,20.31,14.07,14.07,14.04,14.07,8.79,8.79,8.79,8.79,5.72,5.72,5.72,5.72,3.93,3.93,3.93,3.93
fragment_00089,3,29.79,30.21,28.91,30.21,20.93,21.68,19.33,21.68,13.29,13.99,11.78,13.99,8.04,8.23,7.64,8.23,4.99,4.99,4.99,4.99,3.25,3.25,3.25,3.25,2.23,2.23,2.23,2.23
fragment_00090,3,27.06,27.07,26.87,27.07,20.91,20.92,20.82,20.92,14.13,14.13,14.09,14.13,8.99,8.99,8.99,8.99,5.47,5.47,5.47,5.47,3.56,3.56,3.56,3.56,2.45,2.45,2.44,2.45
fragment_00091,2,32.39,32.39,32.39,32.39,24.82,24.83,24.82,24.83,17.41,17.41,17.41,17.41,11.84,11.84,11.84,11.84,7.43,7.43,7.43,7.43,4.84,4.84,4.84,4.84,3.32,3.32,3.32,3.32
fragment_00092,2,29.79,29.8,29.78,29.8,22.18,22.19,22.18,22.19,15.46,15.46,15.46,15.46,11.27,11.27,11.27,11.27,7.43,7.43,7.43,7.43,4.83,4.83,4.83,4.83,3.32,3.32,3.32,3.32
fragment_00093,1,31.05,31.05,31.05,31.05,26.1,26.1,26.1,26.1,19.63,19.63,19.63,19.63,12.64,12.64,12.64,12.64,7.71,7.71,7.71,7.71,5.02,5.02,5.02,5.02,3.45,3.45,3.45,3.45
fragment_00094,1,27.2,27.2,27.2,27.2,19.45,19.45,19.45,19.45,12.33,12.33,12.33,12.33,6.91,6.91,6.91,6.91,4.19,4.19,4.19,4.19,2.73,2.73,2.73,2.73,1.87,1.87,1.87,1.87
fragment_00095,2,28.81,28.81,28.81,28.81,24.25,24.25,24.25,24.25,18.05,18.04,18.04,18.05,13.26,13.26,13.26,13.26,9.27,9.27,9.27,9.27,6.19,6.19,6.19,6.19,4.25,4.25,4.25,4.25
fragment_00096,2,25.79,25.79,25.79,25.79,19.04,19.04,19.04,19.04,12.53,12.53,12.53,12.53,7.35,7.35,7.35,7.35,4.45,4.45,4.45,4.45,2.9,2.9,2.9,2.9,1.99,1.99,1.99,1.99
fragment_00097,1,34.42,34.42,34.42,34.42,30.54,30.54,30.54,30.54,22.65,22.65,22.65,22.65,17.43,17.43,17.43,17.43,11.44,11.44,11.44,11.44,7.45,7.45,7.45,7.45,5.11,5.11,5.11,5.11
fragment_00098,2,31.93,31.93,31.92,31.93,25.41,25.42,25.41,25.42,19.2,19.2,19.19,19.2,13.24,13.24,13.24,13.24,8.29,8.29,8.29,8.29,5.4,5.4,5.4,5.4,3.71,3.71,3.71,3.71
fragment_00099,1,29.18,29.18,29.18,29.18,26.43,26.43,26.43,26.43,19.12,19.12,19.12,19.12,13.2,13.2,13.2,13.2,9.32,9.32,9.32,9.32,6.2,6.2,6.2,6.2,4.26,4.26,4.26,4.26
fragment_00100,3,31.73,32.3,30.77,32.3,25.29,26.44,23.87,26.44,16.96,17.68,15.91,17.68,9.99,9.99,9.97,10.0,6.05,6.05,6.05,6.06,3.94,3.94,3.94,3.94,2.71,2.71,2.71,2.71
fragment_00101,9,28.99,28.76,28.48,30.44,21.5,20.72,20.72,24.66,14.19,13.18,13.18,17.05,9.69,9.1,9.1,10.59,6.38,6.29,6.29,6.43,4.18,4.17,4.17,4.18,2.87,2.87,2.87,2.87
fragment_00102,1,33.35,33.35,33.35,33.35,27.34,27.34,27.34,27.34,20.27,20.27,20.27,20.27,13.54,13.54,13.54,13.54,8.48,8.48,8.48,8.48,5.52,5.52,5.52,5.52,3.79,3.79,3.79,3.79
fragment_00103,3,29.64,29.52,29.52,30.56,20.72,20.55,20.55,22.08,12.71,12.64,12.64,13.22,7.25,7.25,7.24,7.25,4.39,4.39,4.39,4.39,2.86,2.86,2.86,2.86,1.96,1.96,1.96,1.96
fragment_00104,2,29.78,29.78,29.78,29.79,22.19,22.19,22.19,22.19,15.46,15.46,15.46,15.46,11.44,11.44,11.44,11.44,7.68,7.68,7.68,7.68,5.0,5.0,5.0,5.0,3.44,3.44,3.44,3.44
fragment_00105,2,31.85,31.84,31.84,31.85,25.38,25.37,25.37,25.38,18.81,18.81,18.81,18.81,12.77,12.77,12.77,12.77,8.34,8.34,8.34,8.34,5.52,5.52,5.52,5.52,3.79,3.79,3.79,3.79
fragment_00106,2,28.79,28.84,27.91,28.84,23.89,23.93,23.28,23.93,17.21,17.22,17.1,17.22,12.01,12.02,11.93,12.02,8.97,8.97,8.93,8.97,6.49,6.49,6.48,6.49,4.56,4.56,4.56,4.56
fragment_00107,12,32.08,32.0,31.99,34.52,25.64,25.49,25.34,29.75,18.65,18.62,18.24,21.78,13.64,13.68,13.47,14.52,9.13,9.14,9.11,9.17,5.96,5.96,5.95,5.97,4.09,4.09,4.09,4.1
fragment_00108,3,31.74,32.31,30.77,32.31,25.3,26.45,23.87,26.45,16.96,17.68,15.91,17.68,9.99,9.99,9.97,10.0,6.05,6.05,6.05,6.06,3.94,3.94,3.94,3.94,2.71,2.71,2.71,2.71
fragment_00109,1,28.42,28.42,28.42,28.42,20.09,20.09,20.09,20.09,13.8,13.8,13.8,13.8,10.18,10.18,10.18,10.18,7.82,7.82,7.82,7.82,5.72,5.72,5.72,5.72,4.01,4.01,4.01,4.01
fragment_00110,1,22.72,22.72,22.72,22.72,10.33,10.33,10.33,10.33,4.86,4.86,4.86,4.86,2.66,2.66,2.66,2.66,1.61,1.61,1.61,1.61,1.05,1.05,1.05,1.05,0.72,0.72,0.72,0.72
fragment_00111,2,31.9,31.9,31.89,31.9,25.4,25.4,25.4,25.4,19.0,19.01,19.0,19.01,13.54,13.54,13.54,13.54,9.18,9.18,9.17,9.18,6.04,6.04,6.03,6.04,4.15,4.15,4.15,4.15
fragment_00112,2,29.73,29.73,29.72,29.73,22.13,22.13,22.13,22.13,15.45,15.46,15.45,15.46,11.41,11.41,11.41,11.41,8.22,8.22,8.22,8.22,5.51,5.51,5.51,5.51,3.79,3.79,3.79,3.79
fragment_00113,12,29.87,29.44,28.76,31.19,24.64,23.65,23.55,27.01,17.86,16.9,16.75,19.99,12.89,12.34,12.26,14.08,9.38,9.07,9.01,10.05,6.83,6.74,6.72,7.0,4.81,4.81,4.81,4.82
fragment_00114,1,29.03,29.03,29.03,29.03,18.94,18.94,18.94,18.94,9.28,9.28,9.28,9.28,5.08,5.08,5.08,5.08,3.08,3.08,3.08,3.08,2.0,2.0,2.0,2.0,1.38,1.38,1.38,1.38
fragment_00115,2,29.81,29.82,29.81,29.82,22.19,22.19,22.19,22.19,15.4,15.39,15.39,15.4,11.4,11.4,11.4,11.4,8.62,8.62,8.62,8.63,6.36,6.36,6.36,6.36,4.43,4.43,4.43,4.43
fragment_00116,2,29.82,29.83,29.81,29.83,22.19,22.19,22.19,22.19,15.32,15.32,15.32,15.33,10.82,10.82,10.81,10.82,8.16,8.16,8.16,8.16,6.59,6.59,6.59,6.59,4.87,4.87,4.87,4.87
fragment_00117,1,34.79,34.79,34.79,34.79,29.28,29.28,29.28,29.28,22.52,22.52,22.52,22.52,14.86,14.86,14.86,14.86,9.28,9.28,9.28,9.28,6.04,6.04,6.04,6.04,4.15,4.15,4.15,4.15
fragment_00118,2,32.14,32.14,32.14,32.14,25.59,25.59,25.59,25.59,18.96,18.96,18.95,18.96,13.41,13.41,13.41,13.41,9.12,9.12,9.12,9.12,6.03,6.03,6.03,6.03,4.14,4.14,4.14,4.14
fragment_00119,2,29.81,29.81,29.81,29.81,22.19,22.19,22.19,22.19,15.32,15.32,15.32,15.33,10.77,10.77,10.77,10.77,7.95,7.95,7.95,7.95,6.37,6.37,6.37,6.37,4.69,4.69,4.69,4.69
fragment_00120,10,35.7,36.42,32.13,36.42,30.84,31.79,25.5,31.79,21.0,21.53,18.05,21.53,12.16,12.17,12.12,12.18,7.38,7.37,7.37,7.38,4.8,4.8,4.8,4.81,3.3,3.3,3.3,3.3
fragment_00121,2,31.52,31.51,31.51,32.5,24.88,24.87,24.87,27.93,17.24,17.23,17.23,19.94,12.01,12.01,12.01,12.37,7.5,7.5,7.5,7.52,4.88,4.88,4.88,4.89,3.36,3.36,3.36,3.36
fragment_00122,3,29.5,29.49,29.49,29.62,22.26,22.26,22.26,22.4,16.17,16.16,16.16,16.24,11.69,11.68,11.68,11.76,8.31,8.31,8.31,8.32,5.56,5.56,5.56,5.56,3.82,3.82,3.82,3.82
fragment_00123,1,28.16,28.16,28.16,28.16,19.17,19.17,19.17,19.17,13.02,13.02,13.02,13.02,9.81,9.81,9.81,9.81,7.57,7.57,7.57,7.57,5.52,5.52,5.52,5.52,3.85,3.85,3.85,3.85
fragment_00124,2,30.82,30.82,30.82,30.82,23.77,23.77,23.77,23.78,16.77,16.76,16.76,16.77,11.83,11.83,11.83,11.83,7.69,7.69,7.69,7.69,5.0,5.0,5.0,5.0,3.44,3.44,3.44,3.44
fragment_00125,1,28.51,28.51,28.51,28.51,20.37,20.37,20.37,20.37,14.06,14.06,14.06,14.06,9.42,9.42,9.42,9.42,5.77,5.77,5.77,5.77,3.75,3.75,3.75,3.75,2.58,2.58,2.58,2.58
fragment_00126,3,32.93,32.97,32.27,32.98,25.22,25.19,25.19,25.44,17.79,17.74,17.74,18.47,11.11,11.11,11.11,11.16,6.76,6.76,6.76,6.76,4.4,4.4,4.4,4.4,3.02,3.02,3.02,3.02
fragment_00127,9,30.98,30.92,28.94,33.04,22.62,23.08,19.31,24.64,14.74,15.2,12.14,15.92,8.91,9.01,8.33,9.02,5.46,5.46,5.45,5.46,3.55,3.55,3.55,3.56,2.44,2.44,2.44,2.44
fragment_00128,1,28.32,28.32,28.32,28.32,20.57,20.57,20.57,20.57,13.95,13.95,13.95,13.95,9.01,9.01,9.01,9.01,5.5,5.5,5.5,5.5,3.58,3.58,3.58,3.58,2.46,2.46,2.46,2.46
fragment_00129,2,29.79,29.8,29.79,29.8,22.18,22.18,22.18,22.18,15.64,15.64,15.64,15.64,12.16,12.16,12.16,12.16,9.05,9.05,9.05,9.05,6.03,6.03,6.03,6.03,4.14,4.14,4.14,4.14
fragment_00130,1,28.66,28.66,28.66,28.66,18.4,18.4,18.4,18.4,10.25,10.25,10.25,10.25,5.61,5.61,5.61,5.61,3.4,3.4,3.4,3.4,2.21,2.21,2.21,2.21,1.52,1.52,1.52,1.52
fragment_00131,1,28.94,28.94,28.94,28.94,20.75,20.75,20.75,20.75,14.57,14.57,14.57,14.57,10.23,10.23,10.23,10.23,7.04,7.04,7.04,7.04,4.97,4.97,4.97,4.97,3.43,3.43,3.43,3.43
fragment_00132,3,30.33,30.88,28.89,30.88,21.12,21.83,19.16,21.83,12.58,12.89,11.71,12.89,7.19,7.18,7.18,7.19,4.35,4.35,4.35,4.36,2.83,2.83,2.83,2.84,1.95,1.95,1.95,1.95
fragment_00133,1,29.14,29.14,29.14,29.14,26.36,26.36,26.36,26.36,19.08,19.08,19.08,19.08,13.18,13.18,13.18,13.18,9.36,9.36,9.36,9.36,6.45,6.45,6.45,6.45,4.47,4.47,4.47,4.47
fragment_00134,2,31.31,31.31,31.3,31.31,24.26,24.26,24.26,24.26,18.15,18.15,18.14,18.15,14.02,14.02,14.02,14.02,9.83,9.83,9.83,9.83,6.55,6.55,6.55,6.55,4.5,4.5,4.5,4.5
fragment_00135,2,26.09,26.09,26.09,26.1,19.35,19.34,19.34,19.35,12.92,12.92,12.92,12.93,7.89,7.89,7.89,7.89,4.79,4.79,4.79,4.79,3.12,3.12,3.12,3.12,2.14,2.14,2.14,2.14
fragment_00136,3,29.45,29.4,29.4,31.55,26.35,26.32,26.32,27.29,18.96,18.96,18.31,18.98,13.01,13.0,12.77,13.01,8.81,8.81,8.75,8.82,5.79,5.79,5.79,5.79,3.98,3.98,3.98,3.98
fragment_00137,2,29.75,29.75,29.75,29.75,22.14,22.14,22.14,22.14,15.37,15.37,15.37,15.37,11.08,11.08,11.08,11.08,7.8,7.8,7.8,7.8,5.49,5.49,5.49,5.49,3.79,3.79,3.79,3.79
fragment_00138,5,30.92,30.78,30.38,32.42,23.3,22.87,22.58,26.93,16.26,15.81,15.8,19.77,11.7,11.42,11.42,13.86,8.62,8.48,8.48,9.68,6.35,6.32,6.32,6.53,4.48,4.48,4.48,4.48
fragment_00139,8,29.73,29.71,29.71,29.74,22.13,22.12,22.12,22.14,15.41,15.4,15.4,15.41,11.45,11.4,11.39,11.54,8.78,8.73,8.72,8.85,6.76,6.73,6.73,6.81,5.05,5.04,5.04,5.05
fragment_00140,2,29.63,29.62,29.62,29.63,22.03,22.03,22.03,22.03,15.05,15.05,15.05,15.05,10.25,10.25,10.25,10.25,7.05,7.05,7.05,7.05,4.97,4.97,4.97,4.97,3.43,3.42,3.42,3.43
fragment_00141,1,28.23,28.23,28.23,28.23,19.97,19.97,19.97,19.97,13.33,13.33,13.33,13.33,8.2,8.2,8.2,8.2,4.99,4.99,4.99,4.99,3.25,3.25,3.25,3.25,2.23,2.23,2.23,2.23
fragment_00142,3,29.64,29.04,29.04,31.45,20.78,19.65,19.65,24.18,13.95,13.15,13.15,16.35,9.72,9.61,9.61,10.05,6.17,6.16,6.16,6.17,4.01,4.01,4.01,4.02,2.76,2.76,2.76,2.76
fragment_00143,8,31.24,33.38,28.92,33.38,23.33,26.74,19.49,26.74,16.46,19.17,13.18,19.17,11.42,12.23,10.34,12.23,7.56,7.62,7.4,7.62,4.96,4.96,4.95,4.96,3.41,3.41,3.4,3.41
fragment_00144,3,27.65,27.66,27.57,27.66,22.88,22.89,22.87,22.89,16.79,16.79,16.79,16.79,12.02,12.02,12.02,12.04,8.54,8.54,8.54,8.54,5.71,5.71,5.71,5.71,3.92,3.92,3.92,3.92
fragment_00145,3,30.13,30.6,29.1,30.62,26.54,27.43,24.63,27.43,17.25,17.98,15.7,17.98,10.2,10.27,10.04,10.27,6.22,6.22,6.22,6.22,4.05,4.05,4.05,4.05,2.78,2.78,2.78,2.78
fragment_00146,15,30.29,30.21,29.88,30.52,23.07,23.04,23.03,23.65,17.8,17.82,17.35,18.66,13.34,13.37,13.14,13.96,9.94,9.95,9.87,10.17,6.89,6.89,6.88,6.89,4.74,4.74,4.73,4.74
fragment_00147,2,31.76,31.77,31.75,31.77,25.28,25.28,25.28,25.28,18.57,18.57,18.57,18.57,12.29,12.29,12.29,12.29,7.66,7.66,7.66,7.66,4.99,4.99,4.99,4.99,3.43,3.43,3.43,3.43
fragment_00148,3,30.95,30.76,30.38,33.82,23.39,23.04,22.79,28.28,16.59,16.36,16.31,19.54,11.66,11.63,11.6,12.05,7.29,7.29,7.29,7.3,4.75,4.75,4.75,4.75,3.26,3.26,3.26,3.26
fragment_00149,1,29.04,29.04,29.04,29.04,21.73,21.73,21.73,21.73,15.21,15.21,15.21,15.21,10.27,10.27,10.27,10.27,7.17,7.17,7.17,7.17,5.01,5.01,5.01,5.01,3.44,3.44,3.44,3.44
fragment_00150,5,30.89,30.74,30.36,32.49,23.28,22.84,22.58,27.01,16.25,15.8,15.8,19.85,11.69,11.41,11.41,13.91,8.62,8.47,8.47,9.7,6.35,6.32,6.32,6.53,4.48,4.48,4.48,4.48
fragment_00151,1,28.26,28.26,28.26,28.26,20.02,20.02,20.02,20.02,13.4,13.4,13.4,13.4,8.47,8.47,8.47,8.47,5.16,5.16,5.16,5.16,3.36,3.36,3.36,3.36,2.31,2.31,2.31,2.31
fragment_00152,7,36.48,36.69,34.67,36.7,33.26,33.61,30.5,33.61,21.61,21.84,19.76,21.84,12.15,12.15,12.1,12.15,7.36,7.36,7.36,7.37,4.79,4.79,4.79,4.79,3.29,3.29,3.29,3.29
fragment_00153,4,31.21,31.33,30.9,31.33,26.37,26.36,26.36,26.39,20.13,20.06,20.06,20.27,15.27,15.23,15.23,15.43,10.56,10.56,10.56,10.59,7.0,7.0,7.0,7.0,4.81,4.81,4.81,4.81
fragment_00154,2,29.79,29.79,29.78,29.79,22.18,22.19,22.18,22.19,15.38,15.38,15.37,15.38,11.31,11.31,11.31,11.31,8.39,8.39,8.39,8.39,6.01,6.01,6.01,6.01,4.18,4.18,4.18,4.18
fragment_00155,8,30.0,30.33,28.31,30.79,21.81,22.48,19.04,23.35,14.58,15.12,12.43,16.06,9.26,9.43,8.71,9.54,5.78,5.78,5.76,5.78,3.76,3.76,3.76,3.76,2.58,2.58,2.58,2.59
fragment_00156,3,30.56,30.28,30.28,31.25,22.22,22.35,21.85,22.36,15.22,15.47,14.56,15.47,9.39,9.4,9.35,9.4,5.7,5.7,5.7,5.7,3.71,3.71,3.71,3.71,2.55,2.55,2.55,2.55
fragment_00157,1,28.92,28.92,28.92,28.92,20.75,20.75,20.75,20.75,14.57,14.57,14.57,14.57,10.2,10.2,10.2,10.2,6.75,6.75,6.75,6.75,4.47,4.47,4.47,4.47,3.07,3.07,3.07,3.07
fragment_00158,21,30.18,30.75,28.93,32.36,21.55,22.21,19.3,25.81,14.26,14.39,12.21,18.64,9.96,9.91,8.61,12.07,7.0,7.04,6.23,7.39,4.78,4.8,4.63,4.81,3.3,3.3,3.3,3.3
fragment_00159,1,28.97,28.97,28.97,28.97,20.78,20.78,20.78,20.78,14.95,14.95,14.95,14.95,11.28,11.28,11.28,11.28,8.4,8.4,8.4,8.4,6.32,6.32,6.32,6.32,4.5,4.5,4.5,4.5
fragment_00160,2,32.19,31.51,31.51,33.75,26.07,24.85,24.85,28.87,18.08,17.05,17.05,20.46,12.02,11.86,11.86,12.37,7.49,7.49,7.49,7.5,4.88,4.88,4.88,4.88,3.35,3.35,3.35,3.35
fragment_00161,1,29.21,29.21,29.21,29.21,26.42,26.42,26.42,26.42,19.11,19.11,19.11,19.11,13.2,13.2,13.2,13.2,9.41,9.41,9.41,9.41,6.67,6.67,6.67,6.67,4.82,4.82,4.82,4.82
fragment_00162,3,28.98,28.98,28.97,29.11,24.01,24.01,24.01,24.11,17.38,17.38,17.38,17.4,11.38,11.38,11.37,11.38,6.89,6.89,6.89,6.89,4.49,4.49,4.49,4.49,3.08,3.08,3.08,3.08
fragment_00163,8,30.25,29.71,29.16,31.05,25.25,23.87,23.87,27.23,18.24,17.23,17.23,19.69,12.34,12.14,12.12,12.69,7.77,7.77,7.76,7.78,5.06,5.06,5.05,5.06,3.48,3.47,3.47,3.48
fragment_00164,1,21.6,21.6,21.6,21.6,8.99,8.99,8.99,8.99,4.23,4.23,4.23,4.23,2.32,2.32,2.32,2.32,1.4,1.4,1.4,1.4,0.91,0.91,0.91,0.91,0.63,0.63,0.63,0.63
fragment_00165,1,28.01,28.01,28.01,28.01,19.15,19.15,19.15,19.15,12.62,12.62,12.62,12.62,7.93,7.93,7.93,7.93,4.81,4.81,4.81,4.81,3.13,3.13,3.13,3.13,2.15,2.15,2.15,2.15
fragment_00166,1,28.7,28.7,28.7,28.7,20.12,20.12,20.12,20.12,14.62,14.62,14.62,14.62,11.5,11.5,11.5,11.5,8.75,8.75,8.75,8.75,6.54,6.54,6.54,6.54,4.65,4.65,4.65,4.65
fragment_00167,3,28.0,28.01,27.99,28.42,22.86,22.86,22.85,23.14,16.01,16.01,16.01,16.04,9.87,9.87,9.87,9.87,5.98,5.98,5.98,5.99,3.89,3.89,3.89,3.9,2.67,2.67,2.67,2.68
fragment_00168,9,29.29,28.77,28.77,30.92,22.32,21.18,21.16,25.67,15.43,14.48,14.44,18.55,11.17,10.78,10.77,12.41,7.65,7.61,7.61,7.74,5.03,5.03,5.03,5.04,3.46,3.45,3.45,3.46
fragment_00169,2,28.11,28.11,28.11,28.11,22.96,22.96,22.96,22.96,16.16,16.16,16.16,16.16,10.19,10.19,10.19,10.19,6.18,6.18,6.18,6.18,4.02,4.02,4.02,4.02,2.76,2.76,2.76,2.76
fragment_00170,4,34.56,34.71,32.39,35.08,29.11,28.79,27.13,30.88,19.98,19.62,19.13,21.29,12.12,12.11,12.1,12.17,7.37,7.37,7.36,7.37,4.8,4.79,4.79,4.8,3.29,3.29,3.29,3.3
fragment_00171,1,28.33,28.33,28.33,28.33,19.97,19.97,19.97,19.97,13.85,13.85,13.85,13.85,9.77,9.77,9.77,9.77,6.75,6.75,6.75,6.75,4.48,4.48,4.48,4.48,3.08,3.08,3.08,3.08
fragment_00172,2,30.8,30.8,30.8,30.8,23.74,23.74,23.74,23.74,16.68,16.67,16.67,16.68,11.48,11.48,11.48,11.48,7.85,7.85,7.85,7.85,5.63,5.63,5.63,5.63,3.93,3.93,3.93,3.93
fragment_00173,3,31.46,31.22,30.68,32.46,22.69,22.03,22.03,24.69,14.71,14.2,14.2,16.02,8.97,8.96,8.96,9.01,5.45,5.45,5.45,5.46,3.55,3.55,3.55,3.55,2.44,2.44,2.44,2.44
fragment_00174,4,31.02,30.84,30.39,33.78,23.44,23.08,22.8,28.24,16.61,16.38,16.31,19.53,11.67,11.64,11.6,12.05,7.29,7.29,7.29,7.3,4.75,4.75,4.75,4.75,3.26,3.26,3.26,3.26
fragment_00175,2,29.81,29.81,29.8,29.81,22.2,22.2,22.19,22.2,15.38,15.38,15.38,15.38,11.34,11.34,11.34,11.34,8.47,8.47,8.47,8.47,6.08,6.08,6.08,6.08,4.18,4.18,4.18,4.18
fragment_00176,2,32.2,31.53,31.53,33.76,26.07,24.86,24.86,28.87,18.08,17.05,17.05,20.46,12.02,11.86,11.86,12.37,7.49,7.49,7.49,7.5,4.88,4.88,4.88,4.88,3.35,3.35,3.35,3.35
fragment_00177,11,30.28,30.25,29.41,30.5,24.64,24.6,24.18,24.72,17.87,17.83,17.72,18.45,12.49,12.48,12.48,12.59,7.81,7.81,7.8,7.81,5.08,5.08,5.08,5.08,3.49,3.49,3.49,3.49
fragment_00178,2,29.08,29.1,29.06,29.1,20.85,20.86,20.84,20.86,14.61,14.62,14.61,14.62,10.27,10.27,10.27,10.27,7.02,7.02,7.02,7.02,4.99,4.99,4.99,4.99,3.56,3.56,3.56,3.56
fragment_00179,1,27.97,27.97,27.97,27.97,19.59,19.59,19.59,19.59,13.17,13.17,13.17,13.17,8.48,8.48,8.48,8.48,5.16,5.16,5.16,5.16,3.36,3.36,3.36,3.36,2.31,2.31,2.31,2.31
fragment_00180,2,29.81,29.81,29.81,29.81,22.19,22.19,22.19,22.19,15.32,15.32,15.32,15.32,10.86,10.87,10.86,10.87,8.11,8.12,8.11,8.12,6.35,6.35,6.35,6.35,4.61,4.61,4.61,4.61
fragment_00181,2,29.66,29.65,29.65,29.66,22.07,22.07,22.07,22.07,15.25,15.24,15.24,15.25,10.67,10.67,10.67,10.67,7.24,7.24,7.24,7.24,4.97,4.97,4.97,4.97,3.41,3.41,3.41,3.41
fragment_00182,2,29.73,29.73,29.73,29.73,22.13,22.13,22.13,22.13,15.29,15.29,15.29,15.29,10.71,10.71,10.71,10.71,7.48,7.48,7.48,7.48,5.54,5.54,5.54,5.54,3.99,3.99,3.99,3.99
fragment_00183,2,30.7,30.79,30.31,30.79,22.82,22.86,22.62,22.86,12.46,12.46,12.46,12.47,6.83,6.83,6.83,6.83,4.14,4.14,4.14,4.14,2.69,2.69,2.69,2.69,1.85,1.85,1.85,1.85
fragment_00184,3,28.54,28.54,28.53,28.54,24.34,24.34,24.34,24.38,18.27,18.27,18.27,18.3,12.79,12.79,12.79,12.82,9.02,9.01,9.01,9.02,6.02,6.02,6.02,6.02,4.14,4.14,4.14,4.14
fragment_00185,1,28.58,28.58,28.58,28.58,20.49,20.49,20.49,20.49,14.19,14.19,14.19,14.19,8.88,8.88,8.88,8.88,5.45,5.45,5.45,5.45,3.54,3.54,3.54,3.54,2.43,2.43,2.43,2.43
fragment_00186,2,30.79,30.79,30.79,30.79,23.74,23.74,23.74,23.75,16.75,16.75,16.75,16.75,11.82,11.82,11.82,11.83,8.02,8.01,8.01,8.02,5.31,5.31,5.31,5.31,3.65,3.65,3.65,3.65
fragment_00187,3,31.46,31.17,30.68,32.53,22.72,22.03,22.03,24.71,14.73,14.2,14.2,16.01,8.98,8.96,8.96,9.01,5.45,5.45,5.45,5.46,3.55,3.55,3.55,3.55,2.44,2.44,2.44,2.44
fragment_00188,3,28.41,28.41,28.41,28.51,21.39,21.38,21.38,21.73,16.15,16.14,16.14,16.32,11.46,11.46,11.46,11.57,8.03,8.03,8.03,8.04,5.24,5.24,5.24,5.24,3.6,3.6,3.6,3.6
fragment_00189,3,30.05,30.26,28.93,30.26,22.01,22.5,19.45,22.5,14.99,15.46,12.51,15.46,9.63,9.77,8.9,9.77,5.97,5.98,5.93,5.98,3.89,3.89,3.89,3.89,2.67,2.67,2.67,2.67
fragment_00190,2,26.38,26.38,26.38,26.38,20.29,20.29,20.29,20.29,13.39,13.39,13.39,13.39,7.91,7.91,7.91,7.91,4.79,4.79,4.79,4.79,3.12,3.12,3.12,3.12,2.14,2.14,2.14,2.14
fragment_00191,2,28.45,28.44,28.44,28.45,20.82,20.82,20.82,20.82,13.88,13.88,13.88,13.88,8.5,8.49,8.49,8.5,5.16,5.16,5.16,5.16,3.36,3.36,3.36,3.36,2.31,2.31,2.31,2.31
fragment_00192,6,30.62,30.37,30.37,32.16,23.47,23.02,23.02,26.05,15.93,15.52,15.52,17.78,10.33,10.32,10.32,10.35,6.26,6.26,6.26,6.27,4.08,4.08,4.08,4.08,2.8,2.8,2.8,2.8
fragment_00193,1,28.4,28.4,28.4,28.4,20.68,20.68,20.68,20.68,14.09,14.09,14.09,14.09,10.29,10.29,10.29,10.29,7.92,7.92,7.92,7.92,5.82,5.82,5.82,5.82,4.09,4.09,4.09,4.09
fragment_00194,2,29.77,29.77,29.77,29.77,22.17,22.17,22.17,22.17,15.56,15.56,15.56,15.56,11.88,11.88,11.88,11.88,8.55,8.55,8.55,8.55,5.72,5.72,5.72,5.72,3.93,3.93,3.93,3.93
fragment_00195,3,31.37,31.42,30.15,31.45,24.08,24.16,22.29,24.19,17.14,17.2,15.93,17.21,10.39,10.4,10.18,10.4,6.3,6.3,6.3,6.3,4.1,4.1,4.1,4.1,2.82,2.82,2.82,2.82
fragment_00196,2,30.71,30.79,30.36,30.79,22.82,22.86,22.64,22.86,12.46,12.46,12.46,12.46,6.83,6.83,6.83,6.83,4.14,4.14,4.14,4.14,2.69,2.69,2.69,2.69,1.85,1.85,1.85,1.85
fragment_00197,1,32.61,32.61,32.61,32.61,25.75,25.75,25.75,25.75,19.04,19.04,19.04,19.04,12.06,12.06,12.06,12.06,7.34,7.34,7.34,7.34,4.78,4.78,4.78,4.78,3.28,3.28,3.28,3.28
fragment_00198,15,30.91,31.5,28.94,32.29,23.43,25.27,19.52,25.98,17.14,19.34,13.03,20.69,12.64,14.03,9.73,15.1,9.3,9.99,7.7,10.14,6.5,6.59,6.14,6.6,4.53,4.53,4.51,4.54
fragment_00199,2,29.66,29.65,29.65,29.66,22.05,22.05,22.05,22.05,15.21,15.21,15.21,15.21,10.99,10.99,10.99,10.99,7.72,7.72,7.72,7.72,5.19,5.19,5.19,5.19,3.57,3.57,3.57,3.57
fragment_00200,4,34.55,34.69,32.39,35.08,29.11,28.79,27.13,30.89,19.98,19.62,19.14,21.3,12.13,12.11,12.1,12.17,7.37,7.37,7.36,7.37,4.8,4.79,4.79,4.8,3.29,3.29,3.29,3.3
fragment_00201,8,29.65,29.51,29.0,31.06,23.96,23.64,23.64,26.94,17.01,16.79,16.79,19.11,11.51,11.48,11.48,11.75,7.12,7.12,7.12,7.14,4.64,4.64,4.63,4.65,3.18,3.18,3.18,3.19
fragment_00202,2,30.81,30.8,30.8,30.81,23.75,23.75,23.75,23.75,16.68,16.68,16.68,16.68,11.48,11.48,11.48,11.48,7.8,7.8,7.8,7.8,5.49,5.49,5.49,5.49,3.79,3.79,3.79,3.79
fragment_00203,6,28.14,28.78,27.68,28.78,20.96,22.02,20.17,22.02,13.23,13.81,12.88,13.81,7.62,7.62,7.61,7.62,4.62,4.61,4.61,4.62,3.0,3.0,3.0,3.01,2.06,2.06,2.06,2.06
fragment_00204,2,29.11,29.11,29.11,29.11,21.76,21.75,21.75,21.76,15.28,15.28,15.28,15.28,10.49,10.49,10.48,10.49,7.17,7.17,7.17,7.17,4.98,4.98,4.98,4.98,3.43,3.43,3.43,3.43
fragment_00205,2,29.8,29.8,29.8,29.81,22.19,22.19,22.19,22.19,15.32,15.32,15.32,15.32,10.86,10.86,10.86,10.86,8.11,8.11,8.11,8.11,6.35,6.35,6.35,6.35,4.61,4.61,4.61,4.61
fragment_00206,36,32.49,32.14,31.98,35.73,26.81,26.07,25.37,32.39,20.17,19.87,18.54,24.57,15.06,15.11,14.02,16.46,10.38,10.42,10.05,10.49,6.82,6.82,6.8,6.83,4.68,4.68,4.67,4.69
fragment_00207,3,26.83,26.84,26.79,26.84,21.41,21.41,21.41,21.47,15.89,15.89,15.89,15.92,11.44,11.44,11.44,11.48,8.21,8.21,8.21,8.21,5.5,5.5,5.5,5.5,3.78,3.78,3.78,3.78
fragment_00208,2,29.77,29.77,29.77,29.77,23.58,23.58,23.58,23.58,16.55,16.55,16.55,16.55,11.74,11.74,11.74,11.74,8.72,8.72,8.72,8.72,6.5,6.5,6.5,6.5,4.64,4.64,4.64,4.64
fragment_00209,3,29.99,29.98,29.98,30.11,23.75,23.73,23.73,23.83,16.66,16.66,16.66,16.68,11.32,11.32,11.32,11.32,7.06,7.06,7.06,7.06,4.59,4.59,4.59,4.59,3.16,3.16,3.16,3.16
fragment_00210,1,28.39,28.39,28.39,28.39,20.15,20.15,20.15,20.15,13.66,13.66,13.66,13.66,10.12,10.12,10.12,10.12,7.76,7.76,7.76,7.76,5.67,5.67,5.67,5.67,3.97,3.97,3.97,3.97
fragment_00211,2,30.83,30.83,30.83,30.84,23.77,23.76,23.76,23.77,16.87,16.87,16.87,16.87,12.27,12.27,12.27,12.27,8.55,8.55,8.55,8.55,5.72,5.72,5.72,5.72,3.93,3.93,3.93,3.93
fragment_00212,4,29.73,29.73,29.73,29.74,22.12,22.12,22.12,22.13,15.44,15.45,15.44,15.45,11.55,11.55,11.54,11.55,8.78,8.78,8.78,8.78,6.59,6.59,6.59,6.6,4.87,4.87,4.87,4.87
fragment_00213,2,29.8,29.8,29.8,29.8,22.19,22.19,22.19,22.19,15.47,15.47,15.47,15.47,11.33,11.33,11.33,11.33,7.6,7.6,7.6,7.6,4.97,4.97,4.97,4.97,3.41,3.41,3.41,3.41
fragment_00214,9,30.01,29.31,28.68,31.36,24.72,23.51,23.4,26.96,17.62,16.6,16.6,19.45,11.85,11.61,11.61,12.3,7.46,7.45,7.45,7.46,4.85,4.85,4.85,4.86,3.33,3.33,3.33,3.34
fragment_00215,2,30.93,30.9,30.9,30.95,23.78,23.77,23.77,23.8,18.34,18.33,18.33,18.35,12.75,12.75,12.75,12.75,7.95,7.95,7.95,7.96,5.18,5.18,5.18,5.18,3.56,3.56,3.56,3.56
fragment_00216,3,31.22,31.22,30.74,33.73,23.91,23.88,23.63,28.47,16.76,16.73,16.68,20.07,11.94,11.94,11.91,12.41,7.5,7.5,7.5,7.52,4.88,4.88,4.88,4.89,3.36,3.36,3.36,3.36
fragment_00217,2,28.41,28.41,28.41,28.41,19.48,19.48,19.48,19.48,11.91,11.91,11.91,11.92,7.17,7.17,7.17,7.17,4.34,4.34,4.34,4.34,2.83,2.83,2.83,2.83,1.94,1.94,1.94,1.94
fragment_00218,2,31.56,31.56,31.56,31.56,25.15,25.15,25.15,25.16,18.59,18.59,18.59,18.6,12.48,12.48,12.48,12.48,7.66,7.66,7.66,7.66,4.99,4.99,4.99,4.99,3.43,3.43,3.43,3.43
fragment_00219,5,31.59,31.55,31.55,33.43,25.02,24.97,24.93,28.91,17.67,17.81,17.4,20.83,12.79,13.1,12.43,13.54,8.42,8.56,8.27,8.57,5.57,5.57,5.57,5.58,3.83,3.83,3.83,3.83
fragment_00220,1,28.7,28.7,28.7,28.7,20.65,20.65,20.65,20.65,14.65,14.65,14.65,14.65,10.76,10.76,10.76,10.76,8.57,8.57,8.57,8.57,6.43,6.43,6.43,6.43,4.56,4.56,4.56,4.56
fragment_00221,3,29.93,28.88,28.88,30.77,23.59,21.29,21.29,25.4,17.2,15.4,15.4,18.62,12.92,12.32,12.32,13.4,8.96,8.89,8.89,9.02,5.87,5.87,5.87,5.88,4.03,4.03,4.03,4.04
fragment_00222,2,32.35,32.34,32.34,32.36,25.52,25.52,25.52,25.52,18.78,18.78,18.78,18.78,14.27,14.27,14.27,14.27,9.9,9.9,9.9,9.9,6.55,6.55,6.55,6.55,4.5,4.5,4.5,4.5
fragment_00223,2,30.75,30.76,30.75,30.76,23.65,23.65,23.65,23.65,16.71,16.71,16.71,16.71,11.83,11.83,11.83,11.83,8.77,8.77,8.77,8.77,6.57,6.57,6.57,6.57,4.72,4.72,4.72,4.72
fragment_00224,1,27.76,27.76,27.76,27.76,19.17,19.17,19.17,19.17,12.45,12.45,12.45,12.45,7.41,7.41,7.41,7.41,4.49,4.49,4.49,4.49,2.92,2.92,2.92,2.92,2.01,2.01,2.01,2.01
fragment_00225,2,32.31,32.31,32.31,32.31,25.09,25.1,25.09,25.1,17.87,17.87,17.87,17.87,12.18,12.18,12.18,12.18,7.64,7.64,7.64,7.64,4.97,4.97,4.97,4.97,3.41,3.41,3.41,3.41
fragment_00226,4,30.18,30.21,28.77,30.21,21.93,22.05,20.25,22.05,14.52,14.62,13.05,14.62,8.41,8.42,8.37,8.42,5.1,5.1,5.1,5.11,3.32,3.32,3.32,3.32,2.28,2.28,2.28,2.28
fragment_00227,3,28.82,28.54,28.54,30.59,20.49,20.11,20.11,22.83,13.07,12.83,12.83,14.59,9.28,9.11,9.11,10.37,7.07,6.95,6.95,7.78,5.62,5.56,5.56,6.05,4.48,4.44,4.44,4.68
fragment_00228,2,31.97,31.98,31.97,31.98,25.47,25.47,25.47,25.47,18.85,18.85,18.85,18.85,12.81,12.81,12.81,12.81,8.85,8.85,8.85,8.85,6.44,6.44,6.44,6.44,4.49,4.49,4.49,4.49
fragment_00229,2,31.82,31.88,31.74,31.88,26.06,26.07,26.05,26.07,19.35,19.32,19.32,19.38,13.46,13.46,13.46,13.47,8.47,8.47,8.47,8.47,5.51,5.51,5.51,5.51,3.79,3.79,3.79,3.79
fragment_00230,2,29.79,29.78,29.78,29.8,22.17,22.16,22.16,22.17,15.49,15.49,15.49,15.49,11.4,11.4,11.4,11.41,8.0,8.0,8.0,8.0,5.6,5.6,5.6,5.6,3.89,3.89,3.89,3.89
fragment_00231,10,30.11,29.46,28.85,31.2,25.05,23.66,23.55,27.03,18.22,16.89,16.89,20.02,13.09,12.33,12.33,14.09,9.5,9.06,9.06,10.06,6.92,6.75,6.75,7.14,4.98,4.94,4.94,5.03
fragment_00232,6,29.75,29.75,29.75,29.78,22.12,22.13,22.12,22.16,15.49,15.49,15.46,15.49,11.62,11.62,11.62,11.66,8.94,8.93,8.93,9.15,6.89,6.89,6.89,6.99,4.98,4.98,4.98,4.99
fragment_00233,1,28.35,28.35,28.35,28.35,19.98,19.98,19.98,19.98,14.1,14.1,14.1,14.1,10.11,10.11,10.11,10.11,7.11,7.11,7.11,7.11,4.79,4.79,4.79,4.79,3.29,3.29,3.29,3.29
fragment_00234,9,33.75,33.99,31.79,35.69,28.19,28.14,24.93,30.78,18.74,18.42,16.2,20.98,11.72,11.6,10.83,12.19,7.36,7.37,7.28,7.39,4.8,4.8,4.8,4.81,3.3,3.3,3.3,3.3
fragment_00235,2,32.81,32.86,32.67,32.86,27.61,27.69,27.34,27.69,20.78,20.84,20.59,20.84,13.84,13.85,13.81,13.85,8.47,8.47,8.47,8.47,5.51,5.51,5.51,5.51,3.79,3.79,3.79,3.79
fragment_00236,4,29.7,29.7,29.69,29.71,22.1,22.1,22.09,22.1,15.68,15.69,15.68,15.69,11.91,11.92,11.91,11.92,9.05,9.05,9.05,9.06,6.51,6.51,6.51,6.51,4.49,4.49,4.49,4.49
fragment_00237,9,31.27,30.97,30.88,34.17,23.43,22.6,22.59,27.88,16.8,15.77,15.77,20.28,11.45,10.69,10.69,12.16,7.34,7.25,7.25,7.37,4.8,4.79,4.79,4.8,3.29,3.29,3.29,3.3
fragment_00238,2,29.73,29.73,29.72,29.73,22.15,22.15,22.14,22.15,15.44,15.44,15.44,15.44,11.43,11.43,11.43,11.43,8.01,8.01,8.01,8.02,5.31,5.31,5.31,5.31,3.65,3.65,3.65,3.65
fragment_00239,2,30.07,30.07,30.06,30.07,22.4,22.4,22.4,22.4,15.99,15.99,15.99,15.99,10.97,10.97,10.97,10.97,6.87,6.87,6.87,6.87,4.47,4.47,4.47,4.47,3.07,3.07,3.07,3.07
fragment_00240,3,29.4,29.02,29.02,30.1,20.16,19.33,19.33,21.66,12.48,11.83,11.83,13.67,7.7,7.65,7.65,7.78,4.71,4.71,4.71,4.71,3.07,3.07,3.07,3.07,2.11,2.11,2.11,2.11
fragment_00241,13,29.1,28.99,28.66,32.03,20.72,20.48,20.19,25.82,13.91,13.7,13.39,18.78,10.95,10.9,10.45,13.88,8.78,8.78,8.33,10.13,6.64,6.65,6.55,7.03,4.81,4.81,4.8,4.83
fragment_00242,2,32.46,32.46,32.46,32.46,26.47,26.47,26.47,26.47,20.35,20.35,20.35,20.35,14.28,14.28,14.28,14.28,8.92,8.92,8.92,8.92,5.81,5.81,5.81,5.81,3.99,3.99,3.99,3.99
fragment_00243,1,27.84,27.84,27.84,27.84,19.4,19.4,19.4,19.4,12.82,12.82,12.82,12.82,7.93,7.93,7.93,7.93,4.81,4.81,4.81,4.81,3.13,3.13,3.13,3.13,2.15,2.15,2.15,2.15
fragment_00244,3,31.77,31.53,31.53,33.21,25.33,24.86,24.86,28.17,17.61,17.22,17.22,19.94,12.02,11.96,11.96,12.38,7.51,7.51,7.51,7.52,4.89,4.89,4.89,4.89,3.36,3.36,3.36,3.36
fragment_00245,2,29.85,29.86,29.84,29.86,22.24,22.24,22.23,22.24,15.38,15.38,15.38,15.38,11.15,11.15,11.15,11.15,8.06,8.07,8.06,8.07,5.84,5.84,5.84,5.84,4.23,4.23,4.23,4.23
fragment_00246,15,30.06,29.68,29.07,31.15,24.72,23.79,23.75,27.12,17.87,17.33,16.98,19.63,12.46,12.54,12.01,13.26,8.12,8.18,7.99,8.19,5.33,5.33,5.32,5.33,3.66,3.66,3.65,3.66
fragment_00247,9,31.25,30.97,30.87,34.17,23.41,22.6,22.6,27.89,16.79,15.77,15.77,20.28,11.45,10.68,10.68,12.16,7.34,7.25,7.25,7.37,4.8,4.79,4.79,4.8,3.29,3.29,3.29,3.3
fragment_00248,8,30.11,29.07,29.07,32.5,26.49,24.61,24.61,30.16,17.55,15.78,15.78,20.9,11.37,10.64,10.64,12.46,7.47,7.31,7.31,7.55,4.91,4.9,4.9,4.91,3.37,3.37,3.37,3.37
fragment_00249,1,28.39,28.39,28.39,28.39,20.17,20.17,20.17,20.17,13.58,13.58,13.58,13.58,9.89,9.89,9.89,9.89,7.6,7.6,7.6,7.6,5.34,5.34,5.34,5.34,3.69,3.69,3.69,3.69
fragment_00250,1,29.97,29.97,29.97,29.97,23.11,23.11,23.11,23.11,15.13,15.13,15.13,15.13,8.65,8.65,8.65,8.65,5.24,5.24,5.24,5.24,3.41,3.41,3.41,3.41,2.34,2.34,2.34,2.34
fragment_00251,2,29.72,29.73,29.72,29.73,22.13,22.13,22.13,22.13,15.46,15.46,15.46,15.46,11.48,11.48,11.48,11.48,8.4,8.4,8.4,8.4,5.72,5.72,5.72,5.72,3.93,3.93,3.93,3.93
fragment_00252,4,35.56,35.56,34.25,35.56,30.8,30.8,29.24,30.8,24.49,24.5,22.82,24.5,17.28,17.28,16.51,17.28,10.93,10.93,10.92,10.93,7.11,7.11,7.11,7.11,4.89,4.89,4.88,4.89
fragment_00253,8,29.88,29.46,29.43,31.09,24.58,23.68,23.67,26.92,17.69,16.83,16.77,19.86,12.68,12.21,12.2,13.88,9.19,8.95,8.94,9.8,6.55,6.52,6.52,6.61,4.54,4.54,4.54,4.54
fragment_00254,2,31.9,31.91,31.9,31.91,25.41,25.41,25.41,25.41,19.29,19.29,19.29,19.29,13.97,13.97,13.97,13.97,9.66,9.66,9.66,9.66,6.54,6.54,6.54,6.54,4.49,4.49,4.49,4.49
fragment_00255,2,29.49,29.5,29.48,29.5,21.9,21.91,21.9,21.91,14.8,14.8,14.8,14.8,9.71,9.71,9.71,9.71,6.05,6.05,6.05,6.05,3.94,3.94,3.94,3.94,2.71,2.71,2.71,2.71
fragment_00256,2,29.73,29.73,29.73,29.73,25.85,25.85,25.85,25.85,19.58,19.58,19.58,19.58,12.7,12.7,12.7,12.7,7.73,7.73,7.73,7.73,5.03,5.03,5.03,5.03,3.46,3.46,3.46,3.46
fragment_00257,21,29.06,28.75,28.49,30.08,21.71,20.71,20.71,24.01,14.49,13.18,13.18,17.11,10.16,9.1,9.1,11.74,7.18,6.55,6.55,7.75,5.0,4.84,4.84,5.05,3.46,3.46,3.46,3.47
fragment_00258,1,28.59,28.59,28.59,28.59,20.47,20.47,20.47,20.47,14.2,14.2,14.2,14.2,9.21,9.21,9.21,9.21,6.28,6.28,6.28,6.28,4.13,4.13,4.13,4.13,2.84,2.84,2.84,2.84
fragment_00259,3,29.68,31.27,28.75,31.27,20.11,21.64,19.21,21.64,13.02,13.82,12.56,13.82,9.42,10.0,9.08,10.0,7.21,7.54,7.02,7.54,5.71,5.89,5.6,5.89,4.46,4.53,4.42,4.53
fragment_00260,10,33.72,34.0,31.69,35.69,28.14,28.19,24.94,30.77,18.69,18.39,16.19,20.98,11.72,11.59,10.82,12.19,7.36,7.37,7.28,7.39,4.8,4.8,4.8,4.81,3.3,3.3,3.3,3.3
fragment_00261,1,28.9,28.9,28.9,28.9,20.69,20.69,20.69,20.69,14.67,14.67,14.67,14.67,10.81,10.81,10.81,10.81,8.12,8.12,8.12,8.12,6.11,6.11,6.11,6.11,4.35,4.35,4.35,4.35
fragment_00262,4,31.56,31.56,31.55,32.55,24.94,24.92,24.92,28.09,17.55,17.4,17.4,20.45,12.67,12.44,12.44,13.56,8.47,8.33,8.33,8.78,5.71,5.71,5.71,5.72,3.92,3.92,3.92,3.93
fragment_00263,2,32.16,32.18,31.99,32.18,26.17,26.27,25.54,26.27,17.0,17.08,16.51,17.08,9.54,9.54,9.54,9.55,5.78,5.78,5.78,5.79,3.76,3.76,3.76,3.77,2.58,2.58,2.58,2.59
fragment_00264,1,28.43,28.43,28.43,28.43,20.18,20.18,20.18,20.18,13.74,13.74,13.74,13.74,8.9,8.9,8.9,8.9,5.43,5.43,5.43,5.43,3.53,3.53,3.53,3.53,2.43,2.43,2.43,2.43
fragment_00265,2,32.0,31.99,31.99,32.01,25.75,25.75,25.75,25.76,19.39,19.39,19.39,19.39,13.28,13.28,13.28,13.29,8.65,8.65,8.65,8.65,5.72,5.72,5.72,5.72,3.93,3.93,3.93,3.93
fragment_00266,2,28.72,28.72,28.72,28.72,21.75,21.75,21.75,21.76,16.03,16.03,16.03,16.03,11.7,11.7,11.7,11.71,8.47,8.47,8.47,8.47,5.74,5.74,5.74,5.74,3.94,3.94,3.94,3.94
fragment_00267,2,29.76,29.76,29.75,29.76,22.16,22.16,22.16,22.16,15.43,15.43,15.43,15.43,11.24,11.24,11.24,11.24,8.23,8.23,8.23,8.23,6.11,6.11,6.11,6.11,4.35,4.35,4.35,4.35
fragment_00268,2,30.83,30.84,30.83,30.84,23.77,23.77,23.77,23.77,16.86,16.86,16.86,16.86,12.2,12.2,12.19,12.2,8.37,8.37,8.37,8.37,5.52,5.52,5.52,5.52,3.79,3.79,3.79,3.79
fragment_00269,3,28.83,28.81,28.81,29.01,22.14,22.13,22.13,22.26,15.82,15.81,15.81,15.84,11.28,11.28,11.28,11.3,8.47,8.47,8.47,8.48,6.3,6.3,6.3,6.31,4.49,4.49,4.49,4.49
fragment_00270,3,31.77,31.54,31.54,33.21,25.34,24.86,24.86,28.17,17.61,17.22,17.22,19.94,12.02,11.96,11.96,12.38,7.51,7.52,7.51,7.52,4.89,4.89,4.89,4.89,3.36,3.36,3.36,3.36
fragment_00271,3,29.76,29.83,28.9,29.83,22.77,22.92,20.76,22.92,14.56,14.69,12.84,14.69,8.39,8.4,8.23,8.4,5.09,5.09,5.07,5.09,3.31,3.31,3.3,3.31,2.28,2.28,2.27,2.28
fragment_00272,4,29.76,29.76,29.75,29.77,22.15,22.15,22.15,22.16,15.83,15.84,15.83,15.84,12.62,12.62,12.61,12.62,9.69,9.69,9.69,9.69,7.04,7.04,7.04,7.05,4.88,4.88,4.88,4.88
fragment_00273,2,29.78,29.78,29.78,29.78,22.17,22.17,22.16,22.17,15.42,15.42,15.42,15.42,11.34,11.34,11.34,11.34,8.41,8.41,8.41,8.41,6.39,6.39,6.39,6.39,4.71,4.72,4.71,4.72
fragment_00274,9,31.55,33.75,29.04,33.75,23.43,26.32,19.93,26.32,16.6,18.47,14.15,18.81,11.99,12.53,11.22,12.91,8.04,8.08,7.98,8.09,5.26,5.26,5.25,5.26,3.61,3.61,3.61,3.62
fragment_00275,2,31.03,31.1,30.5,31.1,23.33,23.31,23.31,23.48,13.11,13.11,13.1,13.11,7.18,7.18,7.18,7.18,4.35,4.35,4.35,4.35,2.83,2.83,2.83,2.83,1.94,1.95,1.94,1.95
fragment_00276,9,30.66,30.36,30.36,32.36,23.6,23.01,23.01,26.74,16.05,15.52,15.52,17.95,10.33,10.32,10.32,10.35,6.26,6.26,6.26,6.27,4.08,4.08,4.07,4.08,2.8,2.8,2.8,2.8
fragment_00277,2,31.02,31.02,31.02,31.03,23.96,23.95,23.95,23.96,18.09,18.09,18.09,18.09,12.28,12.28,12.28,12.28,7.67,7.67,7.67,7.67,4.99,4.99,4.99,4.99,3.43,3.43,3.43,3.43
fragment_00278,10,29.86,29.71,28.56,31.04,24.23,23.78,23.65,27.06,17.66,17.32,17.23,19.76,12.73,12.63,12.4,13.42,9.08,9.02,8.81,9.47,6.79,6.76,6.63,6.97,4.85,4.85,4.85,4.85
fragment_00279,24,33.84,34.06,31.73,35.96,28.35,28.22,24.9,31.65,19.15,19.01,16.19,22.23,12.4,12.47,10.82,13.38,8.03,8.1,7.46,8.11,5.27,5.27,5.24,5.28,3.62,3.62,3.62,3.63
fragment_00280,13,36.13,35.46,32.33,37.48,31.65,30.73,27.07,33.65,22.29,21.74,20.25,23.46,13.32,13.3,13.29,13.38,8.09,8.09,8.08,8.11,5.27,5.26,5.26,5.28,3.62,3.62,3.61,3.62
fragment_00281,3,30.17,30.15,30.15,32.17,27.61,27.6,27.55,27.62,20.04,20.04,18.88,20.05,13.78,13.78,13.6,13.79,9.7,9.7,9.6,9.7,6.51,6.51,6.51,6.51,4.47,4.47,4.47,4.47
fragment_00282,6,31.79,31.79,31.63,32.94,25.12,25.1,25.02,28.67,17.59,17.57,17.57,20.77,12.64,12.63,12.63,13.27,8.15,8.15,8.15,8.16,5.31,5.31,5.3,5.31,3.64,3.64,3.64,3.65
fragment_00283,25,33.88,33.99,31.74,35.95,28.44,28.18,24.91,31.64,19.22,19.03,16.19,22.23,12.44,12.48,10.84,13.38,8.05,8.1,7.45,8.11,5.27,5.27,5.21,5.28,3.62,3.62,3.62,3.63
fragment_00284,2,31.36,31.36,31.36,31.37,24.28,24.27,24.27,24.29,18.35,18.34,18.34,18.35,14.4,14.39,14.39,14.4,9.91,9.91,9.91,9.91,6.53,6.53,6.53,6.53,4.48,4.48,4.48,4.48
fragment_00285,2,31.04,31.12,30.49,31.12,23.34,23.32,23.32,23.48,13.11,13.11,13.1,13.11,7.18,7.18,7.18,7.18,4.35,4.35,4.35,4.35,2.83,2.83,2.83,2.83,1.94,1.95,1.94,1.95
fragment_00286,5,33.97,33.85,33.74,35.91,29.14,28.85,28.85,32.97,19.77,19.54,19.54,22.83,13.62,13.58,13.58,14.12,8.56,8.56,8.56,8.57,5.57,5.57,5.57,5.58,3.83,3.83,3.83,3.83
fragment_00287,2,32.18,32.22,31.97,32.22,26.18,26.28,25.55,26.28,17.01,17.09,16.54,17.09,9.54,9.54,9.54,9.55,5.78,5.78,5.78,5.79,3.76,3.76,3.76,3.77,2.58,2.58,2.58,2.59
fragment_00288,9,30.13,30.61,28.94,31.08,21.69,22.81,19.31,23.57,14.26,15.19,12.13,16.05,9.14,9.37,8.44,9.37,5.67,5.67,5.67,5.68,3.69,3.69,3.69,3.69,2.54,2.54,2.53,2.54
fragment_00289,2,29.77,29.78,29.76,29.78,22.16,22.17,22.15,22.17,15.52,15.53,15.52,15.53,11.66,11.66,11.65,11.66,8.38,8.38,8.37,8.38,5.8,5.8,5.8,5.8,3.99,3.99,3.99,3.99
fragment_00290,4,30.78,30.83,30.34,33.44,22.98,23.01,22.72,27.44,16.35,16.36,16.22,19.89,12.37,12.38,12.27,14.51,9.32,9.32,9.28,10.5,7.08,7.08,7.05,7.41,5.09,5.09,5.09,5.1
fragment_00291,2,32.39,32.39,32.39,32.39,25.49,25.5,25.49,25.5,18.8,18.8,18.8,18.8,14.61,14.61,14.61,14.61,10.49,10.49,10.49,10.49,7.0,7.0,7.0,7.0,4.81,4.81,4.81,4.81
fragment_00292,21,30.73,31.28,28.86,31.28,22.91,24.37,19.26,24.37,15.87,17.37,12.35,17.98,11.51,12.32,9.26,12.89,8.48,8.73,7.3,8.87,5.8,5.82,5.53,5.82,4.0,4.0,3.99,4.0
fragment_00293,2,30.36,30.35,30.35,30.38,24.09,24.08,24.08,24.1,17.8,17.79,17.79,17.81,13.37,13.36,13.36,13.38,9.45,9.45,9.45,9.45,6.36,6.36,6.36,6.36,4.37,4.37,4.37,4.37
fragment_00294,2,30.84,30.85,30.83,30.85,23.78,23.79,23.78,23.79,16.69,16.69,16.69,16.69,11.5,11.5,11.5,11.5,7.79,7.79,7.79,7.79,5.49,5.49,5.49,5.49,3.92,3.92,3.92,3.92
fragment_00295,1,28.93,28.93,28.93,28.93,20.75,20.75,20.75,20.75,14.57,14.57,14.57,14.57,10.23,10.23,10.23,10.23,7.1,7.1,7.1,7.1,5.12,5.12,5.12,5.12,3.57,3.57,3.57,3.57
fragment_00296,2,32.38,32.39,32.38,32.39,24.83,24.83,24.83,24.83,17.58,17.58,17.58,17.58,12.58,12.58,12.58,12.58,8.59,8.59,8.59,8.59,5.66,5.66,5.66,5.66,3.89,3.89,3.89,3.89
fragment_00297,4,30.41,30.35,30.1,30.87,22.79,22.56,22.35,24.26,15.5,15.24,15.09,17.42,11.24,11.04,10.93,12.6,8.39,8.3,8.25,8.94,6.02,6.0,5.98,6.08,4.18,4.18,4.18,4.18
fragment_00298,3,28.64,28.63,28.63,28.8,23.73,23.73,23.72,23.85,17.02,17.02,17.02,17.05,10.75,10.75,10.75,10.75,6.51,6.51,6.51,6.51,4.24,4.24,4.24,4.24,2.91,2.91,2.91,2.91
fragment_00299,11,29.62,29.63,28.91,30.82,23.74,23.72,23.63,26.81,17.02,16.97,16.97,19.72,12.53,12.47,12.47,14.71,9.23,9.19,9.19,10.14,6.66,6.65,6.65,6.73,4.62,4.62,4.61,4.62
fragment_00300,2,33.23,33.23,30.32,33.23,27.36,27.37,22.91,27.37,20.16,20.16,17.17,20.16,14.8,14.8,13.67,14.8,10.62,10.62,10.39,10.62,7.41,7.41,7.41,7.41,5.09,5.09,5.09,5.1
fragment_00301,2,30.7,30.69,30.69,30.72,24.43,24.42,24.42,24.45,18.24,18.24,18.24,18.25,13.55,13.55,13.55,13.55,9.12,9.12,9.12,9.12,5.96,5.96,5.96,5.96,4.09,4.09,4.09,4.09
fragment_00302,9,34.14,35.46,32.77,35.5,28.23,30.26,26.22,30.29,22.46,24.4,20.39,24.41,15.63,16.48,14.55,16.49,10.16,10.23,9.95,10.24,6.66,6.66,6.66,6.67,4.58,4.58,4.58,4.58
fragment_00303,1,27.94,27.94,27.94,27.94,19.45,19.45,19.45,19.45,12.91,12.91,12.91,12.91,8.6,8.6,8.6,8.6,5.49,5.49,5.49,5.49,3.58,3.58,3.58,3.58,2.46,2.46,2.46,2.46
fragment_00304,6,28.86,28.58,28.56,30.57,20.51,20.12,20.12,22.85,12.94,12.72,12.67,14.37,9.03,8.87,8.87,9.9,6.73,6.61,6.61,7.38,5.31,5.28,5.19,5.59,4.06,4.05,4.03,4.13
fragment_00305,2,30.37,30.37,30.37,30.37,23.94,23.94,23.94,23.94,17.61,17.61,17.61,17.61,13.15,13.15,13.15,13.15,8.77,8.77,8.77,8.77,5.74,5.74,5.74,5.74,3.94,3.94,3.94,3.94
fragment_00306,4,33.83,33.87,32.12,33.87,27.01,27.1,26.0,27.1,17.35,17.41,16.65,17.41,9.88,9.87,9.86,9.89,5.98,5.98,5.97,5.99,3.89,3.89,3.89,3.9,2.68,2.67,2.67,2.68
fragment_00307,8,33.63,35.05,32.67,35.07,29.14,31.31,27.92,31.32,19.37,20.96,18.36,20.97,12.06,12.09,12.04,12.09,7.32,7.33,7.32,7.33,4.77,4.77,4.76,4.77,3.27,3.28,3.27,3.28
fragment_00308,3,28.28,28.28,28.26,28.29,23.41,23.41,23.41,23.44,17.27,17.27,17.27,17.29,12.64,12.64,12.64,12.67,8.89,8.89,8.89,8.9,5.94,5.94,5.94,5.94,4.08,4.08,4.08,4.08
fragment_00309,2,32.13,32.15,32.1,32.15,25.36,25.37,25.35,25.37,18.6,18.61,18.6,18.61,14.09,14.1,14.09,14.1,9.79,9.79,9.79,9.79,6.55,6.55,6.55,6.55,4.5,4.5,4.5,4.5
fragment_00310,1,28.75,28.75,28.75,28.75,20.72,20.72,20.72,20.72,14.7,14.7,14.7,14.7,10.59,10.59,10.59,10.59,8.08,8.08,8.08,8.08,6.0,6.0,6.0,6.0,4.4,4.4,4.4,4.4
fragment_00311,4,31.02,30.97,30.96,32.06,25.92,25.9,25.89,26.31,19.55,19.56,19.45,19.56,15.02,15.02,14.98,15.02,10.54,10.54,10.54,10.54,6.99,6.98,6.98,6.99,4.8,4.8,4.8,4.8
fragment_00312,1,28.03,28.03,28.03,28.03,19.05,19.05,19.05,19.05,12.78,12.78,12.78,12.78,8.19,8.19,8.19,8.19,4.97,4.97,4.97,4.97,3.24,3.24,3.24,3.24,2.22,2.22,2.22,2.22
fragment_00313,2,31.03,31.04,31.03,31.04,23.95,23.95,23.95,23.95,18.09,18.09,18.09,18.09,12.33,12.33,12.33,12.33,8.31,8.31,8.31,8.31,5.8,5.8,5.8,5.8,3.99,3.99,3.99,3.99
fragment_00314,2,29.85,29.84,29.84,29.85,22.23,22.23,22.23,22.23,15.41,15.41,15.41,15.41,11.26,11.26,11.26,11.26,8.24,8.24,8.24,8.24,5.88,5.88,5.88,5.88,4.09,4.09,4.09,4.09
fragment_00315,3,29.29,29.12,29.12,29.52,21.53,21.38,21.38,21.73,14.56,14.47,14.47,14.69,10.85,10.78,10.78,10.94,8.13,8.11,8.11,8.17,5.77,5.76,5.76,5.78,3.98,3.97,3.97,3.98
fragment_00316,9,30.16,29.8,29.8,32.28,24.18,24.08,23.57,28.17,17.72,17.94,16.6,20.73,12.17,12.32,11.24,12.78,7.71,7.73,7.6,7.75,5.03,5.03,5.03,5.05,3.46,3.46,3.45,3.47
fragment_00317,4,31.77,31.54,31.2,32.53,25.26,24.62,24.44,26.73,17.14,16.65,16.65,17.95,10.35,10.34,10.34,10.36,6.27,6.27,6.27,6.27,4.08,4.08,4.08,4.08,2.8,2.8,2.8,2.81
fragment_00318,14,31.78,31.19,29.76,33.9,29.46,29.62,26.37,31.17,22.78,22.88,20.16,23.99,15.93,16.02,14.85,16.07,10.1,10.11,10.03,10.11,6.57,6.58,6.56,6.58,4.51,4.52,4.51,4.52
fragment_00319,2,29.77,29.77,29.77,29.77,22.16,22.16,22.16,22.16,15.47,15.47,15.47,15.47,11.47,11.47,11.47,11.47,8.46,8.46,8.46,8.46,6.27,6.27,6.27,6.27,4.5,4.49,4.49,4.5
fragment_00320,2,32.35,32.35,32.35,32.36,24.83,24.83,24.83,24.83,17.49,17.5,17.49,17.5,12.22,12.22,12.22,12.22,7.91,7.91,7.91,7.91,5.15,5.15,5.15,5.15,3.54,3.54,3.54,3.54
fragment_00321,5,30.44,30.35,30.1,30.82,22.86,22.58,22.35,24.07,15.59,15.25,15.09,17.23,11.31,11.05,10.92,12.48,8.42,8.31,8.25,8.9,6.02,6.0,5.98,6.08,4.18,4.18,4.18,4.18
fragment_00322,1,29.04,29.04,29.04,29.04,21.7,21.7,21.7,21.7,15.25,15.25,15.25,15.25,10.56,10.56,10.56,10.56,7.37,7.37,7.37,7.37,5.0,5.0,5.0,5.0,3.44,3.44,3.44,3.44
fragment_00323,1,28.99,28.99,28.99,28.99,20.69,20.69,20.69,20.69,14.3,14.3,14.3,14.3,9.79,9.79,9.79,9.79,6.78,6.78,6.78,6.78,4.77,4.77,4.77,4.77,3.28,3.28,3.28,3.28
fragment_00324,3,31.19,30.46,30.46,32.25,23.28,22.19,22.19,25.03,16.29,15.8,15.35,17.56,10.24,10.34,9.83,10.4,6.3,6.3,6.3,6.3,4.1,4.1,4.1,4.1,2.82,2.82,2.82,2.82
fragment_00325,2,29.23,29.26,29.2,29.26,26.44,26.49,26.4,26.49,19.14,19.18,19.1,19.18,13.31,13.33,13.28,13.33,9.62,9.62,9.61,9.62,6.51,6.51,6.51,6.51,4.47,4.47,4.47,4.47
fragment_00326,2,32.09,32.08,32.08,32.11,25.33,25.32,25.32,25.33,18.5,18.5,18.5,18.51,13.87,13.87,13.87,13.87,9.79,9.79,9.79,9.79,6.55,6.55,6.55,6.55,4.5,4.5,4.5,4.5
fragment_00327,4,33.82,33.89,32.12,33.89,27.0,27.1,26.0,27.1,17.36,17.41,16.65,17.41,9.88,9.88,9.86,9.88,5.98,5.98,5.97,5.99,3.9,3.89,3.89,3.9,2.68,2.68,2.67,2.68
fragment_00328,3,31.1,30.86,30.4,33.17,23.5,23.0,22.73,27.22,16.29,15.97,15.91,18.54,10.88,10.85,10.83,11.15,6.75,6.75,6.75,6.75,4.39,4.39,4.39,4.39,3.02,3.02,3.02,3.02
fragment_00329,11,27.23,26.65,26.09,30.48,21.55,21.19,20.58,25.45,17.29,17.31,16.28,20.58,13.61,13.59,12.81,15.69,10.58,10.51,10.18,11.51,7.69,7.68,7.57,7.84,5.38,5.38,5.38,5.39
fragment_00330,4,33.24,33.22,33.22,33.55,26.98,26.99,26.9,26.99,20.26,20.27,19.86,20.27,14.09,14.09,14.04,14.09,9.39,9.39,9.37,9.39,6.52,6.52,6.52,6.52,4.5,4.5,4.5,4.5
fragment_00331,2,26.84,26.84,26.84,26.99,20.81,20.81,20.81,20.97,14.88,14.88,14.88,14.89,10.86,10.86,10.86,10.86,8.17,8.17,8.17,8.17,5.9,5.9,5.9,5.9,4.11,4.11,4.11,4.11
fragment_00332,4,29.76,29.76,29.76,29.77,22.16,22.16,22.15,22.16,15.79,15.8,15.78,15.8,12.36,12.36,12.36,12.37,9.41,9.41,9.41,9.42,6.78,6.78,6.78,6.78,4.69,4.69,4.69,4.69
fragment_00333,1,30.3,30.3,30.3,30.3,22.88,22.88,22.88,22.88,14.54,14.54,14.54,14.54,8.03,8.03,8.03,8.03,4.86,4.86,4.86,4.86,3.17,3.17,3.17,3.17,2.17,2.17,2.17,2.17
fragment_00334,2,31.99,31.99,31.98,31.99,25.74,25.74,25.74,25.74,19.47,19.47,19.47,19.47,13.68,13.68,13.68,13.68,8.79,8.79,8.79,8.79,5.72,5.72,5.72,5.72,3.93,3.93,3.93,3.93
fragment_00335,2,31.39,31.38,31.38,31.4,23.87,23.87,23.87,23.88,17.69,17.69,17.69,17.69,13.58,13.57,13.57,13.58,10.01,10.01,10.01,10.01,6.78,6.78,6.78,6.78,4.66,4.66,4.66,4.66
fragment_00336,4,31.15,30.44,29.71,32.24,23.25,22.18,21.6,25.03,16.28,15.79,15.34,17.56,10.24,10.34,9.83,10.4,6.3,6.3,6.3,6.3,4.1,4.1,4.1,4.1,2.82,2.82,2.81,2.82
fragment_00337,5,31.44,31.45,31.32,31.7,25.0,25.0,25.0,25.61,18.28,18.24,18.24,19.0,14.28,14.17,14.17,14.76,10.3,10.19,10.16,10.76,7.24,7.22,7.22,7.31,5.02,5.02,5.02,5.03
fragment_00338,1,28.99,28.99,28.99,28.99,20.7,20.7,20.7,20.7,14.31,14.31,14.31,14.31,9.7,9.7,9.7,9.7,6.07,6.07,6.07,6.07,3.95,3.95,3.95,3.95,2.71,2.71,2.71,2.71
fragment_00339,9,27.29,26.74,26.74,31.25,21.58,21.25,20.6,25.54,17.29,17.33,16.29,20.47,13.59,13.58,12.82,15.71,10.55,10.49,10.18,11.54,7.68,7.67,7.57,7.84,5.38,5.38,5.38,5.39
fragment_00340,3,26.26,26.25,26.15,26.26,19.58,19.58,19.56,19.58,13.49,13.49,13.47,13.49,9.53,9.53,9.52,9.53,6.85,6.85,6.85,6.85,4.67,4.67,4.67,4.67,3.21,3.21,3.21,3.21
fragment_00341,7,29.65,29.63,29.54,30.98,24.88,24.88,23.73,27.0,18.31,18.32,17.16,19.85,13.08,13.09,12.55,13.27,8.18,8.18,8.18,8.19,5.33,5.32,5.32,5.33,3.66,3.66,3.66,3.66
fragment_00342,4,33.98,33.03,33.03,35.46,27.97,26.8,26.8,29.92,19.43,18.59,18.59,20.85,12.06,12.03,12.03,12.1,7.33,7.32,7.32,7.33,4.77,4.77,4.77,4.77,3.28,3.27,3.27,3.28
fragment_00343,1,28.13,28.13,28.13,28.13,20.33,20.33,20.33,20.33,13.62,13.62,13.62,13.62,8.47,8.47,8.47,8.47,5.16,5.16,5.16,5.16,3.36,3.36,3.36,3.36,2.31,2.31,2.31,2.31
fragment_00344,18,32.8,34.18,31.56,34.18,27.35,29.54,24.96,29.54,20.73,21.99,18.08,21.99,15.81,15.9,14.07,16.15,11.31,11.38,10.46,11.54,7.81,7.82,7.57,7.84,5.39,5.38,5.38,5.4
fragment_00345,9,30.12,29.81,29.81,32.26,24.14,24.07,23.56,28.16,17.7,17.94,16.6,20.73,12.16,12.31,11.24,12.78,7.71,7.73,7.61,7.75,5.03,5.03,5.03,5.05,3.46,3.46,3.46,3.47
fragment_00346,2,30.07,30.07,30.07,30.07,23.18,23.18,23.17,23.18,17.48,17.48,17.48,17.48,13.08,13.08,13.08,13.08,8.98,8.98,8.98,8.98,5.92,5.92,5.92,5.92,4.07,4.07,4.07,4.07
fragment_00347,3,29.41,29.39,29.39,31.46,26.32,26.31,26.31,27.23,18.96,18.96,18.29,18.96,13.04,13.05,12.77,13.05,9.17,9.17,8.85,9.17,6.49,6.49,6.3,6.49,4.54,4.54,4.54,4.55
fragment_00348,2,29.25,29.26,29.24,29.26,26.49,26.5,26.48,26.5,19.15,19.16,19.13,19.16,13.41,13.43,13.4,13.43,10.01,10.02,10.0,10.02,7.55,7.56,7.54,7.56,5.75,5.75,5.74,5.75
fragment_00349,3,30.42,30.46,30.13,30.46,24.19,24.23,23.89,24.23,18.62,18.65,18.43,18.65,12.46,12.47,12.46,12.47,7.67,7.67,7.67,7.67,4.99,4.99,4.99,4.99,3.43,3.43,3.43,3.43
fragment_00350,3,31.42,31.4,31.25,35.18,24.99,24.96,24.92,31.85,18.3,18.28,18.28,23.69,14.31,14.3,14.3,15.95,10.23,10.23,10.23,10.61,6.9,6.9,6.9,6.9,4.74,4.74,4.74,4.74
fragment_00351,2,29.3,29.31,29.28,29.31,26.56,26.57,26.54,26.57,19.21,19.23,19.19,19.23,13.38,13.39,13.37,13.39,9.86,9.87,9.85,9.87,7.43,7.44,7.42,7.44,5.64,5.65,5.64,5.65
fragment_00352,3,28.92,28.91,28.91,28.98,24.69,24.69,24.68,24.75,18.49,18.49,18.49,18.53,13.15,13.15,13.14,13.19,9.21,9.21,9.21,9.22,6.15,6.15,6.15,6.15,4.22,4.22,4.22,4.22
fragment_00353,4,31.59,31.6,31.55,31.6,24.96,24.96,24.94,24.97,18.0,18.09,17.87,18.32,14.33,14.5,14.04,14.6,10.75,10.9,10.46,10.91,7.71,7.77,7.55,7.78,5.39,5.38,5.38,5.39
fragment_00354,1,28.71,28.71,28.71,28.71,20.7,20.7,20.7,20.7,14.58,14.58,14.58,14.58,10.43,10.43,10.43,10.43,8.1,8.1,8.1,8.1,5.79,5.79,5.79,5.79,4.0,4.0,4.0,4.0
fragment_00355,2,29.62,29.62,29.62,29.63,22.05,22.05,22.05,22.06,15.31,15.31,15.31,15.31,11.14,11.14,11.14,11.14,7.55,7.55,7.55,7.55,4.99,4.98,4.98,4.99,3.42,3.42,3.42,3.42
fragment_00356,4,31.5,31.09,31.09,31.86,25.07,24.08,24.08,25.88,17.97,16.55,16.55,19.09,12.65,11.53,11.53,13.51,9.22,8.69,8.69,9.62,6.53,6.39,6.39,6.63,4.55,4.55,4.55,4.55
fragment_00357,7,33.06,33.32,30.34,34.55,27.03,27.46,22.87,29.84,19.76,20.04,16.39,22.05,14.27,14.36,12.18,15.14,9.95,9.96,8.99,10.14,6.61,6.61,6.54,6.62,4.54,4.54,4.54,4.55
fragment_00358,3,32.23,33.12,31.07,33.12,26.27,27.74,24.37,27.74,18.05,19.23,16.52,19.23,11.29,11.37,11.19,11.37,6.89,6.89,6.89,6.89,4.48,4.48,4.48,4.49,3.08,3.08,3.08,3.08
fragment_00359,1,28.02,28.02,28.02,28.02,19.14,19.14,19.14,19.14,12.55,12.55,12.55,12.55,7.66,7.66,7.66,7.66,4.65,4.65,4.65,4.65,3.02,3.02,3.02,3.02,2.08,2.08,2.08,2.08
fragment_00360,1,31.86,31.86,31.86,31.86,25.05,25.05,25.05,25.05,16.99,16.99,16.99,16.99,10.34,10.34,10.34,10.34,6.26,6.26,6.26,6.26,4.08,4.08,4.08,4.08,2.8,2.8,2.8,2.8
fragment_00361,1,28.23,28.23,28.23,28.23,19.78,19.78,19.78,19.78,13.24,13.24,13.24,13.24,8.2,8.2,8.2,8.2,4.99,4.99,4.99,4.99,3.25,3.25,3.25,3.25,2.23,2.23,2.23,2.23
fragment_00362,6,31.51,31.52,31.36,31.79,25.06,25.08,24.94,25.66,18.56,18.68,18.32,19.34,14.88,15.19,14.28,15.27,10.99,11.35,10.27,11.38,7.76,7.85,7.59,7.86,5.4,5.4,5.39,5.4
fragment_00363,6,34.18,34.19,34.1,36.51,29.6,29.57,29.51,34.03,21.62,21.59,21.56,25.11,14.97,14.98,14.94,15.52,9.4,9.4,9.39,9.42,6.12,6.12,6.11,6.13,4.2,4.2,4.2,4.21
fragment_00364,6,28.81,28.58,28.57,30.56,20.45,20.13,20.12,22.83,13.01,12.83,12.74,14.46,9.3,9.19,9.03,10.2,7.15,7.08,6.87,7.82,5.61,5.57,5.48,5.94,4.34,4.33,4.33,4.46
fragment_00365,2,29.75,29.75,29.74,29.75,22.13,22.13,22.13,22.13,15.49,15.49,15.49,15.49,11.55,11.55,11.55,11.55,8.67,8.67,8.67,8.67,6.2,6.2,6.2,6.2,4.28,4.28,4.28,4.28
fragment_00366,1,28.66,28.66,28.66,28.66,19.17,19.17,19.17,19.17,11.1,11.1,11.1,11.1,6.09,6.09,6.09,6.09,3.69,3.69,3.69,3.69,2.4,2.4,2.4,2.4,1.65,1.65,1.65,1.65
fragment_00367,2,32.51,32.52,32.27,32.52,26.62,26.62,26.58,26.62,20.54,20.53,20.53,20.61,14.47,14.47,14.47,14.47,9.05,9.05,9.05,9.05,5.89,5.89,5.89,5.89,4.05,4.05,4.05,4.05
fragment_00368,1,27.97,27.97,27.97,27.97,18.91,18.91,18.91,18.91,12.43,12.43,12.43,12.43,7.66,7.66,7.66,7.66,4.64,4.64,4.64,4.64,3.02,3.02,3.02,3.02,2.08,2.08,2.08,2.08
fragment_00369,5,31.69,31.54,30.79,32.42,25.11,24.63,24.0,26.3,17.05,16.65,15.98,17.88,10.34,10.34,10.32,10.35,6.27,6.27,6.26,6.27,4.08,4.08,4.08,4.08,2.8,2.8,2.8,2.81
fragment_00370,2,29.08,29.08,29.08,29.09,26.26,26.26,26.26,26.26,18.95,18.95,18.95,18.95,12.99,12.99,12.99,12.99,9.0,9.0,9.0,9.0,5.98,5.98,5.98,5.98,4.11,4.11,4.11,4.11
fragment_00371,9,33.06,33.15,32.7,34.58,26.72,27.05,25.84,28.07,20.44,20.85,19.18,21.39,13.45,13.61,12.56,13.61,8.28,8.28,8.22,8.28,5.39,5.39,5.39,5.39,3.7,3.7,3.7,3.7
fragment_00372,4,31.8,31.8,31.71,32.02,25.14,25.14,25.14,26.26,18.0,18.0,18.0,18.89,13.37,13.37,13.32,13.49,9.09,9.09,9.09,9.27,6.12,6.12,6.12,6.12,4.2,4.2,4.2,4.2
fragment_00373,4,31.8,32.15,30.86,32.15,25.37,25.94,24.02,25.94,17.98,18.76,16.14,18.76,12.77,13.35,11.37,13.35,9.2,9.44,8.59,9.44,6.4,6.45,6.27,6.45,4.43,4.43,4.43,4.43
fragment_00374,1,29.12,29.12,29.12,29.12,20.69,20.69,20.69,20.69,15.06,15.06,15.06,15.06,11.74,11.74,11.74,11.74,8.96,8.96,8.96,8.96,6.67,6.67,6.67,6.67,4.72,4.72,4.72,4.72
fragment_00375,2,29.75,29.76,29.75,29.76,22.14,22.14,22.14,22.14,15.57,15.57,15.57,15.57,11.96,11.96,11.96,11.96,9.49,9.49,9.49,9.49,7.12,7.12,7.12,7.12,5.05,5.05,5.05,5.05
fragment_00376,1,29.22,29.22,29.22,29.22,26.44,26.44,26.44,26.44,19.13,19.13,19.13,19.13,13.2,13.2,13.2,13.2,9.42,9.42,9.42,9.42,6.72,6.72,6.72,6.72,4.93,4.93,4.93,4.93
fragment_00377,1,28.99,28.99,28.99,28.99,20.79,20.79,20.79,20.79,14.6,14.6,14.6,14.6,10.26,10.26,10.26,10.26,7.31,7.31,7.31,7.31,5.42,5.42,5.42,5.42,3.77,3.77,3.77,3.77
fragment_00378,4,29.36,28.85,28.84,31.93,21.2,20.44,20.44,25.02,14.22,13.66,13.66,17.04,10.36,10.18,10.18,11.26,7.3,7.28,7.28,7.38,4.78,4.78,4.78,4.8,3.29,3.28,3.28,3.3
fragment_00379,3,31.48,31.05,31.05,31.88,25.07,24.06,24.06,25.9,17.99,16.54,16.54,19.12,12.66,11.52,11.52,13.53,9.22,8.69,8.69,9.62,6.53,6.39,6.39,6.62,4.55,4.55,4.55,4.55
fragment_00380,2,29.78,29.79,29.77,29.79,22.17,22.18,22.16,22.18,15.31,15.31,15.31,15.31,10.72,10.72,10.72,10.72,7.46,7.46,7.46,7.46,5.39,5.39,5.39,5.39,3.76,3.76,3.76,3.76
fragment_00381,12,35.57,36.12,32.12,36.12,30.29,30.83,25.3,30.83,19.84,20.05,17.19,20.06,11.19,11.19,11.15,11.21,6.78,6.78,6.77,6.79,4.41,4.41,4.41,4.42,3.03,3.03,3.03,3.04
fragment_00382,3,33.42,33.7,31.68,33.7,26.92,27.22,24.77,27.22,16.34,16.44,15.48,16.44,9.01,9.01,9.01,9.02,5.46,5.46,5.46,5.46,3.55,3.55,3.55,3.56,2.44,2.44,2.44,2.44
fragment_00383,2,31.94,31.92,31.92,31.96,25.44,25.42,25.42,25.46,19.26,19.25,19.25,19.27,13.59,13.59,13.59,13.59,8.75,8.75,8.75,8.75,5.7,5.7,5.7,5.7,3.91,3.91,3.91,3.91
fragment_00384,2,31.55,31.54,31.54,31.55,24.13,24.13,24.13,24.14,18.09,18.09,18.09,18.1,13.89,13.89,13.89,13.89,9.79,9.79,9.79,9.8,6.55,6.55,6.55,6.55,4.5,4.5,4.5,4.5
fragment_00385,5,32.13,32.14,31.39,32.76,26.37,26.3,25.48,27.41,18.87,18.43,18.43,19.81,12.06,12.05,12.05,12.09,7.32,7.32,7.32,7.33,4.77,4.77,4.77,4.77,3.27,3.27,3.27,3.28
fragment_00386,1,28.34,28.34,28.34,28.34,19.98,19.98,19.98,19.98,13.83,13.83,13.83,13.83,9.68,9.68,9.68,9.68,6.54,6.54,6.54,6.54,4.28,4.28,4.28,4.28,2.94,2.94,2.94,2.94
fragment_00387,2,30.83,30.83,30.83,30.83,23.76,23.76,23.76,23.76,16.86,16.86,16.86,16.86,12.15,12.15,12.15,12.15,8.38,8.38,8.38,8.38,5.71,5.71,5.71,5.71,3.92,3.92,3.92,3.92
fragment_00388,2,30.48,30.48,30.47,30.48,24.48,24.48,24.47,24.48,18.54,18.54,18.54,18.54,12.53,12.53,12.53,12.53,7.68,7.68,7.68,7.68,5.0,5.0,5.0,5.0,3.44,3.44,3.44,3.44
fragment_00389,4,30.69,30.26,29.84,31.16,24.1,22.99,22.68,25.33,16.38,15.46,15.32,17.39,10.64,10.5,10.46,10.79,6.58,6.58,6.58,6.58,4.28,4.28,4.28,4.28,2.94,2.94,2.94,2.94
fragment_00390,1,28.78,28.78,28.78,28.78,21.83,21.83,21.83,21.83,16.72,16.72,16.72,16.72,11.33,11.33,11.33,11.33,6.9,6.9,6.9,6.9,4.49,4.49,4.49,4.49,3.08,3.08,3.08,3.08
fragment_00391,8,36.45,36.78,31.76,36.78,32.32,32.81,25.05,32.81,23.0,23.39,17.11,23.5,14.32,14.44,12.53,14.47,8.93,8.94,8.76,8.94,5.82,5.82,5.82,5.82,4.0,4.0,4.0,4.0
fragment_00392,2,29.08,29.08,29.08,29.08,20.75,20.75,20.75,20.75,14.33,14.33,14.33,14.33,9.77,9.78,9.77,9.78,6.61,6.61,6.61,6.61,4.39,4.39,4.39,4.39,3.02,3.02,3.02,3.02
fragment_00393,27,30.42,30.14,30.06,33.63,25.37,24.28,23.57,30.17,19.55,18.67,17.29,23.23,14.09,13.86,13.02,14.93,9.03,9.05,8.92,9.07,5.89,5.89,5.89,5.91,4.05,4.05,4.04,4.06
fragment_00394,3,33.78,33.78,33.78,35.07,27.68,27.67,27.67,30.99,19.64,19.62,19.62,22.83,13.61,13.61,13.61,14.12,8.56,8.56,8.56,8.58,5.57,5.57,5.57,5.59,3.83,3.83,3.83,3.84
fragment_00395,5,29.22,29.08,29.07,31.77,24.94,24.78,24.78,27.19,16.53,16.44,16.42,18.02,11.25,11.19,11.17,12.27,8.38,8.34,8.34,8.94,6.47,6.45,6.45,6.81,5.06,5.05,5.05,5.18
fragment_00396,2,29.79,29.79,29.79,29.79,22.17,22.17,22.17,22.17,15.49,15.49,15.49,15.49,11.48,11.48,11.48,11.48,8.46,8.46,8.46,8.46,6.0,6.0,6.0,6.0,4.27,4.27,4.27,4.27
fragment_00397,2,28.63,28.64,28.62,28.64,21.09,21.09,21.09,21.1,14.22,14.22,14.22,14.22,9.01,9.01,9.01,9.01,5.5,5.5,5.5,5.5,3.58,3.58,3.58,3.58,2.46,2.46,2.46,2.46
fragment_00398,2,32.34,32.33,32.33,32.35,24.78,24.77,24.77,24.78,17.38,17.38,17.38,17.39,11.84,11.84,11.84,11.84,7.88,7.88,7.88,7.88,5.29,5.29,5.29,5.29,3.63,3.63,3.63,3.63
fragment_00399,1,28.84,28.84,28.84,28.84,20.67,20.67,20.67,20.67,14.4,14.4,14.4,14.4,9.88,9.88,9.88,9.88,6.05,6.05,6.05,6.05,3.94,3.94,3.94,3.94,2.71,2.71,2.71,2.71
fragment_00400,2,31.03,31.02,31.02,31.03,25.73,25.73,25.73,25.74,19.8,19.79,19.79,19.8,14.13,14.12,14.12,14.13,9.81,9.81,9.81,9.81,6.56,6.56,6.56,6.56,4.51,4.51,4.51,4.51
fragment_00401,4,30.67,30.26,29.85,31.13,24.08,22.97,22.68,25.29,16.37,15.45,15.33,17.37,10.64,10.5,10.46,10.79,6.58,6.58,6.58,6.58,4.28,4.28,4.28,4.28,2.94,2.94,2.94,2.94
fragment_00402,7,32.22,32.06,31.61,33.59,27.7,27.51,27.22,29.03,17.99,17.84,17.81,18.73,10.47,10.47,10.47,10.49,6.34,6.34,6.34,6.36,4.13,4.13,4.13,4.14,2.84,2.84,2.84,2.84
fragment_00403,8,30.06,29.78,28.58,31.01,24.93,23.91,23.91,27.32,18.34,17.54,17.54,20.11,13.11,12.84,12.72,13.71,8.87,8.79,8.79,9.02,5.87,5.87,5.86,5.87,4.03,4.03,4.03,4.03
fragment_00404,10,29.54,29.35,28.76,31.06,24.3,24.23,23.48,26.92,17.86,18.11,16.78,19.4,12.93,13.38,12.12,13.84,8.36,8.48,8.13,8.48,5.52,5.52,5.52,5.53,3.79,3.79,3.79,3.8
fragment_00405,2,29.67,29.67,29.66,29.67,22.06,22.06,22.06,22.06,15.22,15.22,15.22,15.22,11.04,11.04,11.04,11.04,8.3,8.3,8.3,8.3,6.25,6.25,6.25,6.25,4.5,4.49,4.49,4.5
fragment_00406,5,30.72,30.75,30.4,33.43,22.98,22.99,22.77,27.53,16.31,16.27,16.21,19.71,12.2,12.17,12.1,14.04,8.98,8.98,8.95,9.87,6.55,6.54,6.54,6.62,4.54,4.54,4.54,4.55
fragment_00407,4,32.04,32.04,31.82,32.14,25.08,25.04,25.03,27.97,17.89,17.84,17.84,21.11,12.92,12.91,12.87,13.75,8.44,8.44,8.44,8.46,5.5,5.5,5.5,5.51,3.78,3.78,3.78,3.78
fragment_00408,2,29.87,29.87,29.87,29.88,22.25,22.25,22.25,22.25,15.39,15.39,15.38,15.39,11.2,11.2,11.2,11.2,8.16,8.16,8.16,8.16,5.89,5.89,5.89,5.89,4.09,4.09,4.09,4.09
fragment_00409,8,36.46,36.8,31.78,36.8,32.33,32.82,25.06,32.82,23.01,23.39,17.19,23.44,14.33,14.44,12.56,14.46,8.93,8.94,8.76,8.94,5.82,5.82,5.82,5.82,4.0,4.0,4.0,4.0
fragment_00410,21,29.14,29.01,28.9,31.38,19.96,19.56,19.53,25.62,14.0,13.45,13.21,19.37,11.15,11.02,10.38,13.76,8.27,8.32,7.55,8.95,5.75,5.81,5.51,5.83,4.0,4.0,3.99,4.0
fragment_00411,9,35.49,36.11,32.24,36.11,30.05,30.81,25.29,30.81,19.68,20.05,17.18,20.05,11.18,11.19,11.14,11.2,6.78,6.78,6.78,6.79,4.41,4.41,4.41,4.42,3.03,3.03,3.03,3.03
fragment_00412,3,31.25,31.25,30.72,33.65,23.92,23.9,23.63,28.37,16.77,16.74,16.68,20.01,11.94,11.94,11.9,12.41,7.5,7.5,7.5,7.52,4.88,4.88,4.88,4.89,3.36,3.36,3.36,3.36
fragment_00413,4,32.04,32.04,31.75,32.14,25.08,25.03,25.03,27.95,17.9,17.84,17.84,21.1,12.92,12.91,12.87,13.74,8.44,8.44,8.44,8.46,5.5,5.5,5.5,5.51,3.78,3.78,3.78,3.78
fragment_00414,8,28.63,28.61,28.61,28.81,23.75,23.73,23.73,23.89,18.1,18.01,18.01,18.28,13.41,13.23,13.22,13.81,9.81,9.56,9.56,10.3,7.08,7.05,7.05,7.15,4.92,4.92,4.92,4.92
fragment_00415,2,30.89,30.89,30.88,30.89,23.81,23.81,23.81,23.81,16.84,16.84,16.84,16.84,12.17,12.17,12.17,12.17,8.36,8.36,8.36,8.36,5.51,5.51,5.51,5.51,3.79,3.79,3.79,3.79
fragment_00416,16,30.33,30.24,29.89,31.04,25.68,25.58,25.26,26.82,19.51,19.46,18.9,20.5,13.87,13.86,13.67,14.25,9.1,9.1,9.08,9.1,5.92,5.92,5.91,5.92,4.07,4.07,4.06,4.07
fragment_00417,4,32.48,31.36,30.97,33.44,25.8,24.0,23.78,27.19,17.4,16.26,16.22,18.22,10.38,10.35,10.33,10.41,6.3,6.3,6.3,6.31,4.1,4.1,4.1,4.1,2.82,2.82,2.82,2.82
fragment_00418,2,32.18,32.17,32.17,32.2,25.42,25.42,25.42,25.43,18.73,18.73,18.73,18.74,14.26,14.25,14.25,14.26,9.95,9.95,9.95,9.95,6.55,6.55,6.55,6.55,4.5,4.5,4.5,4.5
fragment_00419,3,29.43,29.41,29.39,33.09,26.01,26.01,25.96,29.85,17.78,17.78,17.74,19.92,11.37,11.37,11.37,11.56,7.0,7.0,7.0,7.01,4.56,4.56,4.56,4.56,3.13,3.13,3.13,3.13
fragment_00420,9,29.78,29.65,28.56,32.91,25.02,24.89,23.73,28.77,18.41,18.32,17.16,21.13,13.09,13.1,12.55,13.45,8.18,8.18,8.18,8.19,5.33,5.33,5.33,5.33,3.66,3.66,3.66,3.66
fragment_00421,1,29.03,29.03,29.03,29.03,21.7,21.7,21.7,21.7,15.25,15.25,15.25,15.25,10.51,10.51,10.51,10.51,7.21,7.21,7.21,7.21,4.8,4.8,4.8,4.8,3.3,3.3,3.3,3.3
fragment_00422,1,31.0,31.0,31.0,31.0,23.78,23.78,23.78,23.78,15.96,15.96,15.96,15.96,10.32,10.32,10.32,10.32,6.26,6.26,6.26,6.26,4.07,4.07,4.07,4.07,2.8,2.8,2.8,2.8
fragment_00423,5,29.55,29.57,29.53,29.64,23.66,23.66,23.65,24.45,17.04,17.04,17.04,18.32,12.69,12.69,12.68,14.07,9.55,9.55,9.54,10.49,7.2,7.2,7.2,7.5,5.16,5.16,5.16,5.18
fragment_00424,2,30.77,30.77,30.77,30.77,23.68,23.67,23.67,23.68,16.81,16.81,16.81,16.81,12.11,12.11,12.11,12.11,8.92,8.92,8.92,8.92,6.69,6.69,6.69,6.69,4.8,4.8,4.8,4.8
fragment_00425,2,33.81,33.81,32.59,33.81,27.67,27.67,27.67,28.36,19.63,19.63,19.63,21.49,13.61,13.61,13.61,14.08,8.56,8.56,8.56,8.57,5.57,5.57,5.57,5.58,3.83,3.83,3.83,3.83
fragment_00426,1,31.85,31.85,31.85,31.85,25.37,25.37,25.37,25.37,18.04,18.04,18.04,18.04,12.22,12.22,12.22,12.22,8.01,8.01,8.01,8.01,5.31,5.31,5.31,5.31,3.65,3.65,3.65,3.65
fragment_00427,1,28.37,28.37,28.37,28.37,20.16,20.16,20.16,20.16,13.64,13.64,13.64,13.64,9.92,9.92,9.92,9.92,7.51,7.51,7.51,7.51,5.48,5.48,5.48,5.48,3.81,3.81,3.81,3.81
fragment_00428,2,33.26,33.26,33.26,33.26,26.99,26.99,26.99,26.99,20.32,20.33,20.32,20.33,14.46,14.46,14.46,14.46,9.27,9.27,9.27,9.27,6.03,6.03,6.03,6.03,4.14,4.14,4.14,4.14
fragment_00429,22,29.18,28.77,28.47,31.16,22.08,20.73,20.73,27.13,15.06,13.45,13.42,19.71,10.94,9.81,9.79,13.57,8.17,7.53,7.52,9.0,5.83,5.7,5.7,5.9,4.05,4.04,4.04,4.05
fragment_00430,2,25.36,25.36,25.36,26.2,17.68,17.68,17.68,18.18,13.61,13.61,13.61,13.91,11.5,11.5,11.5,11.8,9.55,9.55,9.55,9.61,7.21,7.21,7.21,7.22,5.16,5.16,5.16,5.16
fragment_00431,4,33.28,33.27,33.26,33.74,27.0,27.0,26.95,27.0,20.43,20.45,19.94,20.45,14.83,14.83,14.78,14.83,9.96,9.96,9.96,9.97,6.55,6.55,6.54,6.55,4.5,4.5,4.49,4.5
fragment_00432,2,29.01,29.01,29.01,29.02,21.54,21.54,21.54,21.54,14.85,14.85,14.85,14.85,10.59,10.59,10.59,10.6,7.36,7.36,7.36,7.36,5.0,5.0,5.0,5.0,3.44,3.44,3.44,3.44
fragment_00433,6,32.23,32.49,30.48,34.18,25.39,25.7,22.55,28.84,19.82,20.34,16.41,23.28,15.03,15.99,12.42,16.62,10.71,11.31,9.47,11.32,7.38,7.48,7.11,7.48,5.14,5.14,5.12,5.14
fragment_00434,1,29.07,29.07,29.07,29.07,21.68,21.68,21.68,21.68,16.35,16.35,16.35,16.35,12.21,12.21,12.21,12.21,8.09,8.09,8.09,8.09,5.29,5.29,5.29,5.29,3.63,3.63,3.63,3.63
fragment_00435,1,28.79,28.79,28.79,28.79,18.83,18.83,18.83,18.83,11.1,11.1,11.1,11.1,6.13,6.13,6.13,6.13,3.71,3.71,3.71,3.71,2.42,2.42,2.42,2.42,1.66,1.66,1.66,1.66
fragment_00436,1,29.41,29.41,29.41,29.41,26.62,26.62,26.62,26.62,19.25,19.25,19.25,19.25,13.27,13.27,13.27,13.27,9.47,9.47,9.47,9.47,6.89,6.89,6.89,6.89,5.15,5.15,5.15,5.15
fragment_00437,9,33.73,33.31,33.17,35.38,29.29,28.68,28.61,31.92,21.0,20.43,20.41,22.99,13.44,13.43,13.41,13.48,8.16,8.16,8.15,8.17,5.31,5.31,5.31,5.32,3.65,3.65,3.65,3.65
fragment_00438,4,30.47,30.99,28.68,31.02,22.19,22.95,19.56,22.96,15.26,15.8,13.41,15.8,10.57,10.7,10.08,10.7,6.99,7.0,6.98,7.0,4.56,4.56,4.55,4.56,3.13,3.13,3.13,3.13
fragment_00439,2,32.31,32.31,32.31,32.31,25.08,25.08,25.08,25.09,17.85,17.85,17.85,17.85,12.2,12.2,12.2,12.2,8.29,8.29,8.29,8.29,5.91,5.91,5.91,5.91,4.12,4.12,4.12,4.12
fragment_00440,2,29.78,29.79,29.78,29.79,22.18,22.19,22.18,22.19,15.38,15.38,15.38,15.38,11.31,11.31,11.31,11.31,8.37,8.37,8.37,8.37,6.05,6.05,6.05,6.05,4.39,4.39,4.39,4.39
fragment_00441,2,30.89,30.89,30.89,30.89,23.81,23.81,23.81,23.81,16.71,16.71,16.71,16.71,11.49,11.49,11.49,11.49,8.05,8.05,8.05,8.05,5.92,5.92,5.92,5.93,4.14,4.14,4.14,4.14
fragment_00442,9,31.53,31.48,31.33,35.76,25.09,24.96,24.92,32.04,18.43,18.22,18.22,24.94,14.5,14.21,14.21,17.53,10.51,10.21,10.21,11.71,7.55,7.49,7.49,7.68,5.27,5.27,5.27,5.27
fragment_00443,8,28.91,28.73,28.73,31.02,21.19,20.69,20.69,25.84,13.98,13.38,13.38,18.19,10.07,9.7,9.7,12.24,7.38,7.26,7.26,7.86,5.1,5.09,5.09,5.11,3.51,3.51,3.51,3.51
fragment_00444,3,32.51,32.46,32.33,33.74,26.66,26.58,26.58,28.33,20.55,20.51,20.51,21.49,14.47,14.47,14.47,14.5,9.05,9.05,9.05,9.05,5.89,5.89,5.89,5.89,4.05,4.05,4.05,4.05
fragment_00445,2,32.37,32.38,32.37,32.38,24.82,24.82,24.82,24.82,17.59,17.59,17.59,17.59,12.66,12.66,12.66,12.66,8.77,8.77,8.77,8.77,5.87,5.87,5.87,5.87,4.03,4.03,4.03,4.03
fragment_00446,7,31.49,31.48,31.33,35.74,25.02,24.97,24.92,32.01,18.38,18.21,18.21,24.91,14.5,14.2,14.2,17.51,10.5,10.21,10.21,11.71,7.54,7.49,7.49,7.68,5.27,5.27,5.27,5.28
fragment_00447,7,32.04,31.62,28.86,32.72,25.71,25.01,19.36,26.98,19.62,18.95,13.12,20.86,14.72,14.2,10.39,15.68,10.7,10.39,8.18,11.28,7.63,7.59,6.5,7.72,5.3,5.3,5.06,5.3
fragment_00448,4,31.95,31.47,31.41,33.16,25.72,24.8,24.75,28.05,17.76,17.01,17.01,19.67,11.75,11.63,11.63,12.04,7.3,7.29,7.29,7.3,4.75,4.75,4.75,4.75,3.26,3.26,3.26,3.26
fragment_00449,11,36.47,36.98,32.33,37.45,31.59,31.53,27.05,33.64,22.08,21.78,20.25,23.46,13.31,13.3,13.29,13.37,8.09,8.09,8.09,8.1,5.26,5.26,5.26,5.27,3.62,3.62,3.62,3.62
fragment_00450,9,31.51,31.41,29.85,32.98,22.8,22.27,21.07,26.2,15.36,14.95,14.15,17.93,10.03,10.03,9.43,10.21,6.17,6.17,6.13,6.19,4.02,4.02,4.01,4.03,2.76,2.76,2.75,2.77
fragment_00451,1,28.75,28.75,28.75,28.75,20.72,20.72,20.72,20.72,14.82,14.82,14.82,14.82,10.92,10.92,10.92,10.92,8.52,8.52,8.52,8.52,6.28,6.28,6.28,6.28,4.43,4.43,4.43,4.43
fragment_00452,3,31.26,31.24,31.24,32.29,29.12,29.16,27.59,29.16,21.69,21.75,19.17,21.75,15.05,15.08,14.18,15.08,10.48,10.49,10.37,10.49,7.02,7.02,7.02,7.03,4.82,4.82,4.82,4.83
fragment_00453,3,30.03,30.02,30.02,32.14,27.5,27.49,27.49,27.53,19.99,20.0,18.86,20.0,13.76,13.76,13.58,13.76,9.72,9.72,9.62,9.72,6.73,6.73,6.73,6.74,4.68,4.68,4.68,4.68
fragment_00454,2,29.62,29.62,29.62,29.62,22.02,22.02,22.02,22.02,15.05,15.05,15.05,15.05,10.25,10.25,10.25,10.25,7.1,7.1,7.1,7.1,5.12,5.12,5.12,5.12,3.57,3.57,3.57,3.57
fragment_00455,1,28.77,28.77,28.77,28.77,20.74,20.74,20.74,20.74,14.71,14.71,14.71,14.71,10.6,10.6,10.6,10.6,8.08,8.08,8.08,8.08,6.04,6.04,6.04,6.04,4.56,4.56,4.56,4.56
fragment_00456,4,31.48,31.48,31.45,31.77,25.05,25.05,25.05,25.7,18.42,18.41,18.41,19.16,14.4,14.36,14.36,15.56,10.5,10.46,10.46,11.62,7.85,7.84,7.84,8.12,5.58,5.57,5.57,5.58
fragment_00457,16,30.72,31.2,28.93,33.98,22.85,23.89,19.29,27.63,15.77,16.81,12.31,20.03,10.7,11.23,8.87,11.73,7.0,7.1,6.44,7.11,4.62,4.62,4.57,4.63,3.17,3.17,3.17,3.18
fragment_00458,15,28.77,28.76,28.49,30.05,21.17,20.7,20.7,24.83,14.21,13.32,13.3,17.54,10.1,9.38,9.38,11.67,7.05,6.76,6.76,7.47,4.83,4.79,4.79,4.87,3.33,3.33,3.33,3.34
fragment_00459,12,28.88,28.69,28.68,30.58,20.48,20.21,20.2,22.84,12.88,12.62,12.61,14.61,8.94,8.62,8.62,10.43,6.78,6.56,6.56,7.67,5.15,5.11,5.11,5.32,3.65,3.65,3.65,3.66
fragment_00460,7,36.7,37.82,35.32,37.82,33.87,35.36,32.15,35.36,23.68,24.6,22.55,24.6,13.85,13.88,13.8,13.88,8.4,8.41,8.4,8.41,5.47,5.47,5.47,5.47,3.76,3.76,3.75,3.76
fragment_00461,11,34.06,34.35,31.76,36.03,29.14,29.75,24.94,32.3,20.29,20.75,17.01,23.02,13.58,13.8,12.25,14.3,8.67,8.68,8.58,8.69,5.65,5.65,5.65,5.66,3.88,3.88,3.88,3.89
fragment_00462,1,31.87,31.87,31.87,31.87,25.38,25.38,25.38,25.38,18.04,18.04,18.04,18.04,12.24,12.24,12.24,12.24,8.31,8.31,8.31,8.31,5.93,5.93,5.93,5.93,4.14,4.14,4.14,4.14
fragment_00463,2,31.88,31.88,31.87,31.88,25.39,25.39,25.38,25.39,18.81,18.81,18.81,18.81,12.79,12.79,12.79,12.79,8.65,8.65,8.65,8.65,6.15,6.15,6.15,6.15,4.29,4.29,4.29,4.29
fragment_00464,2,30.2,30.19,30.19,30.21,23.4,23.4,23.4,23.41,17.39,17.39,17.39,17.4,13.24,13.24,13.24,13.24,8.78,8.78,8.78,8.78,5.71,5.71,5.71,5.71,3.93,3.93,3.93,3.93
fragment_00465,1,30.72,30.72,30.72,30.72,23.46,23.46,23.46,23.46,14.9,14.9,14.9,14.9,8.37,8.37,8.37,8.37,5.07,5.07,5.07,5.07,3.3,3.3,3.3,3.3,2.27,2.27,2.27,2.27
fragment_00466,3,26.29,26.28,26.14,26.29,19.59,19.59,19.54,19.59,13.37,13.37,13.34,13.37,9.22,9.22,9.21,9.22,6.45,6.45,6.44,6.45,4.36,4.36,4.36,4.36,3.0,3.0,3.0,3.0
fragment_00467,3,28.83,28.81,28.81,29.11,22.22,22.21,22.21,22.41,16.12,16.12,16.12,16.17,11.72,11.72,11.72,11.76,8.71,8.71,8.71,8.73,6.5,6.5,6.5,6.5,4.64,4.64,4.64,4.64
fragment_00468,3,31.41,31.4,31.25,35.14,24.99,24.96,24.92,31.82,18.3,18.28,18.28,23.68,14.31,14.3,14.3,15.94,10.23,10.23,10.23,10.61,6.9,6.9,6.9,6.91,4.74,4.74,4.74,4.74
fragment_00469,1,31.27,31.27,31.27,31.27,23.94,23.94,23.94,23.94,14.22,14.22,14.22,14.22,7.79,7.79,7.79,7.79,4.72,4.72,4.72,4.72,3.07,3.07,3.07,3.07,2.11,2.11,2.11,2.11
fragment_00470,6,29.82,29.81,29.81,29.83,22.19,22.19,22.19,22.2,15.33,15.32,15.32,15.33,11.04,11.14,10.82,11.14,8.52,8.68,8.16,8.68,7.04,7.24,6.58,7.24,5.34,5.46,5.05,5.46
fragment_00471,4,30.97,30.83,30.47,33.7,23.42,23.13,22.93,28.24,16.71,16.51,16.47,20.0,11.94,11.91,11.87,12.54,7.6,7.59,7.59,7.6,4.94,4.94,4.94,4.95,3.4,3.4,3.39,3.4
fragment_00472,20,30.16,30.65,29.06,30.94,26.61,27.42,24.61,29.12,17.8,18.29,15.79,21.19,11.93,12.04,10.65,13.98,8.33,8.44,7.47,8.86,5.72,5.76,5.46,5.77,3.96,3.96,3.96,3.97
fragment_00473,9,34.08,34.38,31.75,35.94,29.14,29.77,24.94,32.22,20.3,20.77,17.01,22.96,13.58,13.81,12.25,14.29,8.67,8.68,8.59,8.69,5.65,5.65,5.65,5.66,3.88,3.88,3.88,3.89
fragment_00474,2,28.67,28.67,28.67,28.67,21.63,21.63,21.63,21.63,15.91,15.91,15.91,15.91,11.43,11.43,11.43,11.43,8.31,8.31,8.31,8.31,5.63,5.63,5.63,5.63,3.87,3.87,3.87,3.87
fragment_00475,2,29.72,29.72,29.72,29.72,22.12,22.12,22.12,22.12,15.43,15.43,15.43,15.43,11.4,11.4,11.4,11.4,8.31,8.31,8.31,8.31,5.65,5.65,5.64,5.65,3.88,3.88,3.88,3.88
fragment_00476,2,29.59,29.58,29.58,29.59,21.97,21.97,21.97,21.97,15.0,15.0,15.0,15.0,10.42,10.42,10.42,10.42,6.94,6.94,6.94,6.94,4.61,4.61,4.61,4.61,3.17,3.17,3.17,3.17
fragment_00477,8,31.45,31.41,30.77,33.19,22.6,22.28,22.08,25.3,15.08,14.95,14.36,17.47,9.9,10.03,9.56,10.2,6.17,6.17,6.15,6.18,4.01,4.02,4.01,4.02,2.76,2.76,2.75,2.76
fragment_00478,3,31.17,31.14,31.14,32.29,29.03,29.05,27.58,29.06,21.63,21.67,19.47,21.68,15.1,15.1,14.93,15.1,10.85,10.84,10.84,11.48,7.72,7.72,7.72,7.85,5.39,5.39,5.39,5.39
fragment_00479,2,30.68,30.68,30.68,30.68,23.62,23.62,23.61,23.62,16.63,16.63,16.63,16.63,11.29,11.29,11.29,11.29,7.09,7.09,7.09,7.09,4.62,4.62,4.62,4.62,3.17,3.17,3.17,3.17
fragment_00480,1,28.69,28.69,28.69,28.69,19.93,19.93,19.93,19.93,11.35,11.35,11.35,11.35,6.22,6.22,6.22,6.22,3.77,3.77,3.77,3.77,2.45,2.45,2.45,2.45,1.68,1.68,1.68,1.68
fragment_00481,1,27.88,27.88,27.88,27.88,21.53,21.53,21.53,21.53,14.13,14.13,14.13,14.13,8.3,8.3,8.3,8.3,5.03,5.03,5.03,5.03,3.27,3.27,3.27,3.27,2.25,2.25,2.25,2.25
fragment_00482,2,30.08,30.08,30.07,30.08,22.39,22.39,22.38,22.39,15.99,15.99,15.99,15.99,11.02,11.02,11.02,11.02,7.52,7.52,7.52,7.52,5.28,5.28,5.28,5.28,3.64,3.64,3.64,3.64
fragment_00483,6,27.19,26.63,25.97,28.74,20.61,19.79,19.79,23.4,16.13,15.86,15.51,18.73,12.45,12.33,11.84,14.16,9.39,9.21,9.08,10.31,6.87,6.86,6.79,7.03,4.83,4.83,4.83,4.83
fragment_00484,1,31.0,31.0,31.0,31.0,23.78,23.78,23.78,23.78,15.96,15.96,15.96,15.96,10.32,10.32,10.32,10.32,6.26,6.26,6.26,6.26,4.07,4.07,4.07,4.07,2.8,2.8,2.8,2.8
fragment_00485,2,31.93,31.93,31.93,31.94,25.44,25.43,25.43,25.44,18.87,18.87,18.87,18.87,13.12,13.11,13.11,13.12,8.47,8.47,8.47,8.47,5.51,5.51,5.51,5.51,3.79,3.79,3.79,3.79
fragment_00486,3,30.83,30.87,30.49,30.87,23.13,23.15,22.93,23.22,16.51,16.52,16.47,16.69,11.91,11.91,11.87,11.98,7.59,7.59,7.59,7.59,4.94,4.94,4.94,4.94,3.4,3.4,3.39,3.4
fragment_00487,6,27.13,26.63,25.97,28.76,20.56,19.78,19.78,23.36,16.1,15.84,15.49,18.7,12.43,12.32,11.82,14.13,9.39,9.21,9.07,10.3,6.87,6.86,6.78,7.03,4.83,4.83,4.82,4.83
fragment_00488,2,31.91,31.91,31.91,31.91,25.4,25.4,25.4,25.4,19.02,19.02,19.02,19.02,13.62,13.63,13.62,13.63,9.36,9.36,9.36,9.36,6.24,6.24,6.24,6.24,4.29,4.29,4.29,4.29
fragment_00489,4,31.44,31.33,31.33,32.46,24.9,24.63,24.63,27.18,17.0,16.68,16.68,19.84,11.98,11.77,11.77,14.15,8.87,8.75,8.75,10.23,6.66,6.62,6.62,7.2,4.92,4.92,4.92,4.95
fragment_00490,7,29.71,29.4,29.4,31.04,24.26,23.69,23.69,26.89,17.33,16.83,16.73,19.72,12.37,12.09,12.05,13.71,9.0,8.8,8.76,9.96,6.88,6.75,6.71,7.54,5.4,5.33,5.31,5.74
fragment_00491,10,31.46,31.46,31.29,36.41,25.06,24.98,24.97,31.88,18.67,18.3,18.3,24.7,14.81,14.27,14.27,17.47,10.83,10.3,10.3,11.92,7.72,7.59,7.59,7.86,5.4,5.39,5.39,5.4
fragment_00492,14,32.4,32.44,29.23,32.78,30.13,30.19,25.43,30.19,22.7,22.74,19.34,22.87,14.75,14.76,13.76,14.88,9.08,9.08,9.07,9.1,5.91,5.91,5.9,5.92,4.06,4.06,4.06,4.07
fragment_00493,1,29.73,29.73,29.73,29.73,23.87,23.87,23.87,23.87,18.49,18.49,18.49,18.49,12.51,12.51,12.51,12.51,7.7,7.7,7.7,7.7,5.01,5.01,5.01,5.01,3.44,3.44,3.44,3.44
fragment_00494,4,31.69,31.93,30.13,31.93,25.81,25.98,24.69,25.99,18.95,19.08,18.04,19.09,12.13,12.16,11.95,12.16,7.38,7.38,7.38,7.38,4.8,4.8,4.8,4.8,3.3,3.3,3.3,3.3
fragment_00495,3,26.29,26.29,26.14,26.3,19.58,19.58,19.55,19.59,13.37,13.37,13.34,13.37,9.16,9.16,9.15,9.16,6.28,6.28,6.28,6.28,4.16,4.16,4.16,4.16,2.86,2.86,2.86,2.86
fragment_00496,8,30.86,30.93,28.97,33.21,22.6,23.14,19.56,25.88,15.25,15.71,12.94,17.94,10.37,10.55,9.55,11.16,6.75,6.77,6.67,6.78,4.41,4.4,4.4,4.42,3.03,3.03,3.02,3.03
fragment_00497,9,31.42,31.47,31.3,36.06,25.01,24.95,24.91,31.89,18.28,18.2,18.2,24.16,14.29,14.17,14.17,16.66,10.33,10.14,10.14,11.14,7.28,7.26,7.23,7.32,5.02,5.02,5.02,5.03
fragment_00498,1,29.13,29.13,29.13,29.13,21.8,21.8,21.8,21.8,15.31,15.31,15.31,15.31,10.85,10.85,10.85,10.85,8.28,8.28,8.28,8.28,6.14,6.14,6.14,6.14,4.37,4.37,4.37,4.37
fragment_00499,8,29.74,29.75,29.73,29.75,22.14,22.14,22.13,22.14,15.57,15.58,15.57,15.58,12.2,12.13,12.13,12.28,9.92,9.87,9.87,10.0,7.58,7.55,7.55,7.63,5.61,5.6,5.6,5.62
fragment_00500,2,31.19,31.25,30.8,31.25,23.73,23.77,23.5,23.77,14.61,14.61,14.61,14.62,8.23,8.23,8.23,8.23,4.99,4.99,4.99,4.99,3.24,3.24,3.24,3.24,2.23,2.23,2.23,2.23
fragment_00501,5,32.28,32.76,31.62,33.42,26.08,27.05,24.84,27.71,16.94,17.9,15.74,18.21,10.14,10.4,9.82,10.41,6.3,6.3,6.29,6.31,4.1,4.1,4.1,4.11,2.82,2.82,2.81,2.82
fragment_00502,7,36.7,37.83,35.32,37.83,33.86,35.33,32.13,35.33,23.68,24.59,22.55,24.59,13.85,13.88,13.8,13.88,8.4,8.41,8.4,8.41,5.47,5.47,5.46,5.47,3.76,3.76,3.75,3.76
fragment_00503,2,29.17,29.17,29.17,29.17,26.36,26.37,26.36,26.37,19.08,19.08,19.07,19.08,13.26,13.26,13.26,13.26,9.64,9.64,9.64,9.64,6.75,6.75,6.75,6.75,4.68,4.68,4.68,4.68
fragment_00504,4,29.74,29.74,29.73,29.76,22.13,22.13,22.13,22.14,15.56,15.49,15.49,15.63,11.64,11.5,11.5,11.81,8.12,7.97,7.97,8.3,5.47,5.47,5.47,5.47,3.76,3.76,3.76,3.76
fragment_00505,13,29.94,29.61,29.03,31.12,24.49,23.74,23.72,27.09,17.66,16.98,16.98,19.62,12.35,12.0,12.0,13.52,8.19,8.03,8.03,8.41,5.46,5.46,5.46,5.47,3.75,3.75,3.75,3.76
fragment_00506,3,33.62,33.69,32.57,33.69,29.46,29.51,28.75,29.51,23.44,23.46,23.19,23.46,17.32,17.32,17.26,17.32,11.44,11.43,11.43,11.44,7.45,7.45,7.45,7.45,5.12,5.12,5.12,5.12
fragment_00507,1,29.06,29.06,29.06,29.06,20.75,20.75,20.75,20.75,14.53,14.53,14.53,14.53,10.66,10.66,10.66,10.66,7.54,7.54,7.54,7.54,5.12,5.12,5.12,5.12,3.52,3.52,3.52,3.52
fragment_00508,2,29.77,29.78,29.77,29.78,22.16,22.17,22.16,22.17,15.4,15.4,15.4,15.4,11.11,11.12,11.11,11.12,8.03,8.03,8.03,8.03,5.91,5.91,5.91,5.91,4.13,4.13,4.13,4.13
fragment_00509,1,28.93,28.93,28.93,28.93,21.56,21.56,21.56,21.56,14.96,14.96,14.96,14.96,9.78,9.78,9.78,9.78,6.74,6.74,6.74,6.74,4.58,4.58,4.58,4.58,3.15,3.15,3.15,3.15
fragment_00510,2,29.73,29.73,29.73,29.73,22.13,22.13,22.13,22.13,15.46,15.46,15.46,15.46,11.36,11.36,11.36,11.36,8.22,8.22,8.22,8.22,5.7,5.7,5.7,5.7,3.92,3.92,3.92,3.92
fragment_00511,14,30.11,31.26,28.73,31.26,24.93,27.09,23.55,27.09,18.09,20.05,16.88,20.05,13.02,14.11,12.34,14.2,9.57,10.27,9.12,10.55,7.27,7.61,7.05,7.84,5.51,5.64,5.42,5.69
fragment_00512,1,29.14,29.14,29.14,29.14,25.78,25.78,25.78,25.78,20.09,20.09,20.09,20.09,13.63,13.63,13.63,13.63,9.95,9.95,9.95,9.95,7.2,7.2,7.2,7.2,5.08,5.08,5.08,5.08
fragment_00513,3,29.84,29.84,29.83,29.95,23.67,23.67,23.66,23.74,17.22,17.22,17.21,17.23,12.67,12.68,12.67,12.68,8.78,8.78,8.78,8.78,5.92,5.92,5.92,5.92,4.07,4.07,4.07,4.07
fragment_00514,4,31.87,31.33,31.33,32.44,26.12,24.94,24.94,27.22,18.54,17.53,17.53,19.49,11.47,11.45,11.45,11.5,6.96,6.97,6.96,6.97,4.53,4.53,4.53,4.54,3.11,3.12,3.11,3.12
fragment_00515,3,31.21,30.92,30.41,33.46,23.69,23.07,22.78,27.88,16.46,16.07,15.99,19.05,11.2,11.16,11.13,11.5,6.96,6.96,6.96,6.97,4.53,4.53,4.53,4.53,3.11,3.11,3.11,3.11
fragment_00516,2,32.39,32.4,32.38,32.4,24.8,24.8,24.8,24.8,17.83,17.83,17.83,17.83,13.0,13.0,13.0,13.0,9.08,9.08,9.08,9.08,6.16,6.16,6.16,6.16,4.23,4.23,4.23,4.24
fragment_00517,8,33.68,33.66,33.49,35.53,28.77,28.68,28.16,32.5,19.31,19.23,19.23,22.26,13.06,13.05,13.05,13.24,8.01,8.01,8.0,8.02,5.21,5.21,5.2,5.22,3.58,3.58,3.58,3.59
fragment_00518,6,31.5,31.45,31.36,35.59,25.15,25.07,25.07,31.5,18.62,18.46,18.46,23.74,14.63,14.4,14.4,16.92,10.76,10.55,10.55,12.03,8.07,8.0,8.0,8.44,5.81,5.8,5.8,5.83
fragment_00519,5,31.78,31.47,30.28,33.96,24.69,24.48,22.13,28.07,18.61,18.67,15.96,22.13,13.8,14.43,11.76,15.59,9.79,10.24,8.67,10.56,6.83,6.94,6.6,6.94,4.76,4.76,4.75,4.77
fragment_00520,4,34.5,34.07,32.44,35.26,28.7,27.64,26.55,30.17,19.01,18.17,18.16,19.96,11.17,11.14,11.14,11.19,6.78,6.77,6.77,6.78,4.41,4.41,4.41,4.41,3.03,3.03,3.03,3.03
fragment_00521,9,30.81,31.22,28.93,32.49,22.74,23.69,19.3,25.46,15.18,16.14,12.21,17.69,9.81,10.25,8.45,10.42,6.25,6.3,5.91,6.31,4.1,4.1,4.1,4.11,2.82,2.82,2.82,2.82
fragment_00522,9,31.78,31.77,31.77,32.79,25.13,25.12,25.09,28.5,17.98,18.05,17.54,20.85,13.29,13.41,12.64,13.83,8.76,8.82,8.47,8.82,5.74,5.74,5.74,5.74,3.94,3.94,3.94,3.95
fragment_00523,1,29.09,29.09,29.09,29.09,20.88,20.88,20.88,20.88,14.81,14.81,14.81,14.81,11.43,11.43,11.43,11.43,8.83,8.83,8.83,8.83,6.32,6.32,6.32,6.32,4.4,4.4,4.4,4.4
fragment_00524,1,28.97,28.97,28.97,28.97,20.77,20.77,20.77,20.77,14.71,14.71,14.71,14.71,10.88,10.88,10.88,10.88,7.54,7.54,7.54,7.54,4.99,4.99,4.99,4.99,3.43,3.43,3.43,3.43
fragment_00525,6,31.83,31.31,31.31,32.88,25.72,24.62,24.62,27.99,18.0,16.67,16.67,20.88,12.64,11.77,11.77,14.51,9.2,8.75,8.75,10.15,6.67,6.56,6.56,6.89,4.73,4.73,4.73,4.74
fragment_00526,5,31.71,31.33,31.33,32.88,25.46,24.63,24.63,27.98,17.7,16.68,16.68,20.86,12.44,11.77,11.77,14.55,9.12,8.75,8.75,10.43,6.75,6.62,6.62,7.21,4.92,4.92,4.92,4.95
fragment_00527,20,37.85,37.67,36.26,39.64,35.71,35.47,32.75,37.98,26.3,26.16,24.26,27.78,15.99,15.98,15.97,16.06,9.72,9.72,9.72,9.73,6.33,6.33,6.32,6.33,4.35,4.35,4.34,4.35
fragment_00528,9,35.51,36.26,31.82,36.26,29.98,30.66,24.92,30.66,19.6,19.99,16.12,19.99,11.17,11.2,10.54,11.2,6.78,6.78,6.78,6.79,4.41,4.42,4.41,4.42,3.03,3.03,3.03,3.04
fragment_00529,2,29.76,29.77,29.76,29.77,22.16,22.17,22.16,22.17,15.43,15.43,15.42,15.43,11.21,11.21,11.21,11.21,8.31,8.31,8.31,8.31,6.41,6.41,6.41,6.41,4.72,4.72,4.72,4.72
fragment_00530,2,30.13,30.13,30.12,30.13,24.34,24.34,24.34,24.34,18.17,18.17,18.17,18.17,12.99,12.99,12.99,12.99,9.27,9.27,9.27,9.27,6.27,6.27,6.27,6.27,4.31,4.31,4.31,4.31
fragment_00531,2,30.65,30.64,30.64,30.65,24.15,24.14,24.14,24.16,17.81,17.81,17.81,17.81,13.44,13.43,13.43,13.44,9.1,9.1,9.1,9.1,5.96,5.96,5.96,5.96,4.09,4.09,4.09,4.09
fragment_00532,10,27.44,26.68,26.08,30.72,21.72,21.21,20.6,25.35,17.35,17.32,16.32,20.42,13.74,13.62,12.87,15.82,10.84,10.67,10.35,11.94,7.99,7.97,7.86,8.15,5.59,5.6,5.59,5.6
fragment_00533,21,30.12,30.81,28.87,32.28,21.69,24.04,19.25,25.68,14.44,17.16,12.2,18.76,9.87,11.39,8.6,11.6,6.74,7.03,6.26,7.04,4.56,4.57,4.51,4.58,3.14,3.14,3.14,3.15
fragment_00534,3,32.19,33.05,31.09,33.05,26.22,27.66,24.37,27.66,18.02,19.19,16.52,19.19,11.29,11.37,11.19,11.37,6.89,6.89,6.89,6.89,4.48,4.48,4.48,4.49,3.08,3.08,3.08,3.08
fragment_00535,17,37.13,37.93,32.47,37.93,33.78,35.26,28.9,35.58,27.3,28.71,23.4,29.21,20.01,20.51,17.39,20.88,12.77,12.78,11.59,12.79,8.32,8.32,8.12,8.32,5.71,5.71,5.71,5.72
fragment_00536,3,31.1,30.86,30.39,33.17,23.5,23.0,22.73,27.22,16.28,15.97,15.91,18.54,10.88,10.85,10.83,11.15,6.75,6.75,6.75,6.75,4.39,4.39,4.39,4.39,3.02,3.02,3.02,3.02
fragment_00537,2,29.81,29.82,29.8,29.82,22.22,22.22,22.22,22.22,15.4,15.4,15.39,15.4,11.14,11.14,11.13,11.14,7.98,7.98,7.98,7.98,5.68,5.68,5.68,5.68,3.94,3.94,3.94,3.94
fragment_00538,7,30.19,30.08,29.39,30.29,24.57,24.48,24.16,24.67,17.47,17.44,17.44,17.53,11.65,11.64,11.64,11.67,7.23,7.23,7.23,7.23,4.71,4.71,4.71,4.71,3.23,3.23,3.23,3.23
fragment_00539,2,31.27,31.28,31.26,31.28,23.96,23.97,23.96,23.97,17.86,17.87,17.86,17.87,13.57,13.58,13.57,13.58,9.46,9.46,9.46,9.46,6.33,6.33,6.33,6.33,4.35,4.35,4.35,4.35
fragment_00540,2,30.57,30.58,30.56,30.58,23.58,23.58,23.58,23.58,16.51,16.51,16.51,16.51,11.17,11.17,11.17,11.17,6.87,6.87,6.87,6.87,4.47,4.47,4.47,4.47,3.07,3.07,3.07,3.07
fragment_00541,1,29.99,29.99,29.99,29.99,23.97,23.97,23.97,23.97,18.31,18.31,18.31,18.31,12.88,12.88,12.88,12.88,9.52,9.52,9.52,9.52,6.95,6.95,6.95,6.95,4.94,4.94,4.94,4.94
fragment_00542,11,27.57,26.68,26.09,30.75,21.76,21.2,20.61,25.37,17.36,17.31,16.32,20.44,13.76,13.61,12.87,15.85,10.87,10.68,10.35,11.93,8.0,7.98,7.86,8.15,5.59,5.59,5.59,5.6
fragment_00543,3,28.81,28.58,28.58,30.6,20.44,20.12,20.12,22.83,13.04,12.83,12.83,14.57,9.26,9.12,9.12,10.35,7.05,6.96,6.96,7.77,5.62,5.56,5.56,6.04,4.48,4.45,4.45,4.71
fragment_00544,6,32.83,34.12,31.45,34.12,27.15,29.31,24.81,29.31,19.5,21.57,17.23,21.57,13.86,14.97,12.61,14.97,9.92,10.53,9.24,10.53,7.09,7.25,6.91,7.25,4.98,4.98,4.98,4.99
fragment_00545,1,31.27,31.27,31.27,31.27,23.93,23.93,23.93,23.93,14.22,14.22,14.22,14.22,7.79,7.79,7.79,7.79,4.72,4.72,4.72,4.72,3.07,3.07,3.07,3.07,2.11,2.11,2.11,2.11
fragment_00546,3,33.39,33.71,31.68,33.71,26.98,27.24,24.77,27.24,16.37,16.44,15.48,16.45,9.01,9.01,9.01,9.01,5.46,5.46,5.46,5.46,3.55,3.55,3.55,3.55,2.44,2.44,2.44,2.44
fragment_00547,2,29.22,29.23,29.22,29.23,26.44,26.45,26.43,26.45,19.14,19.14,19.13,19.14,13.42,13.42,13.41,13.42,9.91,9.92,9.91,9.92,7.0,7.0,7.0,7.0,4.83,4.83,4.83,4.83
fragment_00548,2,30.29,30.3,30.28,30.3,24.12,24.12,24.11,24.12,18.08,18.07,18.07,18.08,12.63,12.63,12.63,12.63,8.48,8.48,8.48,8.48,5.63,5.62,5.62,5.63,3.86,3.86,3.86,3.87
fragment_00549,10,35.28,36.31,31.82,36.31,29.73,30.68,24.93,30.68,19.52,20.0,16.12,20.0,11.17,11.2,10.54,11.21,6.78,6.78,6.77,6.79,4.41,4.42,4.41,4.42,3.03,3.03,3.03,3.04
fragment_00550,1,29.34,29.34,29.34,29.34,26.57,26.57,26.57,26.57,19.21,19.21,19.21,19.21,13.25,13.25,13.25,13.25,9.44,9.44,9.44,9.44,6.65,6.65,6.65,6.65,4.86,4.86,4.86,4.86
fragment_00551,3,32.53,31.35,31.35,33.44,25.87,24.0,24.0,27.19,17.44,16.26,16.26,18.22,10.38,10.35,10.35,10.41,6.3,6.3,6.3,6.31,4.1,4.1,4.1,4.1,2.82,2.82,2.82,2.82
fragment_00552,2,31.82,31.82,31.81,31.82,25.36,25.36,25.35,25.36,18.88,18.88,18.88,18.88,13.16,13.16,13.15,13.16,8.81,8.81,8.81,8.81,5.83,5.83,5.83,5.83,4.0,4.0,4.0,4.0
fragment_00553,3,31.11,31.27,30.91,31.27,24.89,25.85,23.72,25.85,17.52,18.5,16.27,18.5,11.59,11.88,11.2,11.88,7.2,7.2,7.19,7.2,4.68,4.68,4.68,4.68,3.22,3.22,3.22,3.22
fragment_00554,3,34.61,34.42,33.23,35.04,28.75,27.78,27.72,30.28,18.91,18.15,18.15,20.03,11.16,11.14,11.14,11.19,6.77,6.77,6.77,6.78,4.41,4.41,4.41,4.41,3.03,3.03,3.03,3.03
fragment_00555,9,32.05,31.14,30.91,34.53,24.38,23.58,22.56,27.52,17.32,17.01,15.73,19.34,11.05,11.11,10.39,11.19,6.77,6.76,6.73,6.78,4.41,4.4,4.4,4.41,3.03,3.02,3.02,3.03
fragment_00556,3,28.78,28.77,28.77,29.42,20.63,20.63,20.63,22.13,12.6,12.6,12.6,13.61,7.39,7.39,7.39,7.47,4.47,4.47,4.47,4.53,2.91,2.91,2.91,2.95,2.0,2.0,2.0,2.02
fragment_00557,3,29.82,29.82,29.41,29.83,22.2,22.2,21.96,22.2,15.4,15.4,15.29,15.4,11.39,11.39,11.33,11.39,8.59,8.59,8.55,8.59,6.58,6.59,6.56,6.59,5.22,5.22,5.2,5.22
fragment_00558,4,31.93,31.47,31.41,33.12,25.69,24.81,24.77,28.02,17.74,17.01,17.01,19.65,11.75,11.63,11.63,12.04,7.29,7.29,7.29,7.3,4.75,4.75,4.75,4.75,3.26,3.26,3.26,3.26
fragment_00559,2,29.68,29.69,29.68,29.69,22.09,22.09,22.09,22.09,15.75,15.75,15.74,15.75,11.89,11.89,11.89,11.89,8.72,8.72,8.72,8.73,6.02,6.01,6.01,6.02,4.13,4.13,4.13,4.13
fragment_00560,2,31.01,31.04,30.93,31.04,24.49,24.7,23.74,24.7,16.93,17.1,16.36,17.1,11.13,11.12,11.12,11.19,7.19,7.2,7.19,7.2,4.68,4.68,4.68,4.68,3.22,3.22,3.22,3.22
fragment_00561,2,29.61,29.61,29.61,29.61,22.02,22.03,22.02,22.03,15.05,15.05,15.05,15.05,10.21,10.21,10.21,10.21,6.75,6.75,6.75,6.75,4.46,4.46,4.46,4.46,3.07,3.07,3.07,3.07
fragment_00562,3,31.57,31.56,31.56,34.49,24.95,24.95,24.95,30.35,17.57,17.56,17.56,22.23,12.98,12.98,12.98,14.09,8.56,8.56,8.56,8.58,5.57,5.57,5.57,5.59,3.83,3.83,3.83,3.84
fragment_00563,2,29.72,29.72,29.72,29.73,22.13,22.13,22.12,22.13,15.37,15.37,15.37,15.37,11.08,11.09,11.08,11.09,7.85,7.85,7.85,7.85,5.62,5.62,5.62,5.62,3.93,3.93,3.93,3.93
fragment_00564,1,29.09,29.09,29.09,29.09,20.84,20.84,20.84,20.84,14.95,14.95,14.95,14.95,11.56,11.56,11.56,11.56,8.87,8.87,8.87,8.87,6.58,6.58,6.58,6.58,4.67,4.67,4.67,4.67
fragment_00565,3,30.64,30.72,30.12,30.73,23.05,23.19,22.21,23.2,16.14,16.25,15.48,16.25,9.68,9.69,9.64,9.69,5.87,5.87,5.87,5.88,3.82,3.82,3.82,3.83,2.63,2.63,2.63,2.63
fragment_00566,9,35.03,35.35,32.04,35.35,30.96,31.62,26.19,31.62,23.35,23.94,19.38,23.94,14.92,15.08,13.78,15.08,9.14,9.14,9.12,9.14,5.95,5.95,5.94,5.95,4.09,4.09,4.08,4.09
fragment_00567,1,28.9,28.9,28.9,28.9,21.54,21.54,21.54,21.54,14.94,14.94,14.94,14.94,9.41,9.41,9.41,9.41,5.77,5.77,5.77,5.77,3.76,3.76,3.76,3.76,2.58,2.58,2.58,2.58
fragment_00568,1,28.93,28.93,28.93,28.93,20.75,20.75,20.75,20.75,14.88,14.88,14.88,14.88,11.16,11.16,11.16,11.16,7.62,7.62,7.62,7.62,4.99,4.99,4.99,4.99,3.43,3.43,3.43,3.43
fragment_00569,2,31.63,31.16,31.16,32.18,25.57,24.65,24.65,26.65,17.69,17.0,17.0,18.5,10.54,10.54,10.54,10.54,6.39,6.39,6.39,6.39,4.16,4.16,4.16,4.16,2.86,2.86,2.86,2.86
fragment_00570,6,29.85,29.86,29.83,29.86,22.21,22.22,22.2,22.22,15.34,15.35,15.33,15.35,10.97,10.98,10.94,10.98,8.57,8.6,8.44,8.6,7.11,7.14,6.9,7.14,5.29,5.31,5.19,5.31
fragment_00571,6,32.28,32.78,31.62,33.28,26.09,27.07,24.85,27.57,16.95,17.91,15.74,18.16,10.15,10.41,9.82,10.41,6.3,6.3,6.29,6.31,4.1,4.1,4.1,4.11,2.82,2.82,2.81,2.82
fragment_00572,5,29.19,28.63,28.53,31.12,19.71,19.15,19.14,21.57,12.85,12.66,12.55,13.75,9.28,9.11,9.05,9.96,7.13,7.01,6.99,7.52,5.66,5.61,5.58,5.88,4.46,4.43,4.42,4.57
fragment_00573,4,32.84,32.85,32.28,32.85,26.29,26.29,25.69,26.3,19.59,19.58,19.58,20.04,15.17,15.16,15.16,15.46,10.87,10.87,10.87,10.94,7.26,7.26,7.26,7.26,4.99,4.99,4.99,4.99
fragment_00574,6,31.66,31.32,31.32,32.98,25.35,24.63,24.63,27.95,17.52,16.68,16.68,20.52,12.33,11.78,11.78,14.27,9.04,8.75,8.75,10.05,6.63,6.56,6.56,6.89,4.73,4.73,4.73,4.74
fragment_00575,2,29.22,29.22,29.22,29.23,26.42,26.41,26.41,26.43,19.13,19.12,19.12,19.14,13.41,13.4,13.4,13.42,9.88,9.87,9.87,9.89,7.04,7.04,7.04,7.05,4.95,4.95,4.95,4.95
fragment_00576,7,31.49,31.49,31.39,31.75,25.1,25.1,25.07,25.67,18.55,18.48,18.48,19.39,14.54,14.43,14.43,15.86,10.7,10.59,10.59,11.98,8.1,8.06,8.06,8.56,5.93,5.93,5.93,5.97
fragment_00577,17,32.24,32.67,29.76,33.36,27.84,28.73,25.61,28.73,21.4,22.28,18.98,22.28,14.03,14.32,12.62,14.32,8.66,8.67,8.5,8.68,5.64,5.65,5.63,5.65,3.88,3.88,3.87,3.88
fragment_00578,2,32.33,32.33,32.33,32.33,25.11,25.11,25.11,25.11,18.05,18.05,18.05,18.05,12.94,12.94,12.94,12.94,8.8,8.8,8.8,8.8,5.8,5.8,5.8,5.8,3.98,3.98,3.98,3.98
fragment_00579,6,29.35,28.79,28.4,29.96,20.53,19.26,19.02,21.6,13.17,11.79,11.73,14.2,8.4,7.82,7.79,8.82,5.36,5.31,5.3,5.4,3.51,3.51,3.51,3.51,2.41,2.41,2.41,2.41
fragment_00580,2,30.18,30.19,30.18,30.19,23.94,23.94,23.94,23.94,18.36,18.37,18.36,18.37,12.61,12.61,12.61,12.61,8.41,8.41,8.41,8.41,5.58,5.58,5.58,5.58,3.83,3.83,3.83,3.83
fragment_00581,2,35.17,35.19,34.14,35.19,27.56,27.57,26.99,27.57,19.51,19.52,19.36,19.52,13.0,13.0,12.98,13.0,8.13,8.13,8.13,8.13,5.29,5.29,5.29,5.29,3.63,3.63,3.63,3.63
fragment_00582,3,30.11,30.08,30.08,32.24,27.6,27.59,27.55,27.61,20.45,20.46,18.77,20.46,15.09,15.09,13.59,15.09,11.3,11.3,10.13,11.3,7.7,7.7,7.52,7.7,5.29,5.29,5.29,5.29
fragment_00583,2,29.86,29.86,29.86,29.86,22.24,22.24,22.23,22.24,15.42,15.42,15.42,15.42,11.35,11.35,11.35,11.35,8.41,8.41,8.41,8.41,6.04,6.04,6.04,6.04,4.22,4.22,4.22,4.22
fragment_00584,2,31.91,31.91,31.91,31.92,25.41,25.41,25.41,25.42,19.01,19.01,19.01,19.01,13.49,13.49,13.49,13.49,9.19,9.19,9.19,9.19,6.22,6.22,6.22,6.22,4.27,4.27,4.27,4.27
fragment_00585,3,31.94,31.94,31.94,31.94,25.41,25.41,25.41,25.43,18.06,18.06,18.05,18.06,12.26,12.27,12.26,12.27,8.25,8.25,8.25,8.25,5.87,5.87,5.87,5.87,4.27,4.27,4.27,4.27
fragment_00586,3,29.6,29.6,29.59,29.73,23.44,23.44,23.44,23.53,16.35,16.35,16.35,16.36,11.06,11.06,11.06,11.06,7.29,7.29,7.28,7.29,4.81,4.81,4.81,4.81,3.31,3.31,3.31,3.31
fragment_00587,8,31.66,31.34,31.32,32.84,26.55,25.9,25.9,28.49,20.39,19.93,19.93,21.89,13.95,13.75,13.75,14.27,8.78,8.78,8.75,8.79,5.71,5.71,5.7,5.72,3.93,3.92,3.91,3.93
fragment_00588,6,30.59,30.58,30.58,30.76,23.1,23.08,23.08,23.52,15.98,15.96,15.96,16.3,12.12,12.14,11.45,12.14,9.01,9.03,8.4,9.03,6.85,6.86,6.56,6.87,5.23,5.23,5.07,5.23
fragment_00589,6,32.8,33.07,32.45,33.13,26.62,27.24,25.98,27.29,20.65,21.58,19.53,21.62,13.55,13.78,12.99,13.78,8.38,8.38,8.36,8.39,5.46,5.45,5.45,5.46,3.75,3.75,3.75,3.75
fragment_00590,1,31.92,31.92,31.92,31.92,25.43,25.43,25.43,25.43,18.21,18.21,18.21,18.21,12.96,12.96,12.96,12.96,8.96,8.96,8.96,8.96,5.93,5.93,5.93,5.93,4.07,4.07,4.07,4.07
fragment_00591,2,25.15,25.14,25.14,25.66,16.77,16.77,16.77,17.24,10.02,10.02,10.02,10.02,5.49,5.49,5.49,5.49,3.32,3.32,3.32,3.32,2.16,2.16,2.16,2.16,1.49,1.49,1.49,1.49
fragment_00592,14,28.31,28.33,28.13,28.48,18.25,18.29,18.06,18.38,11.4,11.59,11.15,11.59,8.31,8.4,8.12,8.4,6.56,6.58,6.47,6.63,5.26,5.29,5.18,5.29,4.23,4.23,4.2,4.26
fragment_00593,6,26.89,26.68,26.68,30.1,21.14,21.02,21.02,25.79,17.09,17.12,16.19,21.21,13.3,13.31,12.58,15.7,10.01,9.97,9.8,11.05,7.3,7.29,7.22,7.48,5.13,5.13,5.13,5.14
fragment_00594,6,29.32,29.31,29.29,29.34,26.55,26.55,26.51,26.59,19.2,19.2,19.16,19.22,13.48,13.48,13.4,13.55,10.18,10.18,10.08,10.45,7.88,7.88,7.78,8.18,6.04,6.04,6.0,6.18
fragment_00595,7,28.82,28.71,28.58,30.54,20.39,20.23,20.14,22.8,13.01,12.9,12.83,14.57,9.25,9.18,9.11,10.36,7.05,7.0,6.96,7.78,5.66,5.64,5.57,6.1,4.62,4.64,4.48,4.89
fragment_00596,13,34.24,34.28,32.82,35.86,28.52,28.62,27.51,32.65,21.26,21.39,20.87,25.39,15.22,15.28,14.97,16.38,10.07,10.08,10.05,10.11,6.57,6.56,6.56,6.58,4.51,4.51,4.51,4.52
fragment_00597,2,31.22,31.26,31.16,31.26,24.86,25.39,24.03,25.39,17.63,18.26,16.66,18.26,12.1,12.26,11.86,12.26,7.79,7.79,7.79,7.79,5.07,5.07,5.07,5.07,3.48,3.48,3.48,3.48
fragment_00598,3,28.24,28.24,28.17,28.24,23.42,23.42,23.41,23.42,17.48,17.48,17.48,17.48,11.01,11.01,11.01,11.01,6.68,6.68,6.68,6.68,4.35,4.35,4.35,4.35,2.99,2.99,2.99,2.99
fragment_00599,4,29.7,29.7,29.7,29.71,22.1,22.1,22.09,22.1,15.68,15.68,15.67,15.68,11.92,11.92,11.92,11.92,9.11,9.11,9.11,9.11,6.65,6.65,6.65,6.65,4.63,4.63,4.63,4.63
fragment_00600,9,30.77,30.94,28.94,33.14,22.49,23.16,19.54,25.15,15.15,15.72,12.93,17.79,10.34,10.55,9.54,11.19,6.75,6.77,6.67,6.78,4.4,4.4,4.4,4.42,3.03,3.03,3.02,3.03
fragment_00601,2,31.24,31.24,31.24,31.24,23.97,23.97,23.97,23.97,17.85,17.85,17.85,17.85,13.46,13.46,13.46,13.46,9.28,9.28,9.28,9.28,6.52,6.52,6.52,6.52,4.59,4.59,4.59,4.59
fragment_00602,13,30.05,29.46,28.91,31.03,24.97,23.67,23.57,26.91,18.37,17.12,17.1,20.21,13.55,12.78,12.77,14.7,10.17,9.68,9.68,10.87,7.45,7.33,7.32,7.61,5.24,5.24,5.24,5.24
fragment_00603,3,30.45,30.49,30.18,30.49,24.17,24.22,23.89,24.22,18.63,18.66,18.44,18.66,13.5,13.5,13.47,13.5,10.27,10.28,10.26,10.28,7.59,7.59,7.58,7.59,5.4,5.4,5.4,5.41
fragment_00604,24,29.72,29.72,29.69,29.73,22.1,22.1,22.07,22.11,15.44,15.44,15.43,15.45,11.7,11.61,11.61,12.03,9.55,9.36,9.36,10.04,7.88,7.64,7.64,8.3,6.35,6.19,6.19,6.56
fragment_00605,42,32.86,32.93,29.82,34.22,29.22,30.56,25.87,31.02,23.06,24.54,19.4,24.93,15.76,16.47,14.05,16.51,9.97,9.98,9.82,10.01,6.5,6.5,6.49,6.51,4.46,4.46,4.46,4.47
fragment_00606,12,36.66,36.86,34.92,37.97,33.5,33.21,30.55,36.58,27.35,27.13,23.62,30.12,19.89,19.84,17.62,20.5,12.75,12.79,12.19,12.79,8.32,8.32,8.29,8.33,5.72,5.72,5.71,5.72
fragment_00607,4,29.78,29.77,29.77,29.78,22.16,22.16,22.16,22.16,15.46,15.46,15.46,15.46,11.43,11.43,11.42,11.43,8.69,8.7,8.68,8.7,6.86,6.86,6.86,6.86,5.09,5.09,5.09,5.09
fragment_00608,3,34.64,34.65,32.98,34.65,29.26,29.27,27.69,29.27,22.09,22.1,19.99,22.1,15.87,15.87,14.87,15.87,10.64,10.65,10.47,10.65,6.97,6.97,6.97,6.98,4.79,4.79,4.79,4.8
fragment_00609,2,28.73,28.74,28.71,28.74,24.37,24.37,24.36,24.37,18.12,18.12,18.12,18.13,12.81,12.81,12.81,12.82,10.12,10.11,10.11,10.12,7.52,7.52,7.52,7.52,5.19,5.19,5.19,5.19
fragment_00610,1,33.59,33.59,33.59,33.59,27.79,27.79,27.79,27.79,20.91,20.91,20.91,20.91,14.06,14.06,14.06,14.06,8.79,8.79,8.79,8.79,5.72,5.72,5.72,5.72,3.93,3.93,3.93,3.93
fragment_00611,3,28.0,28.0,28.0,28.1,23.36,23.36,23.36,23.45,17.53,17.53,17.53,17.57,12.43,12.43,12.43,12.45,8.7,8.7,8.7,8.7,5.8,5.8,5.8,5.8,3.98,3.98,3.98,3.98
fragment_00612,3,31.5,31.5,31.37,31.5,25.06,25.06,25.05,25.08,18.41,18.39,18.39,19.11,14.39,14.35,14.35,15.59,10.49,10.46,10.46,11.64,7.84,7.84,7.84,8.12,5.57,5.57,5.57,5.58
fragment_00613,2,28.08,28.08,28.08,28.17,22.96,22.96,22.96,23.09,16.22,16.22,16.22,16.22,11.47,11.47,11.47,11.47,8.63,8.63,8.63,8.63,6.27,6.27,6.27,6.27,4.4,4.4,4.4,4.4
fragment_00614,2,31.09,31.1,31.08,31.1,23.5,23.5,23.5,23.5,16.81,16.81,16.81,16.81,11.19,11.19,11.19,11.19,6.95,6.95,6.95,6.95,4.53,4.53,4.53,4.53,3.11,3.11,3.11,3.11
fragment_00615,1,28.57,28.57,28.57,28.57,20.43,20.43,20.43,20.43,14.22,14.22,14.22,14.22,10.17,10.17,10.17,10.17,6.66,6.66,6.66,6.66,4.34,4.34,4.34,4.34,2.98,2.98,2.98,2.98
fragment_00616,3,29.42,29.4,29.4,31.47,26.33,26.32,26.32,27.23,18.95,18.96,18.29,18.96,13.04,13.05,12.77,13.05,9.2,9.2,8.85,9.2,6.59,6.59,6.34,6.59,4.68,4.68,4.66,4.68
fragment_00617,1,28.27,28.27,28.27,28.27,20.06,20.06,20.06,20.06,13.46,13.46,13.46,13.46,8.48,8.48,8.48,8.48,5.16,5.16,5.16,5.16,3.36,3.36,3.36,3.36,2.31,2.31,2.31,2.31
fragment_00618,3,31.18,30.91,30.44,33.44,23.64,23.07,22.79,27.87,16.43,16.07,16.0,19.05,11.19,11.16,11.13,11.49,6.96,6.96,6.96,6.96,4.53,4.53,4.53,4.53,3.11,3.11,3.11,3.11
fragment_00619,2,28.78,28.78,28.78,28.78,22.0,22.0,22.0,22.01,15.95,15.95,15.95,15.96,11.59,11.59,11.59,11.59,8.32,8.32,8.32,8.32,6.01,6.01,6.01,6.01,4.47,4.47,4.47,4.47
fragment_00620,1,28.06,28.06,28.06,28.06,19.68,19.68,19.68,19.68,13.35,13.35,13.35,13.35,9.94,9.94,9.94,9.94,7.69,7.69,7.69,7.69,5.7,5.7,5.7,5.7,4.15,4.15,4.15,4.15
fragment_00621,19,35.86,36.89,31.73,36.89,31.38,32.83,25.04,33.47,22.71,23.94,17.12,24.74,15.34,15.9,12.56,16.39,10.11,10.26,8.9,10.27,6.66,6.68,6.39,6.69,4.59,4.59,4.59,4.59
fragment_00622,7,31.38,30.27,30.27,33.67,29.64,28.94,27.65,31.87,22.14,21.86,19.62,23.96,15.79,15.74,14.93,16.33,11.27,11.29,11.14,11.29,7.54,7.54,7.54,7.54,5.18,5.18,5.18,5.18
fragment_00623,2,32.27,32.25,32.25,32.42,26.93,26.92,26.92,27.04,20.27,20.27,20.27,20.31,13.35,13.35,13.34,13.35,8.13,8.13,8.13,8.13,5.29,5.29,5.29,5.29,3.64,3.64,3.63,3.64
fragment_00624,2,30.05,30.05,30.04,30.05,23.18,23.18,23.18,23.18,17.86,17.86,17.86,17.86,13.23,13.23,13.23,13.23,8.99,8.99,8.99,8.99,5.92,5.92,5.92,5.92,4.07,4.07,4.07,4.07
fragment_00625,2,31.99,31.99,31.98,31.99,25.74,25.74,25.74,25.74,19.5,19.5,19.5,19.51,13.85,13.85,13.85,13.85,9.94,9.94,9.94,9.94,7.34,7.34,7.34,7.34,5.19,5.19,5.19,5.19
fragment_00626,2,29.92,29.92,29.91,29.92,23.35,23.36,23.35,23.36,17.04,17.04,17.03,17.04,12.16,12.16,12.16,12.16,8.46,8.46,8.46,8.46,5.56,5.56,5.55,5.56,3.82,3.82,3.82,3.82
fragment_00627,6,30.58,30.58,30.56,30.79,23.09,23.08,23.07,23.53,15.97,15.97,15.96,16.31,12.12,12.15,11.45,12.15,9.02,9.04,8.4,9.04,6.9,6.91,6.56,6.91,5.37,5.37,5.09,5.38
fragment_00628,1,29.41,29.41,29.41,29.41,21.93,21.93,21.93,21.93,16.46,16.46,16.46,16.46,12.51,12.51,12.51,12.51,8.49,8.49,8.49,8.49,5.56,5.56,5.56,5.56,3.82,3.82,3.82,3.82
fragment_00629,2,33.74,33.73,33.73,35.08,27.66,27.65,27.65,30.88,19.63,19.62,19.62,22.43,13.61,13.61,13.61,14.1,8.56,8.56,8.56,8.58,5.57,5.57,5.57,5.58,3.83,3.83,3.83,3.84
fragment_00630,1,28.75,28.75,28.75,28.75,20.72,20.72,20.72,20.72,14.82,14.82,14.82,14.82,10.92,10.92,10.92,10.92,8.53,8.53,8.53,8.53,6.31,6.31,6.31,6.31,4.61,4.61,4.61,4.61
fragment_00631,2,32.76,32.76,32.76,32.8,27.42,27.46,27.28,27.46,20.34,20.37,20.19,20.37,13.02,13.02,13.0,13.02,7.94,7.94,7.94,7.94,5.17,5.17,5.17,5.17,3.55,3.55,3.55,3.55
fragment_00632,6,31.53,31.53,31.37,31.68,25.09,25.09,25.08,25.72,18.54,18.42,18.42,19.22,14.6,14.39,14.39,15.72,10.74,10.54,10.54,11.82,8.06,7.99,7.99,8.43,5.81,5.8,5.8,5.83
fragment_00633,5,31.32,31.17,30.75,33.36,25.06,24.94,24.03,28.86,17.82,17.89,16.42,20.99,12.1,12.27,11.5,12.45,7.53,7.54,7.5,7.54,4.91,4.91,4.91,4.91,3.37,3.37,3.37,3.37
fragment_00634,1,32.81,32.81,32.81,32.81,27.25,27.25,27.25,27.25,20.2,20.2,20.2,20.2,14.96,14.96,14.96,14.96,10.19,10.19,10.19,10.19,6.76,6.76,6.76,6.76,4.64,4.64,4.64,4.64
fragment_00635,23,29.8,29.36,29.12,30.98,24.58,23.58,23.55,27.38,17.72,16.63,16.52,21.22,12.63,11.83,11.8,15.0,9.48,8.94,8.92,10.82,7.43,7.1,7.09,8.06,5.81,5.66,5.62,6.17
fragment_00636,5,28.76,28.76,28.75,28.77,19.88,19.88,19.84,19.89,12.26,12.3,12.2,12.3,8.7,8.72,8.67,8.72,6.81,6.8,6.76,6.84,5.4,5.4,5.37,5.41,4.36,4.36,4.34,4.37
fragment_00637,9,27.89,29.37,25.85,32.89,21.92,22.94,20.72,27.93,17.52,17.67,16.92,22.75,13.33,13.09,12.88,16.21,10.01,9.81,9.81,11.24,7.31,7.26,7.24,7.51,5.14,5.15,5.14,5.16
fragment_00638,3,28.77,28.56,28.56,30.57,20.4,20.12,20.12,22.81,13.01,12.83,12.83,14.57,9.24,9.11,9.11,10.35,7.04,6.95,6.95,7.77,5.61,5.56,5.56,6.04,4.47,4.45,4.45,4.69
fragment_00639,2,28.66,28.66,28.66,28.67,21.68,21.68,21.68,21.68,16.04,16.04,16.03,16.04,12.21,12.21,12.21,12.21,9.41,9.41,9.41,9.41,6.86,6.86,6.86,6.86,4.86,4.86,4.86,4.86
fragment_00640,2,28.57,28.59,28.38,28.59,23.57,23.63,22.72,23.63,16.82,16.88,15.91,16.88,11.37,11.41,10.86,11.41,6.94,6.94,6.94,6.94,4.52,4.52,4.51,4.52,3.1,3.1,3.1,3.1
fragment_00641,3,30.45,30.49,30.17,30.5,24.2,24.25,23.9,24.25,18.64,18.67,18.44,18.67,13.22,13.23,13.19,13.23,9.84,9.84,9.83,9.84,7.0,7.0,7.0,7.0,4.85,4.85,4.85,4.85
fragment_00642,14,32.17,33.66,29.36,33.66,25.17,26.78,20.55,26.78,18.64,19.47,14.29,19.47,12.75,12.87,10.8,12.91,8.16,8.17,7.83,8.17,5.32,5.32,5.31,5.32,3.65,3.65,3.65,3.66
fragment_00643,6,29.93,29.92,29.47,30.44,24.42,24.41,24.14,24.69,17.45,17.45,17.44,17.49,11.87,11.87,11.86,11.97,7.43,7.43,7.43,7.43,4.84,4.83,4.83,4.84,3.32,3.32,3.32,3.32
fragment_00644,7,31.51,31.52,31.38,31.75,25.11,25.1,25.08,25.75,18.54,18.47,18.47,19.38,14.54,14.43,14.43,15.85,10.7,10.59,10.59,11.97,8.1,8.06,8.06,8.56,5.93,5.93,5.93,5.97
fragment_00645,4,28.8,28.79,27.87,28.92,24.05,24.04,23.41,24.14,17.92,17.92,17.78,17.92,12.89,12.89,12.79,12.9,9.79,9.79,9.75,9.8,7.18,7.18,7.17,7.19,5.06,5.06,5.06,5.06
fragment_00646,2,33.85,33.85,32.57,33.85,27.68,27.68,27.68,28.35,19.63,19.63,19.63,21.49,13.61,13.61,13.61,14.08,8.56,8.56,8.56,8.57,5.57,5.57,5.57,5.58,3.83,3.83,3.83,3.83
fragment_00647,2,37.16,37.45,36.65,37.45,34.86,35.07,34.48,35.07,24.62,24.64,24.59,24.64,14.05,14.06,14.04,14.06,8.51,8.52,8.51,8.52,5.54,5.54,5.54,5.54,3.81,3.81,3.8,3.81
fragment_00648,2,30.76,30.76,30.76,30.76,23.73,23.73,23.73,23.73,16.75,16.75,16.75,16.75,11.83,11.83,11.83,11.83,8.01,8.02,8.01,8.02,5.31,5.31,5.31,5.31,3.65,3.65,3.65,3.65
fragment_00649,2,29.12,29.11,29.11,29.13,20.87,20.86,20.86,20.87,14.77,14.77,14.77,14.78,10.88,10.87,10.87,10.88,7.55,7.55,7.55,7.55,5.18,5.18,5.18,5.18,3.56,3.56,3.56,3.56
fragment_00650,30,33.26,33.29,32.52,35.11,27.43,27.99,25.89,30.46,21.76,22.39,19.25,24.32,15.62,16.14,12.94,17.16,10.43,10.6,9.35,10.71,6.95,6.96,6.8,6.97,4.78,4.78,4.78,4.79
fragment_00651,19,31.71,31.67,31.55,32.7,25.61,25.5,24.96,28.28,19.69,19.71,18.08,21.42,15.71,15.84,14.08,16.13,11.23,11.39,10.46,11.54,7.79,7.84,7.57,7.84,5.39,5.39,5.38,5.39
fragment_00652,21,30.29,30.88,28.9,30.99,21.65,22.41,19.3,24.51,14.59,15.08,12.53,17.84,10.74,11.15,9.35,12.59,8.04,8.27,7.24,8.64,5.62,5.65,5.49,5.66,3.88,3.88,3.88,3.89
fragment_00653,2,29.7,29.7,29.7,29.7,22.11,22.11,22.11,22.11,16.14,16.14,16.14,16.14,12.98,12.98,12.98,12.98,10.02,10.02,10.02,10.02,7.04,7.04,7.04,7.04,4.84,4.84,4.84,4.84
fragment_00654,1,28.17,28.17,28.17,28.17,19.17,19.17,19.17,19.17,13.02,13.02,13.02,13.02,9.81,9.81,9.81,9.81,7.57,7.57,7.57,7.57,5.68,5.68,5.68,5.68,4.22,4.22,4.22,4.22
fragment_00655,2,31.38,31.38,31.38,31.39,25.62,25.62,25.62,25.62,18.12,18.12,18.12,18.12,12.79,12.79,12.79,12.79,9.34,9.34,9.34,9.34,6.92,6.92,6.92,6.92,4.94,4.94,4.94,4.94
fragment_00656,1,29.08,29.08,29.08,29.08,21.73,21.73,21.73,21.73,15.25,15.25,15.25,15.25,10.96,10.96,10.96,10.96,8.73,8.73,8.73,8.73,6.58,6.58,6.58,6.58,4.71,4.71,4.71,4.71
fragment_00657,2,29.88,29.87,29.87,29.88,23.68,23.67,23.67,23.68,16.53,16.53,16.53,16.53,11.58,11.58,11.58,11.59,8.59,8.59,8.59,8.59,6.26,6.26,6.26,6.26,4.36,4.36,4.36,4.36
fragment_00658,8,28.46,28.47,28.4,28.61,20.13,19.99,19.78,20.96,13.82,13.71,13.64,14.47,10.07,9.94,9.94,10.58,7.81,7.72,7.68,8.31,6.1,6.05,6.01,6.43,4.65,4.63,4.61,4.75
fragment_00659,2,29.85,29.86,29.85,29.86,22.24,22.24,22.24,22.24,15.43,15.43,15.43,15.43,11.2,11.2,11.2,11.2,8.08,8.08,8.08,8.08,5.82,5.82,5.82,5.82,4.04,4.04,4.04,4.04
fragment_00660,3,31.87,31.95,31.12,31.95,26.09,26.13,25.52,26.13,19.12,19.1,18.93,19.17,13.04,13.03,13.03,13.04,8.13,8.13,8.13,8.13,5.29,5.29,5.29,5.29,3.63,3.63,3.63,3.63
fragment_00661,7,33.91,33.04,32.9,35.39,29.31,27.8,27.68,31.81,19.72,18.65,18.59,21.55,12.44,12.38,12.36,12.56,7.6,7.6,7.59,7.62,4.95,4.94,4.94,4.96,3.4,3.4,3.39,3.41
fragment_00662,6,32.22,32.4,30.51,34.24,25.36,25.57,22.59,28.86,19.77,20.2,16.41,23.26,14.99,15.9,12.42,16.6,10.7,11.29,9.47,11.32,7.38,7.48,7.11,7.48,5.14,5.14,5.12,5.14
fragment_00663,2,31.86,31.86,31.86,31.87,25.39,25.39,25.39,25.39,18.89,18.89,18.89,18.9,13.16,13.16,13.16,13.17,8.48,8.48,8.48,8.48,5.52,5.52,5.52,5.52,3.79,3.79,3.79,3.79
fragment_00664,3,33.61,33.22,33.22,34.77,27.68,27.17,27.17,30.05,20.06,19.79,19.79,21.64,12.51,12.51,12.5,12.57,7.61,7.61,7.61,7.62,4.95,4.95,4.95,4.96,3.4,3.4,3.4,3.41
fragment_00665,4,29.79,29.8,29.78,29.8,22.17,22.17,22.17,22.17,15.51,15.51,15.51,15.51,11.52,11.52,11.52,11.52,8.75,8.75,8.75,8.75,6.44,6.44,6.44,6.44,4.49,4.49,4.49,4.49
fragment_00666,2,31.95,31.96,31.95,31.96,25.44,25.45,25.44,25.45,19.39,19.4,19.39,19.4,14.0,14.0,14.0,14.0,9.46,9.46,9.46,9.46,6.22,6.22,6.22,6.22,4.27,4.27,4.27,4.27
fragment_00667,5,27.38,26.85,26.01,28.67,20.93,20.16,19.42,23.26,16.19,15.42,15.25,18.93,12.72,12.12,11.87,14.89,10.22,9.86,9.77,11.72,8.1,7.97,7.97,8.72,6.14,6.13,6.12,6.22
fragment_00668,1,28.68,28.68,28.68,28.68,20.65,20.65,20.65,20.65,14.67,14.67,14.67,14.67,10.3,10.3,10.3,10.3,7.15,7.15,7.15,7.15,4.78,4.78,4.78,4.78,3.29,3.29,3.29,3.29
fragment_00669,3,31.33,31.07,31.07,32.06,24.76,24.19,24.19,26.32,17.36,16.9,16.9,18.6,11.27,11.23,11.23,11.37,6.89,6.89,6.89,6.9,4.49,4.49,4.49,4.49,3.08,3.08,3.08,3.08
fragment_00670,11,29.91,29.46,28.92,31.16,24.73,23.66,23.54,26.99,17.95,16.89,16.76,19.99,12.94,12.34,12.26,14.09,9.45,9.07,9.02,10.32,7.09,6.91,6.89,7.55,5.29,5.24,5.23,5.39
fragment_00671,4,33.31,33.31,33.17,33.31,27.1,27.1,26.93,27.11,20.38,20.38,20.21,20.39,14.11,14.11,14.09,14.11,9.64,9.64,9.63,9.64,6.96,6.96,6.95,6.96,4.85,4.85,4.85,4.85
fragment_00672,1,35.99,35.99,35.99,35.99,31.62,31.62,31.62,31.62,23.03,23.03,23.03,23.03,14.25,14.25,14.25,14.25,8.67,8.67,8.67,8.67,5.64,5.64,5.64,5.64,3.88,3.88,3.88,3.88
fragment_00673,2,29.84,29.84,29.83,29.84,22.21,22.22,22.21,22.22,16.13,16.13,16.13,16.13,11.64,11.64,11.64,11.64,7.76,7.76,7.76,7.76,5.07,5.07,5.07,5.07,3.48,3.48,3.48,3.48
fragment_00674,5,32.17,32.12,31.39,32.85,26.42,26.3,25.49,27.48,18.9,18.42,18.42,19.97,12.06,12.05,12.05,12.1,7.32,7.32,7.32,7.33,4.77,4.76,4.76,4.77,3.27,3.27,3.27,3.28
fragment_00675,4,31.89,31.89,31.65,32.24,26.54,26.56,25.48,27.35,19.87,19.87,19.34,21.62,14.63,14.62,14.49,15.62,10.39,10.39,10.33,10.61,6.96,6.96,6.96,6.98,4.78,4.78,4.78,4.79
fragment_00676,2,30.72,30.7,30.7,30.74,24.69,24.68,24.68,24.7,18.54,18.54,18.54,18.55,14.07,14.07,14.07,14.08,10.18,10.18,10.18,10.18,6.85,6.85,6.85,6.85,4.71,4.71,4.71,4.71
fragment_00677,2,31.21,31.25,31.13,31.25,24.87,25.44,23.99,25.44,17.64,18.3,16.62,18.3,12.1,12.26,11.85,12.26,7.79,7.79,7.79,7.79,5.07,5.07,5.07,5.07,3.48,3.48,3.48,3.48
fragment_00678,13,36.4,37.41,32.41,37.41,31.96,33.68,28.07,33.83,25.55,27.0,22.61,27.62,19.43,20.15,16.89,20.17,12.67,12.77,11.58,12.79,8.31,8.31,8.12,8.32,5.71,5.71,5.71,5.72
fragment_00679,7,29.06,28.94,28.94,31.24,19.91,19.51,19.51,26.05,14.15,13.23,13.23,19.91,11.88,10.77,10.77,15.03,9.62,8.56,8.56,11.15,7.31,6.71,6.71,7.9,5.4,5.27,5.27,5.48
fragment_00680,5,31.77,31.43,30.28,33.95,24.71,24.45,22.14,28.13,18.63,18.64,15.96,22.21,13.81,14.41,11.76,15.63,9.8,10.23,8.66,10.57,6.83,6.93,6.6,6.94,4.76,4.76,4.75,4.77
fragment_00681,2,29.2,29.2,29.19,29.2,26.39,26.39,26.39,26.39,19.1,19.1,19.1,19.1,13.38,13.38,13.38,13.38,9.93,9.93,9.93,9.93,7.24,7.24,7.24,7.24,5.03,5.03,5.03,5.03
fragment_00682,2,31.87,31.87,31.87,31.87,25.37,25.37,25.36,25.37,19.0,19.0,19.0,19.0,13.57,13.57,13.57,13.57,9.76,9.76,9.76,9.76,6.83,6.83,6.83,6.83,4.71,4.71,4.71,4.71
fragment_00683,2,29.31,29.32,29.3,29.32,26.57,26.58,26.55,26.58,19.2,19.22,19.18,19.22,13.38,13.4,13.36,13.4,10.01,10.01,10.01,10.01,7.58,7.54,7.54,7.63,5.64,5.63,5.63,5.64
fragment_00684,2,31.7,31.68,31.68,31.71,25.21,25.19,25.19,25.22,18.91,18.9,18.9,18.92,12.76,12.76,12.76,12.76,7.95,7.95,7.95,7.95,5.18,5.18,5.18,5.18,3.56,3.56,3.56,3.56
fragment_00685,3,31.18,31.2,31.11,32.33,29.27,29.34,27.59,29.34,22.04,22.12,19.21,22.12,15.52,15.54,14.31,15.57,10.79,10.79,10.62,10.8,7.23,7.23,7.23,7.23,4.97,4.97,4.97,4.97
fragment_00686,3,30.07,30.05,30.05,30.29,25.51,25.5,25.5,25.64,18.73,18.73,18.73,18.76,13.06,13.06,13.06,13.06,9.59,9.59,9.59,9.59,6.89,6.89,6.89,6.89,4.83,4.83,4.83,4.83
fragment_00687,10,29.64,29.35,28.76,31.82,24.5,24.23,23.48,29.01,18.09,18.11,16.91,22.2,13.02,13.38,12.12,14.0,8.38,8.48,8.13,8.48,5.52,5.52,5.52,5.53,3.79,3.79,3.79,3.8
fragment_00688,7,32.38,32.4,32.12,33.93,27.5,27.41,27.22,29.58,19.37,19.3,19.26,20.27,11.51,11.5,11.5,11.53,6.97,6.97,6.97,6.99,4.54,4.54,4.54,4.55,3.12,3.12,3.12,3.12
fragment_00689,23,36.38,36.99,31.72,36.99,33.14,34.15,25.03,34.15,24.39,25.28,17.13,25.28,16.15,16.55,12.56,16.56,10.18,10.26,8.9,10.27,6.67,6.68,6.39,6.69,4.59,4.59,4.58,4.59
fragment_00690,6,27.06,26.72,26.02,28.77,20.47,19.87,19.87,23.39,16.12,15.9,15.49,18.72,12.44,12.35,11.82,14.15,9.44,9.32,9.11,10.48,7.13,7.14,6.97,7.43,5.13,5.14,5.13,5.14
fragment_00691,1,31.59,31.59,31.59,31.59,25.21,25.21,25.21,25.21,18.43,18.43,18.43,18.43,12.59,12.59,12.59,12.59,7.94,7.94,7.94,7.94,5.16,5.16,5.16,5.16,3.55,3.55,3.55,3.55
fragment_00692,3,25.3,25.29,25.29,26.3,17.37,17.37,17.37,18.06,12.66,12.66,12.66,13.06,9.91,9.9,9.9,10.19,6.96,6.96,6.96,7.0,4.58,4.58,4.58,4.59,3.15,3.15,3.15,3.15
fragment_00693,2,31.62,31.62,31.62,31.62,25.9,25.9,25.9,25.91,18.81,18.81,18.81,18.81,13.1,13.1,13.1,13.1,8.15,8.15,8.15,8.15,5.3,5.3,5.3,5.3,3.64,3.64,3.64,3.64
fragment_00694,2,28.78,28.78,28.78,28.78,20.74,20.74,20.74,20.74,14.71,14.71,14.71,14.71,10.61,10.61,10.61,10.61,8.09,8.09,8.09,8.09,6.18,6.18,6.18,6.18,5.06,5.06,5.06,5.06
fragment_00695,4,30.96,31.64,30.12,31.64,23.89,25.27,22.37,25.27,16.15,17.1,15.13,17.11,10.39,10.5,10.28,10.51,6.39,6.39,6.39,6.39,4.16,4.16,4.16,4.16,2.86,2.86,2.86,2.86
fragment_00696,11,30.27,28.98,28.95,32.71,22.0,19.51,19.51,26.43,15.1,13.13,13.13,18.38,10.69,10.05,10.05,11.55,7.16,7.09,7.09,7.19,4.68,4.68,4.68,4.68,3.21,3.21,3.21,3.22
fragment_00697,2,32.1,32.11,32.09,32.11,25.58,25.59,25.57,25.59,19.3,19.31,19.3,19.31,13.28,13.28,13.28,13.28,9.14,9.14,9.14,9.14,6.63,6.63,6.63,6.63,4.62,4.62,4.62,4.62
fragment_00698,4,30.64,30.63,30.63,30.68,23.57,23.57,23.57,23.61,16.8,16.8,16.79,16.8,12.2,12.2,12.2,12.25,9.3,9.3,9.3,9.45,7.12,7.12,7.12,7.18,5.14,5.14,5.14,5.15
fragment_00699,6,32.4,33.03,31.52,33.03,27.45,28.32,26.43,28.32,17.63,18.04,17.17,18.04,10.13,10.13,10.12,10.13,6.13,6.14,6.13,6.14,3.99,3.99,3.99,3.99,2.74,2.74,2.74,2.74
fragment_00700,2,29.86,29.86,29.85,29.86,22.25,22.25,22.24,22.25,15.55,15.55,15.55,15.55,11.81,11.82,11.81,11.82,9.1,9.1,9.1,9.1,6.51,6.51,6.51,6.51,4.49,4.49,4.49,4.49
fragment_00701,3,28.8,28.63,28.63,30.45,20.41,20.17,20.17,22.77,12.76,12.6,12.6,14.37,8.65,8.53,8.53,9.76,6.18,6.11,6.11,6.83,4.64,4.6,4.6,5.03,3.57,3.55,3.55,3.73
fragment_00702,4,31.9,31.89,31.89,31.92,25.41,25.4,25.39,25.43,19.4,19.4,19.4,19.41,14.76,14.77,14.76,14.77,10.99,10.99,10.98,10.99,7.88,7.88,7.88,7.88,5.45,5.45,5.45,5.45
fragment_00703,1,28.04,28.04,28.04,28.04,19.17,19.17,19.17,19.17,12.7,12.7,12.7,12.7,8.64,8.64,8.64,8.64,5.71,5.71,5.71,5.71,3.72,3.72,3.72,3.72,2.55,2.55,2.55,2.55
fragment_00704,2,37.2,37.51,36.66,37.51,34.87,35.09,34.48,35.09,24.62,24.63,24.59,24.63,14.05,14.06,14.04,14.06,8.51,8.52,8.51,8.52,5.54,5.54,5.54,5.54,3.81,3.81,3.8,3.81
fragment_00705,6,28.79,28.58,28.56,30.6,20.41,20.12,20.11,22.83,13.02,12.85,12.82,14.58,9.25,9.14,9.1,10.36,7.17,7.18,6.95,7.9,5.88,6.02,5.56,6.41,4.86,4.99,4.58,5.22
fragment_00706,2,31.59,31.57,31.57,35.9,24.97,24.94,24.94,31.52,17.63,17.6,17.6,23.19,13.07,13.07,13.07,14.48,8.72,8.72,8.72,8.79,5.71,5.71,5.71,5.72,3.92,3.92,3.92,3.93
fragment_00707,23,29.32,29.15,28.5,30.46,22.88,23.51,20.7,25.68,15.99,16.87,13.36,18.47,11.27,11.78,9.55,12.68,7.94,8.18,7.12,8.43,5.47,5.48,5.31,5.51,3.77,3.77,3.75,3.79
fragment_00708,5,33.56,34.52,32.36,34.66,28.36,29.79,26.61,29.79,19.84,20.71,18.78,20.71,11.69,11.71,11.67,11.74,7.1,7.1,7.1,7.11,4.62,4.62,4.62,4.63,3.17,3.17,3.17,3.18
fragment_00709,3,31.64,31.6,31.6,33.38,25.26,25.17,25.17,28.88,18.31,18.24,18.24,20.96,13.61,13.6,13.6,14.05,8.78,8.78,8.78,8.79,5.71,5.71,5.71,5.72,3.92,3.92,3.92,3.93
fragment_00710,4,37.24,38.11,35.53,38.11,33.77,34.33,32.79,34.33,26.17,26.27,25.76,26.27,16.29,16.29,16.28,16.32,9.9,9.9,9.9,9.92,6.45,6.45,6.44,6.45,4.43,4.43,4.43,4.43
fragment_00711,5,35.07,34.99,33.07,36.4,30.55,30.39,28.31,32.67,22.59,22.46,21.44,23.97,13.83,13.82,13.82,13.9,8.41,8.41,8.41,8.42,5.47,5.47,5.47,5.48,3.76,3.76,3.76,3.77
fragment_00712,1,28.33,28.33,28.33,28.33,20.57,20.57,20.57,20.57,13.99,13.99,13.99,13.99,9.64,9.64,9.64,9.64,6.74,6.74,6.74,6.74,4.61,4.61,4.61,4.61,3.16,3.16,3.16,3.16
fragment_00713,4,34.62,34.44,32.16,35.04,28.74,27.78,26.9,30.27,18.91,18.15,18.15,20.03,11.16,11.14,11.14,11.19,6.77,6.77,6.76,6.78,4.41,4.41,4.4,4.41,3.03,3.03,3.02,3.03
fragment_00714,22,31.7,31.69,30.34,34.56,24.73,24.38,24.04,29.24,17.99,17.65,17.54,21.04,13.21,13.08,12.97,14.06,8.8,8.79,8.78,8.83,5.73,5.73,5.72,5.75,3.94,3.94,3.93,3.95
fragment_00715,8,30.35,29.84,29.15,33.37,25.03,24.5,23.79,29.0,19.67,19.25,17.92,22.64,15.13,14.73,13.86,17.18,11.5,11.25,10.92,12.7,8.34,8.3,8.17,8.55,5.87,5.87,5.85,5.88
fragment_00716,3,26.75,26.62,26.62,31.46,19.99,19.81,19.81,26.19,15.99,15.84,15.84,21.34,12.56,12.44,12.44,16.78,10.18,10.11,10.11,12.86,8.2,8.18,8.18,9.06,6.19,6.19,6.19,6.22
fragment_00717,6,27.04,26.71,26.04,28.77,20.45,19.87,19.87,23.39,16.11,15.89,15.49,18.72,12.44,12.35,11.82,14.15,9.44,9.32,9.11,10.48,7.12,7.14,6.97,7.43,5.13,5.14,5.13,5.14
fragment_00718,2,29.75,29.75,29.75,29.75,22.13,22.13,22.13,22.13,15.45,15.45,15.45,15.45,11.53,11.53,11.53,11.53,8.65,8.65,8.65,8.65,6.35,6.35,6.35,6.35,4.48,4.48,4.48,4.48
fragment_00719,3,28.76,28.75,28.75,28.91,24.01,24.0,24.0,24.11,17.92,17.93,17.92,17.94,12.91,12.91,12.91,12.92,9.67,9.66,9.66,9.67,6.96,6.96,6.96,6.96,4.9,4.9,4.9,4.9
fragment_00720,2,29.85,29.85,29.85,29.85,22.24,22.24,22.24,22.24,15.4,15.4,15.4,15.4,11.22,11.22,11.22,11.22,8.14,8.14,8.14,8.14,5.73,5.73,5.73,5.73,3.94,3.94,3.94,3.94
fragment_00721,12,36.63,36.83,33.92,38.8,32.47,32.26,28.98,37.01,26.05,25.73,23.09,30.37,19.69,19.56,17.8,20.49,12.76,12.78,12.2,12.79,8.32,8.32,8.31,8.33,5.71,5.71,5.71,5.72
fragment_00722,4,32.26,32.25,32.25,32.64,25.49,25.49,25.38,25.49,19.55,19.55,19.05,19.55,13.58,13.58,13.5,13.58,8.46,8.46,8.45,8.46,5.5,5.5,5.5,5.5,3.78,3.78,3.78,3.78
fragment_00723,24,32.03,32.83,30.85,33.13,24.89,26.51,22.61,27.5,18.64,19.99,15.81,20.7,13.4,14.19,10.94,14.78,9.11,9.36,8.1,9.41,6.11,6.12,5.97,6.13,4.2,4.2,4.2,4.21
fragment_00724,2,32.02,32.02,32.02,32.02,25.75,25.75,25.75,25.76,19.39,19.39,19.39,19.39,13.31,13.31,13.3,13.31,8.91,8.91,8.91,8.91,6.21,6.21,6.21,6.21,4.29,4.29,4.29,4.29
fragment_00725,6,26.91,26.7,26.0,29.5,21.14,21.02,20.58,24.32,17.07,17.11,16.2,19.47,13.28,13.29,12.6,15.06,10.0,9.96,9.81,11.02,7.29,7.29,7.22,7.47,5.13,5.13,5.13,5.13
fragment_00726,9,32.0,31.42,28.88,34.79,24.7,24.12,19.26,28.64,17.44,17.24,12.38,20.39,11.45,11.65,8.89,12.07,7.25,7.3,6.5,7.31,4.75,4.75,4.67,4.76,3.26,3.26,3.26,3.27
fragment_00727,1,28.4,28.4,28.4,28.4,20.15,20.15,20.15,20.15,13.67,13.67,13.67,13.67,10.12,10.12,10.12,10.12,7.76,7.76,7.76,7.76,5.82,5.82,5.82,5.82,4.39,4.39,4.39,4.39
fragment_00728,4,31.57,31.6,31.53,31.6,24.95,24.97,24.93,24.97,18.0,18.1,17.86,18.31,14.33,14.52,14.02,14.59,10.75,10.91,10.45,10.91,7.71,7.77,7.55,7.78,5.39,5.38,5.38,5.39
fragment_00729,12,31.48,31.51,30.99,32.63,27.22,26.31,26.31,29.91,21.65,20.42,20.04,23.93,17.46,16.5,15.54,19.29,12.64,12.48,11.64,13.14,8.63,8.65,8.43,8.67,5.95,5.95,5.94,5.95
fragment_00730,1,28.07,28.07,28.07,28.07,19.22,19.22,19.22,19.22,12.9,12.9,12.9,12.9,9.6,9.6,9.6,9.6,7.26,7.26,7.26,7.26,5.27,5.27,5.27,5.27,3.66,3.66,3.66,3.66
fragment_00731,7,33.06,33.36,31.84,33.42,27.92,29.13,25.94,29.13,20.35,21.53,18.47,21.53,13.33,13.53,13.01,13.53,8.22,8.21,8.21,8.22,5.35,5.35,5.35,5.35,3.67,3.67,3.67,3.68
fragment_00732,2,29.67,29.67,29.67,29.67,24.5,24.5,24.5,24.5,17.63,17.63,17.63,17.63,11.73,11.73,11.73,11.73,7.17,7.17,7.17,7.17,4.66,4.66,4.66,4.66,3.2,3.2,3.2,3.2
fragment_00733,4,33.18,33.17,33.17,33.65,26.96,26.96,26.83,26.96,20.26,20.27,19.74,20.28,14.07,14.07,13.99,14.07,9.13,9.13,9.12,9.13,6.03,6.03,6.03,6.03,4.14,4.14,4.14,4.14
fragment_00734,2,32.33,32.33,32.33,32.33,25.11,25.11,25.11,25.11,17.97,17.97,17.97,17.97,12.57,12.57,12.57,12.57,8.11,8.11,8.11,8.11,5.28,5.28,5.28,5.28,3.63,3.63,3.63,3.63
fragment_00735,3,30.49,31.55,29.74,31.55,21.95,22.03,21.87,22.03,15.27,14.89,14.89,15.55,10.45,10.7,10.26,10.7,6.89,6.91,6.87,6.91,4.5,4.5,4.5,4.5,3.09,3.09,3.09,3.09
fragment_00736,2,29.02,29.01,29.01,29.03,25.07,25.07,25.07,25.07,20.23,20.23,20.22,20.23,15.45,15.45,15.44,15.45,11.06,11.06,11.06,11.06,7.52,7.52,7.52,7.52,5.17,5.17,5.17,5.17
fragment_00737,7,31.59,31.35,30.75,32.71,22.8,22.11,22.11,25.78,15.25,14.42,14.42,17.81,10.27,9.79,9.79,11.15,6.72,6.67,6.67,6.78,4.41,4.4,4.4,4.41,3.03,3.02,3.02,3.03
fragment_00738,14,36.17,36.45,34.48,36.45,32.54,32.81,30.32,32.81,20.3,20.37,19.33,20.38,11.17,11.16,11.16,11.17,6.76,6.76,6.76,6.77,4.4,4.4,4.4,4.41,3.02,3.02,3.02,3.03
fragment_00739,8,33.05,33.4,31.97,33.4,27.91,29.16,25.92,29.16,20.35,21.55,18.46,21.55,13.33,13.53,13.0,13.53,8.22,8.22,8.22,8.22,5.35,5.35,5.35,5.35,3.67,3.67,3.67,3.68
fragment_00740,4,31.86,31.3,31.3,32.45,26.11,24.92,24.92,27.22,18.53,17.5,17.5,19.49,11.47,11.44,11.44,11.5,6.96,6.97,6.96,6.97,4.53,4.53,4.53,4.54,3.11,3.12,3.11,3.12
fragment_00741,7,32.82,34.13,31.43,34.13,27.13,29.32,24.8,29.32,19.49,21.58,17.23,21.58,13.86,14.98,12.62,14.98,9.92,10.53,9.24,10.53,7.09,7.25,6.91,7.25,4.98,4.99,4.98,4.99
fragment_00742,5,32.59,32.59,31.11,32.62,27.6,27.56,27.33,30.07,21.02,20.99,20.99,23.03,15.95,15.94,15.79,16.45,11.06,11.06,11.02,11.23,7.37,7.37,7.37,7.38,5.07,5.07,5.06,5.07
fragment_00743,3,28.79,28.78,28.78,29.51,20.69,20.67,20.67,22.25,12.82,12.81,12.81,13.94,7.79,7.79,7.79,7.81,4.72,4.72,4.72,4.73,3.07,3.07,3.07,3.08,2.11,2.11,2.11,2.12
fragment_00744,7,29.36,29.33,29.27,29.47,26.62,26.56,26.52,26.75,19.25,19.21,19.16,19.36,13.49,13.4,13.38,13.68,10.13,10.02,9.88,10.54,7.75,7.71,7.55,8.09,5.99,6.01,5.93,6.15
fragment_00745,2,33.32,33.39,33.01,33.39,27.8,28.0,27.03,28.0,22.05,22.42,20.57,22.42,16.58,16.9,15.31,16.9,11.67,11.77,11.28,11.77,7.81,7.82,7.81,7.82,5.37,5.37,5.37,5.37
fragment_00746,26,33.17,33.28,32.65,35.1,27.36,27.94,25.88,30.45,21.65,22.34,19.25,24.34,15.56,16.12,12.95,17.15,10.42,10.6,9.35,10.72,6.95,6.96,6.8,6.98,4.78,4.78,4.78,4.79
fragment_00747,14,34.04,33.94,33.88,35.91,29.2,28.99,28.46,33.12,19.85,19.69,19.68,23.1,13.84,13.8,13.8,14.47,8.87,8.87,8.84,8.88,5.77,5.77,5.75,5.78,3.96,3.96,3.95,3.97
fragment_00748,1,28.46,28.46,28.46,28.46,20.1,20.1,20.1,20.1,14.1,14.1,14.1,14.1,10.91,10.91,10.91,10.91,8.84,8.84,8.84,8.84,6.55,6.55,6.55,6.55,4.58,4.58,4.58,4.58
fragment_00749,26,31.71,31.13,30.75,34.94,23.97,22.78,22.59,29.54,17.71,17.06,15.79,22.13,12.92,13.15,11.01,15.1,8.96,9.15,8.13,9.42,6.09,6.12,5.95,6.13,4.2,4.2,4.2,4.21
fragment_00750,8,31.67,31.41,31.24,32.79,26.56,25.93,25.93,28.47,20.39,19.95,19.95,21.87,13.95,13.75,13.75,14.27,8.78,8.78,8.75,8.79,5.71,5.71,5.7,5.72,3.93,3.92,3.91,3.93
fragment_00751,3,34.76,35.24,32.79,35.24,29.42,30.19,26.69,30.19,19.57,19.97,18.02,19.97,11.19,11.19,11.14,11.19,6.78,6.78,6.77,6.78,4.41,4.41,4.41,4.41,3.03,3.03,3.03,3.03
fragment_00752,7,31.42,31.42,30.74,32.68,24.9,24.76,24.03,26.82,17.5,17.6,16.56,18.69,11.86,11.95,11.45,12.06,7.53,7.53,7.5,7.55,4.91,4.9,4.9,4.92,3.37,3.37,3.37,3.38
fragment_00753,6,31.83,31.94,29.88,32.39,25.33,25.44,21.28,26.76,19.07,19.14,15.98,20.22,13.6,13.64,12.58,13.92,9.01,9.02,8.91,9.02,5.87,5.87,5.87,5.87,4.03,4.03,4.03,4.03
fragment_00754,21,33.85,34.1,31.79,35.45,28.28,28.37,24.94,32.31,19.42,19.26,16.5,23.32,13.46,13.51,11.56,15.43,9.58,9.65,8.57,10.01,6.5,6.51,6.35,6.52,4.47,4.47,4.47,4.48
fragment_00755,14,34.33,34.01,32.48,35.22,28.58,28.35,26.94,30.47,21.33,21.34,20.63,24.07,15.2,15.24,15.03,16.36,10.07,10.07,10.05,10.1,6.56,6.56,6.56,6.58,4.51,4.51,4.51,4.52
fragment_00756,17,32.23,32.68,31.02,33.73,27.8,28.73,25.73,29.16,21.37,22.29,19.05,22.59,14.01,14.32,12.62,14.32,8.66,8.67,8.5,8.68,5.64,5.65,5.63,5.65,3.88,3.88,3.87,3.88
fragment_00757,1,28.15,28.15,28.15,28.15,22.72,22.72,22.72,22.72,16.14,16.14,16.14,16.14,11.89,11.89,11.89,11.89,9.17,9.17,9.17,9.17,6.76,6.76,6.76,6.76,4.75,4.75,4.75,4.75
fragment_00758,2,30.6,30.61,30.59,30.61,26.18,26.18,26.17,26.18,19.87,19.87,19.87,19.87,14.6,14.6,14.6,14.6,10.0,10.0,9.99,10.0,6.63,6.63,6.63,6.63,4.56,4.56,4.56,4.56
fragment_00759,7,31.42,31.44,30.74,32.59,24.9,24.76,24.0,26.78,17.49,17.6,16.54,18.63,11.85,11.95,11.46,12.0,7.53,7.53,7.5,7.55,4.91,4.9,4.9,4.92,3.37,3.37,3.37,3.38
fragment_00760,1,36.0,36.0,36.0,36.0,31.62,31.62,31.62,31.62,23.03,23.03,23.03,23.03,14.25,14.25,14.25,14.25,8.67,8.67,8.67,8.67,5.64,5.64,5.64,5.64,3.87,3.87,3.87,3.87
fragment_00761,3,31.26,31.1,30.8,32.5,22.69,22.21,22.21,24.92,15.06,14.65,14.65,16.41,9.32,9.3,9.3,9.36,5.67,5.66,5.66,5.67,3.69,3.69,3.69,3.69,2.53,2.53,2.53,2.54
fragment_00762,28,29.34,29.28,28.5,33.61,22.95,23.78,20.71,28.48,16.08,17.04,13.35,20.02,11.35,11.89,9.55,13.11,7.97,8.22,7.12,8.45,5.47,5.48,5.31,5.51,3.77,3.77,3.75,3.79
fragment_00763,6,33.21,33.24,30.43,33.24,28.09,28.01,27.72,30.49,21.52,21.47,21.47,23.61,16.62,16.59,16.48,17.27,11.63,11.62,11.58,11.78,7.74,7.73,7.73,7.74,5.31,5.31,5.31,5.32
fragment_00764,3,30.57,30.59,30.54,32.33,28.02,28.04,27.64,28.04,21.02,21.04,19.01,21.04,15.7,15.71,13.8,15.71,11.79,11.8,10.4,11.8,8.35,8.35,7.86,8.35,5.75,5.75,5.72,5.75
fragment_00765,7,30.0,30.01,29.32,30.7,22.19,22.18,21.64,23.12,15.46,15.43,15.04,15.55,11.58,11.62,11.33,11.62,8.38,8.4,8.29,8.4,5.61,5.61,5.6,5.61,3.85,3.85,3.85,3.85
fragment_00766,2,30.78,30.78,30.78,30.79,23.73,23.73,23.73,23.73,17.11,17.11,17.11,17.11,12.62,12.62,12.61,12.62,8.85,8.85,8.85,8.85,6.02,6.02,6.02,6.02,4.14,4.14,4.14,4.14
fragment_00767,1,28.18,28.18,28.18,28.18,19.77,19.77,19.77,19.77,13.26,13.26,13.26,13.26,8.21,8.21,8.21,8.21,4.97,4.97,4.97,4.97,3.24,3.24,3.24,3.24,2.22,2.22,2.22,2.22
fragment_00768,29,31.39,32.75,29.21,33.04,27.98,30.17,23.96,30.39,20.84,22.36,17.57,22.53,13.62,13.88,12.63,13.94,8.43,8.43,8.4,8.44,5.49,5.49,5.47,5.5,3.77,3.77,3.76,3.78
fragment_00769,2,31.84,31.85,31.84,31.85,25.37,25.37,25.36,25.37,18.88,18.88,18.88,18.88,13.18,13.18,13.18,13.18,9.07,9.07,9.07,9.07,6.31,6.31,6.31,6.31,4.36,4.36,4.36,4.36
fragment_00770,1,28.18,28.18,28.18,28.18,19.17,19.17,19.17,19.17,13.22,13.22,13.22,13.22,10.36,10.36,10.36,10.36,8.25,8.25,8.25,8.25,6.11,6.11,6.11,6.11,4.26,4.26,4.26,4.26
fragment_00771,22,30.92,31.48,28.84,32.55,27.74,28.66,23.8,29.16,21.71,22.52,17.91,23.34,15.57,15.97,13.53,16.49,10.95,11.15,9.78,11.24,7.47,7.49,7.22,7.49,5.15,5.15,5.13,5.15
fragment_00772,1,28.18,28.18,28.18,28.18,19.18,19.18,19.18,19.18,13.02,13.02,13.02,13.02,9.81,9.81,9.81,9.81,7.57,7.57,7.57,7.57,5.69,5.69,5.69,5.69,4.29,4.29,4.29,4.29
fragment_00773,2,31.25,31.26,31.23,31.26,23.97,23.97,23.96,23.97,17.91,17.91,17.91,17.91,13.82,13.83,13.82,13.83,9.91,9.91,9.91,9.91,6.64,6.64,6.64,6.64,4.56,4.56,4.56,4.56
fragment_00774,2,29.27,29.27,29.27,29.27,23.05,23.05,23.05,23.05,16.9,16.9,16.9,16.9,12.27,12.27,12.27,12.27,8.81,8.81,8.81,8.81,6.16,6.16,6.16,6.16,4.31,4.31,4.31,4.31
fragment_00775,14,29.77,29.61,28.5,30.75,24.22,23.73,23.73,26.84,17.61,17.35,17.02,20.18,13.11,13.25,12.46,15.65,9.61,9.75,9.16,10.3,6.68,6.7,6.62,6.71,4.61,4.6,4.6,4.61
fragment_00776,2,32.28,32.29,32.28,32.29,25.07,25.07,25.07,25.07,17.85,17.85,17.85,17.85,12.18,12.18,12.18,12.18,7.98,7.98,7.98,7.98,5.28,5.28,5.28,5.28,3.63,3.63,3.63,3.63
fragment_00777,8,28.47,28.46,28.46,28.98,23.56,23.57,22.99,25.54,17.61,17.62,16.68,19.87,13.46,13.46,12.58,15.51,9.95,9.96,9.31,10.63,6.92,6.92,6.85,6.93,4.76,4.76,4.76,4.76
fragment_00778,4,31.16,31.18,28.88,32.05,29.88,29.93,27.55,29.93,22.83,22.9,18.9,22.9,16.43,16.47,13.95,16.47,11.8,11.82,10.53,11.82,8.28,8.29,7.85,8.29,5.75,5.75,5.72,5.75
fragment_00779,2,29.64,29.63,29.63,29.64,22.05,22.05,22.05,22.05,15.12,15.12,15.12,15.12,10.57,10.57,10.57,10.57,6.87,6.87,6.87,6.87,4.47,4.47,4.47,4.47,3.07,3.07,3.07,3.07
fragment_00780,2,30.97,30.96,30.96,30.97,23.91,23.91,23.91,23.91,18.4,18.4,18.4,18.4,13.27,13.27,13.27,13.27,8.9,8.9,8.9,8.9,5.81,5.81,5.81,5.81,3.99,3.99,3.99,3.99
fragment_00781,24,30.29,30.51,29.75,32.69,24.36,23.75,23.53,30.13,18.14,17.3,16.62,22.84,12.98,12.7,11.26,14.85,8.75,8.74,7.9,9.06,5.87,5.89,5.71,5.9,4.04,4.05,4.04,4.05
fragment_00782,2,29.81,29.81,29.81,29.81,22.19,22.19,22.19,22.19,15.46,15.46,15.46,15.46,11.21,11.21,11.21,11.21,8.17,8.17,8.17,8.17,6.01,6.01,6.01,6.01,4.2,4.2,4.2,4.2
fragment_00783,2,31.76,31.77,31.76,31.77,25.18,25.18,25.18,25.18,18.6,18.6,18.6,18.6,14.25,14.24,14.24,14.25,10.7,10.7,10.7,10.7,7.89,7.89,7.89,7.89,5.48,5.48,5.48,5.48
fragment_00784,8,31.56,31.29,30.76,32.69,22.8,22.09,22.09,25.81,15.27,14.42,14.42,18.12,10.28,9.8,9.8,11.19,6.72,6.67,6.67,6.78,4.41,4.4,4.4,4.41,3.03,3.02,3.02,3.03
fragment_00785,2,31.82,31.83,31.82,31.83,25.36,25.36,25.35,25.36,18.92,18.92,18.92,18.92,13.33,13.33,13.33,13.33,9.63,9.63,9.63,9.63,7.13,7.13,7.13,7.13,5.05,5.05,5.05,5.05
fragment_00786,9,31.99,31.11,30.89,34.53,24.25,23.54,22.53,27.53,17.23,16.99,15.73,19.35,11.04,11.12,10.39,11.19,6.77,6.77,6.73,6.78,4.41,4.4,4.4,4.41,3.03,3.03,3.02,3.03
fragment_00787,2,29.26,29.27,29.26,29.27,26.46,26.46,26.45,26.46,19.17,19.17,19.17,19.17,13.68,13.68,13.68,13.68,10.25,10.25,10.25,10.25,7.34,7.34,7.34,7.34,5.17,5.17,5.17,5.17
fragment_00788,2,33.98,33.99,33.98,33.99,29.24,29.24,29.24,29.24,18.56,18.56,18.56,18.56,10.39,10.39,10.39,10.39,6.29,6.29,6.29,6.29,4.1,4.1,4.1,4.1,2.81,2.81,2.81,2.81
fragment_00789,2,31.1,31.29,30.77,31.29,24.48,24.62,24.22,24.62,17.73,17.77,17.67,17.77,11.08,11.08,11.07,11.08,6.78,6.78,6.78,6.78,4.41,4.41,4.41,4.41,3.03,3.03,3.03,3.03
fragment_00790,6,35.02,34.93,33.33,36.44,30.51,30.34,28.84,32.68,22.57,22.45,21.71,23.96,13.83,13.82,13.82,13.9,8.41,8.41,8.41,8.42,5.47,5.47,5.47,5.48,3.76,3.76,3.76,3.77
fragment_00791,3,29.07,28.57,28.57,30.12,20.92,20.11,20.11,22.58,12.92,12.45,12.45,13.89,7.82,7.81,7.81,7.86,4.76,4.75,4.75,4.76,3.1,3.09,3.09,3.1,2.13,2.13,2.13,2.13
fragment_00792,4,31.43,31.63,29.59,31.63,25.09,25.28,23.54,25.28,19.29,19.57,18.03,19.57,14.07,14.25,13.17,14.25,10.25,10.31,9.94,10.31,7.58,7.61,7.43,7.61,5.37,5.37,5.36,5.37
fragment_00793,11,30.88,32.27,29.1,32.27,25.87,28.26,23.84,28.26,18.86,20.47,17.16,20.47,13.04,13.38,12.19,13.38,8.43,8.44,8.18,8.44,5.49,5.49,5.48,5.49,3.77,3.77,3.77,3.77
fragment_00794,3,31.09,31.04,30.8,32.03,22.49,22.18,22.18,24.79,14.97,14.64,14.64,16.63,9.32,9.3,9.3,9.37,5.66,5.66,5.66,5.67,3.69,3.68,3.68,3.69,2.53,2.53,2.53,2.54
fragment_00795,4,33.54,34.51,32.34,34.67,28.35,29.79,26.6,29.79,19.84,20.7,18.78,20.7,11.69,11.71,11.66,11.74,7.1,7.1,7.09,7.11,4.62,4.62,4.62,4.63,3.17,3.17,3.17,3.18
fragment_00796,10,33.49,33.44,32.65,34.64,26.04,25.7,25.7,29.06,19.6,19.06,19.06,23.39,13.94,13.47,13.47,15.45,9.32,9.28,9.26,9.39,6.11,6.11,6.1,6.11,4.2,4.19,4.19,4.2
fragment_00797,1,28.19,28.19,28.19,28.19,19.19,19.19,19.19,19.19,13.02,13.02,13.02,13.02,9.81,9.81,9.81,9.81,7.57,7.57,7.57,7.57,5.66,5.66,5.66,5.66,4.22,4.22,4.22,4.22
fragment_00798,1,29.12,29.12,29.12,29.12,21.8,21.8,21.8,21.8,15.25,15.25,15.25,15.25,10.46,10.46,10.46,10.46,7.5,7.5,7.5,7.5,5.3,5.3,5.3,5.3,3.65,3.65,3.65,3.65
fragment_00799,9,29.83,30.46,28.84,31.09,21.13,21.96,19.26,23.67,13.77,14.07,12.13,15.78,8.95,9.08,8.39,9.42,5.69,5.71,5.65,5.71,3.71,3.71,3.71,3.71,2.55,2.55,2.55,2.55
fragment_00800,1,28.31,28.31,28.31,28.31,19.95,19.95,19.95,19.95,13.82,13.82,13.82,13.82,9.6,9.6,9.6,9.6,6.56,6.56,6.56,6.56,4.47,4.47,4.47,4.47,3.07,3.07,3.07,3.07
fragment_00801,12,31.69,31.63,31.56,33.5,25.43,25.26,24.93,28.93,18.76,18.62,17.9,21.05,14.57,14.53,13.75,15.95,10.43,10.42,9.98,11.16,7.31,7.31,7.19,7.34,5.04,5.04,5.04,5.04
fragment_00802,25,31.52,31.21,30.96,34.25,24.23,23.84,22.81,28.88,18.19,17.7,16.46,22.01,13.23,12.82,12.5,14.28,8.65,8.57,8.57,8.7,5.65,5.65,5.65,5.66,3.88,3.88,3.88,3.89
fragment_00803,7,30.44,29.84,29.0,31.93,25.18,24.1,23.55,28.35,19.79,18.84,17.94,22.89,15.11,14.45,13.58,16.98,11.31,10.94,10.64,12.29,8.05,8.02,7.95,8.15,5.59,5.59,5.59,5.6
fragment_00804,2,29.06,29.05,29.05,29.06,26.2,26.2,26.19,26.2,18.91,18.91,18.91,18.91,12.97,12.97,12.97,12.97,9.1,9.1,9.1,9.1,6.46,6.46,6.46,6.46,4.67,4.67,4.67,4.67
fragment_00805,1,28.94,28.94,28.94,28.94,20.75,20.75,20.75,20.75,14.91,14.91,14.91,14.91,11.26,11.26,11.26,11.26,7.85,7.85,7.85,7.85,5.19,5.19,5.19,5.19,3.57,3.57,3.57,3.57
fragment_00806,1,28.15,28.15,28.15,28.15,22.53,22.53,22.53,22.53,15.33,15.33,15.33,15.33,10.99,10.99,10.99,10.99,8.32,8.32,8.32,8.32,6.06,6.06,6.06,6.06,4.25,4.25,4.25,4.25
fragment_00807,2,29.24,29.27,29.21,29.27,26.46,26.49,26.43,26.49,19.15,19.17,19.12,19.17,13.46,13.48,13.43,13.48,10.0,10.02,9.99,10.02,7.15,7.15,7.14,7.15,4.97,4.97,4.97,4.97
fragment_00808,3,28.85,28.84,28.84,29.07,22.24,22.23,22.23,22.39,16.1,16.1,16.1,16.15,11.67,11.67,11.67,11.7,8.61,8.6,8.6,8.62,6.01,6.01,6.01,6.01,4.13,4.13,4.13,4.13
fragment_00809,12,30.53,30.53,30.15,30.54,24.27,24.27,23.87,24.27,18.69,18.69,18.43,18.7,13.79,13.8,13.68,13.92,10.76,10.77,10.59,10.94,8.13,8.14,8.0,8.28,5.97,5.97,5.95,5.98
fragment_00810,2,32.36,32.36,32.36,32.36,24.8,24.8,24.8,24.8,17.41,17.41,17.4,17.41,11.84,11.84,11.84,11.84,7.77,7.77,7.77,7.77,5.14,5.15,5.14,5.15,3.53,3.53,3.53,3.53
fragment_00811,3,28.78,28.56,28.56,30.58,20.43,20.12,20.12,22.82,13.03,12.83,12.83,14.58,9.25,9.11,9.11,10.36,7.05,6.95,6.95,7.77,5.61,5.56,5.56,6.04,4.47,4.45,4.45,4.7
fragment_00812,2,28.83,28.83,28.83,28.84,20.2,20.2,20.2,20.2,14.54,14.54,14.53,14.54,11.4,11.4,11.4,11.4,8.88,8.88,8.88,8.88,6.88,6.88,6.88,6.88,5.56,5.56,5.56,5.56
fragment_00813,3,30.17,30.17,30.15,32.11,27.58,27.58,27.54,27.58,20.02,20.02,18.98,20.02,13.79,13.79,13.79,13.92,9.88,9.87,9.87,10.07,6.82,6.82,6.82,6.82,4.68,4.68,4.68,4.69
fragment_00814,4,30.98,31.12,29.57,33.63,26.69,26.77,25.61,30.07,20.8,20.82,20.4,23.73,15.78,15.79,15.56,17.48,11.04,11.05,11.0,11.34,7.38,7.38,7.38,7.38,5.07,5.07,5.07,5.07
fragment_00815,3,25.93,25.94,25.8,25.94,19.31,19.32,19.27,19.32,13.1,13.1,13.07,13.1,8.77,8.77,8.76,8.77,6.0,6.01,6.0,6.01,4.12,4.12,4.12,4.12,2.83,2.83,2.83,2.83
fragment_00816,4,31.25,31.19,31.19,31.34,24.88,24.81,24.18,25.57,17.99,17.98,17.29,18.55,11.72,11.72,11.58,11.82,7.18,7.18,7.18,7.18,4.68,4.68,4.68,4.68,3.21,3.21,3.21,3.21
fragment_00817,1,31.24,31.24,31.24,31.24,23.76,23.76,23.76,23.76,14.61,14.61,14.61,14.61,8.23,8.23,8.23,8.23,4.99,4.99,4.99,4.99,3.24,3.24,3.24,3.24,2.23,2.23,2.23,2.23
fragment_00818,4,33.25,33.26,32.09,33.26,27.7,27.74,25.87,27.74,18.62,18.64,17.03,18.64,10.58,10.58,10.56,10.59,6.41,6.41,6.41,6.42,4.17,4.17,4.17,4.18,2.87,2.87,2.87,2.87
fragment_00819,2,29.75,29.75,29.74,29.75,22.15,22.15,22.14,22.15,15.39,15.39,15.39,15.39,11.24,11.24,11.24,11.24,8.35,8.35,8.35,8.35,6.3,6.3,6.3,6.3,4.63,4.63,4.63,4.63
fragment_00820,6,32.17,32.9,30.57,32.9,25.17,26.21,22.97,26.22,15.41,16.03,14.11,16.05,8.99,9.0,8.95,9.01,5.45,5.45,5.45,5.46,3.55,3.55,3.55,3.55,2.44,2.44,2.44,2.44
fragment_00821,1,28.93,28.93,28.93,28.93,20.74,20.74,20.74,20.74,14.85,14.85,14.85,14.85,11.42,11.42,11.42,11.42,8.07,8.07,8.07,8.07,5.34,5.34,5.34,5.34,3.67,3.67,3.67,3.67
fragment_00822,4,31.41,31.31,30.55,34.62,24.41,23.9,23.57,29.22,17.04,16.49,16.42,21.25,12.08,11.82,11.77,14.08,8.48,8.39,8.37,9.19,5.96,5.95,5.95,6.01,4.13,4.13,4.13,4.13
fragment_00823,1,28.77,28.77,28.77,28.77,20.74,20.74,20.74,20.74,14.7,14.7,14.7,14.7,10.6,10.6,10.6,10.6,8.08,8.08,8.08,8.08,6.04,6.04,6.04,6.04,4.59,4.59,4.59,4.59
fragment_00824,1,28.33,28.33,28.33,28.33,20.57,20.57,20.57,20.57,13.99,13.99,13.99,13.99,9.6,9.6,9.6,9.6,6.6,6.6,6.6,6.6,4.4,4.4,4.4,4.4,3.03,3.03,3.03,3.03
fragment_00825,2,30.85,30.85,30.85,30.85,23.75,23.75,23.75,23.75,18.15,18.16,18.15,18.16,12.29,12.29,12.29,12.29,7.63,7.63,7.63,7.63,4.96,4.96,4.96,4.96,3.41,3.41,3.41,3.41
fragment_00826,18,33.84,34.06,31.78,34.56,28.28,28.33,24.94,30.25,19.43,19.27,16.5,21.81,13.47,13.5,11.55,14.72,9.58,9.64,8.57,10.01,6.5,6.51,6.35,6.52,4.47,4.47,4.47,4.48
fragment_00827,2,31.26,31.26,31.25,31.26,24.21,24.21,24.2,24.21,18.32,18.32,18.32,18.32,14.63,14.63,14.63,14.63,10.43,10.43,10.43,10.43,6.84,6.84,6.84,6.84,4.7,4.7,4.7,4.7
fragment_00828,2,31.77,31.77,31.77,31.78,25.31,25.3,25.3,25.31,18.76,18.76,18.76,18.76,12.77,12.77,12.77,12.77,8.51,8.51,8.51,8.51,5.8,5.8,5.8,5.8,3.98,3.98,3.98,3.98
fragment_00829,2,29.69,29.68,29.68,29.69,22.1,22.09,22.09,22.1,15.33,15.33,15.33,15.33,11.05,11.06,11.05,11.06,7.72,7.72,7.72,7.72,5.28,5.28,5.28,5.28,3.63,3.63,3.63,3.63
fragment_00830,5,29.74,29.73,29.58,29.94,22.75,22.74,22.38,23.04,16.83,16.83,16.83,17.05,12.39,12.39,12.39,12.63,9.04,9.04,9.04,9.1,6.05,6.05,6.05,6.06,4.15,4.16,4.15,4.16
fragment_00831,1,29.64,29.64,29.64,29.64,27.98,27.98,27.98,27.98,20.97,20.97,20.97,20.97,14.56,14.56,14.56,14.56,10.2,10.2,10.2,10.2,6.81,6.81,6.81,6.81,4.68,4.68,4.68,4.68
fragment_00832,25,28.94,28.74,28.49,30.42,21.41,20.71,20.7,25.53,14.14,13.46,13.18,18.91,9.86,9.61,9.12,12.21,6.94,6.94,6.57,7.4,4.79,4.8,4.73,4.82,3.3,3.3,3.3,3.31
fragment_00833,2,32.5,32.5,32.5,32.5,24.87,24.87,24.87,24.87,17.62,17.62,17.62,17.62,12.69,12.69,12.69,12.69,9.28,9.28,9.28,9.28,6.92,6.92,6.92,6.92,4.96,4.96,4.96,4.96
fragment_00834,10,32.3,32.48,29.5,32.51,25.25,25.45,22.97,25.49,17.75,17.86,16.69,17.88,11.3,11.33,10.84,11.34,6.87,6.87,6.86,6.87,4.47,4.47,4.46,4.47,3.07,3.07,3.07,3.07
fragment_00835,3,30.06,30.03,29.8,30.85,23.45,23.36,23.27,25.45,16.44,16.38,16.16,17.98,10.49,10.49,10.43,10.59,6.39,6.39,6.39,6.41,4.16,4.16,4.16,4.17,2.86,2.86,2.86,2.87
fragment_00836,3,30.93,31.52,29.44,31.52,23.81,24.94,21.0,24.94,15.38,15.84,14.23,15.84,9.07,9.07,9.07,9.07,5.5,5.5,5.5,5.5,3.58,3.58,3.58,3.58,2.46,2.46,2.46,2.46
fragment_00837,2,28.97,28.97,28.97,28.97,21.5,21.5,21.5,21.5,14.95,14.95,14.95,14.95,10.85,10.85,10.85,10.85,7.72,7.72,7.72,7.72,5.3,5.3,5.3,5.3,3.64,3.64,3.64,3.64
fragment_00838,4,29.79,29.81,29.78,29.81,22.17,22.17,22.16,22.17,15.3,15.3,15.3,15.3,10.77,10.78,10.77,10.78,7.86,7.86,7.85,7.86,6.07,6.07,6.07,6.07,4.53,4.53,4.53,4.53
fragment_00839,2,29.96,29.96,29.96,29.96,23.36,23.36,23.36,23.37,17.01,17.01,17.01,17.01,12.13,12.13,12.13,12.13,8.36,8.36,8.36,8.36,5.55,5.55,5.55,5.55,3.81,3.81,3.81,3.81
fragment_00840,4,33.04,33.3,32.6,33.3,27.72,28.34,26.03,28.34,19.89,20.46,18.25,20.46,12.78,12.87,12.51,12.87,7.83,7.83,7.83,7.85,5.1,5.1,5.1,5.11,3.5,3.5,3.5,3.51
fragment_00841,1,28.8,28.8,28.8,28.8,20.76,20.76,20.76,20.76,14.72,14.72,14.72,14.72,10.61,10.61,10.61,10.61,8.09,8.09,8.09,8.09,6.09,6.09,6.09,6.09,4.71,4.71,4.71,4.71
fragment_00842,2,33.6,33.6,33.6,33.61,26.51,26.51,26.51,26.51,18.79,18.79,18.79,18.79,12.62,12.62,12.62,12.62,8.24,8.24,8.24,8.24,5.46,5.46,5.46,5.46,3.75,3.75,3.75,3.75
fragment_00843,2,29.31,29.32,29.31,29.32,23.09,23.09,23.09,23.09,16.94,16.94,16.94,16.94,12.56,12.56,12.56,12.56,9.49,9.49,9.49,9.49,6.78,6.78,6.78,6.78,4.66,4.66,4.66,4.66
fragment_00844,4,29.62,29.85,28.79,30.51,23.07,23.64,20.92,24.64,15.83,16.31,14.0,16.9,10.46,10.56,10.1,10.61,6.54,6.55,6.54,6.55,4.26,4.26,4.25,4.26,2.93,2.93,2.92,2.93
fragment_00845,2,32.03,32.03,32.02,32.03,25.75,25.76,25.75,25.76,19.39,19.39,19.38,19.39,13.31,13.31,13.3,13.31,8.96,8.96,8.96,8.96,6.35,6.35,6.35,6.35,4.43,4.43,4.43,4.43
fragment_00846,7,30.48,29.87,28.99,32.0,25.22,24.12,23.57,28.35,19.8,18.85,17.94,22.9,15.11,14.46,13.58,16.98,11.31,10.93,10.63,12.28,8.05,8.02,7.95,8.15,5.59,5.59,5.59,5.6
fragment_00847,4,31.64,31.63,31.16,31.65,24.6,24.6,24.05,24.6,18.61,18.61,18.61,19.01,14.3,14.3,14.3,14.63,10.18,10.18,10.18,10.26,6.82,6.82,6.81,6.82,4.68,4.68,4.68,4.68
fragment_00849,2,30.23,30.23,30.23,30.23,23.84,23.84,23.83,23.84,18.09,18.09,18.09,18.09,13.9,13.91,13.9,13.91,10.09,10.09,10.09,10.09,6.76,6.76,6.76,6.76,4.65,4.65,4.65,4.65
fragment_00850,14,31.61,31.47,30.89,32.71,27.03,26.32,26.32,29.96,21.46,20.42,20.04,23.96,17.38,16.47,15.53,19.26,12.69,12.45,11.64,13.15,8.64,8.65,8.43,8.67,5.95,5.95,5.94,5.95
fragment_00851,8,35.06,35.39,32.2,35.39,30.98,31.64,26.2,31.64,23.37,23.96,19.4,23.96,14.92,15.08,13.78,15.08,9.14,9.15,9.12,9.15,5.95,5.95,5.94,5.95,4.09,4.09,4.08,4.09
fragment_00852,3,28.71,28.71,28.7,28.88,23.5,23.5,23.5,23.63,16.77,16.77,16.73,16.77,11.21,11.21,11.2,11.21,6.84,6.84,6.84,6.84,4.45,4.45,4.45,4.46,3.06,3.06,3.06,3.06
fragment_00853,13,30.05,29.78,29.57,33.68,21.47,20.97,20.9,27.63,15.48,15.25,15.2,18.76,10.85,10.82,10.8,11.13,6.74,6.74,6.74,6.75,4.39,4.39,4.38,4.39,3.01,3.01,3.01,3.02
fragment_00854,9,32.77,32.77,32.67,32.9,26.93,27.0,25.99,27.0,21.41,21.54,19.6,21.61,14.05,14.1,13.14,14.13,8.57,8.57,8.53,8.6,5.58,5.58,5.58,5.6,3.83,3.83,3.83,3.84
fragment_00855,8,29.89,29.4,29.4,31.16,24.6,23.68,23.68,27.01,17.73,16.88,16.8,19.99,12.8,12.28,12.24,14.2,9.57,9.22,9.19,10.5,7.24,7.03,7.01,7.81,5.51,5.46,5.45,5.64
fragment_00856,18,29.88,29.32,29.22,32.93,26.05,24.82,24.7,32.52,18.23,17.0,16.53,24.71,13.41,12.89,11.97,16.59,9.73,9.75,8.76,10.16,6.59,6.6,6.29,6.62,4.54,4.54,4.53,4.54
fragment_00857,3,30.05,30.07,30.02,32.18,28.25,28.27,27.51,28.27,21.65,21.67,19.08,21.67,15.54,15.54,14.15,15.54,10.79,10.79,10.53,10.79,7.2,7.2,7.2,7.21,4.95,4.95,4.95,4.96
fragment_00858,2,34.83,34.83,34.82,34.83,28.24,28.24,28.24,28.24,20.94,20.94,20.94,20.94,13.95,13.95,13.95,13.95,9.3,9.3,9.3,9.3,6.46,6.46,6.46,6.46,4.46,4.46,4.46,4.46
fragment_00859,8,38.93,38.94,35.14,39.07,37.23,36.87,30.94,38.15,26.75,26.44,21.77,27.53,17.57,17.5,15.96,17.77,11.29,11.29,11.15,11.29,7.35,7.35,7.35,7.35,5.05,5.05,5.05,5.05
fragment_00860,3,31.47,31.49,30.77,31.49,21.56,21.55,21.55,21.87,13.91,13.9,13.9,14.91,8.95,8.95,8.95,9.09,5.52,5.52,5.52,5.52,3.59,3.59,3.59,3.59,2.47,2.47,2.47,2.47
fragment_00861,2,32.55,32.56,32.55,32.56,24.96,24.96,24.96,24.96,17.51,17.51,17.51,17.51,12.26,12.26,12.25,12.26,8.66,8.66,8.65,8.66,6.14,6.14,6.14,6.14,4.24,4.24,4.24,4.24
fragment_00862,2,30.68,30.71,30.09,30.71,24.46,24.49,23.92,24.49,16.92,16.93,16.7,16.93,10.63,10.64,10.61,10.64,6.55,6.55,6.55,6.55,4.26,4.26,4.26,4.26,2.93,2.93,2.93,2.93
fragment_00863,4,31.58,31.56,31.56,36.73,24.96,24.94,24.94,33.29,17.71,17.66,17.66,25.84,13.67,13.63,13.59,17.89,9.96,9.94,9.87,11.28,7.18,7.17,7.16,7.34,5.04,5.04,5.04,5.04
fragment_00864,2,30.46,30.45,30.45,30.47,23.6,23.59,23.59,23.6,17.47,17.47,17.47,17.47,13.33,13.33,13.33,13.33,9.04,9.04,9.04,9.04,5.89,5.89,5.89,5.89,4.04,4.04,4.04,4.04
fragment_00865,3,31.9,32.72,29.56,32.72,23.96,25.03,20.79,25.03,16.15,16.76,14.39,16.76,9.42,9.45,9.26,9.45,5.72,5.72,5.72,5.72,3.72,3.72,3.72,3.72,2.56,2.56,2.56,2.56
fragment_00866,8,30.53,30.2,29.07,32.9,26.05,25.81,24.99,29.89,20.22,20.12,19.61,22.83,13.93,13.93,13.62,14.03,8.49,8.49,8.48,8.5,5.52,5.53,5.52,5.53,3.8,3.8,3.79,3.8
fragment_00867,3,30.06,29.11,29.11,32.51,21.67,19.99,19.99,26.03,15.84,14.63,14.63,18.99,12.3,11.93,11.93,13.27,8.59,8.56,8.56,8.67,5.64,5.64,5.64,5.64,3.87,3.87,3.87,3.88
fragment_00868,22,31.69,31.69,30.37,34.37,24.7,24.38,24.05,29.36,17.97,17.65,17.54,21.06,13.2,13.09,12.97,14.06,8.8,8.79,8.77,8.82,5.74,5.73,5.73,5.74,3.94,3.94,3.93,3.94
fragment_00869,13,34.33,34.02,32.49,35.49,28.58,28.35,26.94,30.39,21.34,21.34,20.63,23.27,15.21,15.24,15.03,16.06,10.07,10.07,10.05,10.09,6.57,6.56,6.56,6.58,4.51,4.51,4.51,4.52
fragment_00870,5,29.45,30.06,26.69,30.06,21.87,22.62,19.26,22.62,14.72,15.22,13.08,15.22,10.71,10.75,10.13,10.75,7.62,7.64,7.46,7.64,5.02,5.02,5.01,5.02,3.45,3.45,3.44,3.45
fragment_00871,8,27.84,29.35,25.86,32.06,21.83,22.92,20.72,26.82,17.43,17.66,16.92,21.4,13.28,13.09,12.89,15.95,9.98,9.81,9.81,11.24,7.3,7.26,7.25,7.51,5.14,5.15,5.14,5.16
fragment_00872,4,31.3,30.73,30.4,33.2,24.14,22.86,22.66,28.04,17.47,16.06,16.0,21.71,13.1,12.2,12.15,15.75,9.58,9.18,9.15,10.73,6.89,6.82,6.81,7.12,4.89,4.89,4.89,4.89
fragment_00873,6,33.9,33.03,32.88,35.39,29.3,27.8,27.67,31.81,19.72,18.65,18.59,21.55,12.44,12.38,12.36,12.56,7.6,7.6,7.59,7.62,4.95,4.95,4.94,4.96,3.4,3.4,3.39,3.41
fragment_00874,7,29.34,28.96,28.96,31.52,20.37,19.6,19.6,26.26,14.52,13.83,13.83,20.23,12.07,11.79,11.79,15.11,9.6,9.42,9.42,11.04,7.25,7.2,7.2,7.53,5.17,5.17,5.17,5.17
fragment_00875,2,29.7,29.69,29.69,29.71,22.1,22.09,22.09,22.11,15.69,15.69,15.69,15.69,11.94,11.94,11.94,11.94,9.26,9.26,9.26,9.26,7.14,7.14,7.14,7.14,5.14,5.14,5.14,5.14
fragment_00876,2,31.11,31.3,30.78,31.3,24.49,24.63,24.24,24.63,17.74,17.77,17.69,17.77,11.08,11.08,11.08,11.08,6.78,6.78,6.78,6.78,4.41,4.41,4.41,4.41,3.03,3.03,3.03,3.03
fragment_00877,1,28.71,28.71,28.71,28.71,20.67,20.67,20.67,20.67,14.64,14.64,14.64,14.64,10.69,10.69,10.69,10.69,8.44,8.44,8.44,8.44,6.2,6.2,6.2,6.2,4.31,4.31,4.31,4.31
fragment_00878,2,31.63,31.62,31.62,32.59,25.21,25.18,25.18,28.09,18.25,18.23,18.23,20.52,13.6,13.6,13.6,13.95,8.78,8.78,8.78,8.79,5.71,5.71,5.71,5.72,3.92,3.92,3.92,3.93
fragment_00879,11,37.57,38.32,33.8,38.32,34.31,35.47,29.78,35.47,26.91,27.84,23.19,27.84,17.49,17.56,16.64,17.56,10.81,10.81,10.8,10.82,7.04,7.04,7.03,7.04,4.83,4.84,4.83,4.84
fragment_00880,6,29.06,28.6,28.54,30.5,20.82,20.13,20.08,22.8,13.23,12.9,12.7,14.42,9.34,9.31,8.86,10.04,7.07,7.07,6.68,7.59,5.61,5.47,5.47,5.9,4.55,4.41,4.41,4.75
fragment_00881,11,27.38,26.61,26.61,31.73,21.89,21.47,20.5,26.35,17.74,17.58,16.55,21.93,14.1,13.9,13.07,16.72,11.04,10.91,10.55,12.24,8.18,8.17,8.05,8.34,5.72,5.72,5.72,5.73
fragment_00882,1,28.56,28.56,28.56,28.56,19.63,19.63,19.63,19.63,13.91,13.91,13.91,13.91,9.78,9.78,9.78,9.78,6.82,6.82,6.82,6.82,4.92,4.92,4.92,4.92,3.41,3.41,3.41,3.41
fragment_00883,2,31.35,31.35,31.35,31.35,24.28,24.28,24.28,24.28,18.17,18.17,18.17,18.17,14.06,14.06,14.06,14.06,10.4,10.4,10.4,10.4,7.34,7.34,7.34,7.34,5.06,5.06,5.06,5.06
fragment_00884,2,29.84,29.84,29.84,29.84,22.21,22.21,22.21,22.21,15.49,15.49,15.49,15.49,11.39,11.39,11.39,11.39,8.17,8.17,8.17,8.17,5.76,5.76,5.76,5.76,4.1,4.1,4.1,4.1
fragment_00885,2,31.54,31.54,31.54,32.5,24.98,24.98,24.98,28.02,17.84,17.83,17.83,20.5,13.12,13.12,13.12,13.9,9.38,9.38,9.38,9.76,7.0,7.0,7.0,7.18,5.02,5.02,5.02,5.02
fragment_00886,2,29.11,29.11,29.11,29.12,20.86,20.86,20.86,20.86,14.99,14.99,14.99,14.99,11.3,11.3,11.3,11.3,8.41,8.42,8.41,8.42,6.34,6.34,6.34,6.34,4.73,4.73,4.73,4.73
fragment_00887,2,30.6,30.6,30.6,30.6,23.53,23.53,23.53,23.53,16.57,16.57,16.57,16.57,11.68,11.68,11.68,11.68,8.6,8.6,8.6,8.6,6.31,6.31,6.31,6.31,4.4,4.4,4.4,4.4
fragment_00888,3,33.58,33.21,33.21,34.76,27.65,27.15,27.15,30.05,20.06,19.79,19.79,21.64,12.51,12.51,12.5,12.57,7.61,7.61,7.61,7.62,4.95,4.95,4.95,4.96,3.4,3.4,3.4,3.41
fragment_00889,5,31.54,31.47,29.06,34.35,27.23,27.01,25.86,30.76,21.51,21.27,20.81,24.41,16.57,16.45,16.2,18.19,11.63,11.61,11.54,11.89,7.74,7.74,7.74,7.75,5.32,5.32,5.32,5.32
fragment_00890,8,29.32,29.34,26.97,29.49,25.69,25.7,21.45,25.75,20.93,20.92,17.36,21.0,13.34,13.34,12.27,13.35,8.1,8.1,8.1,8.11,5.27,5.27,5.27,5.28,3.62,3.62,3.62,3.62
fragment_00891,2,32.57,32.3,32.3,32.9,27.0,27.88,25.93,27.88,20.29,22.0,18.21,22.0,14.26,15.49,12.78,15.49,10.21,10.87,9.41,10.87,7.24,7.43,7.02,7.43,5.1,5.1,5.1,5.1
fragment_00892,1,28.21,28.21,28.21,28.21,22.72,22.72,22.72,22.72,16.14,16.14,16.14,16.14,11.91,11.91,11.91,11.91,9.03,9.03,9.03,9.03,6.54,6.54,6.54,6.54,4.59,4.59,4.59,4.59
fragment_00893,1,29.11,29.11,29.11,29.11,21.26,21.26,21.26,21.26,15.12,15.12,15.12,15.12,11.7,11.7,11.7,11.7,8.9,8.9,8.9,8.9,6.67,6.67,6.67,6.67,4.8,4.8,4.8,4.8
fragment_00894,9,30.39,29.92,29.13,33.41,25.05,24.56,23.79,28.96,19.68,19.28,17.93,22.57,15.12,14.72,13.86,17.22,11.49,11.23,10.92,12.71,8.34,8.29,8.16,8.55,5.87,5.87,5.85,5.88
fragment_00895,2,29.29,29.29,29.29,29.3,21.85,21.85,21.85,21.85,16.41,16.41,16.41,16.41,12.67,12.67,12.67,12.67,9.3,9.3,9.3,9.3,7.06,7.06,7.06,7.06,5.28,5.28,5.28,5.28
fragment_00896,5,28.86,28.76,28.71,29.72,23.35,23.56,23.01,27.53,17.48,17.86,16.88,22.55,13.78,14.07,13.3,18.74,10.8,10.96,10.54,13.39,8.21,8.28,8.1,8.78,6.02,6.03,6.01,6.04
fragment_00897,2,29.73,29.72,29.72,29.73,22.12,22.12,22.12,22.12,15.18,15.17,15.17,15.18,10.92,10.92,10.92,10.92,8.23,8.23,8.23,8.23,6.03,6.03,6.03,6.03,4.22,4.22,4.22,4.22
fragment_00898,2,32.32,32.32,32.32,32.32,25.09,25.09,25.09,25.09,17.86,17.86,17.85,17.86,12.2,12.2,12.2,12.2,8.25,8.25,8.25,8.25,5.77,5.77,5.77,5.77,3.98,3.98,3.98,3.98
fragment_00899,8,31.56,31.78,29.85,31.9,26.19,26.6,24.79,28.0,20.05,20.51,18.2,21.4,13.83,14.09,12.58,14.2,8.68,8.7,8.48,8.7,5.66,5.66,5.64,5.66,3.89,3.89,3.88,3.89
fragment_00900,8,35.6,35.6,34.28,35.76,31.78,32.09,29.02,32.54,26.06,26.39,23.15,26.43,19.23,19.38,17.56,19.4,12.25,12.25,12.06,12.25,7.97,7.97,7.97,7.97,5.48,5.48,5.47,5.48
fragment_00901,6,32.7,33.74,31.37,33.74,26.94,28.79,24.66,28.79,18.68,20.29,16.8,20.29,12.14,12.59,11.6,12.59,7.76,7.84,7.67,7.84,5.1,5.1,5.1,5.11,3.5,3.5,3.5,3.51
fragment_00902,5,27.82,27.88,26.73,28.57,22.02,22.14,19.93,23.88,17.45,17.37,16.4,19.75,13.35,13.03,13.03,15.26,10.01,9.81,9.81,11.02,7.31,7.26,7.26,7.5,5.15,5.15,5.15,5.15
fragment_00903,2,29.57,29.58,29.56,29.58,21.98,21.99,21.98,21.99,15.02,15.02,15.02,15.02,10.23,10.23,10.23,10.23,6.96,6.96,6.96,6.96,4.74,4.74,4.74,4.74,3.26,3.26,3.26,3.26
fragment_00904,2,29.24,29.24,29.24,29.24,26.44,26.44,26.44,26.44,19.13,19.13,19.13,19.13,13.42,13.42,13.42,13.42,10.01,10.01,10.01,10.01,7.46,7.46,7.46,7.46,5.38,5.38,5.38,5.38
fragment_00905,10,35.69,35.45,32.52,37.38,31.2,31.94,27.23,33.18,22.05,22.83,19.59,23.34,13.27,13.35,12.61,13.37,8.09,8.09,8.08,8.1,5.27,5.26,5.26,5.27,3.62,3.62,3.61,3.62
fragment_00906,9,30.73,30.84,30.13,31.36,22.45,22.81,21.93,22.81,15.91,16.17,15.16,16.17,11.52,11.66,11.27,11.66,8.13,8.17,8.07,8.17,5.37,5.37,5.37,5.37,3.69,3.69,3.69,3.69
fragment_00907,2,28.95,28.94,28.94,28.95,21.78,21.77,21.77,21.78,15.23,15.23,15.23,15.23,9.19,9.19,9.19,9.19,5.57,5.57,5.57,5.57,3.63,3.63,3.63,3.63,2.49,2.49,2.49,2.49
fragment_00908,2,31.86,31.86,31.86,31.86,25.38,25.38,25.38,25.38,18.99,18.99,18.99,18.99,13.45,13.45,13.45,13.45,8.88,8.88,8.88,8.88,5.8,5.8,5.8,5.8,3.98,3.98,3.98,3.98
fragment_00909,1,28.72,28.72,28.72,28.72,20.14,20.14,20.14,20.14,14.48,14.48,14.48,14.48,11.33,11.33,11.33,11.33,8.6,8.6,8.6,8.6,6.28,6.28,6.28,6.28,4.37,4.37,4.37,4.37
fragment_00910,1,28.9,28.9,28.9,28.9,20.71,20.71,20.71,20.71,14.55,14.55,14.55,14.55,10.59,10.59,10.59,10.59,7.2,7.2,7.2,7.2,4.76,4.76,4.76,4.76,3.27,3.27,3.27,3.27
fragment_00911,24,29.1,29.14,28.5,29.99,22.71,23.58,20.72,24.57,15.92,16.91,13.18,17.51,10.95,11.34,9.11,11.49,7.09,7.11,6.47,7.14,4.63,4.63,4.61,4.65,3.18,3.18,3.18,3.2
fragment_00912,2,29.31,29.32,29.31,29.32,23.09,23.1,23.09,23.1,16.95,16.95,16.95,16.95,12.42,12.42,12.42,12.42,9.15,9.15,9.15,9.15,6.27,6.27,6.27,6.27,4.31,4.31,4.31,4.31
fragment_00913,4,31.26,30.74,30.4,33.0,24.08,22.86,22.65,27.8,17.41,16.06,16.0,21.47,13.06,12.2,12.16,15.62,9.56,9.19,9.15,10.7,6.89,6.82,6.81,7.12,4.89,4.89,4.89,4.89
fragment_00914,2,29.74,29.74,29.74,29.74,22.14,22.14,22.14,22.14,15.42,15.42,15.41,15.42,11.25,11.25,11.25,11.25,7.87,7.87,7.87,7.87,5.28,5.28,5.28,5.28,3.62,3.62,3.62,3.62
fragment_00915,1,35.25,35.25,35.25,35.25,28.32,28.32,28.32,28.32,20.95,20.95,20.95,20.95,15.57,15.57,15.57,15.57,10.83,10.83,10.83,10.83,7.22,7.22,7.22,7.22,4.96,4.96,4.96,4.96
fragment_00916,22,29.03,28.76,28.57,32.11,21.57,20.7,20.7,27.1,14.91,13.33,13.33,19.59,11.17,9.73,9.73,13.51,8.34,7.59,7.59,9.27,5.95,5.75,5.75,6.06,4.16,4.15,4.15,4.16
fragment_00917,12,30.04,29.43,28.94,31.22,24.95,23.66,23.56,27.06,18.13,16.92,16.77,20.04,13.03,12.35,12.27,14.18,9.49,9.08,9.02,10.33,7.04,6.88,6.83,7.4,5.11,5.1,5.07,5.13
fragment_00918,1,28.35,28.35,28.35,28.35,21.14,21.14,21.14,21.14,16.03,16.03,16.03,16.03,11.6,11.6,11.6,11.6,8.26,8.26,8.26,8.26,5.43,5.43,5.43,5.43,3.73,3.73,3.73,3.73
fragment_00919,5,27.27,26.7,26.0,28.67,20.85,20.06,19.41,23.26,16.16,15.4,15.25,18.93,12.68,12.08,11.86,14.89,10.2,9.83,9.75,11.71,8.09,7.96,7.96,8.72,6.14,6.13,6.11,6.22
fragment_00920,3,30.51,31.03,29.8,31.03,21.79,21.75,21.75,21.85,14.76,14.37,14.37,15.29,9.27,9.22,9.22,9.34,5.66,5.66,5.66,5.66,3.68,3.68,3.68,3.68,2.53,2.53,2.53,2.53
fragment_00921,9,31.4,31.17,30.91,33.6,22.95,22.21,22.21,26.95,15.83,14.86,14.86,19.58,10.71,10.09,10.09,11.55,6.95,6.87,6.87,7.0,4.55,4.54,4.54,4.56,3.12,3.12,3.12,3.13
fragment_00922,1,28.56,28.56,28.56,28.56,20.82,20.82,20.82,20.82,14.38,14.38,14.38,14.38,10.12,10.12,10.12,10.12,6.47,6.47,6.47,6.47,4.21,4.21,4.21,4.21,2.89,2.89,2.89,2.89
fragment_00923,2,32.36,32.35,32.35,32.36,24.8,24.8,24.8,24.8,17.4,17.4,17.4,17.4,11.86,11.87,11.86,11.87,8.09,8.09,8.09,8.09,5.78,5.78,5.78,5.78,4.03,4.03,4.03,4.03
fragment_00924,6,30.02,31.23,28.74,31.23,20.46,21.66,19.2,21.66,12.97,13.54,12.31,13.54,9.15,9.51,8.74,9.51,6.9,7.12,6.65,7.12,5.32,5.4,5.15,5.41,3.96,3.97,3.94,3.97
fragment_00925,3,31.32,31.06,31.06,32.05,24.76,24.18,24.18,26.31,17.36,16.9,16.9,18.6,11.27,11.23,11.23,11.37,6.89,6.89,6.89,6.9,4.49,4.49,4.49,4.49,3.08,3.08,3.08,3.08
fragment_00926,3,31.15,31.35,30.91,31.35,24.94,25.94,23.72,25.94,17.56,18.56,16.27,18.56,11.6,11.88,11.2,11.88,7.2,7.2,7.19,7.2,4.68,4.69,4.68,4.69,3.22,3.22,3.22,3.22
fragment_00927,2,27.29,27.29,27.29,27.29,21.89,21.89,21.89,21.89,16.38,16.38,16.38,16.38,12.03,12.03,12.03,12.04,8.54,8.54,8.54,8.54,5.72,5.72,5.72,5.72,3.93,3.93,3.93,3.93
fragment_00928,2,31.94,31.94,31.94,31.95,25.44,25.44,25.44,25.45,18.83,18.83,18.83,18.83,12.81,12.81,12.81,12.81,8.58,8.58,8.58,8.58,6.01,6.01,6.01,6.01,4.28,4.28,4.28,4.28
fragment_00929,9,28.96,28.96,28.81,29.07,24.37,24.38,24.02,24.61,19.42,19.46,18.54,19.46,15.08,15.15,13.74,15.15,10.85,10.89,9.89,10.89,7.13,7.13,7.04,7.13,4.9,4.9,4.9,4.9
fragment_00930,7,29.03,29.03,29.03,29.06,21.68,21.68,21.68,21.7,15.25,15.24,15.24,15.25,11.27,11.27,11.15,11.4,9.23,9.23,9.06,9.4,7.13,7.14,7.0,7.29,5.28,5.28,5.26,5.29
fragment_00931,2,29.06,29.06,29.06,29.06,22.77,22.77,22.77,22.77,16.73,16.73,16.73,16.73,11.94,11.94,11.94,11.94,8.62,8.62,8.62,8.62,5.84,5.84,5.84,5.84,4.01,4.01,4.01,4.01
fragment_00932,5,31.36,31.77,29.14,32.72,25.69,25.71,23.57,28.29,19.43,18.99,17.73,21.59,15.12,14.68,13.47,16.23,11.58,11.35,10.72,12.23,8.29,8.29,8.04,8.34,5.72,5.72,5.71,5.73
fragment_00933,2,32.06,32.07,29.13,32.07,25.53,25.54,23.21,25.54,17.72,17.72,17.12,17.72,10.36,10.36,10.36,10.36,6.28,6.28,6.28,6.28,4.09,4.09,4.09,4.09,2.81,2.81,2.81,2.81
fragment_00934,2,29.44,29.44,29.44,29.44,22.93,22.93,22.93,22.93,16.65,16.65,16.65,16.66,12.34,12.34,12.34,12.35,9.02,9.02,9.02,9.02,6.03,6.03,6.03,6.03,4.15,4.15,4.15,4.15
fragment_00935,5,31.62,31.61,30.45,32.77,27.24,27.19,26.98,30.03,20.72,20.68,20.68,23.65,15.63,15.61,15.53,16.63,10.61,10.61,10.6,10.65,6.93,6.93,6.93,6.93,4.76,4.76,4.76,4.76
fragment_00936,3,31.87,32.71,29.57,32.71,23.93,25.02,20.8,25.02,16.15,16.76,14.39,16.76,9.42,9.44,9.26,9.44,5.72,5.72,5.72,5.72,3.72,3.72,3.72,3.72,2.56,2.56,2.56,2.56
fragment_00937,1,28.78,28.78,28.78,28.78,20.74,20.74,20.74,20.74,15.04,15.04,15.04,15.04,11.36,11.36,11.36,11.36,9.11,9.11,9.11,9.11,6.8,6.8,6.8,6.8,4.79,4.79,4.79,4.79
fragment_00938,12,34.68,35.39,32.14,37.09,29.46,30.73,26.96,33.6,21.06,22.1,19.34,24.32,13.81,14.3,12.87,14.34,8.67,8.69,8.57,8.7,5.66,5.66,5.65,5.66,3.89,3.89,3.88,3.89
fragment_00939,6,28.82,28.57,28.57,30.61,20.47,20.12,20.12,22.84,13.06,12.84,12.82,14.59,9.28,9.13,9.11,10.37,7.07,6.97,6.95,7.79,5.67,5.65,5.56,6.12,4.59,4.62,4.47,4.86
fragment_00940,3,28.55,28.56,28.54,28.56,19.83,19.83,19.82,20.06,12.79,12.78,12.78,13.11,8.59,8.59,8.59,8.71,5.52,5.52,5.51,5.52,3.59,3.59,3.59,3.59,2.47,2.47,2.46,2.47
fragment_00941,28,32.04,32.71,30.83,34.64,24.94,26.44,22.59,29.52,18.68,19.95,15.81,22.54,13.4,14.18,10.92,15.48,9.1,9.35,8.1,9.42,6.11,6.12,5.97,6.13,4.2,4.2,4.2,4.21
fragment_00942,7,28.47,28.38,28.17,28.54,20.05,19.46,19.31,20.49,13.41,12.66,12.39,14.06,9.92,9.18,9.08,10.65,7.97,7.5,7.47,8.42,6.58,6.33,6.27,6.79,4.99,4.95,4.93,5.03
fragment_00943,2,29.43,29.44,29.42,29.44,22.5,22.5,22.49,22.5,16.83,16.83,16.83,16.83,10.98,10.98,10.98,10.98,6.7,6.7,6.7,6.7,4.36,4.36,4.36,4.36,2.99,2.99,2.99,2.99
fragment_00944,3,28.81,28.81,28.8,29.01,23.55,23.55,23.55,23.72,16.82,16.82,16.82,16.83,11.17,11.16,11.16,11.18,6.83,6.83,6.83,6.83,4.44,4.44,4.44,4.45,3.05,3.05,3.05,3.06
fragment_00945,2,32.13,32.13,32.13,32.14,25.84,25.84,25.84,25.85,19.44,19.44,19.44,19.44,13.32,13.32,13.32,13.32,9.16,9.16,9.16,9.16,6.65,6.65,6.65,6.65,4.63,4.63,4.63,4.63
fragment_00946,6,29.31,28.55,28.55,30.59,21.2,20.12,20.12,23.02,13.94,12.88,12.88,15.71,10.2,9.27,9.27,11.74,8.0,7.37,7.37,9.02,6.43,6.17,6.17,6.86,5.1,5.01,4.96,5.24
fragment_00947,4,37.12,37.09,35.34,37.73,33.54,33.28,31.99,35.6,24.02,23.78,23.36,25.62,14.68,14.67,14.62,14.72,8.92,8.92,8.9,8.92,5.8,5.8,5.79,5.81,3.99,3.99,3.98,3.99
fragment_00948,6,28.78,28.58,28.56,30.62,20.4,20.13,20.12,22.85,13.0,12.83,12.81,14.58,9.23,9.11,9.1,10.35,7.02,6.94,6.94,7.75,5.55,5.49,5.49,5.97,4.37,4.32,4.32,4.54
fragment_00949,1,29.88,29.88,29.88,29.88,29.26,29.26,29.26,29.26,23.04,23.04,23.04,23.04,16.93,16.93,16.93,16.93,11.7,11.7,11.7,11.7,7.83,7.83,7.83,7.83,5.38,5.38,5.38,5.38
fragment_00950,6,32.18,32.91,30.58,32.91,25.18,26.21,22.97,26.23,15.42,16.03,14.11,16.05,8.99,9.0,8.95,9.02,5.45,5.46,5.45,5.46,3.55,3.55,3.55,3.55,2.44,2.44,2.44,2.44
fragment_00951,2,32.61,32.62,32.6,32.62,26.71,26.72,26.7,26.72,20.86,20.87,20.86,20.87,16.6,16.6,16.59,16.6,12.46,12.46,12.46,12.46,8.78,8.78,8.78,8.78,6.04,6.04,6.04,6.04
fragment_00952,3,29.99,29.98,29.98,32.08,27.49,27.5,27.48,27.5,20.04,20.06,18.85,20.06,13.93,13.95,13.57,13.95,10.08,10.09,9.69,10.09,7.04,7.04,7.0,7.04,4.89,4.89,4.89,4.9
fragment_00953,10,28.88,28.86,28.85,28.98,24.62,24.59,24.13,24.94,19.39,19.29,18.65,20.23,14.6,14.47,13.82,15.58,10.64,10.58,9.97,11.18,7.36,7.36,7.3,7.36,5.06,5.06,5.06,5.06
fragment_00954,1,28.2,28.2,28.2,28.2,19.19,19.19,19.19,19.19,13.03,13.03,13.03,13.03,9.82,9.82,9.82,9.82,7.59,7.59,7.59,7.59,5.79,5.79,5.79,5.79,4.5,4.5,4.5,4.5
fragment_00955,19,29.66,29.38,28.6,30.98,24.27,23.58,23.54,26.71,17.28,16.6,16.51,19.44,11.98,11.56,11.5,13.34,8.69,8.4,8.34,9.63,6.63,6.43,6.4,7.28,5.21,5.08,5.05,5.61
fragment_00956,1,28.97,28.97,28.97,28.97,20.79,20.79,20.79,20.79,14.81,14.81,14.81,14.81,10.93,10.93,10.93,10.93,8.05,8.05,8.05,8.05,5.95,5.95,5.95,5.95,4.19,4.19,4.19,4.19
fragment_00957,1,28.92,28.92,28.92,28.92,21.55,21.55,21.55,21.55,14.95,14.95,14.95,14.95,9.71,9.71,9.71,9.71,6.59,6.59,6.59,6.59,4.35,4.35,4.35,4.35,2.99,2.99,2.99,2.99
fragment_00958,1,35.3,35.3,35.3,35.3,29.46,29.46,29.46,29.46,22.88,22.88,22.88,22.88,18.51,18.51,18.51,18.51,13.89,13.89,13.89,13.89,9.36,9.36,9.36,9.36,6.43,6.43,6.43,6.43
fragment_00959,2,31.27,31.27,31.27,31.27,25.9,25.9,25.9,25.9,20.22,20.22,20.22,20.22,14.38,14.38,14.38,14.38,9.91,9.91,9.91,9.91,6.59,6.59,6.59,6.6,4.53,4.53,4.53,4.53
fragment_00960,1,29.1,29.1,29.1,29.1,21.78,21.78,21.78,21.78,15.26,15.26,15.26,15.26,10.67,10.67,10.67,10.67,8.3,8.3,8.3,8.3,5.99,5.99,5.99,5.99,4.15,4.15,4.15,4.15
fragment_00961,3,29.76,29.69,29.69,31.53,22.0,21.94,21.94,23.45,16.39,16.36,16.36,17.1,12.18,12.14,12.14,13.2,9.02,8.99,8.99,9.73,6.69,6.69,6.69,6.83,4.71,4.71,4.71,4.71
fragment_00962,1,28.76,28.76,28.76,28.76,20.74,20.74,20.74,20.74,14.7,14.7,14.7,14.7,10.5,10.5,10.5,10.5,7.88,7.88,7.88,7.88,5.78,5.78,5.78,5.78,4.07,4.07,4.07,4.07
fragment_00963,8,31.79,31.78,31.78,31.83,25.33,25.32,25.32,25.35,18.92,18.92,18.91,18.93,13.55,13.51,13.5,13.63,10.05,10.01,10.01,10.12,7.59,7.57,7.57,7.64,5.62,5.61,5.61,5.62
fragment_00964,10,38.09,38.46,32.49,38.46,34.66,35.0,25.86,35.0,25.23,25.37,19.71,25.79,16.69,16.73,15.14,16.8,10.71,10.71,10.59,10.72,6.97,6.97,6.96,6.98,4.79,4.79,4.78,4.79
fragment_00965,9,30.64,30.89,28.93,32.51,22.63,23.28,19.31,25.24,15.13,15.76,12.2,17.14,9.69,9.91,8.49,9.97,6.03,6.04,5.89,6.04,3.93,3.93,3.92,3.93,2.7,2.7,2.7,2.7
fragment_00966,8,30.52,30.19,29.06,32.88,26.05,25.81,25.0,29.89,20.22,20.12,19.62,22.83,13.93,13.93,13.6,14.02,8.49,8.49,8.48,8.5,5.52,5.52,5.52,5.53,3.8,3.8,3.79,3.8
fragment_00967,4,28.67,28.6,28.6,28.76,23.81,23.75,23.75,23.89,18.44,18.31,18.31,18.62,13.8,13.46,13.46,14.3,10.3,9.97,9.97,10.81,7.68,7.58,7.58,7.85,5.47,5.47,5.47,5.48
fragment_00968,20,30.43,30.91,28.89,33.08,21.87,22.33,19.28,25.26,14.47,14.44,12.21,17.51,10.07,9.84,8.61,11.25,7.14,7.01,6.19,7.6,4.92,4.94,4.54,4.97,3.41,3.41,3.37,3.41
fragment_00969,24,37.41,38.82,32.11,38.82,32.95,34.34,25.56,34.34,22.94,23.64,18.31,23.64,13.35,13.38,12.69,13.39,8.1,8.1,8.09,8.11,5.27,5.27,5.27,5.28,3.62,3.62,3.62,3.63
fragment_00970,34,32.89,32.83,32.74,35.2,26.81,28.0,25.84,30.38,21.09,22.76,19.23,24.38,15.25,16.53,13.12,17.73,10.66,11.15,9.59,11.3,7.32,7.36,7.16,7.36,5.05,5.05,5.05,5.06
fragment_00971,14,29.79,29.62,28.61,30.8,24.23,23.74,23.73,26.85,17.61,17.36,17.02,20.27,13.11,13.26,12.46,15.69,9.6,9.76,9.16,10.3,6.68,6.7,6.62,6.71,4.61,4.61,4.6,4.61
fragment_00972,4,30.92,30.46,30.08,31.4,24.41,23.12,22.86,25.65,16.82,15.64,15.54,17.93,11.05,10.81,10.78,11.26,6.86,6.86,6.86,6.87,4.47,4.47,4.47,4.47,3.07,3.07,3.07,3.07
fragment_00973,11,30.14,29.66,28.81,32.12,24.35,24.32,20.77,27.46,18.12,18.56,14.24,20.69,13.68,14.01,11.07,15.54,10.28,10.5,8.67,11.45,7.57,7.72,6.86,7.95,5.43,5.47,5.27,5.47
fragment_00974,1,28.08,28.08,28.08,28.08,19.21,19.21,19.21,19.21,12.93,12.93,12.93,12.93,9.78,9.78,9.78,9.78,7.52,7.52,7.52,7.52,5.58,5.58,5.58,5.58,4.02,4.02,4.02,4.02
fragment_00975,4,31.39,31.31,30.51,34.62,24.41,23.89,23.55,29.22,17.04,16.49,16.42,21.25,12.08,11.82,11.77,14.08,8.48,8.39,8.37,9.19,5.96,5.95,5.95,6.01,4.13,4.13,4.13,4.13
fragment_00976,6,34.44,34.43,32.52,34.89,29.39,28.78,27.77,31.7,20.99,20.05,20.05,23.51,13.36,13.06,13.06,13.89,8.4,8.39,8.39,8.42,5.47,5.47,5.47,5.48,3.76,3.76,3.76,3.76
fragment_00977,5,31.01,31.33,30.54,31.34,22.63,23.12,21.85,23.13,15.81,15.82,15.15,15.98,11.34,11.28,11.28,11.71,8.44,8.41,8.39,8.76,6.56,6.55,6.53,6.69,5.01,5.01,4.99,5.08
fragment_00978,4,28.83,28.71,28.68,30.4,20.41,20.22,20.2,22.73,12.75,12.62,12.62,14.2,8.6,8.54,8.54,9.31,5.98,5.97,5.97,6.06,3.94,3.94,3.94,3.95,2.71,2.71,2.71,2.71
fragment_00979,2,29.27,29.27,29.27,29.27,23.05,23.05,23.05,23.05,16.9,16.9,16.9,16.91,12.27,12.27,12.27,12.27,8.82,8.82,8.82,8.82,6.31,6.31,6.31,6.31,4.63,4.63,4.63,4.63
fragment_00980,2,31.13,31.15,30.85,31.15,24.07,24.09,23.83,24.09,18.41,18.42,18.33,18.42,14.83,14.83,14.76,14.83,11.11,11.12,11.08,11.12,7.76,7.76,7.75,7.76,5.33,5.33,5.33,5.33
fragment_00981,17,29.95,29.33,29.21,33.09,26.16,24.82,24.72,32.5,18.35,17.01,16.54,24.68,13.48,12.9,11.97,16.55,9.75,9.75,8.76,10.16,6.59,6.6,6.29,6.62,4.54,4.54,4.53,4.54
fragment_00982,3,30.51,30.99,29.94,30.99,21.95,21.75,21.75,22.17,15.09,14.48,14.48,15.8,9.68,9.53,9.53,9.86,5.97,5.97,5.97,5.97,3.89,3.89,3.89,3.89,2.67,2.67,2.67,2.67
fragment_00983,13,33.65,34.1,31.94,35.31,27.86,28.59,25.05,29.46,18.1,18.48,16.59,18.63,10.16,10.15,10.15,10.21,6.15,6.15,6.15,6.18,4.01,4.0,4.0,4.02,2.75,2.75,2.75,2.76
fragment_00984,1,28.94,28.94,28.94,28.94,20.62,20.62,20.62,20.62,14.26,14.26,14.26,14.26,9.93,9.93,9.93,9.93,6.63,6.63,6.63,6.63,4.4,4.4,4.4,4.4,3.02,3.02,3.02,3.02
fragment_00985,23,29.12,28.8,28.75,32.99,22.01,21.84,20.7,29.58,15.46,15.41,13.3,22.43,11.8,11.57,9.68,16.79,9.22,8.8,7.51,12.47,7.2,6.88,6.05,8.79,5.56,5.43,4.89,6.06
fragment_00986,7,31.14,30.49,30.49,32.23,23.69,22.96,22.73,26.11,17.28,17.02,16.04,19.41,11.4,11.59,10.89,11.71,7.09,7.09,7.07,7.1,4.62,4.61,4.61,4.62,3.17,3.17,3.17,3.17
fragment_00987,1,33.1,33.1,33.1,33.1,27.79,27.79,27.79,27.79,20.58,20.58,20.58,20.58,14.24,14.24,14.24,14.24,10.22,10.22,10.22,10.22,7.49,7.49,7.49,7.49,5.32,5.32,5.32,5.32
fragment_00988,1,28.63,28.63,28.63,28.63,19.68,19.68,19.68,19.68,14.58,14.58,14.58,14.58,11.65,11.65,11.65,11.65,8.98,8.98,8.98,8.98,6.68,6.68,6.68,6.68,4.74,4.74,4.74,4.74
fragment_00989,4,28.84,28.83,28.83,28.84,22.04,22.03,22.03,22.05,16.5,16.5,16.5,16.51,12.07,12.07,12.06,12.07,9.04,9.04,9.04,9.05,6.12,6.12,6.12,6.12,4.21,4.21,4.21,4.21
fragment_00990,24,33.85,34.21,31.8,35.76,28.54,30.5,24.92,31.6,19.31,21.65,16.18,22.88,12.45,13.67,10.84,13.78,8.16,8.34,7.59,8.35,5.43,5.43,5.38,5.44,3.73,3.73,3.73,3.74
fragment_00991,11,28.51,28.52,28.43,28.55,20.22,20.08,19.49,20.72,13.86,13.74,12.56,14.46,10.16,9.94,8.93,11.2,8.06,7.84,7.21,9.04,6.62,6.49,6.06,7.03,5.31,5.3,4.96,5.4
fragment_00992,2,30.67,30.7,30.11,30.7,24.46,24.49,23.94,24.49,16.93,16.94,16.71,16.94,10.63,10.64,10.61,10.64,6.55,6.55,6.55,6.55,4.26,4.26,4.26,4.26,2.93,2.93,2.93,2.93
fragment_00993,5,34.05,33.14,31.99,35.48,28.01,26.83,25.99,29.98,19.36,18.43,18.26,20.87,12.07,12.05,12.03,12.1,7.33,7.32,7.32,7.33,4.77,4.77,4.76,4.77,3.28,3.27,3.27,3.28
fragment_00994,2,29.8,29.8,29.79,29.8,22.18,22.18,22.17,22.18,15.46,15.46,15.46,15.46,11.35,11.35,11.35,11.35,8.19,8.19,8.19,8.19,5.76,5.76,5.76,5.76,3.98,3.98,3.98,3.98
fragment_00995,1,28.12,28.12,28.12,28.12,19.8,19.8,19.8,19.8,13.05,13.05,13.05,13.05,7.94,7.94,7.94,7.94,4.81,4.81,4.81,4.81,3.13,3.13,3.13,3.13,2.15,2.15,2.15,2.15
fragment_00996,2,31.58,31.57,31.57,32.56,25.11,25.1,25.1,28.08,18.12,18.12,18.12,20.45,13.46,13.46,13.46,13.78,8.56,8.56,8.56,8.58,5.57,5.57,5.57,5.58,3.83,3.83,3.83,3.83
fragment_00997,2,30.68,30.69,30.68,30.69,23.68,23.68,23.67,23.68,18.17,18.17,18.17,18.17,12.97,12.97,12.97,12.97,8.55,8.55,8.55,8.55,5.59,5.59,5.59,5.59,3.84,3.84,3.84,3.84
fragment_00998,6,32.27,31.72,31.64,33.39,26.12,24.9,24.87,27.88,17.06,15.78,15.75,18.58,10.52,10.0,9.99,11.06,6.67,6.62,6.62,6.71,4.37,4.37,4.36,4.37,3.0,3.0,3.0,3.0
fragment_00999,14,33.02,33.43,31.52,34.27,27.62,28.44,24.97,29.74,18.76,19.42,16.42,20.53,11.46,11.68,10.9,11.73,7.1,7.1,7.08,7.11,4.62,4.62,4.62,4.63,3.17,3.17,3.17,3.18
fragment_01000,7,27.14,27.77,26.05,27.77,20.75,21.5,19.49,21.51,15.34,15.72,14.73,15.72,9.24,9.26,9.19,9.26,5.61,5.61,5.61,5.61,3.65,3.65,3.65,3.65,2.51,2.51,2.51,2.51
fragment_01001,2,31.01,31.04,30.92,31.04,24.48,24.69,23.73,24.69,16.93,17.09,16.37,17.09,11.14,11.12,11.12,11.21,7.19,7.2,7.19,7.2,4.68,4.68,4.68,4.68,3.22,3.22,3.22,3.22
fragment_01002,2,31.63,31.16,31.16,32.19,25.57,24.65,24.65,26.64,17.69,17.0,17.0,18.5,10.54,10.54,10.54,10.54,6.39,6.39,6.39,6.39,4.16,4.16,4.16,4.16,2.86,2.86,2.86,2.86
fragment_01003,7,30.9,31.33,28.95,31.33,21.3,21.43,20.26,21.43,13.97,13.98,12.89,14.01,9.17,9.22,8.54,9.22,5.66,5.66,5.65,5.66,3.68,3.68,3.68,3.68,2.53,2.53,2.53,2.53
fragment_01004,10,27.44,26.61,26.61,31.36,21.93,21.46,20.52,25.37,17.75,17.57,16.55,20.13,14.1,13.89,13.07,15.83,11.04,10.91,10.55,12.23,8.17,8.17,8.04,8.33,5.72,5.72,5.72,5.73
fragment_01005,2,30.61,30.6,30.6,30.61,23.54,23.53,23.53,23.54,16.59,16.58,16.58,16.59,11.77,11.77,11.77,11.78,8.71,8.71,8.71,8.71,6.52,6.52,6.52,6.52,4.67,4.67,4.67,4.67
fragment_01006,1,28.16,28.16,28.16,28.16,19.18,19.18,19.18,19.18,13.0,13.0,13.0,13.0,9.63,9.63,9.63,9.63,7.32,7.32,7.32,7.32,5.32,5.32,5.32,5.32,3.7,3.7,3.7,3.7
fragment_01007,5,31.3,31.12,31.0,32.05,24.92,24.71,24.6,25.35,15.93,15.97,15.68,15.97,8.91,8.91,8.9,8.92,5.4,5.4,5.39,5.4,3.51,3.51,3.51,3.52,2.41,2.41,2.41,2.42
fragment_01008,4,30.8,30.81,30.79,30.81,24.87,24.88,24.86,25.85,17.83,17.83,17.82,18.8,11.35,11.35,11.35,11.41,6.91,6.91,6.91,6.91,4.5,4.5,4.5,4.5,3.09,3.09,3.09,3.09
fragment_01009,1,35.27,35.27,35.27,35.27,30.54,30.54,30.54,30.54,23.28,23.28,23.28,23.28,14.63,14.63,14.63,14.63,8.9,8.9,8.9,8.9,5.79,5.79,5.79,5.79,3.98,3.98,3.98,3.98
fragment_01010,3,31.32,30.97,30.97,32.07,28.48,27.67,27.67,30.21,19.74,19.06,19.06,21.22,12.28,12.21,12.21,12.44,7.54,7.54,7.54,7.54,4.91,4.9,4.9,4.91,3.37,3.37,3.37,3.37
fragment_01011,7,30.84,30.83,30.48,30.93,27.0,26.86,26.75,28.38,20.99,20.87,20.87,22.23,14.28,14.23,14.23,14.68,8.99,8.99,8.99,8.99,5.85,5.85,5.85,5.85,4.02,4.02,4.02,4.02
fragment_01012,2,32.57,32.56,32.56,32.58,25.62,25.61,25.61,25.62,18.86,18.86,18.86,18.87,14.45,14.44,14.44,14.45,10.72,10.72,10.72,10.72,7.56,7.56,7.56,7.56,5.21,5.21,5.21,5.21
fragment_01013,1,28.55,28.55,28.55,28.55,19.65,19.65,19.65,19.65,14.53,14.53,14.53,14.53,11.37,11.37,11.37,11.37,7.81,7.81,7.81,7.81,5.09,5.09,5.09,5.09,3.5,3.5,3.5,3.5
fragment_01014,1,28.07,28.07,28.07,28.07,19.69,19.69,19.69,19.69,13.35,13.35,13.35,13.35,9.95,9.95,9.95,9.95,7.69,7.69,7.69,7.69,5.78,5.78,5.78,5.78,4.37,4.37,4.37,4.37
fragment_01015,2,29.86,29.87,29.86,29.87,22.24,22.24,22.24,22.24,15.45,15.45,15.45,15.45,11.5,11.5,11.5,11.5,8.71,8.72,8.71,8.72,6.47,6.47,6.47,6.47,4.57,4.57,4.57,4.57
fragment_01016,3,28.8,28.79,28.79,28.94,24.05,24.04,24.04,24.14,17.91,17.91,17.91,17.92,12.89,12.89,12.89,12.9,9.79,9.79,9.79,9.8,7.18,7.18,7.18,7.19,5.06,5.06,5.06,5.06
fragment_01017,1,28.76,28.76,28.76,28.76,20.73,20.73,20.73,20.73,14.71,14.71,14.71,14.71,10.61,10.61,10.61,10.61,8.09,8.09,8.09,8.09,6.14,6.14,6.14,6.14,4.65,4.65,4.65,4.65
fragment_01018,1,28.44,28.44,28.44,28.44,20.1,20.1,20.1,20.1,13.79,13.79,13.79,13.79,10.17,10.17,10.17,10.17,7.82,7.82,7.82,7.82,5.84,5.84,5.84,5.84,4.41,4.41,4.41,4.41
fragment_01019,2,29.76,29.76,29.75,29.76,22.12,22.12,22.11,22.12,15.24,15.25,15.24,15.25,11.19,11.19,11.18,11.19,8.07,8.07,8.07,8.07,5.56,5.56,5.56,5.56,3.82,3.82,3.82,3.82
fragment_01020,6,30.51,30.29,30.1,31.11,23.0,22.5,22.35,24.09,15.74,15.18,15.09,17.23,11.41,10.99,10.92,12.47,8.47,8.28,8.25,8.94,6.15,6.07,6.05,6.31,4.39,4.39,4.38,4.39
fragment_01021,16,31.55,31.47,31.45,34.86,24.94,24.88,24.86,31.28,18.11,17.75,17.75,24.03,14.37,13.71,13.71,16.55,10.78,10.35,10.05,11.96,7.83,7.72,7.29,8.31,5.66,5.68,5.43,5.72
fragment_01022,5,32.13,31.71,31.71,33.59,27.12,26.72,26.72,29.04,20.4,20.07,20.07,21.86,13.32,13.27,13.27,13.46,8.16,8.15,8.15,8.16,5.31,5.31,5.31,5.31,3.65,3.65,3.65,3.65
fragment_01023,3,28.84,28.58,28.58,30.5,20.48,20.12,20.12,22.78,13.05,12.82,12.82,14.52,9.27,9.11,9.11,10.3,7.05,6.94,6.94,7.74,5.59,5.53,5.53,5.98,4.42,4.39,4.39,4.6
fragment_01024,8,31.47,31.54,31.29,31.56,24.92,24.66,24.66,25.42,19.45,19.26,19.26,19.83,15.24,15.26,15.11,15.26,10.94,10.94,10.89,10.96,7.37,7.37,7.37,7.37,5.06,5.06,5.06,5.07
fragment_01025,2,32.03,32.03,32.03,32.03,25.49,25.49,25.49,25.49,18.26,18.26,18.26,18.26,12.89,12.89,12.89,12.89,8.56,8.56,8.56,8.56,5.59,5.59,5.59,5.59,3.84,3.84,3.84,3.84
fragment_01026,2,29.69,29.69,29.69,29.69,22.11,22.11,22.11,22.11,15.34,15.34,15.34,15.34,11.05,11.05,11.05,11.05,7.65,7.65,7.65,7.65,5.14,5.14,5.14,5.14,3.53,3.53,3.53,3.53
fragment_01027,2,29.87,29.87,29.87,29.87,23.43,23.44,23.43,23.44,17.68,17.68,17.68,17.68,13.0,13.0,13.0,13.0,9.54,9.54,9.54,9.54,6.87,6.87,6.87,6.87,4.82,4.82,4.82,4.82
fragment_01028,23,31.01,32.74,28.95,34.66,22.77,26.19,19.3,27.34,15.24,18.01,12.21,18.88,10.17,11.17,8.62,11.2,6.7,6.78,6.12,6.79,4.41,4.41,4.35,4.42,3.03,3.03,3.03,3.04
fragment_01029,9,31.3,30.65,30.65,33.62,23.03,22.13,22.13,26.97,16.0,15.03,15.03,19.59,10.8,10.12,10.12,11.56,6.96,6.88,6.88,7.0,4.55,4.55,4.55,4.56,3.12,3.12,3.12,3.13
fragment_01030,2,32.59,32.6,32.59,32.6,25.63,25.63,25.63,25.63,18.88,18.87,18.87,18.88,14.46,14.46,14.46,14.46,10.77,10.77,10.77,10.77,7.7,7.7,7.7,7.7,5.36,5.36,5.36,5.36
fragment_01031,27,33.26,33.52,31.41,34.25,30.39,31.04,26.49,31.54,24.28,24.84,19.89,25.67,17.36,17.73,13.53,18.25,11.44,11.56,9.88,11.66,7.58,7.58,7.36,7.6,5.21,5.21,5.2,5.22
fragment_01032,4,32.42,32.4,32.4,33.31,25.64,25.62,25.61,26.99,18.75,18.73,18.73,19.87,13.4,13.4,13.4,13.44,8.41,8.41,8.41,8.42,5.48,5.47,5.47,5.48,3.76,3.76,3.76,3.76
fragment_01033,5,31.55,31.56,31.53,31.74,24.42,24.42,24.41,24.56,18.3,18.3,18.29,18.43,14.15,14.15,14.14,14.22,10.64,10.64,10.64,10.67,7.76,7.76,7.76,7.76,5.4,5.41,5.4,5.41
fragment_01034,8,33.34,33.42,32.73,33.42,28.0,28.17,25.99,28.17,22.84,23.04,19.55,23.04,15.37,15.48,13.14,15.48,9.54,9.57,8.84,9.58,6.23,6.23,6.2,6.24,4.28,4.28,4.28,4.29
fragment_01035,5,24.89,24.88,24.88,29.52,16.4,16.4,16.4,22.7,11.6,11.59,11.56,16.07,9.13,9.13,9.11,10.26,6.7,6.7,6.7,6.85,4.58,4.58,4.58,4.58,3.14,3.14,3.14,3.15
fragment_01036,8,29.02,29.02,29.01,29.04,21.54,21.54,21.53,21.55,14.86,14.85,14.85,14.86,10.52,10.52,10.52,10.52,7.24,7.23,7.23,7.24,5.25,5.27,5.23,5.28,4.13,4.16,4.09,4.16
fragment_01037,25,33.2,32.97,32.7,35.17,26.9,27.27,25.94,29.08,20.86,21.49,19.25,23.23,14.62,15.2,12.74,16.61,9.75,10.0,8.78,10.23,6.6,6.66,6.25,6.66,4.57,4.58,4.55,4.58
fragment_01038,2,29.74,29.74,29.74,29.74,22.12,22.12,22.12,22.12,15.47,15.47,15.47,15.47,11.57,11.57,11.57,11.57,8.75,8.75,8.75,8.76,6.58,6.58,6.58,6.58,4.73,4.73,4.73,4.73
fragment_01039,2,30.75,30.77,30.74,30.77,23.97,23.99,23.96,23.99,18.7,18.71,18.7,18.71,13.5,13.5,13.5,13.5,8.87,8.87,8.87,8.87,5.79,5.79,5.79,5.79,3.98,3.98,3.98,3.98
fragment_01040,16,29.65,28.95,28.77,30.56,21.91,20.86,20.23,23.29,15.1,15.0,13.05,16.03,11.43,11.73,9.7,12.13,8.95,9.15,7.8,9.49,7.05,7.02,6.48,7.35,5.48,5.43,5.31,5.6
fragment_01041,3,32.33,32.38,30.22,32.38,26.55,26.65,22.36,26.65,21.41,21.53,16.67,21.53,15.6,15.69,11.91,15.69,10.7,10.74,8.82,10.74,7.11,7.11,6.72,7.11,4.89,4.89,4.88,4.89
fragment_01042,10,33.47,33.41,32.51,34.59,26.01,25.67,25.67,29.07,19.6,19.06,19.06,23.3,13.95,13.47,13.47,15.45,9.32,9.27,9.26,9.39,6.11,6.1,6.1,6.11,4.2,4.19,4.19,4.2
fragment_01043,2,29.64,29.63,29.63,29.64,22.04,22.03,22.03,22.04,15.75,15.75,15.75,15.75,11.92,11.92,11.91,11.92,8.83,8.83,8.83,8.83,6.26,6.26,6.26,6.26,4.3,4.3,4.3,4.3
fragment_01044,1,29.14,29.14,29.14,29.14,20.87,20.87,20.87,20.87,15.01,15.01,15.01,15.01,11.13,11.13,11.13,11.13,8.12,8.12,8.12,8.12,5.96,5.96,5.96,5.96,4.14,4.14,4.14,4.14
fragment_01045,12,29.79,29.63,29.16,30.58,24.3,23.74,23.72,26.62,17.25,16.82,16.82,19.0,11.9,11.8,11.67,12.75,8.21,8.16,8.05,8.66,5.72,5.71,5.68,5.73,3.94,3.94,3.93,3.94
fragment_01046,3,29.96,29.98,29.65,30.72,23.38,23.41,22.65,25.03,16.17,16.2,15.61,17.29,9.96,9.97,9.91,9.99,6.04,6.04,6.04,6.05,3.93,3.93,3.93,3.94,2.7,2.7,2.7,2.71
fragment_01047,2,29.87,29.87,29.87,29.87,23.69,23.69,23.69,23.69,16.52,16.52,16.52,16.52,11.36,11.36,11.36,11.36,8.29,8.29,8.29,8.29,6.42,6.42,6.42,6.42,5.1,5.1,5.1,5.1
fragment_01048,4,33.06,33.33,32.59,33.33,27.75,28.38,26.03,28.38,19.92,20.49,18.25,20.49,12.79,12.88,12.52,12.88,7.84,7.83,7.83,7.85,5.1,5.1,5.1,5.11,3.5,3.5,3.5,3.51
fragment_01049,13,33.48,33.46,31.3,35.34,29.54,29.61,26.8,31.59,23.51,23.62,21.36,24.88,16.99,17.21,15.76,17.38,10.78,10.8,10.63,10.8,7.03,7.03,7.03,7.03,4.83,4.83,4.83,4.83
fragment_01050,2,29.26,29.26,29.26,29.26,23.03,23.03,23.03,23.04,16.99,16.98,16.98,16.99,12.88,12.88,12.88,12.88,9.82,9.82,9.82,9.82,7.1,7.1,7.1,7.1,5.01,5.01,5.01,5.01
fragment_01051,2,30.85,30.85,30.85,30.86,23.8,23.79,23.79,23.8,16.87,16.87,16.87,16.87,12.11,12.11,12.11,12.11,8.08,8.08,8.08,8.08,5.28,5.28,5.28,5.28,3.63,3.63,3.63,3.63
fragment_01052,2,31.94,31.93,31.93,31.94,25.44,25.44,25.44,25.45,19.22,19.22,19.22,19.23,13.24,13.24,13.24,13.24,8.62,8.63,8.62,8.63,5.71,5.71,5.7,5.71,3.92,3.92,3.92,3.92
fragment_01053,5,32.0,31.86,31.48,32.82,26.56,26.45,25.59,27.55,19.37,19.52,18.99,20.16,12.42,12.42,12.41,12.44,7.54,7.54,7.53,7.55,4.91,4.91,4.9,4.91,3.37,3.37,3.37,3.38
fragment_01054,1,31.72,31.72,31.72,31.72,25.29,25.29,25.29,25.29,18.08,18.08,18.08,18.08,12.68,12.68,12.68,12.68,8.27,8.27,8.27,8.27,5.38,5.38,5.38,5.38,3.7,3.7,3.7,3.7
fragment_01055,9,31.67,31.87,30.8,32.29,24.58,25.0,22.63,25.81,17.38,17.65,15.52,18.59,10.92,10.95,10.48,11.03,6.68,6.68,6.67,6.68,4.34,4.34,4.34,4.35,2.98,2.98,2.98,2.99
fragment_01056,23,31.5,31.41,30.9,34.69,24.52,24.46,22.79,29.51,18.59,18.32,16.38,22.59,13.55,13.22,12.46,14.69,8.91,8.84,8.72,8.98,5.83,5.83,5.83,5.84,4.01,4.01,4.01,4.01
fragment_01057,1,29.03,29.03,29.03,29.03,20.73,20.73,20.73,20.73,14.58,14.58,14.58,14.58,10.91,10.91,10.91,10.91,7.82,7.82,7.82,7.82,5.34,5.34,5.34,5.34,3.67,3.67,3.67,3.67
fragment_01058,7,29.94,29.93,29.5,32.37,24.59,24.61,23.54,27.66,19.12,19.19,17.97,21.11,14.04,14.09,13.42,14.86,9.3,9.31,9.24,9.32,6.06,6.06,6.05,6.06,4.16,4.16,4.15,4.17
fragment_01059,2,29.14,29.14,29.14,29.15,22.87,22.87,22.87,22.87,16.83,16.83,16.83,16.83,12.11,12.11,12.11,12.11,8.56,8.56,8.56,8.56,5.73,5.73,5.73,5.73,3.94,3.94,3.94,3.94
fragment_01060,1,29.21,29.21,29.21,29.21,26.39,26.39,26.39,26.39,19.1,19.1,19.1,19.1,13.36,13.36,13.36,13.36,9.89,9.89,9.89,9.89,6.81,6.81,6.81,6.81,4.68,4.68,4.68,4.68
fragment_01061,2,31.92,31.68,31.68,32.43,25.33,24.65,24.65,26.79,17.61,17.03,17.03,18.85,12.03,11.93,11.93,12.25,7.49,7.49,7.49,7.49,4.88,4.88,4.88,4.88,3.35,3.35,3.35,3.35
fragment_01062,3,27.12,27.12,27.12,27.16,21.43,21.43,21.43,21.49,14.92,14.92,14.92,14.92,8.83,8.83,8.83,8.83,5.35,5.35,5.35,5.35,3.48,3.48,3.48,3.48,2.39,2.39,2.39,2.39
fragment_01063,2,28.64,28.63,28.63,28.65,22.11,22.11,22.11,22.12,16.29,16.29,16.29,16.3,11.65,11.65,11.65,11.65,7.42,7.42,7.42,7.42,4.83,4.83,4.83,4.83,3.32,3.32,3.32,3.32
fragment_01064,6,32.7,33.75,31.37,33.75,26.94,28.79,24.66,28.79,18.68,20.29,16.8,20.29,12.14,12.59,11.6,12.59,7.76,7.84,7.67,7.84,5.1,5.1,5.1,5.11,3.5,3.5,3.5,3.51
fragment_01065,2,33.53,33.53,33.53,33.53,28.43,28.43,28.43,28.43,16.42,16.42,16.42,16.42,9.0,9.0,8.99,9.0,5.45,5.45,5.45,5.45,3.55,3.55,3.55,3.55,2.44,2.44,2.44,2.44
fragment_01066,2,24.97,24.97,24.97,25.11,15.5,15.5,15.5,15.68,9.3,9.3,9.3,9.37,5.31,5.31,5.31,5.32,3.22,3.22,3.22,3.23,2.09,2.09,2.09,2.1,1.44,1.44,1.44,1.44
fragment_01067,2,29.84,29.84,29.83,29.84,22.24,22.25,22.24,22.25,15.39,15.39,15.39,15.39,11.08,11.08,11.08,11.08,8.04,8.04,8.04,8.04,6.02,6.02,6.02,6.02,4.34,4.34,4.34,4.34
fragment_01068,4,30.91,30.46,30.08,31.4,24.41,23.12,22.86,25.65,16.81,15.64,15.54,17.93,11.05,10.81,10.78,11.26,6.86,6.86,6.86,6.87,4.47,4.47,4.47,4.47,3.07,3.07,3.07,3.07
fragment_01069,1,31.97,31.97,31.97,31.97,25.47,25.47,25.47,25.47,18.23,18.23,18.23,18.23,12.98,12.98,12.98,12.98,8.64,8.64,8.64,8.64,5.62,5.62,5.62,5.62,3.86,3.86,3.86,3.86
fragment_01070,8,28.98,28.95,28.94,29.05,24.06,24.01,24.01,24.15,18.49,18.33,18.33,18.68,14.03,13.79,13.79,14.45,10.19,9.9,9.9,10.69,7.32,7.27,7.27,7.4,5.09,5.09,5.09,5.09
fragment_01071,6,31.73,32.01,29.96,32.01,27.1,27.83,24.1,27.94,21.03,21.76,17.78,22.94,15.95,16.43,13.37,17.23,11.65,11.89,10.29,11.96,7.95,7.99,7.62,8.0,5.49,5.49,5.47,5.49
fragment_01072,8,28.7,28.7,28.67,28.76,20.29,20.3,19.68,20.3,14.18,14.2,13.27,14.2,10.66,10.67,10.19,10.91,7.88,7.89,7.53,8.94,6.2,6.2,5.88,7.07,4.95,4.96,4.78,5.38
fragment_01073,1,29.4,29.4,29.4,29.4,21.91,21.91,21.91,21.91,16.81,16.81,16.81,16.81,13.59,13.59,13.59,13.59,9.95,9.95,9.95,9.95,6.58,6.58,6.58,6.58,4.52,4.52,4.52,4.52
fragment_01074,30,29.28,29.44,28.57,32.74,22.36,23.02,20.67,29.6,15.55,16.22,13.62,23.17,11.74,11.84,10.68,17.71,9.33,9.1,8.81,13.52,7.64,7.39,7.25,9.66,6.16,6.0,5.98,6.67
fragment_01075,4,30.88,30.86,30.15,31.33,25.35,25.06,23.7,27.05,18.78,18.22,16.85,21.09,14.1,13.71,12.25,15.32,10.23,10.09,8.99,10.72,7.13,7.12,6.81,7.19,4.93,4.93,4.92,4.94
fragment_01076,2,30.77,30.77,30.77,30.77,23.68,23.68,23.68,23.68,16.71,16.71,16.71,16.71,12.0,12.0,12.0,12.0,8.87,8.87,8.87,8.87,6.66,6.66,6.66,6.66,4.8,4.8,4.8,4.8
fragment_01077,9,30.1,29.4,28.69,31.26,25.04,23.66,23.66,27.09,18.15,16.86,16.81,20.01,13.18,12.48,12.48,14.18,9.81,9.38,9.38,10.41,7.41,7.15,7.15,7.77,5.69,5.58,5.58,5.83
fragment_01078,2,32.36,32.51,32.14,32.51,27.11,27.28,26.86,27.28,20.84,20.98,20.63,20.98,14.88,14.9,14.86,14.9,9.36,9.36,9.36,9.36,6.09,6.09,6.09,6.09,4.18,4.19,4.18,4.19
fragment_01079,4,32.5,32.51,32.49,32.51,25.61,25.61,25.6,25.61,18.85,18.85,18.85,18.86,14.38,14.38,14.38,14.39,10.78,10.78,10.78,10.78,7.78,7.78,7.77,7.78,5.41,5.41,5.41,5.41
fragment_01080,4,33.24,33.26,32.12,33.26,27.7,27.74,25.83,27.74,18.61,18.63,17.02,18.65,10.58,10.58,10.56,10.6,6.41,6.41,6.41,6.42,4.17,4.17,4.17,4.18,2.87,2.87,2.87,2.87
fragment_01081,3,31.23,31.15,31.1,32.33,29.07,29.22,27.55,29.22,21.71,21.93,19.19,21.93,16.1,16.28,14.11,16.28,12.07,12.21,10.54,12.21,8.52,8.57,7.99,8.57,5.89,5.89,5.86,5.89
fragment_01082,12,30.35,29.09,28.9,36.05,26.96,25.53,25.37,33.54,20.55,19.49,19.49,25.97,14.72,13.99,13.95,17.85,10.84,10.53,10.45,12.02,7.75,7.68,7.66,7.93,5.43,5.43,5.43,5.45
fragment_01083,2,30.44,30.43,30.43,30.44,23.38,23.38,23.38,23.38,16.3,16.3,16.3,16.3,11.0,11.01,11.0,11.01,7.28,7.28,7.28,7.28,4.84,4.84,4.83,4.84,3.32,3.32,3.32,3.32
fragment_01084,36,29.03,29.03,29.02,29.04,21.54,21.54,21.53,21.55,14.86,14.86,14.85,14.86,10.52,10.52,10.51,10.53,7.28,7.24,7.23,7.44,5.44,5.31,5.24,5.75,4.42,4.32,4.15,4.67
fragment_01085,6,31.5,31.51,31.37,31.76,25.05,25.07,24.95,25.63,18.57,18.69,18.34,19.38,14.89,15.2,14.29,15.27,10.99,11.35,10.28,11.38,7.76,7.85,7.59,7.86,5.4,5.4,5.39,5.4
fragment_01086,2,29.63,29.63,29.62,29.63,22.02,22.02,22.02,22.02,15.19,15.19,15.19,15.19,10.97,10.97,10.97,10.97,8.19,8.19,8.19,8.19,5.79,5.79,5.79,5.79,3.99,3.99,3.99,3.99
fragment_01087,19,29.57,28.79,28.76,30.93,23.06,21.2,21.16,26.2,16.64,14.79,14.79,19.81,12.79,11.52,11.52,14.79,9.54,8.84,8.84,10.33,6.69,6.56,6.54,6.75,4.63,4.63,4.62,4.64
fragment_01088,1,29.06,29.06,29.06,29.06,21.23,21.23,21.23,21.23,14.92,14.92,14.92,14.92,11.07,11.07,11.07,11.07,7.43,7.43,7.43,7.43,4.83,4.83,4.83,4.83,3.32,3.32,3.32,3.32
fragment_01089,22,34.08,34.61,31.74,36.04,29.07,30.01,24.94,32.43,20.68,21.46,17.06,23.42,14.55,15.04,12.32,15.87,9.81,10.0,8.86,10.02,6.49,6.51,6.34,6.52,4.47,4.47,4.47,4.48
fragment_01090,9,29.72,30.13,28.51,31.29,23.03,23.45,20.73,27.2,16.18,16.58,13.71,19.87,12.15,12.43,10.54,14.21,9.34,9.59,8.51,10.12,6.68,6.73,6.54,6.74,4.62,4.63,4.62,4.63
fragment_01091,7,29.86,29.88,29.84,29.88,22.25,22.26,22.23,22.26,15.39,15.4,15.38,15.4,11.09,11.09,11.08,11.13,8.25,8.26,8.2,8.33,6.59,6.67,6.48,6.68,5.35,5.47,5.22,5.47
fragment_01092,7,32.3,31.72,31.64,33.35,26.22,24.89,24.87,27.84,17.17,15.77,15.75,18.55,10.57,9.99,9.99,11.06,6.67,6.62,6.62,6.72,4.37,4.37,4.36,4.37,3.0,3.0,3.0,3.0
fragment_01093,24,32.4,35.08,30.79,35.08,24.74,27.96,22.58,27.98,18.13,20.77,15.77,20.77,12.42,13.31,10.69,13.31,8.01,8.09,7.44,8.1,5.27,5.27,5.24,5.27,3.62,3.62,3.62,3.62
fragment_01094,2,29.86,29.86,29.85,29.86,22.25,22.25,22.24,22.25,15.56,15.56,15.56,15.56,11.89,11.9,11.89,11.9,9.27,9.27,9.27,9.27,6.71,6.71,6.71,6.71,4.63,4.63,4.63,4.63
fragment_01095,2,29.4,29.4,29.4,29.41,26.02,26.01,26.01,26.02,20.4,20.4,20.4,20.4,13.22,13.22,13.22,13.22,8.06,8.06,8.06,8.06,5.25,5.25,5.25,5.25,3.61,3.61,3.61,3.61
fragment_01096,2,32.01,32.0,32.0,32.01,25.53,25.53,25.53,25.54,18.92,18.92,18.92,18.92,13.19,13.19,13.19,13.19,9.22,9.22,9.22,9.22,6.51,6.51,6.51,6.51,4.49,4.49,4.49,4.49
fragment_01097,4,31.44,31.63,29.65,31.63,25.09,25.28,23.59,25.28,19.29,19.57,18.02,19.57,14.07,14.25,13.16,14.25,10.25,10.31,9.93,10.31,7.58,7.61,7.42,7.61,5.37,5.37,5.36,5.37
fragment_01098,6,28.2,28.2,28.18,29.0,23.67,23.68,22.92,23.68,17.63,17.63,16.52,17.64,13.31,13.31,12.45,13.42,9.72,9.72,9.17,10.15,6.69,6.69,6.59,6.7,4.6,4.6,4.6,4.6
fragment_01099,2,32.02,32.02,32.02,32.03,25.76,25.76,25.76,25.76,19.58,19.58,19.58,19.58,14.07,14.07,14.06,14.07,9.49,9.49,9.49,9.49,6.24,6.24,6.24,6.24,4.29,4.29,4.29,4.29
fragment_01100,2,32.59,32.3,32.3,32.95,27.01,27.88,25.95,27.88,20.3,22.01,18.21,22.01,14.27,15.49,12.78,15.49,10.21,10.87,9.41,10.87,7.24,7.43,7.02,7.43,5.1,5.11,5.1,5.11
fragment_01101,2,29.82,29.82,29.81,29.82,22.22,22.22,22.22,22.22,15.39,15.39,15.39,15.39,11.1,11.1,11.1,11.1,7.88,7.88,7.88,7.88,5.51,5.51,5.51,5.51,3.79,3.79,3.79,3.79
fragment_01102,7,33.44,34.37,32.58,34.37,28.68,30.36,27.23,30.36,18.86,19.88,17.93,19.88,11.18,11.18,11.16,11.19,6.77,6.77,6.77,6.78,4.41,4.41,4.4,4.41,3.03,3.03,3.03,3.03
fragment_01103,19,29.66,29.62,28.88,30.93,24.32,23.97,21.05,25.7,18.2,17.71,15.38,20.11,13.6,13.24,12.27,15.02,10.06,9.97,9.16,10.54,6.92,6.92,6.79,6.93,4.76,4.75,4.75,4.76
fragment_01104,24,34.32,34.59,31.71,36.09,29.61,29.99,24.95,32.42,21.05,21.05,17.08,23.65,14.57,14.46,12.3,15.55,9.78,9.74,8.93,10.02,6.51,6.51,6.39,6.52,4.47,4.47,4.47,4.48
fragment_01105,2,29.6,29.6,29.59,29.6,22.04,22.04,22.04,22.04,15.21,15.21,15.21,15.21,10.77,10.77,10.77,10.77,6.86,6.85,6.85,6.86,4.46,4.46,4.46,4.46,3.07,3.07,3.07,3.07
fragment_01106,1,28.74,28.74,28.74,28.74,19.73,19.73,19.73,19.73,11.03,11.03,11.03,11.03,6.05,6.05,6.05,6.05,3.66,3.66,3.66,3.66,2.39,2.39,2.39,2.39,1.64,1.64,1.64,1.64
fragment_01107,25,30.84,32.25,28.72,32.25,26.71,29.35,23.96,29.35,20.48,22.89,17.79,22.89,15.26,16.31,13.83,16.31,10.53,10.76,9.86,10.79,7.06,7.06,7.05,7.06,4.85,4.85,4.85,4.85
fragment_01108,7,31.59,30.62,30.5,33.38,24.64,23.71,23.61,26.08,14.8,14.36,14.32,15.29,8.35,8.35,8.34,8.38,5.06,5.06,5.05,5.08,3.29,3.29,3.29,3.31,2.26,2.26,2.26,2.27
fragment_01109,3,25.91,25.91,25.78,25.91,19.31,19.32,19.28,19.32,13.26,13.26,13.23,13.26,9.23,9.23,9.21,9.23,6.6,6.6,6.6,6.6,4.44,4.44,4.44,4.44,3.05,3.05,3.05,3.05
fragment_01110,2,29.74,29.74,29.74,29.74,22.12,22.12,22.12,22.12,15.78,15.78,15.78,15.78,11.94,11.94,11.94,11.94,8.92,8.92,8.92,8.92,6.49,6.49,6.49,6.49,4.6,4.6,4.6,4.6
fragment_01111,2,31.9,31.9,31.89,31.9,25.65,25.65,25.65,25.65,19.15,19.15,19.15,19.15,12.81,12.81,12.81,12.81,7.98,7.98,7.98,7.98,5.19,5.19,5.19,5.19,3.57,3.57,3.57,3.57
fragment_01112,6,33.21,33.23,30.41,33.23,28.08,28.0,27.73,30.53,21.52,21.46,21.46,23.68,16.62,16.59,16.48,17.29,11.63,11.62,11.58,11.78,7.74,7.73,7.73,7.74,5.31,5.31,5.31,5.32
fragment_01113,2,29.71,29.72,29.71,29.72,22.13,22.13,22.12,22.13,15.42,15.42,15.42,15.42,11.43,11.43,11.42,11.43,8.12,8.12,8.12,8.12,5.45,5.45,5.45,5.45,3.74,3.74,3.74,3.74
fragment_01114,9,31.72,30.62,30.57,34.62,24.6,22.72,22.72,28.23,18.35,16.59,16.59,21.18,12.71,11.99,11.99,13.71,8.29,8.17,8.17,8.35,5.43,5.43,5.43,5.44,3.73,3.73,3.73,3.73
fragment_01115,10,32.48,33.09,31.39,33.11,28.36,29.06,26.23,29.06,22.01,22.61,19.76,22.61,14.65,14.84,13.19,14.84,9.03,9.03,8.85,9.04,5.88,5.88,5.88,5.88,4.04,4.04,4.04,4.04
fragment_01116,17,31.52,32.6,29.16,33.01,28.26,29.89,25.01,31.18,22.14,23.01,19.44,25.16,16.97,17.28,15.23,18.96,12.35,12.45,11.46,13.27,8.69,8.75,8.49,8.79,6.04,6.04,6.03,6.04
fragment_01117,11,37.92,38.52,32.45,38.52,34.47,35.11,25.87,35.11,25.11,25.45,19.71,25.81,16.64,16.74,15.14,16.8,10.7,10.71,10.59,10.72,6.97,6.97,6.96,6.98,4.79,4.79,4.78,4.79
fragment_01118,2,29.86,29.87,29.86,29.87,22.25,22.25,22.25,22.25,15.38,15.38,15.38,15.38,11.12,11.12,11.12,11.12,8.03,8.03,8.03,8.03,5.73,5.73,5.73,5.73,4.14,4.14,4.14,4.14
fragment_01119,3,28.21,28.18,28.18,28.35,18.17,18.13,18.13,18.29,11.13,11.11,11.11,11.19,7.55,7.53,7.53,7.59,5.33,5.33,5.33,5.34,3.49,3.49,3.49,3.49,2.4,2.4,2.4,2.4
fragment_01120,9,30.07,29.25,29.25,31.96,26.47,24.75,24.75,30.47,18.21,16.46,16.46,22.17,12.73,11.91,11.91,14.37,8.72,8.6,8.6,8.86,5.76,5.76,5.76,5.77,3.96,3.96,3.96,3.96
fragment_01121,2,30.95,30.95,30.95,30.96,24.04,24.03,24.03,24.04,17.66,17.65,17.65,17.66,13.2,13.2,13.2,13.2,9.75,9.75,9.75,9.75,6.98,6.98,6.98,6.98,4.87,4.87,4.87,4.87
fragment_01122,6,31.53,31.4,31.13,32.67,27.14,27.23,26.67,27.23,20.86,20.96,20.33,20.96,15.73,15.72,15.68,15.94,10.88,10.87,10.87,10.89,7.19,7.19,7.19,7.19,4.94,4.94,4.94,4.94
fragment_01123,12,30.02,29.4,28.81,31.28,24.87,23.6,23.59,27.25,18.29,17.17,17.17,22.48,13.43,13.01,12.98,16.27,9.67,9.52,9.48,10.3,6.69,6.69,6.66,6.71,4.6,4.6,4.6,4.61
fragment_01124,12,36.28,37.16,32.21,37.33,31.1,31.55,27.01,33.14,21.65,21.76,19.26,23.36,13.28,13.31,12.65,13.37,8.09,8.1,8.08,8.1,5.27,5.27,5.26,5.27,3.62,3.62,3.61,3.62
fragment_01125,2,32.54,32.54,32.54,32.54,24.9,24.9,24.9,24.9,17.57,17.57,17.57,17.57,12.65,12.65,12.65,12.65,9.26,9.26,9.26,9.27,6.91,6.91,6.91,6.91,4.95,4.95,4.95,4.95
fragment_01126,8,29.86,29.86,29.84,29.86,22.22,22.22,22.2,22.22,15.51,15.52,15.51,15.52,11.44,11.45,11.44,11.45,8.86,8.87,8.74,8.87,7.0,7.01,6.9,7.01,5.07,5.07,5.07,5.07
fragment_01127,6,30.53,30.29,30.1,31.19,23.03,22.5,22.35,24.29,15.77,15.18,15.09,17.45,11.44,10.99,10.92,12.61,8.48,8.28,8.25,9.0,6.15,6.07,6.05,6.33,4.39,4.39,4.38,4.39
fragment_01128,22,37.45,38.87,32.1,38.87,32.99,34.4,25.58,34.4,22.95,23.66,18.33,23.66,13.35,13.38,12.69,13.38,8.1,8.11,8.09,8.11,5.27,5.28,5.27,5.28,3.62,3.62,3.62,3.63
fragment_01129,24,32.47,35.13,30.79,35.13,24.85,27.97,22.58,29.21,18.23,20.76,15.77,22.08,12.45,13.31,10.69,13.39,8.01,8.09,7.45,8.11,5.27,5.27,5.24,5.28,3.62,3.62,3.62,3.63
fragment_01130,6,31.76,32.05,29.93,32.05,27.13,27.89,24.09,27.95,21.06,21.82,17.78,22.93,15.98,16.47,13.37,17.21,11.66,11.91,10.29,11.95,7.95,7.99,7.63,8.0,5.49,5.49,5.47,5.49
fragment_01131,4,27.4,27.42,27.0,27.42,20.8,20.81,20.61,20.81,15.24,15.25,15.09,15.25,8.92,8.92,8.92,8.93,5.4,5.4,5.4,5.41,3.52,3.52,3.52,3.52,2.42,2.42,2.42,2.42
fragment_01132,4,29.26,29.26,29.24,29.26,26.48,26.48,26.46,26.5,19.14,19.14,19.11,19.16,13.42,13.42,13.41,13.44,10.12,10.17,10.04,10.19,7.7,7.81,7.58,7.82,5.86,5.9,5.81,5.91
fragment_01133,10,31.92,32.12,30.01,33.15,27.6,28.04,24.21,28.84,21.71,22.18,17.96,22.41,16.61,16.95,13.6,17.02,12.25,12.42,10.66,12.44,8.33,8.35,8.0,8.36,5.74,5.74,5.73,5.74
fragment_01134,6,31.31,31.18,30.73,33.42,25.09,25.02,24.03,28.91,17.86,17.97,16.41,21.02,12.11,12.28,11.51,12.45,7.53,7.54,7.5,7.55,4.91,4.91,4.91,4.91,3.37,3.37,3.37,3.38
fragment_01135,2,29.74,29.73,29.73,29.74,22.13,22.13,22.13,22.13,15.44,15.44,15.44,15.44,11.43,11.43,11.43,11.43,8.42,8.42,8.42,8.42,6.26,6.26,6.26,6.26,4.64,4.64,4.64,4.64
fragment_01136,8,28.46,28.48,28.39,28.62,20.04,19.88,19.75,20.94,13.7,13.57,13.57,14.42,9.92,9.81,9.81,10.47,7.69,7.61,7.61,8.24,6.03,5.99,5.99,6.36,4.55,4.54,4.54,4.61
fragment_01137,8,32.68,34.45,31.06,34.45,26.11,29.13,23.43,29.13,20.65,23.61,17.03,23.61,15.84,17.5,13.25,17.5,11.58,12.19,10.33,12.36,8.01,8.12,7.74,8.12,5.57,5.58,5.56,5.58
fragment_01138,12,29.75,29.74,29.74,29.77,22.15,22.14,22.14,22.16,16.17,16.59,15.83,16.59,13.18,13.7,12.6,13.7,10.32,10.77,9.7,10.77,7.69,7.9,7.28,7.9,5.45,5.47,5.4,5.47
fragment_01139,2,29.88,29.88,29.88,29.88,22.25,22.25,22.25,22.25,15.47,15.47,15.47,15.47,11.74,11.74,11.74,11.74,9.04,9.04,9.04,9.04,7.04,7.04,7.04,7.04,5.66,5.66,5.66,5.66
fragment_01140,20,31.92,32.67,28.92,32.67,27.7,28.58,24.03,28.58,20.07,20.64,17.48,21.68,13.2,13.36,12.51,14.43,8.67,8.72,8.44,8.74,5.7,5.7,5.69,5.7,3.92,3.92,3.91,3.92
fragment_01141,14,28.5,28.5,28.41,28.61,20.17,19.97,19.73,21.47,13.82,13.66,13.62,15.89,10.23,10.1,10.03,12.42,8.27,8.19,8.0,9.52,6.76,6.73,6.57,7.17,5.12,5.12,5.1,5.18
fragment_01142,2,31.08,31.08,31.08,31.08,23.94,23.95,23.94,23.95,18.62,18.62,18.62,18.62,13.79,13.79,13.79,13.79,10.0,10.0,10.0,10.0,7.19,7.19,7.19,7.19,4.98,4.98,4.98,4.98
fragment_01143,8,29.79,29.48,29.39,32.17,26.24,25.79,24.22,30.15,21.77,21.37,18.26,25.8,18.45,18.28,14.54,20.52,13.54,13.51,10.99,14.1,9.26,9.27,8.31,9.27,6.37,6.37,6.3,6.37
fragment_01144,10,31.51,31.44,31.3,36.06,25.16,24.95,24.91,31.61,18.41,18.23,18.23,24.16,14.33,14.18,14.18,16.66,10.33,10.15,10.15,11.14,7.29,7.27,7.27,7.32,5.02,5.02,5.02,5.03
fragment_01145,5,28.63,28.64,28.61,28.69,23.9,23.86,23.78,24.26,18.84,18.82,18.72,19.14,14.38,14.43,14.22,14.43,11.12,11.24,10.71,11.24,8.55,8.6,8.37,8.6,6.34,6.35,6.28,6.35
fragment_01146,1,29.18,29.18,29.18,29.18,21.83,21.83,21.83,21.83,15.38,15.38,15.38,15.38,11.12,11.12,11.12,11.12,8.68,8.68,8.68,8.68,6.45,6.45,6.45,6.45,4.59,4.59,4.59,4.59
fragment_01147,2,31.23,31.23,31.23,31.23,24.16,24.16,24.16,24.17,18.65,18.65,18.65,18.65,15.39,15.39,15.39,15.39,11.6,11.6,11.6,11.6,7.86,7.86,7.86,7.86,5.4,5.4,5.4,5.4
fragment_01148,11,30.17,30.22,28.85,31.67,22.26,22.4,19.41,24.42,15.21,15.34,12.52,17.19,9.99,10.01,9.08,10.59,6.4,6.41,6.3,6.43,4.17,4.17,4.17,4.18,2.87,2.87,2.87,2.87
fragment_01149,1,33.13,33.13,33.13,33.13,27.38,27.38,27.38,27.38,20.15,20.15,20.15,20.15,14.99,14.99,14.99,14.99,10.74,10.74,10.74,10.74,7.19,7.19,7.19,7.19,4.94,4.94,4.94,4.94
fragment_01150,2,30.19,30.17,30.17,30.2,23.52,23.51,23.51,23.53,17.18,17.17,17.17,17.19,12.73,12.71,12.71,12.74,9.56,9.56,9.56,9.57,6.75,6.75,6.75,6.75,4.66,4.66,4.66,4.66
fragment_01151,3,29.44,28.72,28.72,31.27,19.83,19.1,19.1,21.65,12.47,12.1,12.1,13.39,8.44,8.26,8.26,8.88,5.68,5.67,5.67,5.7,3.71,3.71,3.71,3.71,2.55,2.55,2.55,2.55
fragment_01152,2,29.27,29.33,29.21,29.33,26.51,26.59,26.44,26.59,19.18,19.25,19.12,19.25,13.4,13.44,13.35,13.44,9.88,9.91,9.86,9.91,7.37,7.38,7.35,7.38,5.68,5.69,5.68,5.69
fragment_01153,2,27.75,27.75,27.75,27.81,22.64,22.63,22.63,22.73,15.84,15.84,15.83,15.84,10.25,10.25,10.24,10.25,6.51,6.51,6.51,6.51,4.24,4.24,4.24,4.24,2.91,2.91,2.91,2.91
fragment_01154,7,32.71,32.6,31.84,34.19,26.67,26.38,26.13,28.81,18.29,18.07,18.07,19.24,10.68,10.68,10.67,10.75,6.47,6.47,6.47,6.51,4.21,4.21,4.21,4.24,2.89,2.89,2.89,2.91
fragment_01155,1,28.13,28.13,28.13,28.13,20.35,20.35,20.35,20.35,13.64,13.64,13.64,13.64,8.49,8.49,8.49,8.49,5.16,5.16,5.16,5.16,3.36,3.36,3.36,3.36,2.31,2.31,2.31,2.31
fragment_01156,5,31.56,31.47,29.84,34.32,27.27,27.0,25.86,30.71,21.55,21.27,20.81,24.38,16.58,16.45,16.2,18.18,11.63,11.61,11.55,11.9,7.74,7.74,7.74,7.74,5.32,5.32,5.32,5.32
fragment_01157,6,29.71,29.71,29.71,29.8,22.1,22.11,22.1,22.15,15.9,15.91,15.89,16.23,12.54,12.54,12.53,12.96,10.15,10.14,10.14,10.45,7.8,7.8,7.8,7.89,5.44,5.44,5.44,5.44
fragment_01158,3,29.29,29.27,29.27,31.21,27.06,27.05,27.05,27.16,20.2,20.21,18.31,20.22,14.56,14.56,13.02,14.57,10.64,10.65,9.46,10.65,7.47,7.48,7.06,7.48,5.18,5.18,5.15,5.18
fragment_01159,10,32.84,33.78,28.57,34.07,28.33,29.78,20.59,30.29,22.49,24.16,14.5,24.3,17.34,18.6,11.85,18.6,12.28,12.79,10.0,12.79,8.29,8.43,7.68,8.43,5.78,5.79,5.68,5.79
fragment_01160,5,37.12,37.09,35.46,37.73,33.54,33.28,32.1,35.6,24.02,23.78,23.4,25.62,14.67,14.67,14.63,14.73,8.92,8.92,8.9,8.92,5.8,5.8,5.79,5.81,3.99,3.99,3.98,3.99
fragment_01161,1,28.43,28.43,28.43,28.43,20.09,20.09,20.09,20.09,13.79,13.79,13.79,13.79,10.17,10.17,10.17,10.17,7.82,7.82,7.82,7.82,5.78,5.78,5.78,5.78,4.21,4.21,4.21,4.21
fragment_01162,10,29.03,29.04,28.89,29.04,21.54,21.55,21.43,21.55,14.86,14.86,14.82,14.86,10.52,10.52,10.51,10.53,7.24,7.23,7.23,7.24,5.27,5.22,5.22,5.34,4.17,4.1,4.1,4.26
fragment_01163,2,31.27,31.27,31.27,31.28,24.2,24.2,24.2,24.2,18.4,18.4,18.4,18.41,14.99,14.99,14.99,14.99,11.12,11.12,11.12,11.12,7.35,7.35,7.35,7.35,5.05,5.05,5.05,5.05
fragment_01164,2,29.8,29.8,29.8,29.8,23.63,23.63,23.63,23.63,16.53,16.53,16.53,16.53,11.63,11.63,11.63,11.63,8.66,8.66,8.66,8.66,6.25,6.25,6.25,6.25,4.35,4.35,4.35,4.35
fragment_01165,2,28.86,28.86,28.86,28.86,24.3,24.3,24.29,24.3,18.3,18.3,18.3,18.3,14.11,14.11,14.11,14.11,10.49,10.49,10.49,10.5,7.4,7.4,7.4,7.4,5.16,5.16,5.16,5.16
fragment_01166,2,29.23,29.23,29.23,29.23,22.19,22.19,22.19,22.19,16.67,16.67,16.67,16.67,12.36,12.36,12.36,12.36,8.12,8.12,8.12,8.12,5.29,5.29,5.29,5.29,3.63,3.63,3.63,3.63
fragment_01167,2,28.79,28.79,28.79,28.79,22.01,22.01,22.01,22.01,15.96,15.96,15.96,15.96,11.59,11.59,11.59,11.59,8.28,8.28,8.28,8.28,5.56,5.56,5.55,5.56,3.82,3.82,3.82,3.82
fragment_01168,8,34.41,35.05,32.32,35.63,29.71,30.6,27.24,32.26,21.5,22.44,19.57,23.8,13.52,13.84,13.04,13.88,8.41,8.41,8.38,8.42,5.47,5.48,5.47,5.48,3.76,3.76,3.76,3.76
fragment_01169,6,30.45,31.95,28.79,31.99,24.59,27.4,20.58,27.42,18.35,20.64,15.18,20.65,14.22,15.48,12.53,15.48,10.67,11.05,10.1,11.05,7.32,7.33,7.22,7.33,5.03,5.04,5.02,5.04
fragment_01170,15,31.07,30.9,29.73,32.86,26.98,26.67,25.33,29.02,21.05,20.57,20.22,22.98,15.8,15.57,15.35,16.8,10.62,10.61,10.6,10.65,6.93,6.93,6.93,6.94,4.76,4.76,4.76,4.77
fragment_01171,3,32.76,34.01,31.47,34.01,27.05,29.26,24.86,29.26,19.29,21.47,17.18,21.47,13.84,14.97,12.74,14.97,10.2,10.87,9.54,10.87,7.67,8.08,7.28,8.08,5.84,6.01,5.67,6.01
fragment_01172,24,30.21,30.31,29.72,32.36,24.29,23.63,23.52,29.88,18.09,17.19,16.61,22.69,12.95,12.62,11.27,14.82,8.74,8.7,7.91,9.06,5.87,5.89,5.72,5.9,4.04,4.04,4.04,4.06
fragment_01173,4,28.75,28.73,27.87,28.9,24.0,24.0,23.39,24.11,17.92,17.92,17.79,17.94,12.91,12.91,12.82,12.92,9.66,9.66,9.62,9.67,6.96,6.96,6.95,6.96,4.9,4.9,4.9,4.9
fragment_01174,1,28.64,28.64,28.64,28.64,20.08,20.08,20.08,20.08,14.59,14.59,14.59,14.59,11.27,11.27,11.27,11.27,7.62,7.62,7.62,7.62,4.97,4.97,4.97,4.97,3.41,3.41,3.41,3.41
fragment_01175,2,29.83,29.87,29.53,29.87,22.45,22.49,22.19,22.49,15.24,15.26,15.16,15.26,11.16,11.17,11.1,11.17,8.37,8.37,8.34,8.37,5.97,5.97,5.96,5.97,4.13,4.13,4.13,4.13
fragment_01176,27,34.63,34.51,34.21,38.28,30.34,30.62,29.11,36.54,21.25,21.48,20.23,26.3,14.92,14.95,14.59,16.3,9.84,9.85,9.82,9.89,6.42,6.43,6.42,6.44,4.41,4.41,4.41,4.42
fragment_01177,2,29.84,29.89,29.53,29.89,22.46,22.5,22.19,22.5,15.25,15.26,15.15,15.26,11.16,11.17,11.09,11.17,8.37,8.37,8.34,8.37,5.97,5.97,5.96,5.97,4.13,4.13,4.13,4.13
fragment_01178,6,34.39,34.54,32.66,34.54,30.12,30.37,27.32,30.37,21.24,21.52,18.21,21.52,14.7,14.9,12.51,14.9,10.2,10.29,9.28,10.29,6.9,6.91,6.73,6.91,4.75,4.75,4.75,4.75
fragment_01179,1,28.73,28.73,28.73,28.73,21.31,21.31,21.31,21.31,14.64,14.64,14.64,14.64,8.97,8.97,8.97,8.97,5.43,5.43,5.43,5.43,3.54,3.54,3.54,3.54,2.43,2.43,2.43,2.43
fragment_01180,2,29.09,29.09,29.09,29.09,22.83,22.83,22.83,22.83,16.7,16.7,16.7,16.71,11.97,11.97,11.97,11.97,8.59,8.59,8.59,8.59,5.78,5.78,5.78,5.78,3.97,3.97,3.97,3.97
fragment_01181,6,33.02,33.98,31.39,33.98,31.07,31.69,28.1,31.69,24.83,24.88,22.81,24.88,18.14,18.09,17.89,18.24,12.22,12.2,12.2,12.23,8.04,8.03,8.03,8.05,5.52,5.52,5.52,5.53
fragment_01182,3,31.66,31.62,31.62,33.41,25.21,25.12,25.12,28.89,18.18,18.11,18.11,20.98,13.48,13.47,13.47,13.94,8.56,8.56,8.56,8.57,5.57,5.57,5.57,5.58,3.83,3.83,3.83,3.83
fragment_01183,3,27.93,27.93,27.93,28.12,22.18,22.17,22.17,22.31,15.83,15.83,15.83,15.85,10.64,10.64,10.64,10.65,7.17,7.17,7.17,7.17,4.93,4.93,4.93,4.93,3.39,3.39,3.39,3.39
fragment_01184,12,32.78,33.39,31.59,34.21,27.17,28.4,24.96,29.67,18.35,19.4,16.39,20.5,11.36,11.67,10.87,11.73,7.09,7.1,7.08,7.11,4.62,4.62,4.62,4.63,3.18,3.17,3.17,3.18
fragment_01185,21,34.08,34.68,31.75,35.91,29.05,30.08,24.94,32.22,20.69,21.52,17.07,23.22,14.57,15.07,12.33,15.79,9.82,10.0,8.86,10.01,6.49,6.51,6.34,6.52,4.47,4.47,4.47,4.48
fragment_01186,1,28.05,28.05,28.05,28.05,19.18,19.18,19.18,19.18,12.7,12.7,12.7,12.7,8.58,8.58,8.58,8.58,5.49,5.49,5.49,5.49,3.58,3.58,3.58,3.58,2.46,2.46,2.46,2.46
fragment_01187,5,28.31,28.3,28.17,28.33,22.96,22.95,22.84,22.97,16.43,16.51,16.24,16.58,12.23,12.31,11.9,12.84,9.65,9.72,9.41,10.62,7.43,7.49,7.21,8.22,5.87,5.9,5.76,6.04
fragment_01188,4,33.85,33.38,33.38,34.46,28.49,28.31,28.31,28.72,22.77,22.9,22.58,22.91,16.55,16.64,16.42,16.64,10.62,10.62,10.62,10.62,6.91,6.91,6.91,6.91,4.75,4.75,4.75,4.75
fragment_01189,4,37.91,37.93,32.8,37.93,34.03,34.04,29.26,34.04,26.82,26.84,23.67,26.84,19.06,19.07,17.79,19.07,12.04,12.04,11.89,12.04,7.84,7.84,7.83,7.85,5.38,5.38,5.38,5.39
fragment_01190,4,31.0,30.98,30.97,31.1,23.41,23.33,23.31,23.76,16.08,16.02,16.0,16.36,11.37,11.53,10.74,11.53,7.35,7.37,7.3,7.37,4.79,4.79,4.79,4.8,3.29,3.29,3.29,3.3
fragment_01191,3,26.72,26.6,26.6,31.49,19.95,19.78,19.78,26.21,15.97,15.82,15.82,21.36,12.54,12.42,12.42,16.79,10.16,10.09,10.09,12.86,8.19,8.17,8.17,9.06,6.19,6.19,6.19,6.22
fragment_01192,5,29.8,29.86,28.6,29.86,23.05,23.17,20.76,23.17,15.04,15.13,12.93,15.13,8.9,8.91,8.52,8.91,5.4,5.4,5.38,5.4,3.51,3.51,3.5,3.51,2.41,2.41,2.41,2.41
fragment_01193,2,30.1,30.1,30.1,30.11,23.47,23.47,23.47,23.47,17.08,17.08,17.08,17.09,12.28,12.27,12.27,12.28,8.64,8.64,8.64,8.64,5.77,5.77,5.77,5.77,3.97,3.97,3.97,3.97
fragment_01194,3,29.83,29.78,29.78,30.36,22.71,22.66,22.66,23.38,15.49,15.48,15.44,15.7,9.85,9.86,9.72,9.86,6.13,6.13,6.13,6.14,3.99,3.99,3.99,4.0,2.74,2.74,2.74,2.75
fragment_01195,12,29.58,29.98,28.51,30.69,22.71,23.15,20.72,24.92,15.24,15.36,13.13,17.28,10.56,10.76,8.94,11.99,7.82,7.94,6.56,8.89,6.13,6.25,5.23,6.79,4.86,4.94,4.27,5.25
fragment_01196,7,28.72,28.68,28.68,32.07,21.12,21.02,20.85,28.75,14.89,14.81,13.84,23.59,11.45,11.4,10.5,18.26,9.11,9.08,8.47,12.58,7.35,7.34,6.87,8.25,5.62,5.62,5.41,5.67
fragment_01197,2,31.6,31.6,31.6,32.75,24.96,24.96,24.96,29.16,17.57,17.57,17.57,21.7,12.99,12.99,12.99,14.02,8.56,8.56,8.56,8.58,5.57,5.57,5.57,5.59,3.83,3.83,3.83,3.84
fragment_01198,1,28.71,28.71,28.71,28.71,20.13,20.13,20.13,20.13,14.51,14.51,14.51,14.51,11.4,11.4,11.4,11.4,8.78,8.78,8.78,8.78,6.73,6.73,6.73,6.73,5.35,5.35,5.35,5.35
fragment_01199,2,29.91,29.91,29.91,29.92,22.27,22.27,22.27,22.28,15.4,15.4,15.4,15.4,11.17,11.17,11.17,11.17,8.08,8.08,8.08,8.08,5.73,5.73,5.73,5.73,3.94,3.94,3.94,3.94
fragment_01200,2,31.26,31.25,31.25,31.27,24.19,24.19,24.19,24.19,17.49,17.49,17.49,17.49,13.24,13.24,13.24,13.24,9.71,9.71,9.71,9.71,6.47,6.47,6.47,6.47,4.44,4.44,4.44,4.44
fragment_01201,23,34.84,34.85,34.52,38.77,30.41,29.98,29.86,37.44,22.79,22.47,22.28,28.52,16.21,16.23,15.94,17.66,10.67,10.65,10.65,10.73,6.96,6.96,6.96,6.98,4.78,4.78,4.78,4.8
fragment_01202,2,29.76,29.76,29.76,29.76,23.58,23.58,23.58,23.58,16.55,16.55,16.55,16.55,11.74,11.74,11.74,11.74,8.73,8.73,8.73,8.73,6.65,6.65,6.65,6.65,5.05,5.05,5.05,5.05
fragment_01203,3,29.4,28.99,28.99,30.17,20.23,19.33,19.33,21.95,12.72,11.95,11.95,14.17,8.08,7.96,7.96,8.29,5.02,5.02,5.02,5.02,3.27,3.27,3.27,3.27,2.25,2.25,2.25,2.25
fragment_01204,2,31.03,31.03,31.03,31.03,24.21,24.21,24.21,24.21,18.6,18.6,18.6,18.6,12.81,12.81,12.81,12.81,8.53,8.53,8.53,8.53,5.78,5.78,5.78,5.78,3.97,3.97,3.97,3.97
fragment_01205,2,31.25,31.25,31.25,31.26,24.39,24.38,24.38,24.39,18.71,18.71,18.71,18.71,12.88,12.88,12.88,12.88,8.9,8.9,8.9,8.9,6.46,6.46,6.46,6.46,4.48,4.48,4.48,4.48
fragment_01206,2,29.7,29.7,29.7,29.7,22.8,22.8,22.8,22.8,17.05,17.06,17.05,17.06,12.85,12.86,12.85,12.86,9.11,9.11,9.11,9.11,6.14,6.14,6.14,6.14,4.22,4.22,4.22,4.22
fragment_01207,20,36.57,36.39,33.3,39.08,32.52,33.17,28.74,36.06,24.66,25.47,22.14,27.42,16.02,16.34,14.89,16.4,9.93,9.93,9.81,9.95,6.47,6.46,6.46,6.47,4.44,4.44,4.44,4.45
fragment_01208,1,28.43,28.43,28.43,28.43,20.09,20.09,20.09,20.09,13.79,13.79,13.79,13.79,10.18,10.18,10.18,10.18,7.82,7.82,7.82,7.82,5.85,5.85,5.85,5.85,4.45,4.45,4.45,4.45
fragment_01209,2,29.97,29.96,29.96,29.97,23.73,23.73,23.73,23.74,16.68,16.68,16.68,16.68,12.21,12.22,12.21,12.22,9.52,9.52,9.52,9.52,7.52,7.52,7.52,7.52,5.97,5.97,5.97,5.97
fragment_01210,2,28.97,28.96,28.96,28.97,24.85,24.84,24.84,24.85,19.36,19.35,19.35,19.36,14.41,14.4,14.4,14.41,10.43,10.43,10.43,10.44,7.45,7.45,7.45,7.46,5.18,5.18,5.18,5.18
fragment_01211,1,25.74,25.74,25.74,25.74,18.45,18.45,18.45,18.45,12.71,12.71,12.71,12.71,9.68,9.68,9.68,9.68,7.48,7.48,7.48,7.48,5.43,5.43,5.43,5.43,3.77,3.77,3.77,3.77
fragment_01212,2,31.92,31.69,31.69,32.43,25.32,24.65,24.65,26.77,17.6,17.03,17.03,18.83,12.03,11.93,11.93,12.24,7.49,7.49,7.49,7.49,4.88,4.88,4.88,4.88,3.35,3.35,3.35,3.35
fragment_01213,4,29.8,29.8,29.8,29.8,22.19,22.19,22.18,22.19,15.4,15.39,15.39,15.4,11.22,11.22,11.19,11.22,8.56,8.56,8.48,8.56,6.65,6.64,6.6,6.65,4.82,4.82,4.82,4.82
fragment_01214,1,28.07,28.07,28.07,28.07,19.69,19.69,19.69,19.69,13.39,13.39,13.39,13.39,10.19,10.19,10.19,10.19,8.09,8.09,8.09,8.09,5.93,5.93,5.93,5.93,4.15,4.15,4.15,4.15
fragment_01215,28,31.86,31.51,31.43,33.98,26.18,25.76,24.94,29.77,19.95,19.93,18.22,23.44,15.66,16.21,14.1,17.56,11.33,11.94,10.4,12.4,8.06,8.31,7.56,8.32,5.69,5.71,5.59,5.72
fragment_01216,7,33.23,33.55,28.87,33.55,25.33,25.7,19.23,25.7,17.51,17.77,12.21,17.77,12.17,12.31,9.11,13.17,9.13,9.22,7.26,9.65,6.97,7.04,5.64,7.29,5.33,5.37,4.53,5.42
fragment_01217,5,34.46,34.47,32.52,34.9,29.4,28.8,27.77,31.7,20.98,20.06,20.06,23.51,13.36,13.06,13.06,13.89,8.4,8.39,8.39,8.42,5.47,5.47,5.47,5.48,3.76,3.76,3.76,3.76
fragment_01218,1,28.88,28.88,28.88,28.88,20.69,20.69,20.69,20.69,14.73,14.73,14.73,14.73,10.86,10.86,10.86,10.86,7.28,7.28,7.28,7.28,4.76,4.76,4.76,4.76,3.27,3.27,3.27,3.27
fragment_01219,2,32.44,32.43,32.43,32.44,26.46,26.46,26.46,26.46,20.36,20.36,20.36,20.36,14.28,14.28,14.28,14.29,9.26,9.26,9.26,9.26,6.12,6.12,6.12,6.12,4.2,4.2,4.2,4.2
fragment_01220,12,31.54,31.52,31.47,31.59,24.93,24.93,24.88,24.98,18.16,18.52,17.64,18.74,14.4,14.97,13.39,15.47,10.78,11.36,9.97,11.89,7.89,8.24,7.27,8.32,5.66,5.71,5.43,5.72
fragment_01221,2,31.13,31.12,31.12,31.13,23.51,23.51,23.51,23.51,16.96,16.95,16.95,16.96,11.38,11.38,11.38,11.38,6.95,6.95,6.95,6.95,4.53,4.52,4.52,4.53,3.11,3.11,3.11,3.11
fragment_01222,3,28.86,28.57,28.57,30.23,20.54,20.09,20.09,22.65,13.01,12.73,12.73,14.3,9.06,8.91,8.91,9.74,6.57,6.49,6.49,6.94,4.6,4.59,4.59,4.63,3.18,3.18,3.18,3.18
fragment_01223,4,28.91,28.92,28.89,28.92,22.19,22.19,22.19,22.2,16.64,16.64,16.64,16.64,12.34,12.34,12.34,12.34,9.2,9.2,9.2,9.21,6.23,6.23,6.23,6.23,4.28,4.28,4.28,4.28
fragment_01224,2,30.09,30.09,30.09,30.09,25.01,25.0,25.0,25.01,19.83,19.82,19.82,19.83,13.9,13.9,13.9,13.9,9.44,9.44,9.44,9.44,6.2,6.2,6.2,6.2,4.26,4.26,4.26,4.26
fragment_01225,11,27.21,26.63,26.63,31.76,21.78,21.49,20.53,25.51,17.69,17.61,16.53,20.14,13.99,13.89,13.0,15.59,10.79,10.73,10.35,11.8,7.88,7.86,7.78,8.03,5.51,5.51,5.5,5.52
fragment_01226,4,28.96,28.94,28.94,28.98,21.58,21.57,21.57,21.59,14.97,14.97,14.97,14.98,9.89,9.79,9.79,10.05,7.07,6.97,6.97,7.24,4.97,4.96,4.96,4.99,3.43,3.43,3.43,3.43
fragment_01227,25,33.91,34.36,31.8,35.81,28.6,30.65,24.93,32.07,19.36,21.73,16.19,23.1,12.46,13.68,10.83,13.78,8.16,8.34,7.58,8.36,5.43,5.43,5.38,5.44,3.73,3.73,3.73,3.74
fragment_01228,1,28.98,28.98,28.98,28.98,20.78,20.78,20.78,20.78,14.95,14.95,14.95,14.95,11.28,11.28,11.28,11.28,8.43,8.43,8.43,8.43,6.53,6.53,6.53,6.53,4.96,4.96,4.96,4.96
fragment_01229,7,29.94,29.93,29.51,32.31,24.59,24.6,23.55,27.64,19.12,19.18,17.97,21.07,14.04,14.09,13.42,14.86,9.3,9.31,9.24,9.31,6.06,6.06,6.05,6.06,4.16,4.16,4.15,4.17
fragment_01230,5,31.31,31.64,29.17,32.76,25.68,25.65,23.6,28.31,19.44,18.97,17.73,21.6,15.13,14.67,13.47,16.31,11.59,11.35,10.71,12.26,8.29,8.29,8.03,8.34,5.72,5.72,5.71,5.73
fragment_01231,3,29.94,29.94,29.94,30.03,23.73,23.73,23.73,23.79,16.92,16.92,16.91,16.93,12.29,12.29,12.29,12.29,8.47,8.47,8.47,8.47,5.62,5.62,5.62,5.63,3.86,3.86,3.86,3.86
fragment_01232,9,31.45,31.49,31.29,36.43,25.02,24.99,24.96,31.89,18.63,18.3,18.3,24.7,14.79,14.27,14.27,17.47,10.82,10.3,10.3,11.92,7.72,7.59,7.59,7.86,5.4,5.39,5.39,5.4
fragment_01233,3,32.66,33.33,31.78,33.33,26.23,27.28,24.82,27.28,16.36,16.84,15.68,16.9,9.37,9.36,9.36,9.37,5.67,5.67,5.67,5.68,3.69,3.69,3.69,3.7,2.54,2.54,2.53,2.54
fragment_01234,2,29.68,29.68,29.67,29.68,22.07,22.08,22.07,22.08,15.73,15.73,15.73,15.73,11.88,11.88,11.88,11.88,8.75,8.75,8.75,8.75,6.1,6.11,6.1,6.11,4.19,4.19,4.19,4.19
fragment_01235,2,28.55,28.55,28.55,28.56,23.72,23.71,23.71,23.72,17.09,17.09,17.09,17.09,12.04,12.04,12.04,12.04,7.63,7.63,7.63,7.63,4.97,4.96,4.96,4.97,3.41,3.41,3.41,3.41
fragment_01236,4,33.26,33.26,33.25,33.52,27.0,27.0,26.86,27.0,20.26,20.27,19.81,20.27,14.09,14.1,14.03,14.1,9.44,9.44,9.42,9.44,6.66,6.66,6.65,6.66,4.64,4.64,4.64,4.64
fragment_01237,3,30.08,30.05,29.81,30.85,23.46,23.37,23.28,25.45,16.45,16.38,16.16,17.99,10.49,10.49,10.43,10.59,6.39,6.39,6.39,6.41,4.16,4.16,4.16,4.17,2.86,2.86,2.86,2.87
fragment_01238,2,31.29,31.29,31.29,31.29,24.26,24.25,24.25,24.26,18.33,18.33,18.33,18.33,14.79,14.79,14.79,14.79,11.0,11.0,11.0,11.0,7.37,7.37,7.37,7.37,5.07,5.06,5.06,5.07
fragment_01239,1,29.64,29.64,29.64,29.64,26.85,26.85,26.85,26.85,21.72,21.72,21.72,21.72,15.72,15.72,15.72,15.72,11.78,11.78,11.78,11.78,8.51,8.51,8.51,8.51,5.97,5.97,5.97,5.97
fragment_01240,1,28.87,28.87,28.87,28.87,20.67,20.67,20.67,20.67,14.61,14.61,14.61,14.61,10.65,10.65,10.65,10.65,7.28,7.28,7.28,7.28,4.77,4.77,4.77,4.77,3.27,3.27,3.27,3.27
fragment_01241,2,31.98,31.99,31.98,31.99,25.73,25.74,25.73,25.74,19.55,19.55,19.55,19.55,13.9,13.9,13.9,13.9,9.01,9.01,9.01,9.01,5.87,5.87,5.87,5.87,4.03,4.03,4.03,4.03
fragment_01242,14,28.49,28.5,28.41,28.65,20.09,19.96,19.75,21.77,13.79,13.66,13.5,15.53,10.12,10.01,9.77,11.61,8.01,7.93,7.64,9.04,6.39,6.35,6.17,6.93,4.87,4.86,4.76,5.04
fragment_01243,13,36.14,37.17,32.2,37.17,30.82,31.53,27.0,32.38,21.43,21.75,19.25,23.14,13.26,13.31,12.6,13.37,8.09,8.09,8.08,8.1,5.27,5.27,5.26,5.27,3.62,3.62,3.61,3.62
fragment_01244,14,34.24,34.27,32.92,35.86,28.5,28.62,27.57,33.26,21.25,21.4,20.88,25.43,15.22,15.28,14.97,16.4,10.07,10.08,10.05,10.11,6.57,6.56,6.56,6.58,4.51,4.51,4.5,4.52
fragment_01245,2,33.49,33.48,33.48,33.5,27.03,27.02,27.02,27.03,20.3,20.3,20.3,20.3,14.67,14.67,14.67,14.67,9.48,9.48,9.48,9.48,6.17,6.17,6.17,6.17,4.24,4.24,4.24,4.24
fragment_01246,3,31.55,31.55,31.55,31.58,24.93,24.93,24.93,24.97,17.68,17.66,17.66,18.25,13.65,13.62,13.52,14.45,9.95,9.94,9.81,10.56,7.18,7.17,7.15,7.33,5.04,5.04,5.04,5.04
fragment_01247,4,33.31,33.29,33.29,33.74,26.96,26.96,26.92,26.97,20.39,20.4,19.93,20.41,14.87,14.87,14.81,14.87,10.55,10.55,10.54,10.55,7.34,7.34,7.33,7.34,5.06,5.06,5.06,5.06
fragment_01248,9,30.66,30.32,28.88,33.04,22.7,22.53,19.47,26.23,15.76,15.49,12.87,18.88,10.68,10.54,9.75,11.61,7.0,7.02,6.86,7.03,4.58,4.58,4.57,4.58,3.14,3.14,3.14,3.15
fragment_01249,2,32.51,32.5,32.5,32.51,26.15,26.15,26.14,26.15,19.65,19.65,19.65,19.65,14.02,14.02,14.02,14.02,10.11,10.11,10.11,10.11,7.46,7.46,7.46,7.46,5.35,5.35,5.35,5.35
fragment_01250,2,29.46,29.45,29.45,29.47,26.7,26.7,26.7,26.7,19.3,19.29,19.29,19.33,13.3,13.28,13.28,13.35,9.64,9.53,9.53,9.89,7.35,7.24,7.24,7.58,5.86,5.82,5.82,5.96
fragment_01251,8,33.35,34.36,32.55,34.36,28.52,30.36,27.19,30.36,18.75,19.87,17.93,19.87,11.18,11.18,11.15,11.19,6.77,6.77,6.77,6.78,4.41,4.41,4.4,4.41,3.03,3.03,3.02,3.03
fragment_01252,30,31.72,32.95,29.3,32.95,28.11,30.38,23.99,31.79,21.24,22.77,18.04,25.86,15.39,15.82,13.88,18.57,10.94,11.09,10.33,11.64,7.55,7.56,7.48,7.57,5.2,5.2,5.18,5.2
fragment_01253,24,33.77,33.92,31.76,35.92,28.19,28.12,24.92,32.12,18.97,18.5,16.19,22.94,12.5,12.21,10.83,14.32,8.45,8.4,7.55,8.7,5.65,5.66,5.49,5.67,3.89,3.89,3.88,3.89
fragment_01254,2,30.73,30.72,30.72,30.73,23.68,23.68,23.68,23.69,16.64,16.64,16.64,16.64,11.45,11.45,11.45,11.45,7.71,7.71,7.71,7.71,5.28,5.28,5.28,5.28,3.63,3.63,3.63,3.63
fragment_01255,13,31.07,30.86,29.72,32.95,27.0,26.64,25.31,29.01,21.06,20.57,20.21,23.0,15.8,15.57,15.35,16.81,10.62,10.61,10.6,10.65,6.93,6.93,6.93,6.94,4.76,4.76,4.76,4.77
fragment_01256,5,32.73,32.71,32.53,34.09,26.9,26.88,26.78,28.97,20.03,20.01,19.8,22.6,14.51,14.5,14.38,16.0,10.48,10.48,10.43,11.16,7.33,7.33,7.32,7.34,5.04,5.04,5.04,5.04
fragment_01257,6,28.88,28.56,28.56,30.42,20.56,20.1,20.1,22.77,13.06,12.76,12.76,14.45,9.16,8.95,8.95,10.12,7.08,6.99,6.87,7.58,5.87,5.84,5.43,6.13,4.84,4.83,4.45,4.98
fragment_01258,8,30.54,30.33,29.63,32.12,24.85,24.57,22.94,27.73,18.73,18.53,16.68,20.69,13.51,13.54,12.09,14.1,8.67,8.67,8.55,8.68,5.64,5.64,5.64,5.65,3.88,3.88,3.87,3.88
fragment_01259,1,28.4,28.4,28.4,28.4,20.68,20.68,20.68,20.68,14.09,14.09,14.09,14.09,10.29,10.29,10.29,10.29,7.92,7.92,7.92,7.92,5.87,5.87,5.87,5.87,4.29,4.29,4.29,4.29
fragment_01260,2,35.31,35.24,35.24,36.36,29.73,29.71,29.71,30.0,23.4,23.4,23.37,23.4,19.1,19.1,19.04,19.1,13.97,13.97,13.97,13.99,9.32,9.32,9.32,9.32,6.41,6.41,6.4,6.41
fragment_01261,2,29.69,29.7,29.68,29.7,22.09,22.09,22.09,22.09,15.43,15.43,15.43,15.43,11.42,11.42,11.42,11.42,8.39,8.39,8.39,8.39,5.79,5.79,5.79,5.79,3.98,3.98,3.98,3.98
fragment_01262,1,33.23,33.23,33.23,33.23,27.63,27.63,27.63,27.63,18.0,18.0,18.0,18.0,10.18,10.18,10.18,10.18,6.17,6.17,6.17,6.17,4.01,4.01,4.01,4.01,2.76,2.76,2.76,2.76
fragment_01263,5,29.75,29.75,29.75,30.67,21.87,21.87,21.86,23.49,15.16,15.16,15.16,16.73,11.44,11.44,11.4,11.82,8.14,8.14,8.12,8.26,5.7,5.7,5.67,5.72,3.94,3.94,3.94,3.95
fragment_01264,2,30.86,30.8,30.8,31.13,23.4,23.5,22.94,23.5,14.53,14.64,13.96,14.64,8.2,8.2,8.2,8.21,4.97,4.97,4.97,4.98,3.23,3.23,3.23,3.24,2.22,2.22,2.22,2.22
fragment_01265,3,28.21,28.21,28.16,28.21,23.36,23.36,23.36,23.37,17.24,17.24,17.24,17.25,12.62,12.62,12.62,12.64,8.94,8.94,8.94,8.94,6.38,6.38,6.38,6.39,4.64,4.64,4.64,4.64
fragment_01266,19,31.88,33.56,28.91,33.82,23.69,24.98,19.52,26.44,16.51,16.6,13.24,19.43,12.09,11.86,10.32,14.36,8.87,8.85,7.97,9.41,6.1,6.11,5.95,6.13,4.2,4.2,4.2,4.21
fragment_01267,2,33.31,33.39,33.01,33.39,27.8,27.99,27.04,27.99,22.05,22.42,20.58,22.42,16.58,16.9,15.31,16.9,11.67,11.77,11.29,11.77,7.81,7.82,7.81,7.82,5.37,5.37,5.37,5.37
fragment_01268,1,31.58,31.58,31.58,31.58,24.95,24.95,24.95,24.95,17.61,17.61,17.61,17.61,13.06,13.06,13.06,13.06,8.72,8.72,8.72,8.72,5.71,5.71,5.71,5.71,3.92,3.92,3.92,3.92
fragment_01269,25,31.69,32.46,30.45,35.04,24.17,25.2,22.21,28.42,17.67,18.06,15.85,21.73,12.62,12.44,11.13,14.98,8.75,8.63,7.74,9.2,5.94,5.96,5.56,5.99,4.1,4.11,4.07,4.11
fragment_01270,6,28.76,28.61,28.61,30.7,20.35,20.14,20.14,22.93,13.29,13.16,13.16,14.99,9.91,9.82,9.69,11.27,8.08,8.01,7.87,9.17,6.56,6.46,6.46,7.51,5.25,5.15,5.15,5.79
fragment_01271,3,31.79,31.76,31.76,33.94,22.99,22.93,22.93,28.17,16.92,16.86,16.86,21.02,13.16,13.14,13.14,14.45,9.28,9.28,9.28,9.39,6.1,6.1,6.1,6.11,4.19,4.19,4.19,4.2
fragment_01272,1,28.29,28.29,28.29,28.29,19.07,19.07,19.07,19.07,12.61,12.61,12.61,12.61,9.13,9.13,9.13,9.13,6.87,6.87,6.87,6.87,5.49,5.49,5.49,5.49,4.48,4.48,4.48,4.48
fragment_01273,4,28.7,28.71,28.69,28.71,23.83,23.83,23.83,23.84,17.37,17.39,17.36,17.39,12.73,12.75,12.72,12.75,10.13,10.13,10.12,10.13,7.73,7.73,7.73,7.74,5.48,5.48,5.48,5.48
fragment_01274,13,38.47,39.24,35.44,39.24,36.19,37.21,31.02,37.21,24.92,25.53,21.64,25.53,14.33,14.34,14.28,14.34,8.69,8.69,8.68,8.69,5.65,5.66,5.65,5.66,3.88,3.89,3.88,3.89
fragment_01275,2,29.06,29.06,29.06,29.06,20.81,20.81,20.81,20.81,14.93,14.93,14.93,14.93,11.17,11.17,11.17,11.17,8.32,8.33,8.32,8.33,5.98,5.98,5.98,5.98,4.12,4.12,4.12,4.12
fragment_01276,6,34.35,34.59,32.45,34.59,28.71,29.16,25.11,29.16,23.37,23.9,18.32,23.9,17.1,17.42,13.4,17.42,11.65,11.78,9.95,11.78,7.75,7.77,7.43,7.77,5.34,5.34,5.33,5.34
fragment_01277,5,33.36,32.64,32.18,36.08,29.17,28.3,28.0,32.28,20.56,20.1,20.03,22.15,12.55,12.54,12.52,12.61,7.63,7.63,7.63,7.64,4.97,4.97,4.96,4.97,3.41,3.41,3.41,3.42
fragment_01278,1,28.06,28.06,28.06,28.06,19.69,19.69,19.69,19.69,13.35,13.35,13.35,13.35,9.95,9.95,9.95,9.95,7.7,7.7,7.7,7.7,5.88,5.88,5.88,5.88,4.57,4.57,4.57,4.57
fragment_01279,2,30.69,30.69,30.68,30.69,23.6,23.6,23.6,23.6,16.63,16.63,16.63,16.64,11.73,11.73,11.73,11.73,8.73,8.73,8.73,8.73,6.54,6.54,6.54,6.54,4.72,4.72,4.72,4.72
fragment_01280,11,28.89,28.74,28.71,30.57,20.45,20.24,20.21,22.82,13.04,12.9,12.88,14.58,9.26,9.16,9.14,10.36,7.07,6.99,6.98,7.79,5.72,5.58,5.57,6.19,4.72,4.52,4.52,5.05
fragment_01281,3,32.62,32.61,32.42,32.85,27.67,28.2,25.84,28.26,20.98,21.9,17.91,21.9,14.72,15.32,12.71,15.32,10.37,10.68,9.31,10.7,7.17,7.24,6.93,7.24,4.97,4.97,4.97,4.97
fragment_01282,20,31.96,33.56,28.92,33.97,23.76,24.98,19.53,27.7,16.52,16.6,13.25,20.64,12.09,11.86,10.33,14.19,8.88,8.85,7.97,9.39,6.1,6.11,5.95,6.14,4.2,4.2,4.19,4.22
fragment_01283,32,30.05,28.99,28.6,33.85,22.2,20.46,20.24,28.52,15.74,14.06,13.87,20.97,12.51,11.34,11.22,15.5,10.13,9.72,9.61,11.21,7.48,7.44,7.33,7.54,5.16,5.16,5.15,5.18
fragment_01284,1,28.04,28.04,28.04,28.04,19.69,19.69,19.69,19.69,13.32,13.32,13.32,13.32,9.75,9.75,9.75,9.75,7.44,7.44,7.44,7.44,5.43,5.43,5.43,5.43,3.78,3.78,3.78,3.78
fragment_01285,3,30.57,30.44,30.18,30.7,21.56,21.6,20.61,21.6,14.01,14.11,13.7,14.11,8.89,8.93,8.85,9.25,5.65,5.65,5.65,5.65,3.68,3.67,3.67,3.68,2.52,2.52,2.52,2.53
fragment_01286,4,33.29,33.29,33.29,33.39,27.08,27.08,26.98,27.08,20.34,20.34,20.09,20.35,14.12,14.12,14.09,14.12,9.37,9.37,9.36,9.37,6.52,6.52,6.52,6.52,4.63,4.63,4.63,4.63
fragment_01287,2,30.79,30.8,30.79,30.8,23.76,23.76,23.76,23.76,16.83,16.83,16.83,16.83,12.2,12.2,12.2,12.2,8.49,8.49,8.49,8.49,5.62,5.62,5.62,5.62,3.86,3.86,3.86,3.86
fragment_01288,3,30.36,30.8,28.9,30.8,21.85,22.62,19.27,22.62,13.84,14.36,12.06,14.36,8.22,8.27,8.06,8.27,5.01,5.01,5.01,5.01,3.26,3.26,3.26,3.26,2.24,2.24,2.24,2.24
fragment_01289,16,27.16,26.6,25.36,29.72,21.57,21.3,20.27,24.54,17.38,17.49,16.29,20.34,13.7,13.63,12.82,16.44,10.59,10.47,10.17,11.66,7.59,7.58,7.49,7.71,5.29,5.29,5.29,5.3
fragment_01290,2,31.63,31.63,31.63,31.63,25.79,25.79,25.79,25.79,18.55,18.55,18.55,18.55,13.89,13.89,13.89,13.89,10.73,10.73,10.73,10.73,8.4,8.4,8.39,8.4,6.16,6.16,6.16,6.16
fragment_01291,2,26.87,26.83,26.83,26.91,18.42,18.39,18.39,18.46,10.98,10.97,10.97,10.99,6.38,6.37,6.37,6.38,3.86,3.86,3.86,3.87,2.51,2.51,2.51,2.52,1.73,1.73,1.73,1.73
fragment_01292,1,34.76,34.76,34.76,34.76,29.25,29.25,29.25,29.25,22.51,22.51,22.51,22.51,14.88,14.88,14.88,14.88,9.86,9.86,9.86,9.86,6.83,6.83,6.83,6.83,4.71,4.71,4.71,4.71
fragment_01293,1,35.04,35.04,35.04,35.04,29.46,29.46,29.46,29.46,22.67,22.67,22.67,22.67,15.53,15.53,15.53,15.53,10.4,10.4,10.4,10.4,6.85,6.85,6.85,6.85,4.71,4.71,4.71,4.71
fragment_01294,1,31.62,31.62,31.62,31.62,25.35,25.35,25.35,25.35,17.94,17.94,17.94,17.94,11.31,11.31,11.31,11.31,7.4,7.4,7.4,7.4,4.82,4.82,4.82,4.82,3.31,3.31,3.31,3.31
fragment_01295,5,29.78,29.98,28.58,29.98,22.54,22.91,20.75,22.91,14.6,14.97,12.79,14.97,8.75,8.86,8.2,8.86,5.36,5.37,5.35,5.37,3.49,3.49,3.48,3.49,2.4,2.4,2.39,2.4
fragment_01296,5,30.17,29.85,29.85,32.84,22.69,22.3,22.3,25.97,16.29,15.97,15.97,18.95,11.91,11.56,11.56,14.83,8.82,8.65,8.65,10.2,6.51,6.49,6.49,6.71,4.6,4.6,4.6,4.61
fragment_01297,2,29.77,29.77,29.77,29.77,22.15,22.15,22.15,22.15,15.3,15.3,15.3,15.3,10.72,10.72,10.72,10.72,7.48,7.48,7.48,7.48,5.44,5.44,5.44,5.44,4.15,4.15,4.15,4.15
fragment_01298,3,32.77,34.02,31.49,34.02,27.05,29.27,24.87,29.27,19.28,21.45,17.18,21.45,13.83,14.95,12.73,14.95,10.19,10.85,9.54,10.85,7.67,8.07,7.27,8.07,5.84,6.01,5.67,6.01
fragment_01299,6,31.02,30.64,30.49,32.32,24.18,23.72,23.6,25.34,14.65,14.36,14.32,15.29,8.35,8.35,8.34,8.38,5.06,5.06,5.05,5.08,3.29,3.29,3.29,3.3,2.26,2.26,2.26,2.27
fragment_01300,1,28.99,28.99,28.99,28.99,20.78,20.78,20.78,20.78,15.07,15.07,15.07,15.07,11.99,11.99,11.99,11.99,9.49,9.49,9.49,9.49,7.06,7.06,7.06,7.06,5.06,5.06,5.06,5.06
fragment_01301,8,33.29,33.31,32.89,33.74,27.05,27.05,26.84,27.08,20.31,20.3,19.78,20.4,14.11,14.11,14.03,14.11,9.51,9.51,9.5,9.51,6.73,6.73,6.73,6.73,4.68,4.68,4.68,4.69
fragment_01302,2,32.35,32.35,32.34,32.35,26.8,26.8,26.8,26.81,20.43,20.43,20.43,20.43,13.6,13.6,13.6,13.6,8.46,8.46,8.46,8.46,5.51,5.51,5.51,5.51,3.78,3.78,3.78,3.78
fragment_01303,11,34.66,34.56,32.5,37.04,29.62,28.98,27.24,33.51,21.02,20.64,19.8,24.3,13.64,13.65,12.86,14.34,8.66,8.68,8.56,8.7,5.65,5.65,5.65,5.66,3.88,3.88,3.88,3.89
fragment_01304,2,29.19,29.19,29.11,29.19,21.5,21.5,21.5,21.78,14.89,14.89,14.89,14.99,9.98,9.98,9.9,9.98,6.27,6.27,6.27,6.28,4.08,4.08,4.08,4.09,2.8,2.8,2.8,2.81
fragment_01305,28,32.37,32.65,30.2,36.84,30.01,29.83,26.3,34.51,24.85,24.67,21.17,28.29,18.46,18.41,16.27,19.83,12.08,12.15,11.39,12.19,7.93,7.93,7.92,7.93,5.45,5.45,5.44,5.45
fragment_01306,1,28.79,28.79,28.79,28.79,20.69,20.69,20.69,20.69,14.44,14.44,14.44,14.44,10.11,10.11,10.11,10.11,7.35,7.35,7.35,7.35,4.95,4.95,4.95,4.95,3.4,3.4,3.4,3.4
fragment_01307,2,29.84,29.84,29.84,29.84,22.23,22.23,22.23,22.23,15.39,15.39,15.39,15.39,11.1,11.09,11.09,11.1,7.92,7.92,7.92,7.92,5.82,5.82,5.82,5.82,4.38,4.38,4.38,4.38
fragment_01308,33,38.28,38.71,35.07,40.62,35.71,36.22,30.82,39.17,24.32,24.57,21.21,27.14,14.91,14.97,14.14,15.55,9.4,9.41,9.29,9.42,6.12,6.12,6.11,6.13,4.21,4.21,4.2,4.21
fragment_01309,1,28.44,28.44,28.44,28.44,20.69,20.69,20.69,20.69,14.11,14.11,14.11,14.11,10.48,10.48,10.48,10.48,8.26,8.26,8.26,8.26,6.13,6.13,6.13,6.13,4.31,4.31,4.31,4.31
fragment_01310,11,31.81,31.75,31.67,32.23,24.73,24.76,24.59,25.03,19.65,19.7,19.15,20.56,15.2,15.24,15.01,15.99,11.07,11.09,11.01,11.36,7.65,7.65,7.65,7.65,5.26,5.26,5.25,5.26
fragment_01311,36,29.78,29.65,28.88,32.36,24.25,23.94,20.86,28.36,17.89,17.51,14.81,21.12,13.4,13.08,12.06,16.17,10.2,9.98,9.09,12.02,7.61,7.49,6.96,8.15,5.57,5.57,5.38,5.6
fragment_01312,28,33.44,33.4,32.51,34.66,26.25,26.42,25.56,29.18,19.77,19.76,18.44,23.24,14.24,13.96,13.49,15.47,9.35,9.28,9.26,9.41,6.12,6.12,6.11,6.12,4.2,4.2,4.2,4.21
fragment_01313,5,32.16,31.74,31.74,33.62,27.15,26.74,26.74,29.06,20.41,20.07,20.07,21.86,13.32,13.27,13.27,13.46,8.16,8.15,8.15,8.16,5.31,5.31,5.31,5.31,3.65,3.65,3.65,3.65
fragment_01314,2,29.88,29.88,29.88,29.88,22.19,22.2,22.19,22.2,16.31,16.31,16.31,16.31,11.9,11.9,11.9,11.9,8.77,8.77,8.77,8.77,6.55,6.55,6.55,6.55,4.66,4.66,4.66,4.66
fragment_01315,6,31.37,31.31,30.89,33.72,24.38,24.22,24.0,28.38,18.03,17.89,17.84,21.17,13.81,13.73,13.72,15.48,10.14,10.1,10.09,11.09,7.63,7.62,7.62,7.76,5.33,5.33,5.33,5.34
fragment_01316,6,29.83,29.82,29.82,29.84,22.2,22.2,22.2,22.21,15.33,15.33,15.33,15.34,11.25,11.41,11.13,11.41,8.86,9.16,8.67,9.16,7.46,7.85,7.23,7.85,5.77,6.05,5.62,6.05
fragment_01317,2,31.11,31.1,31.1,31.12,24.28,24.27,24.27,24.29,18.64,18.64,18.64,18.65,12.79,12.79,12.79,12.8,7.98,7.98,7.98,7.98,5.19,5.19,5.19,5.19,3.57,3.57,3.57,3.57
fragment_01318,2,31.92,31.9,31.9,31.99,24.88,24.88,24.88,24.9,17.53,17.53,17.52,17.53,11.67,11.68,11.67,11.68,7.29,7.29,7.28,7.29,4.74,4.74,4.74,4.74,3.26,3.26,3.26,3.26
fragment_01319,2,32.21,32.23,32.2,32.23,25.4,25.41,25.39,25.41,18.76,18.77,18.76,18.77,14.94,14.94,14.94,14.94,11.36,11.36,11.35,11.36,8.37,8.37,8.37,8.37,6.13,6.13,6.13,6.13
fragment_01320,3,29.57,29.56,29.56,29.69,23.42,23.42,23.42,23.51,16.56,16.56,16.56,16.57,11.91,11.91,11.91,11.91,8.48,8.48,8.48,8.48,5.64,5.64,5.63,5.64,3.87,3.87,3.87,3.87
fragment_01321,11,30.27,29.77,28.81,31.77,25.29,24.58,20.82,28.75,19.13,18.56,14.03,22.77,14.29,14.0,11.2,17.18,10.68,10.69,8.9,12.2,7.79,7.87,6.94,8.21,5.61,5.64,5.4,5.64
fragment_01322,1,28.71,28.71,28.71,28.71,20.13,20.13,20.13,20.13,14.63,14.63,14.63,14.63,11.5,11.5,11.5,11.5,8.77,8.77,8.77,8.77,6.74,6.74,6.74,6.74,5.1,5.1,5.1,5.1
fragment_01323,2,29.75,29.76,29.75,29.76,23.57,23.58,23.57,23.58,16.55,16.55,16.54,16.55,11.74,11.74,11.73,11.74,8.73,8.73,8.73,8.73,6.67,6.67,6.67,6.67,5.1,5.1,5.1,5.1
fragment_01324,6,28.9,28.58,28.58,30.45,20.58,20.11,20.11,22.77,13.05,12.74,12.74,14.44,9.14,8.92,8.92,10.1,7.0,6.89,6.85,7.53,5.75,5.74,5.35,6.02,4.7,4.72,4.32,4.84
fragment_01325,4,30.96,31.64,30.11,31.64,23.89,25.27,22.37,25.27,16.15,17.1,15.14,17.14,10.39,10.5,10.28,10.51,6.39,6.39,6.39,6.39,4.16,4.16,4.16,4.16,2.86,2.86,2.86,2.86
fragment_01326,1,28.74,28.74,28.74,28.74,19.73,19.73,19.73,19.73,11.03,11.03,11.03,11.03,6.05,6.05,6.05,6.05,3.67,3.67,3.67,3.67,2.39,2.39,2.39,2.39,1.64,1.64,1.64,1.64
fragment_01327,2,32.84,33.02,31.96,33.02,26.42,26.54,25.85,26.54,16.85,16.86,16.82,16.86,9.55,9.55,9.55,9.56,5.79,5.79,5.79,5.79,3.77,3.77,3.77,3.77,2.59,2.59,2.59,2.59
fragment_01328,2,29.46,29.46,29.46,29.47,21.88,21.88,21.88,21.89,14.85,14.85,14.85,14.85,9.9,9.9,9.9,9.9,6.07,6.07,6.07,6.07,3.95,3.95,3.95,3.95,2.71,2.71,2.71,2.71
fragment_01329,4,35.26,35.26,35.25,35.38,31.79,31.82,31.35,31.82,20.94,20.97,20.41,20.97,11.69,11.69,11.69,11.69,7.08,7.08,7.08,7.08,4.61,4.61,4.61,4.61,3.17,3.17,3.17,3.17
fragment_01330,2,29.01,29.01,29.01,29.01,20.79,20.79,20.79,20.79,14.57,14.57,14.57,14.57,10.21,10.21,10.21,10.21,6.95,6.95,6.95,6.95,4.75,4.75,4.75,4.75,3.26,3.26,3.26,3.26
fragment_01331,2,29.39,29.39,29.39,29.39,22.87,22.86,22.86,22.87,16.33,16.33,16.33,16.34,10.0,10.0,10.0,10.0,6.07,6.07,6.07,6.07,3.95,3.95,3.95,3.95,2.71,2.71,2.71,2.71
fragment_01332,3,31.73,31.7,31.7,33.96,22.97,22.91,22.91,28.1,16.92,16.87,16.87,20.94,13.16,13.14,13.14,14.46,9.28,9.28,9.28,9.38,6.1,6.1,6.1,6.11,4.19,4.19,4.19,4.2
fragment_01333,9,30.46,30.66,28.92,33.53,22.3,23.22,19.29,26.18,14.94,15.94,12.18,17.67,9.89,10.34,8.61,10.46,6.32,6.33,6.12,6.34,4.12,4.12,4.12,4.12,2.83,2.83,2.83,2.83
fragment_01334,2,26.35,26.34,26.34,26.35,19.61,19.61,19.61,19.61,13.36,13.36,13.36,13.36,9.05,9.05,9.05,9.05,6.03,6.03,6.03,6.03,3.93,3.93,3.93,3.93,2.7,2.7,2.7,2.7
fragment_01335,1,31.52,31.52,31.52,31.52,26.04,26.04,26.04,26.04,19.48,19.48,19.48,19.48,12.48,12.48,12.48,12.48,7.66,7.66,7.66,7.66,4.98,4.98,4.98,4.98,3.42,3.42,3.42,3.42
fragment_01336,6,31.57,30.67,30.64,33.09,28.4,27.49,27.49,30.9,22.54,21.9,21.88,24.27,17.27,17.16,17.13,17.7,11.9,11.89,11.88,11.91,7.84,7.84,7.83,7.85,5.39,5.38,5.38,5.39
fragment_01337,3,31.32,31.26,31.24,32.27,29.14,29.27,27.51,29.27,21.72,21.92,19.15,21.92,16.06,16.22,14.08,16.22,11.98,12.1,10.51,12.1,8.33,8.36,7.92,8.36,5.74,5.74,5.74,5.75
fragment_01338,9,30.3,30.6,29.39,31.26,26.72,27.33,25.14,27.83,20.85,21.88,19.44,22.13,15.33,15.96,14.55,16.25,10.51,10.62,10.36,10.64,6.93,6.92,6.92,6.93,4.76,4.76,4.76,4.76
fragment_01339,1,28.9,28.9,28.9,28.9,20.72,20.72,20.72,20.72,14.55,14.55,14.55,14.55,10.2,10.2,10.2,10.2,6.88,6.88,6.88,6.88,4.61,4.61,4.61,4.61,3.17,3.17,3.17,3.17
fragment_01340,18,31.61,31.53,29.13,36.72,29.0,29.44,26.08,34.77,23.44,24.25,20.72,27.45,17.26,17.99,16.05,18.64,12.06,12.4,11.52,12.63,8.29,8.32,8.21,8.33,5.72,5.72,5.71,5.72
fragment_01341,2,32.53,32.52,32.52,32.53,24.88,24.89,24.88,24.89,17.75,17.76,17.75,17.76,13.42,13.42,13.42,13.42,10.42,10.42,10.42,10.42,7.73,7.73,7.73,7.73,5.52,5.52,5.52,5.52
fragment_01342,2,29.79,29.79,29.79,29.79,22.16,22.17,22.16,22.17,15.49,15.49,15.49,15.49,11.51,11.51,11.51,11.51,8.57,8.57,8.57,8.57,6.47,6.47,6.47,6.47,4.87,4.87,4.87,4.87
fragment_01343,1,28.54,28.54,28.54,28.54,19.62,19.62,19.62,19.62,13.91,13.91,13.91,13.91,9.78,9.78,9.78,9.78,6.75,6.75,6.75,6.75,4.76,4.76,4.76,4.76,3.27,3.27,3.27,3.27
fragment_01344,2,28.69,28.74,27.85,28.74,23.82,23.86,23.24,23.86,17.2,17.21,17.1,17.21,12.01,12.01,11.93,12.01,8.97,8.97,8.93,8.97,6.7,6.7,6.68,6.7,5.14,5.14,5.13,5.14
fragment_01345,10,26.78,26.77,26.74,26.88,20.74,20.73,20.72,20.88,14.99,14.98,14.97,15.21,11.72,11.71,11.51,12.07,9.4,9.4,9.16,9.73,7.06,7.06,6.94,7.25,5.02,5.02,5.02,5.02
fragment_01346,10,32.43,33.14,30.94,35.03,25.82,26.93,23.75,29.77,18.01,18.64,16.36,21.29,11.83,11.96,11.1,12.6,7.59,7.62,7.49,7.63,4.96,4.96,4.96,4.97,3.41,3.41,3.4,3.41
fragment_01347,6,33.61,32.8,32.8,35.21,28.01,26.89,26.89,30.26,19.69,18.84,18.84,21.37,12.41,12.39,12.39,12.46,7.54,7.54,7.54,7.55,4.91,4.9,4.9,4.92,3.37,3.37,3.37,3.38
fragment_01348,10,30.87,31.02,29.89,31.9,23.56,23.66,20.6,25.38,17.21,17.35,14.37,18.57,12.0,12.2,10.78,12.27,7.72,7.72,7.62,7.73,5.03,5.03,5.03,5.04,3.45,3.45,3.45,3.46
fragment_01349,8,32.55,32.98,28.78,32.99,29.77,30.65,21.76,30.65,25.22,26.25,16.01,26.25,19.7,20.5,12.77,20.5,13.94,14.36,10.21,14.36,9.27,9.37,8.26,9.37,6.43,6.44,6.36,6.45
fragment_01350,28,29.8,29.62,28.57,30.82,24.2,23.74,23.7,26.77,17.49,17.32,16.83,20.04,12.87,13.18,11.9,16.08,9.82,9.78,9.28,12.16,7.81,7.59,7.38,8.8,5.93,5.87,5.77,6.07
fragment_01351,6,28.79,28.57,28.57,30.55,20.41,20.12,20.12,22.8,13.01,12.83,12.81,14.54,9.24,9.12,9.1,10.31,7.04,6.97,6.94,7.76,5.69,5.74,5.53,6.15,4.65,4.77,4.46,4.96
fragment_01352,6,29.23,28.89,28.67,30.52,21.1,20.61,20.19,23.05,14.62,14.24,13.6,16.09,11.3,10.98,10.37,12.55,9.13,8.9,8.54,10.04,7.27,7.17,6.92,7.66,5.66,5.63,5.52,5.8
fragment_01353,5,27.18,26.68,26.68,28.74,20.62,19.81,19.81,23.33,16.17,15.85,15.47,18.67,12.48,12.31,11.81,14.11,9.42,9.19,9.08,10.33,6.97,6.88,6.8,7.37,5.16,5.1,5.06,5.36
fragment_01354,5,31.81,31.83,29.03,31.83,29.06,29.12,24.21,29.12,24.68,24.74,19.62,24.74,19.72,19.76,15.8,19.76,14.87,14.89,12.85,14.89,10.12,10.13,9.79,10.13,6.96,6.96,6.95,6.96
fragment_01355,9,31.5,31.47,30.89,33.09,23.89,23.96,22.5,26.83,17.12,17.42,15.7,19.65,11.27,11.47,10.55,11.54,6.98,6.98,6.98,6.99,4.55,4.54,4.54,4.55,3.12,3.12,3.12,3.13
fragment_01356,2,29.93,29.93,29.93,29.93,22.3,22.31,22.3,22.31,15.45,15.45,15.45,15.45,11.15,11.15,11.15,11.15,7.9,7.9,7.9,7.9,5.42,5.42,5.42,5.42,3.72,3.72,3.72,3.72
fragment_01357,3,28.32,28.32,28.32,28.32,20.08,20.08,20.08,20.08,13.65,13.65,13.62,13.65,10.38,10.38,10.38,10.47,8.31,8.31,8.31,8.47,6.14,6.14,6.14,6.19,4.3,4.3,4.3,4.31
fragment_01358,4,29.73,29.71,29.71,29.76,22.14,22.13,22.12,22.16,15.84,15.96,15.67,15.96,12.55,12.76,12.24,12.76,9.45,9.6,9.22,9.6,6.68,6.7,6.66,6.7,4.62,4.62,4.61,4.62
fragment_01359,1,28.87,28.87,28.87,28.87,20.7,20.7,20.7,20.7,14.71,14.71,14.71,14.71,10.71,10.71,10.71,10.71,6.93,6.93,6.93,6.93,4.52,4.52,4.52,4.52,3.1,3.1,3.1,3.1
fragment_01360,2,29.67,29.68,29.67,29.68,22.07,22.07,22.07,22.07,15.07,15.08,15.07,15.08,10.28,10.28,10.28,10.28,7.32,7.32,7.32,7.32,5.43,5.43,5.43,5.43,3.78,3.78,3.78,3.78
fragment_01361,2,34.1,33.87,33.87,34.81,30.41,30.24,30.24,30.95,24.06,23.92,23.92,24.49,17.43,17.36,17.36,17.64,11.64,11.63,11.63,11.65,7.59,7.59,7.59,7.59,5.21,5.21,5.21,5.21
fragment_01362,11,30.46,29.11,29.11,35.99,27.11,25.54,25.54,33.5,20.72,19.5,19.5,25.93,14.81,13.99,13.96,18.16,10.87,10.53,10.44,12.11,7.75,7.68,7.67,7.93,5.43,5.43,5.43,5.45
fragment_01363,3,29.92,29.87,29.87,30.56,23.69,23.64,23.64,24.21,18.16,18.13,18.13,18.47,13.8,13.77,13.77,14.05,10.52,10.51,10.51,10.63,7.48,7.48,7.48,7.5,5.18,5.18,5.18,5.18
fragment_01364,8,32.45,33.13,31.39,34.48,25.89,26.92,24.01,29.26,18.06,18.63,16.47,21.1,11.84,11.95,11.2,12.59,7.59,7.62,7.51,7.63,4.96,4.96,4.96,4.96,3.41,3.41,3.41,3.41
fragment_01365,4,29.8,29.81,29.79,29.81,22.19,22.2,22.18,22.2,15.4,15.4,15.39,15.4,11.22,11.22,11.19,11.22,8.55,8.55,8.48,8.55,6.64,6.64,6.6,6.64,4.82,4.82,4.82,4.82
fragment_01366,2,29.86,29.9,29.6,29.9,22.26,22.3,22.0,22.3,14.56,14.57,14.48,14.57,8.62,8.62,8.62,8.62,5.23,5.23,5.23,5.23,3.4,3.4,3.4,3.4,2.34,2.34,2.34,2.34
fragment_01367,3,29.86,29.87,29.84,32.21,27.32,27.33,27.31,27.5,20.1,20.11,18.63,20.11,14.54,14.54,13.46,14.54,10.64,10.65,9.93,10.65,7.24,7.24,7.19,7.24,4.97,4.97,4.97,4.98
fragment_01368,5,31.98,32.48,29.95,32.48,24.97,25.97,21.48,25.97,17.93,18.64,15.1,18.64,10.98,11.1,10.26,11.1,6.72,6.72,6.69,6.72,4.37,4.38,4.37,4.38,3.01,3.01,3.0,3.01
fragment_01369,2,28.56,28.56,28.56,28.56,20.97,20.97,20.97,20.97,14.14,14.14,14.14,14.14,9.34,9.34,9.34,9.34,6.55,6.55,6.55,6.55,4.48,4.48,4.48,4.48,3.08,3.08,3.08,3.08
fragment_01370,1,29.03,29.03,29.03,29.03,20.83,20.83,20.83,20.83,14.58,14.58,14.58,14.58,10.35,10.35,10.35,10.35,6.75,6.75,6.75,6.75,4.39,4.39,4.39,4.39,3.02,3.02,3.02,3.02
fragment_01371,6,29.8,29.8,29.77,29.8,22.18,22.18,22.15,22.18,15.39,15.39,15.38,15.39,11.16,11.16,11.13,11.16,8.54,8.54,8.49,8.55,6.85,6.85,6.82,6.85,5.07,5.07,5.06,5.07
fragment_01372,8,30.5,30.47,30.46,30.59,23.13,23.14,23.11,23.15,15.88,15.83,15.83,16.01,11.57,11.36,11.36,12.11,8.77,8.53,8.53,9.43,6.91,6.75,6.75,7.33,5.48,5.4,5.39,5.7
fragment_01373,5,31.81,31.97,28.6,31.97,26.69,27.01,20.44,27.01,20.13,20.46,13.94,20.46,14.67,14.91,10.15,14.91,10.25,10.38,7.71,10.38,6.91,6.96,6.07,6.96,4.77,4.78,4.64,4.78
fragment_01374,2,31.83,31.84,31.83,31.84,25.36,25.36,25.36,25.36,18.91,18.91,18.9,18.91,13.35,13.35,13.35,13.35,9.63,9.63,9.63,9.63,7.13,7.13,7.13,7.13,5.2,5.2,5.2,5.2
fragment_01375,7,28.72,28.68,28.68,29.94,21.15,21.04,20.84,25.56,14.93,14.84,13.82,20.11,11.48,11.42,10.48,15.82,9.14,9.11,8.45,11.58,7.36,7.35,6.87,8.21,5.62,5.62,5.41,5.67
fragment_01376,1,25.34,25.34,25.34,25.34,17.34,17.34,17.34,17.34,12.67,12.67,12.67,12.67,9.71,9.71,9.71,9.71,6.73,6.73,6.73,6.73,4.4,4.4,4.4,4.4,3.03,3.03,3.03,3.03
fragment_01377,6,31.44,31.43,31.31,35.03,25.02,25.0,25.0,31.49,18.31,18.25,18.25,23.53,14.29,14.18,14.18,16.29,10.31,10.2,10.16,11.15,7.24,7.22,7.22,7.32,5.02,5.02,5.02,5.03
fragment_01378,11,35.13,35.47,32.6,36.16,30.5,31.97,27.29,32.36,21.6,22.87,19.64,23.27,13.24,13.35,12.62,13.37,8.09,8.09,8.08,8.1,5.26,5.26,5.26,5.27,3.62,3.62,3.61,3.62
fragment_01379,2,29.9,29.89,29.89,29.9,22.65,22.65,22.65,22.65,16.62,16.62,16.62,16.62,12.26,12.26,12.26,12.26,8.64,8.64,8.64,8.64,5.78,5.78,5.78,5.78,3.97,3.97,3.97,3.97
fragment_01380,2,29.28,29.28,29.28,29.28,22.25,22.24,22.24,22.25,17.02,17.02,17.02,17.02,12.44,12.44,12.44,12.44,8.1,8.1,8.1,8.1,5.29,5.29,5.29,5.29,3.64,3.64,3.64,3.64
fragment_01381,4,32.16,32.17,32.11,32.17,25.54,25.54,25.53,25.54,18.34,18.34,18.33,18.34,13.24,13.24,13.24,13.24,9.3,9.3,9.3,9.3,6.33,6.33,6.33,6.33,4.35,4.35,4.35,4.35
fragment_01382,6,32.54,33.57,31.39,33.57,26.89,28.82,24.81,28.82,19.29,21.13,17.38,21.13,13.1,13.55,12.62,13.55,8.22,8.22,8.21,8.22,5.35,5.35,5.35,5.35,3.67,3.68,3.67,3.68
fragment_01383,2,32.37,32.37,32.37,32.37,24.81,24.8,24.8,24.81,17.4,17.4,17.4,17.4,11.86,11.86,11.86,11.86,8.04,8.04,8.04,8.04,5.64,5.64,5.64,5.64,3.89,3.89,3.89,3.89
fragment_01384,1,28.61,28.61,28.61,28.61,19.66,19.66,19.66,19.66,14.55,14.55,14.55,14.55,11.55,11.55,11.55,11.55,8.79,8.79,8.79,8.79,6.55,6.55,6.55,6.55,4.65,4.65,4.65,4.65
fragment_01385,9,30.09,30.51,28.83,31.48,21.62,22.77,19.26,23.93,14.4,15.85,12.12,16.21,9.72,10.47,8.39,10.67,6.66,6.97,5.99,7.01,4.54,4.57,4.45,4.57,3.14,3.14,3.13,3.14
fragment_01386,9,32.06,32.07,31.5,33.21,24.87,24.82,24.82,28.58,18.12,18.06,18.06,21.53,12.92,12.9,12.9,13.86,8.45,8.45,8.45,8.48,5.51,5.51,5.51,5.52,3.78,3.78,3.78,3.79
fragment_01387,5,30.42,30.32,30.11,30.85,22.83,22.56,22.36,24.23,15.55,15.24,15.09,17.38,11.28,11.04,10.92,12.57,8.42,8.3,8.25,9.03,6.22,6.15,6.12,6.53,4.63,4.61,4.59,4.74
fragment_01388,1,31.62,31.62,31.62,31.62,25.32,25.32,25.32,25.32,17.92,17.92,17.92,17.92,11.3,11.3,11.3,11.3,7.4,7.4,7.4,7.4,4.82,4.82,4.82,4.82,3.31,3.31,3.31,3.31
fragment_01389,9,30.67,30.36,28.86,33.06,22.7,22.53,19.47,26.24,15.75,15.49,12.87,18.88,10.69,10.55,9.76,11.61,7.0,7.02,6.86,7.04,4.58,4.58,4.57,4.58,3.14,3.14,3.14,3.15
fragment_01390,1,28.39,28.39,28.39,28.39,20.15,20.15,20.15,20.15,13.66,13.66,13.66,13.66,10.12,10.12,10.12,10.12,7.76,7.76,7.76,7.76,5.84,5.84,5.84,5.84,4.45,4.45,4.45,4.45
fragment_01391,26,33.01,32.97,32.74,34.67,26.76,27.17,25.88,29.45,20.71,21.37,19.21,23.61,14.41,14.95,12.7,15.43,9.29,9.39,8.73,9.4,6.11,6.11,6.08,6.12,4.2,4.2,4.19,4.2
fragment_01392,2,29.76,29.76,29.75,29.76,22.15,22.15,22.14,22.15,15.42,15.42,15.42,15.42,11.31,11.31,11.31,11.31,8.33,8.33,8.32,8.33,6.37,6.37,6.37,6.37,4.86,4.86,4.86,4.86
fragment_01393,12,31.13,31.43,30.2,31.44,27.72,28.09,26.74,28.11,21.48,21.63,20.93,21.84,15.58,15.52,15.23,16.13,10.37,10.35,10.31,10.41,6.77,6.77,6.76,6.78,4.65,4.65,4.64,4.66
fragment_01394,3,30.52,30.5,30.5,30.63,25.87,25.86,25.85,25.94,19.41,19.41,19.41,19.45,14.28,14.28,14.28,14.31,9.87,9.87,9.87,9.88,6.57,6.57,6.57,6.57,4.51,4.51,4.51,4.51
fragment_01395,1,29.07,29.07,29.07,29.07,21.73,21.73,21.73,21.73,15.25,15.25,15.25,15.25,11.07,11.07,11.07,11.07,8.89,8.89,8.89,8.89,6.9,6.9,6.9,6.9,5.42,5.42,5.42,5.42
fragment_01396,8,34.4,35.05,32.28,35.63,29.7,30.6,27.2,32.25,21.5,22.43,19.56,23.8,13.52,13.84,13.05,13.88,8.41,8.41,8.38,8.42,5.47,5.47,5.47,5.48,3.76,3.76,3.76,3.76
fragment_01397,5,31.46,31.15,29.32,32.02,26.18,25.22,23.25,27.67,19.61,18.46,17.19,21.27,14.78,14.09,12.75,15.75,11.0,10.71,9.81,11.4,7.68,7.66,7.35,7.73,5.3,5.3,5.29,5.31
fragment_01398,3,26.61,26.63,26.43,26.63,20.58,20.58,20.5,20.58,13.93,13.94,13.9,13.94,9.53,9.53,9.52,9.53,6.85,6.85,6.84,6.85,4.67,4.67,4.67,4.67,3.21,3.21,3.21,3.21
fragment_01399,1,28.64,28.64,28.64,28.64,19.68,19.68,19.68,19.68,14.28,14.28,14.28,14.28,10.67,10.67,10.67,10.67,7.86,7.86,7.86,7.86,5.76,5.76,5.76,5.76,3.99,3.99,3.99,3.99
fragment_01400,3,28.43,28.42,28.42,28.52,23.02,23.0,23.0,23.11,16.61,16.61,16.61,16.63,11.62,11.62,11.62,11.63,8.73,8.73,8.73,8.73,6.39,6.39,6.39,6.39,4.52,4.51,4.51,4.52
fragment_01401,19,29.3,28.71,28.54,31.32,19.96,19.39,19.06,22.42,13.51,13.1,12.59,15.55,10.31,9.71,9.44,12.0,8.28,7.87,7.82,9.24,6.76,6.6,6.6,7.2,5.35,5.3,5.3,5.45
fragment_01402,2,31.29,31.29,31.29,31.29,24.2,24.2,24.2,24.2,17.32,17.32,17.32,17.32,12.56,12.56,12.56,12.56,8.72,8.72,8.72,8.72,5.85,5.85,5.84,5.85,4.02,4.02,4.02,4.02
fragment_01403,6,34.28,34.56,32.47,34.56,28.67,29.18,25.12,29.18,23.38,23.98,18.33,23.98,17.12,17.48,13.4,17.48,11.66,11.8,9.95,11.8,7.75,7.77,7.42,7.77,5.34,5.34,5.33,5.34
fragment_01404,3,28.47,28.46,28.46,28.47,24.28,24.28,24.28,24.32,18.23,18.23,18.23,18.26,12.77,12.77,12.77,12.8,9.05,9.05,9.05,9.06,6.44,6.44,6.44,6.45,4.69,4.69,4.69,4.69
fragment_01405,2,29.08,29.15,28.95,29.15,20.87,20.91,20.79,20.91,14.73,14.75,14.69,14.75,10.81,10.82,10.79,10.82,7.25,7.25,7.25,7.25,4.74,4.74,4.74,4.75,3.26,3.26,3.26,3.26
fragment_01406,4,29.74,29.71,29.71,29.77,22.14,22.13,22.13,22.16,15.83,15.91,15.66,15.94,12.53,12.69,12.21,12.74,9.43,9.55,9.21,9.59,6.68,6.69,6.66,6.7,4.62,4.61,4.61,4.62
fragment_01407,4,31.91,31.92,31.9,31.92,25.41,25.41,25.4,25.41,19.36,19.36,19.35,19.36,14.51,14.51,14.51,14.52,10.71,10.71,10.71,10.72,7.61,7.61,7.61,7.61,5.26,5.26,5.26,5.26
fragment_01408,3,32.84,33.47,32.07,33.47,26.9,28.69,24.73,28.69,22.21,24.99,18.85,24.99,17.69,19.77,15.17,19.77,13.27,14.32,12.01,14.32,9.31,9.45,9.14,9.45,6.49,6.49,6.48,6.49
fragment_01409,2,28.85,28.85,28.85,28.86,24.28,24.27,24.27,24.28,18.02,18.02,18.02,18.02,13.38,13.38,13.38,13.38,9.82,9.82,9.82,9.82,7.18,7.18,7.18,7.18,5.15,5.15,5.15,5.15
fragment_01410,1,35.02,35.02,35.02,35.02,28.77,28.77,28.77,28.77,21.47,21.47,21.47,21.47,14.26,14.26,14.26,14.26,8.91,8.91,8.91,8.91,5.8,5.8,5.8,5.8,3.98,3.98,3.98,3.98
fragment_01411,6,28.76,28.58,28.57,30.56,20.38,20.13,20.13,22.83,12.98,12.83,12.73,14.48,9.28,9.19,9.01,10.21,7.14,7.08,6.87,7.83,5.61,5.58,5.48,5.96,4.48,4.48,4.34,4.63
fragment_01412,2,29.26,29.25,29.25,29.26,26.51,26.52,26.51,26.52,19.16,19.17,19.16,19.17,13.34,13.34,13.33,13.34,9.89,9.89,9.89,9.89,7.35,7.35,7.34,7.35,5.39,5.39,5.39,5.39
fragment_01413,9,31.42,30.35,30.35,34.73,23.95,22.83,22.56,29.43,17.95,17.47,16.17,22.44,12.7,12.75,11.69,13.78,8.3,8.32,8.14,8.35,5.43,5.43,5.43,5.44,3.73,3.73,3.73,3.73
fragment_01414,10,33.22,33.24,32.76,33.27,27.08,27.09,26.89,27.09,20.4,20.41,20.29,20.46,14.19,14.2,14.14,14.2,10.19,10.21,10.09,10.21,7.91,7.92,7.86,7.92,5.79,5.79,5.78,5.79
fragment_01415,2,32.33,32.34,32.33,32.34,25.11,25.11,25.11,25.11,18.06,18.06,18.06,18.06,13.02,13.02,13.02,13.02,8.99,8.99,8.99,8.99,6.0,6.0,6.0,6.0,4.12,4.12,4.12,4.12
fragment_01416,3,33.8,33.79,33.79,34.78,27.88,27.86,27.86,31.39,20.09,20.07,20.07,23.2,13.95,13.94,13.94,14.47,8.78,8.78,8.78,8.8,5.71,5.71,5.71,5.73,3.92,3.92,3.92,3.93
fragment_01417,2,28.41,28.54,27.76,28.54,23.58,23.67,23.11,23.67,17.03,17.05,16.95,17.05,10.74,10.74,10.73,10.74,6.55,6.55,6.55,6.56,4.26,4.26,4.26,4.27,2.93,2.93,2.93,2.93
fragment_01418,15,32.59,32.84,29.05,32.84,28.35,28.72,24.06,28.72,20.59,20.84,17.58,20.84,13.89,13.98,12.68,14.97,10.13,10.19,9.25,10.89,7.44,7.46,7.05,7.77,5.39,5.4,5.29,5.4
fragment_01419,2,28.27,28.27,28.27,28.28,20.03,20.03,20.03,20.05,13.69,13.69,13.67,13.69,10.34,10.34,10.34,10.37,8.22,8.22,8.22,8.32,6.0,6.0,6.0,6.02,4.16,4.16,4.16,4.16
fragment_01420,3,29.37,29.37,29.37,31.06,25.64,25.63,25.63,27.12,17.86,17.86,17.86,17.89,12.08,12.08,11.9,12.08,7.93,7.92,7.88,7.93,5.17,5.17,5.17,5.17,3.55,3.55,3.55,3.55
fragment_01421,1,28.55,28.55,28.55,28.55,19.64,19.64,19.64,19.64,14.27,14.27,14.27,14.27,11.0,11.0,11.0,11.0,7.44,7.44,7.44,7.44,4.86,4.86,4.86,4.86,3.34,3.34,3.34,3.34
fragment_01422,2,29.8,29.8,29.78,29.8,25.49,25.49,25.49,25.64,19.73,19.73,19.48,19.73,14.54,14.54,14.54,14.54,10.31,10.31,10.31,10.32,6.92,6.92,6.92,6.93,4.75,4.75,4.75,4.76
fragment_01423,1,28.14,28.14,28.14,28.14,22.72,22.72,22.72,22.72,16.14,16.14,16.14,16.14,11.89,11.89,11.89,11.89,9.17,9.17,9.17,9.17,6.76,6.76,6.76,6.76,4.75,4.75,4.75,4.75
fragment_01424,11,34.71,34.6,32.5,37.11,29.63,29.0,27.24,33.56,21.02,20.64,19.8,24.31,13.64,13.65,12.86,14.34,8.66,8.68,8.56,8.7,5.65,5.65,5.65,5.66,3.88,3.88,3.88,3.89
fragment_01425,2,29.03,29.02,29.02,29.03,21.56,21.56,21.56,21.56,14.87,14.87,14.87,14.87,10.71,10.71,10.71,10.71,7.62,7.62,7.62,7.62,5.39,5.39,5.39,5.39,3.7,3.7,3.7,3.7
fragment_01426,6,28.63,28.63,28.62,28.69,20.26,20.28,20.0,20.28,14.48,14.52,13.69,15.07,10.76,10.78,10.42,12.09,8.12,8.13,7.99,9.23,6.21,6.22,6.13,6.26,4.29,4.29,4.29,4.3
fragment_01427,5,34.01,33.95,32.36,34.73,27.98,27.34,26.36,29.73,18.97,18.44,18.23,20.17,11.49,11.47,11.47,11.53,6.98,6.98,6.98,6.99,4.54,4.54,4.54,4.55,3.12,3.12,3.12,3.13
fragment_01428,1,35.25,35.25,35.25,35.25,30.52,30.52,30.52,30.52,23.28,23.28,23.28,23.28,14.62,14.62,14.62,14.62,8.9,8.9,8.9,8.9,5.79,5.79,5.79,5.79,3.98,3.98,3.98,3.98
fragment_01429,2,32.95,32.95,32.95,32.96,26.75,26.75,26.75,26.75,20.04,20.04,20.03,20.04,13.78,13.78,13.78,13.78,8.46,8.46,8.45,8.46,5.5,5.5,5.5,5.5,3.78,3.78,3.78,3.78
fragment_01430,2,28.6,28.62,28.39,28.62,23.55,23.61,22.72,23.61,16.81,16.88,15.92,16.88,11.37,11.41,10.87,11.41,6.94,6.94,6.94,6.94,4.52,4.52,4.52,4.52,3.1,3.1,3.1,3.1
fragment_01432,9,31.45,31.23,30.9,34.54,24.23,24.45,22.59,28.49,17.72,18.19,15.76,20.88,12.11,12.5,10.73,12.63,7.63,7.65,7.41,7.65,4.98,4.98,4.97,4.98,3.42,3.42,3.42,3.42
fragment_01433,2,29.05,29.05,29.05,29.05,22.75,22.75,22.75,22.75,16.73,16.73,16.73,16.73,12.07,12.07,12.07,12.07,9.22,9.22,9.22,9.22,7.07,7.07,7.07,7.07,5.37,5.37,5.37,5.38
fragment_01434,1,29.1,29.1,29.1,29.1,20.84,20.84,20.84,20.84,14.94,14.94,14.94,14.94,11.56,11.56,11.56,11.56,8.87,8.87,8.87,8.87,6.6,6.6,6.6,6.6,4.93,4.93,4.93,4.93
fragment_01435,15,33.66,32.26,31.9,36.79,29.08,26.88,26.27,34.1,21.84,20.19,19.83,25.84,14.86,14.18,14.02,16.03,9.68,9.62,9.62,9.75,6.33,6.33,6.32,6.34,4.35,4.35,4.34,4.36
fragment_01436,2,30.2,30.19,30.19,30.2,23.45,23.45,23.45,23.45,17.5,17.49,17.49,17.5,13.48,13.48,13.48,13.48,9.26,9.26,9.26,9.26,6.04,6.04,6.04,6.04,4.15,4.15,4.15,4.15
fragment_01437,8,29.99,29.5,29.46,31.27,24.79,23.74,23.73,27.15,17.82,16.85,16.78,19.93,12.54,12.08,12.06,13.57,8.81,8.64,8.63,9.16,5.98,5.98,5.98,5.99,4.11,4.11,4.11,4.11
fragment_01438,6,29.79,29.84,29.24,30.8,22.05,22.07,21.6,23.17,15.32,15.39,14.98,15.4,11.29,11.34,11.05,11.34,7.89,7.9,7.87,7.9,5.24,5.24,5.24,5.24,3.6,3.6,3.6,3.6
fragment_01439,3,31.2,31.22,31.15,32.28,29.08,29.14,27.57,29.14,21.67,21.75,19.17,21.75,15.05,15.08,14.17,15.08,10.54,10.55,10.44,10.55,7.47,7.48,7.46,7.48,5.48,5.48,5.47,5.48
fragment_01440,2,29.27,29.27,29.27,29.27,26.47,26.46,26.46,26.47,19.14,19.14,19.14,19.14,13.38,13.38,13.38,13.38,9.95,9.95,9.95,9.95,7.43,7.43,7.43,7.43,5.62,5.62,5.62,5.62
fragment_01441,15,28.48,28.49,28.41,28.61,20.09,19.94,19.72,21.8,13.77,13.65,13.52,15.57,10.12,10.0,9.78,11.53,8.01,7.93,7.66,8.82,6.37,6.34,6.18,6.65,4.78,4.77,4.72,4.82
fragment_01442,10,31.92,32.12,29.95,33.12,27.6,28.03,24.33,28.85,21.68,22.14,17.96,22.44,16.59,16.91,13.61,17.03,12.24,12.41,10.68,12.44,8.33,8.35,8.01,8.36,5.74,5.74,5.73,5.74
fragment_01443,8,33.91,34.45,32.73,34.45,28.06,29.43,26.08,29.43,23.02,24.91,19.16,24.91,17.51,18.85,14.44,18.85,12.48,12.96,11.04,13.07,8.5,8.58,8.21,8.59,5.89,5.89,5.88,5.9
fragment_01444,14,29.14,28.9,28.61,31.91,20.8,20.4,20.17,25.55,13.91,13.58,13.34,18.55,10.86,10.73,10.32,13.71,8.67,8.63,8.28,9.98,6.54,6.53,6.48,6.83,4.68,4.68,4.67,4.69
fragment_01445,9,29.39,28.69,28.65,31.17,19.84,19.14,19.12,21.59,12.63,12.16,12.15,13.79,8.93,8.45,8.44,9.93,6.57,6.26,6.26,7.09,4.68,4.62,4.62,4.75,3.26,3.26,3.26,3.26
fragment_01446,6,30.44,30.27,28.7,32.12,25.94,25.82,25.41,27.27,20.22,20.16,20.08,20.78,14.21,14.21,14.05,14.22,8.7,8.7,8.69,8.7,5.66,5.66,5.66,5.66,3.89,3.89,3.89,3.89
fragment_01447,2,28.93,28.92,28.92,28.93,22.11,22.11,22.11,22.11,16.14,16.13,16.13,16.14,12.07,12.06,12.06,12.07,8.82,8.82,8.82,8.82,5.9,5.9,5.9,5.9,4.05,4.05,4.05,4.05
fragment_01448,2,31.45,31.45,31.44,31.45,25.47,25.47,25.46,25.47,20.4,20.4,20.4,20.4,14.97,14.97,14.97,14.97,10.94,10.94,10.94,10.94,7.93,7.93,7.93,7.93,5.59,5.59,5.59,5.59
fragment_01449,2,34.4,34.4,34.4,34.4,27.65,27.65,27.65,27.65,20.52,20.52,20.52,20.52,15.83,15.83,15.82,15.83,11.84,11.84,11.84,11.84,8.98,8.98,8.98,8.98,6.69,6.69,6.69,6.69
fragment_01450,1,27.71,27.71,27.71,27.71,22.6,22.6,22.6,22.6,16.62,16.62,16.62,16.62,12.25,12.25,12.25,12.25,9.04,9.04,9.04,9.04,6.89,6.89,6.89,6.89,5.14,5.14,5.14,5.14
fragment_01451,7,29.84,29.36,29.36,31.08,24.54,23.63,23.62,26.83,17.51,16.68,16.63,19.58,12.22,11.81,11.8,13.22,8.52,8.36,8.36,8.89,5.8,5.8,5.8,5.81,3.99,3.99,3.99,3.99
fragment_01452,12,29.63,29.37,28.54,30.83,23.52,24.01,20.87,25.19,17.01,17.99,13.72,17.99,12.59,13.33,10.16,13.33,9.36,9.86,7.88,9.86,6.74,6.83,6.31,6.83,4.69,4.69,4.66,4.69
fragment_01453,3,31.66,31.66,31.56,32.55,25.14,25.14,25.04,28.72,18.16,18.15,18.15,21.6,13.87,13.87,13.87,14.73,9.38,9.38,9.38,9.41,6.12,6.12,6.12,6.13,4.2,4.2,4.2,4.21
fragment_01454,6,32.69,33.29,30.68,33.29,25.87,26.75,23.69,26.75,16.17,16.7,14.77,16.7,9.35,9.36,9.3,9.37,5.67,5.67,5.67,5.68,3.69,3.69,3.69,3.69,2.53,2.53,2.53,2.54
fragment_01455,1,28.73,28.73,28.73,28.73,20.71,20.71,20.71,20.71,14.69,14.69,14.69,14.69,10.58,10.58,10.58,10.58,8.07,8.07,8.07,8.07,6.02,6.02,6.02,6.02,4.51,4.51,4.51,4.51
fragment_01456,25,31.46,31.11,30.63,34.39,23.63,22.76,22.6,28.49,17.36,17.01,15.79,22.04,12.67,13.12,11.0,15.15,8.88,9.15,8.13,9.41,6.08,6.12,5.95,6.13,4.2,4.2,4.2,4.21
fragment_01457,7,31.75,31.1,30.63,32.91,24.73,23.49,23.49,26.56,15.09,14.43,14.43,15.92,8.72,8.71,8.71,8.73,5.28,5.28,5.28,5.29,3.44,3.44,3.44,3.44,2.36,2.36,2.36,2.37
fragment_01458,21,29.46,29.41,28.71,29.67,24.41,24.53,24.16,26.34,18.58,18.54,18.33,20.96,14.53,14.48,14.06,16.08,10.47,10.43,10.11,11.2,7.38,7.38,7.34,7.43,5.1,5.1,5.1,5.1
fragment_01459,6,26.97,26.64,26.02,28.68,20.31,19.76,19.76,23.33,16.02,15.81,15.45,18.72,12.4,12.29,11.8,14.16,9.33,9.19,9.06,10.34,6.93,6.87,6.79,7.35,5.08,5.05,5.02,5.24
fragment_01460,11,31.82,31.63,31.5,33.51,25.39,24.97,24.9,29.02,17.69,17.34,17.34,20.67,12.43,12.37,12.31,13.34,8.14,8.13,8.09,8.22,5.35,5.35,5.35,5.35,3.67,3.67,3.67,3.68
fragment_01461,2,29.96,29.96,29.96,29.96,23.3,23.3,23.3,23.3,17.91,17.91,17.91,17.91,13.37,13.37,13.37,13.37,9.18,9.18,9.18,9.18,6.0,6.0,6.0,6.0,4.12,4.12,4.12,4.12
fragment_01462,2,29.84,29.84,29.84,29.84,22.21,22.21,22.21,22.21,15.43,15.43,15.43,15.43,11.36,11.36,11.36,11.36,8.45,8.45,8.45,8.45,6.24,6.24,6.24,6.24,4.37,4.37,4.37,4.37
fragment_01463,13,35.53,35.91,33.71,35.91,31.56,31.77,29.06,31.77,25.68,25.82,22.77,25.83,18.77,18.8,16.84,18.8,11.92,11.92,11.66,11.92,7.76,7.76,7.75,7.76,5.33,5.33,5.32,5.33
fragment_01464,2,28.68,28.68,28.68,28.68,22.13,22.13,22.13,22.13,16.48,16.48,16.48,16.48,12.55,12.55,12.55,12.55,9.38,9.38,9.38,9.38,6.94,6.94,6.94,6.94,4.95,4.95,4.95,4.95
fragment_01465,4,32.6,32.58,31.1,32.7,27.6,27.56,27.34,29.8,21.02,20.99,20.99,23.0,15.96,15.94,15.78,16.45,11.06,11.06,11.02,11.23,7.37,7.37,7.37,7.38,5.07,5.07,5.06,5.07
fragment_01466,21,31.11,31.35,28.92,33.52,23.83,24.6,19.54,28.11,17.55,18.52,13.61,21.25,13.21,13.88,10.81,14.63,9.35,9.54,8.33,9.65,6.27,6.29,6.05,6.3,4.32,4.32,4.32,4.33
fragment_01467,8,31.87,32.4,28.76,32.42,28.22,29.29,21.74,29.3,23.29,24.5,15.89,24.52,18.06,18.97,12.74,18.98,12.96,13.43,10.14,13.43,8.73,8.83,8.05,8.84,6.06,6.07,6.01,6.08
fragment_01468,10,29.77,29.69,29.14,30.01,24.24,24.2,24.12,24.6,18.06,18.13,17.91,19.7,13.75,13.8,13.6,15.3,10.37,10.39,10.28,11.22,7.75,7.76,7.67,7.95,5.47,5.48,5.47,5.48
fragment_01469,7,30.15,30.64,28.86,31.58,22.0,22.96,19.49,24.67,15.56,16.29,13.55,18.63,12.11,12.4,11.26,14.3,9.57,9.78,8.97,10.49,7.03,7.09,6.85,7.15,4.9,4.9,4.9,4.91
fragment_01470,8,26.5,26.51,25.29,26.75,19.51,19.56,17.3,19.71,13.17,13.2,11.38,13.51,8.01,8.02,7.71,8.02,4.86,4.86,4.85,4.86,3.16,3.16,3.16,3.16,2.17,2.17,2.17,2.17
fragment_01471,2,31.76,31.75,31.75,31.76,25.27,25.27,25.27,25.28,18.56,18.56,18.56,18.56,12.34,12.33,12.33,12.34,8.31,8.31,8.31,8.31,5.8,5.8,5.8,5.8,3.99,3.99,3.99,3.99
fragment_01472,2,30.73,30.73,30.73,30.73,23.65,23.65,23.65,23.65,16.8,16.8,16.8,16.8,12.1,12.1,12.1,12.1,8.92,8.92,8.92,8.92,6.79,6.79,6.79,6.79,5.31,5.31,5.31,5.31
fragment_01473,2,32.3,32.3,32.3,32.3,25.08,25.08,25.08,25.08,18.04,18.04,18.04,18.04,12.97,12.97,12.97,12.97,9.4,9.4,9.4,9.4,6.59,6.59,6.59,6.59,4.54,4.54,4.54,4.54
fragment_01474,2,32.84,33.01,32.0,33.01,26.42,26.54,25.86,26.54,16.86,16.86,16.83,16.86,9.55,9.55,9.55,9.56,5.79,5.79,5.79,5.79,3.77,3.77,3.77,3.77,2.59,2.59,2.59,2.59
fragment_01475,3,30.15,30.17,30.11,32.14,27.57,27.59,27.53,27.59,20.02,20.03,18.87,20.03,13.77,13.78,13.58,13.78,9.75,9.75,9.65,9.75,6.92,6.92,6.92,6.92,5.02,5.02,5.02,5.03
fragment_01476,5,30.43,30.26,29.88,32.14,25.93,25.81,25.81,27.27,20.21,20.16,20.16,20.8,14.21,14.21,13.95,14.22,8.7,8.7,8.69,8.7,5.66,5.66,5.66,5.66,3.89,3.89,3.89,3.89
fragment_01477,2,32.39,32.52,31.8,32.52,25.52,25.53,25.48,25.53,16.22,16.23,16.17,16.23,9.21,9.21,9.2,9.21,5.58,5.58,5.58,5.58,3.63,3.63,3.63,3.63,2.49,2.49,2.49,2.49
fragment_01478,9,27.2,26.64,26.64,31.81,21.8,21.48,20.53,25.52,17.72,17.58,16.53,20.15,13.99,13.85,13.0,15.59,10.78,10.72,10.35,11.8,7.88,7.86,7.78,8.03,5.51,5.51,5.51,5.52
fragment_01479,5,31.38,31.38,30.94,33.58,24.03,24.0,23.75,28.43,16.91,16.87,16.82,20.52,12.22,12.21,12.18,12.89,7.81,7.81,7.81,7.82,5.08,5.08,5.08,5.09,3.49,3.49,3.49,3.5
fragment_01480,2,32.39,32.38,32.38,32.4,25.5,25.49,25.49,25.51,18.81,18.8,18.8,18.81,14.61,14.61,14.61,14.62,10.52,10.52,10.52,10.52,7.25,7.25,7.25,7.25,5.02,5.02,5.02,5.02
fragment_01481,2,29.75,29.74,29.74,29.75,26.17,26.17,26.17,26.17,20.55,20.55,20.55,20.55,14.5,14.5,14.5,14.5,9.89,9.89,9.89,9.89,6.48,6.48,6.48,6.48,4.45,4.45,4.45,4.45
fragment_01482,11,35.97,36.18,34.56,36.81,32.58,33.05,30.4,33.18,20.75,21.03,19.42,21.03,11.52,11.52,11.51,11.53,6.98,6.98,6.98,6.99,4.54,4.54,4.54,4.55,3.12,3.12,3.12,3.12
fragment_01483,12,29.75,29.74,29.74,29.75,22.15,22.15,22.14,22.16,16.41,16.63,15.83,16.67,13.57,13.71,12.92,13.98,10.78,10.78,10.23,11.25,8.22,8.1,8.0,8.56,6.0,5.96,5.96,6.06
fragment_01484,6,27.78,27.86,25.78,28.8,21.97,22.13,19.93,23.8,17.42,17.36,16.4,19.63,13.34,13.03,12.93,15.3,10.01,9.81,9.81,11.01,7.31,7.26,7.26,7.5,5.15,5.15,5.15,5.15
fragment_01485,9,33.05,33.17,32.53,34.29,25.96,25.88,25.47,28.18,19.33,19.38,18.35,21.78,13.03,13.1,12.13,13.7,8.27,8.29,8.16,8.3,5.4,5.4,5.4,5.4,3.71,3.71,3.71,3.71
fragment_01486,2,30.54,30.53,30.53,30.54,23.49,23.49,23.49,23.49,16.56,16.56,16.56,16.56,11.78,11.78,11.78,11.78,8.84,8.84,8.84,8.84,6.55,6.55,6.55,6.55,4.57,4.57,4.57,4.57
fragment_01487,2,29.12,29.13,29.12,29.13,26.26,26.26,26.25,26.26,18.95,18.95,18.95,18.95,13.06,13.06,13.06,13.06,9.27,9.27,9.27,9.27,6.29,6.29,6.29,6.29,4.32,4.32,4.32,4.32
fragment_01488,10,29.02,28.94,28.94,29.12,24.14,24.02,24.02,24.3,18.87,18.64,18.64,19.15,14.5,14.03,14.03,14.99,10.74,10.26,10.26,11.24,7.95,7.79,7.79,8.1,5.64,5.63,5.63,5.64
fragment_01489,11,31.2,31.63,29.64,35.56,28.06,27.99,26.74,33.74,21.32,21.11,20.53,26.75,15.85,15.81,15.18,19.05,12.03,12.06,11.65,13.13,8.62,8.66,8.48,8.73,5.99,5.99,5.98,6.0
fragment_01490,2,29.77,29.76,29.76,29.78,22.17,22.16,22.16,22.18,15.39,15.38,15.38,15.39,11.11,11.11,11.11,11.11,7.78,7.78,7.78,7.78,5.49,5.49,5.49,5.49,3.92,3.92,3.92,3.92
fragment_01491,2,32.28,32.39,32.11,32.39,27.02,27.14,26.84,27.14,20.78,20.89,20.62,20.89,14.88,14.9,14.86,14.9,9.36,9.36,9.36,9.36,6.09,6.09,6.09,6.09,4.19,4.19,4.18,4.19
fragment_01492,10,29.48,29.54,28.74,29.54,24.44,24.43,24.41,25.76,18.61,18.56,18.54,19.89,14.31,14.25,14.25,15.88,10.47,10.43,10.42,11.58,7.71,7.7,7.7,7.88,5.4,5.4,5.4,5.41
fragment_01493,5,28.64,28.67,28.6,28.72,24.52,24.6,24.33,24.6,19.59,19.65,19.42,19.65,15.01,15.14,14.64,15.14,11.7,11.85,11.23,11.85,9.03,9.1,8.83,9.1,6.65,6.67,6.61,6.67
fragment_01494,2,29.7,29.7,29.7,29.71,23.55,23.54,23.54,23.55,16.53,16.53,16.53,16.53,11.73,11.73,11.73,11.73,8.76,8.76,8.76,8.76,6.78,6.79,6.78,6.79,5.24,5.24,5.24,5.24
fragment_01495,4,29.53,29.57,29.31,29.75,24.24,24.19,24.18,24.51,18.14,17.96,17.88,19.19,13.75,13.57,13.49,14.76,10.09,10.01,9.98,10.6,7.13,7.12,7.12,7.16,4.92,4.92,4.92,4.92
fragment_01496,2,32.09,32.08,32.08,32.1,25.34,25.34,25.34,25.34,18.59,18.59,18.59,18.59,14.08,14.08,14.08,14.08,9.86,9.86,9.86,9.86,7.01,7.01,7.01,7.01,5.06,5.06,5.06,5.06
fragment_01497,2,29.2,29.2,29.2,29.2,20.94,20.94,20.94,20.94,14.9,14.9,14.9,14.9,11.11,11.11,11.11,11.11,7.42,7.43,7.42,7.43,4.83,4.83,4.83,4.83,3.32,3.32,3.32,3.32
fragment_01498,8,30.53,30.51,30.51,30.99,23.2,23.18,23.18,23.46,16.4,16.4,15.93,16.58,11.34,11.33,11.29,12.0,8.22,8.21,8.09,8.98,6.16,6.15,6.15,6.64,4.71,4.7,4.7,4.82
fragment_01499,15,29.84,29.85,29.83,29.85,22.2,22.2,22.2,22.21,15.5,15.51,15.5,15.51,11.41,11.42,11.41,11.43,8.04,8.1,8.01,8.1,5.94,6.02,5.88,6.02,4.69,4.72,4.65,4.72
fragment_01500,10,25.53,25.52,25.43,26.6,17.77,17.76,17.65,18.43,14.03,14.03,13.46,14.5,11.66,11.66,11.06,12.03,8.73,8.73,8.44,9.07,6.06,6.06,6.04,6.06,4.16,4.16,4.15,4.17
fragment_01501,6,25.43,25.42,25.38,26.78,17.6,17.6,17.51,18.45,13.14,13.13,13.13,13.74,10.43,10.42,10.42,10.82,7.73,7.72,7.72,7.83,5.21,5.21,5.21,5.22,3.58,3.58,3.58,3.59
fragment_01502,5,27.23,26.81,26.66,28.74,20.73,20.24,19.8,23.35,16.2,15.5,15.5,18.68,12.54,11.83,11.83,14.26,9.61,9.18,9.18,10.62,7.12,7.02,7.02,7.34,5.04,5.04,5.04,5.04
fragment_01503,13,32.15,32.9,30.59,33.55,25.27,26.18,22.97,27.96,16.06,16.52,14.28,18.35,10.47,10.56,9.74,11.19,6.75,6.77,6.66,6.79,4.41,4.41,4.41,4.42,3.03,3.03,3.03,3.03
fragment_01504,2,28.29,28.31,28.21,28.31,23.14,23.29,22.66,23.29,16.66,16.91,15.89,16.91,11.48,11.65,10.96,11.65,7.15,7.15,7.15,7.15,4.66,4.66,4.65,4.66,3.2,3.2,3.2,3.2
fragment_01505,2,28.48,28.49,28.47,28.49,23.02,23.04,23.01,23.04,16.61,16.62,16.59,16.62,12.06,12.08,12.05,12.08,8.78,8.79,8.77,8.79,6.23,6.23,6.23,6.23,4.29,4.29,4.29,4.29
fragment_01506,5,33.68,32.74,32.74,35.25,28.12,26.86,26.86,30.21,19.77,18.85,18.85,21.34,12.42,12.39,12.39,12.46,7.54,7.54,7.54,7.56,4.91,4.9,4.9,4.92,3.37,3.37,3.37,3.38
fragment_01507,8,35.75,35.68,34.37,36.11,32.14,32.09,29.14,32.86,26.93,26.93,23.26,26.97,20.81,20.83,17.94,20.85,13.56,13.56,12.85,13.56,8.83,8.83,8.8,8.83,6.06,6.06,6.06,6.07
fragment_01508,2,31.17,31.19,30.82,31.19,23.85,23.86,23.64,23.86,17.15,17.15,17.12,17.15,13.12,13.12,13.11,13.12,9.76,9.76,9.76,9.77,7.42,7.42,7.42,7.42,5.32,5.32,5.32,5.32
fragment_01509,4,29.52,29.57,29.24,29.77,24.22,24.18,24.18,24.42,18.11,17.94,17.85,19.07,13.72,13.55,13.44,14.69,10.09,10.0,9.96,10.57,7.13,7.12,7.11,7.16,4.92,4.92,4.92,4.92
fragment_01510,12,29.04,29.04,29.03,29.06,21.69,21.7,21.66,21.7,15.37,15.35,15.26,15.41,12.03,12.0,11.58,12.09,10.2,10.19,9.63,10.26,8.05,8.06,7.67,8.06,5.88,5.88,5.82,5.88
fragment_01511,23,28.85,28.77,28.65,31.46,21.32,21.11,20.7,27.12,14.77,14.84,13.19,19.61,10.78,11.03,9.11,12.62,7.5,7.66,6.52,7.72,5.01,5.02,4.78,5.03,3.45,3.45,3.45,3.45
fragment_01512,4,35.73,35.73,35.3,35.73,29.07,29.07,28.58,29.07,21.73,21.73,21.72,22.19,16.34,16.34,16.34,16.6,11.57,11.57,11.57,11.63,7.71,7.71,7.71,7.72,5.3,5.3,5.3,5.3
fragment_01513,9,33.75,34.07,31.87,36.26,27.95,28.31,24.97,32.74,19.41,19.63,16.96,24.3,14.12,14.29,12.45,16.54,10.6,10.72,9.64,11.13,7.34,7.35,7.2,7.37,5.05,5.05,5.05,5.06
fragment_01514,2,32.04,32.04,32.04,32.05,24.92,24.92,24.92,24.92,17.56,17.56,17.56,17.56,11.68,11.68,11.68,11.68,7.29,7.29,7.29,7.29,4.74,4.74,4.74,4.74,3.26,3.26,3.26,3.26
fragment_01515,1,28.09,28.09,28.09,28.09,19.21,19.21,19.21,19.21,12.93,12.93,12.93,12.93,9.78,9.78,9.78,9.78,7.52,7.52,7.52,7.52,5.7,5.7,5.7,5.7,4.34,4.34,4.34,4.34
fragment_01516,3,28.3,28.3,28.27,28.31,23.45,23.44,23.44,23.46,17.33,17.32,17.32,17.34,13.05,13.05,13.05,13.08,9.74,9.74,9.74,9.76,6.77,6.76,6.76,6.77,4.65,4.65,4.65,4.65
fragment_01517,10,28.84,28.73,28.49,30.55,21.07,20.69,20.69,24.81,13.63,13.19,13.19,16.95,9.25,9.0,9.0,10.54,6.26,6.22,6.22,6.4,4.16,4.16,4.16,4.17,2.86,2.85,2.85,2.86
fragment_01518,6,31.98,31.88,31.38,32.92,26.52,26.46,25.59,27.55,19.35,19.5,18.83,20.09,12.42,12.42,12.38,12.45,7.54,7.54,7.53,7.55,4.91,4.91,4.9,4.91,3.37,3.37,3.37,3.38
fragment_01519,7,31.79,31.84,28.89,31.85,24.69,24.8,19.42,24.86,17.33,17.42,12.96,18.01,11.04,11.07,9.71,11.28,6.83,6.84,6.78,6.84,4.45,4.45,4.44,4.45,3.06,3.06,3.05,3.06
fragment_01520,4,28.98,28.97,28.97,29.02,21.51,21.51,21.51,21.55,14.86,14.85,14.85,14.96,10.65,10.62,10.62,11.04,7.49,7.46,7.46,7.89,5.58,5.57,5.57,5.8,4.34,4.32,4.32,4.52
fragment_01521,11,30.36,31.23,29.27,31.3,25.42,26.99,23.63,27.08,18.97,20.38,17.29,20.46,14.14,14.94,13.2,15.15,10.72,11.2,10.15,11.23,7.83,8.06,7.56,8.08,5.75,5.87,5.6,5.88
fragment_01522,18,29.63,29.58,28.88,30.89,23.84,23.91,20.94,25.43,17.49,17.66,14.51,19.35,12.74,12.9,11.18,13.98,9.03,9.13,8.23,9.33,6.06,6.06,5.94,6.07,4.17,4.17,4.16,4.17
fragment_01523,2,29.25,29.26,29.25,29.26,22.87,22.88,22.87,22.88,16.64,16.64,16.64,16.64,12.56,12.56,12.56,12.56,9.38,9.38,9.38,9.38,6.95,6.95,6.95,6.95,4.95,4.95,4.95,4.95
fragment_01524,5,34.56,33.88,33.82,36.56,30.95,29.77,29.7,34.4,21.13,20.25,20.14,23.78,14.1,13.99,13.93,14.49,8.78,8.78,8.78,8.78,5.71,5.71,5.71,5.72,3.93,3.93,3.92,3.93
fragment_01525,11,31.13,31.42,28.94,32.45,23.88,25.35,19.48,25.35,17.57,19.49,12.99,19.49,12.78,13.95,9.68,13.95,9.11,9.54,7.62,9.54,6.2,6.23,5.98,6.23,4.28,4.28,4.28,4.28
fragment_01526,1,28.62,28.62,28.62,28.62,19.68,19.68,19.68,19.68,14.24,14.24,14.24,14.24,10.64,10.64,10.64,10.64,7.58,7.58,7.58,7.58,5.36,5.36,5.36,5.36,3.79,3.79,3.79,3.79
fragment_01527,2,32.41,31.68,31.68,33.96,26.34,24.99,24.99,29.19,18.5,17.2,17.2,21.23,12.99,12.39,12.39,14.24,9.07,8.88,8.88,9.46,6.19,6.17,6.17,6.23,4.28,4.28,4.28,4.28
fragment_01528,4,30.79,30.75,30.2,31.35,25.28,24.99,23.73,27.04,18.74,18.19,16.86,21.09,14.06,13.69,12.26,15.31,10.22,10.08,8.99,10.72,7.13,7.12,6.82,7.19,4.93,4.93,4.92,4.94
fragment_01529,26,31.6,31.52,30.88,34.32,24.56,24.55,22.8,29.24,18.6,18.37,16.38,22.57,13.54,13.23,12.46,14.71,8.91,8.84,8.72,8.98,5.83,5.83,5.83,5.84,4.01,4.01,4.01,4.01
fragment_01530,14,33.61,32.22,32.22,36.92,29.06,26.85,26.72,34.23,21.85,20.18,20.12,25.93,14.87,14.18,14.08,16.03,9.68,9.62,9.62,9.75,6.33,6.33,6.32,6.35,4.35,4.35,4.34,4.36
fragment_01531,6,31.33,31.18,31.18,32.59,26.87,26.89,26.63,26.89,20.61,20.67,20.24,20.67,15.47,15.47,15.46,15.78,10.58,10.57,10.57,10.6,6.96,6.96,6.96,6.97,4.78,4.78,4.78,4.79
fragment_01532,17,29.96,29.75,28.6,31.32,24.43,23.82,23.79,27.88,18.12,17.41,17.41,21.19,13.41,12.92,12.92,15.29,9.68,9.44,9.44,11.07,7.19,7.21,7.03,7.74,5.27,5.31,5.2,5.32
fragment_01533,3,31.62,32.06,30.89,32.06,25.02,25.7,23.92,25.7,16.95,17.62,15.87,17.62,10.6,10.78,10.31,10.78,6.58,6.58,6.58,6.59,4.28,4.28,4.28,4.29,2.94,2.94,2.94,2.94
fragment_01534,7,30.48,30.6,29.17,30.8,27.72,28.14,24.67,28.14,19.19,19.72,15.82,19.73,11.7,11.87,10.53,11.87,7.18,7.19,7.07,7.2,4.68,4.68,4.68,4.68,3.22,3.22,3.21,3.22
fragment_01535,11,28.47,28.48,28.36,28.63,20.16,20.09,19.98,20.9,13.84,13.79,13.68,14.44,10.1,10.06,9.93,10.53,8.06,8.08,7.71,8.42,6.6,6.69,6.05,6.92,5.15,5.25,4.68,5.27
fragment_01536,2,31.83,31.89,31.75,31.89,26.07,26.08,26.05,26.08,19.35,19.32,19.32,19.39,13.46,13.45,13.45,13.47,8.47,8.47,8.47,8.47,5.51,5.51,5.51,5.51,3.79,3.79,3.79,3.79
fragment_01537,1,28.39,28.39,28.39,28.39,20.68,20.68,20.68,20.68,14.08,14.08,14.08,14.08,10.29,10.29,10.29,10.29,7.92,7.92,7.92,7.92,5.93,5.93,5.93,5.93,4.48,4.48,4.48,4.48
fragment_01538,1,28.33,28.33,28.33,28.33,20.12,20.12,20.12,20.12,13.57,13.57,13.57,13.57,10.02,10.02,10.02,10.02,7.89,7.89,7.89,7.89,5.61,5.61,5.61,5.61,3.87,3.87,3.87,3.87
fragment_01539,5,31.62,31.6,30.46,32.8,27.22,27.18,26.98,30.06,20.71,20.67,20.67,23.68,15.63,15.61,15.53,16.65,10.61,10.61,10.6,10.65,6.93,6.93,6.93,6.93,4.76,4.76,4.76,4.76
fragment_01540,8,29.8,29.47,29.45,31.03,24.56,23.75,23.75,26.9,17.64,16.89,16.8,19.72,12.46,12.1,12.09,13.46,8.77,8.65,8.64,9.06,5.96,5.95,5.95,5.99,4.11,4.11,4.11,4.11
fragment_01541,4,33.58,33.58,33.56,33.92,27.19,27.2,27.12,27.2,20.31,20.32,19.88,20.32,14.49,14.49,14.43,14.49,10.0,10.0,9.99,10.0,7.03,7.03,7.03,7.03,4.85,4.85,4.84,4.85
fragment_01542,11,31.19,31.62,29.74,34.44,28.14,27.97,27.03,31.99,21.39,21.11,20.5,24.72,15.9,15.8,15.13,18.12,12.06,12.06,11.67,13.03,8.61,8.65,8.5,8.73,5.99,5.99,5.98,6.0
fragment_01543,16,35.34,35.78,33.22,38.18,31.33,32.39,28.93,35.27,24.04,24.94,21.89,26.96,15.71,16.01,14.55,16.08,9.73,9.73,9.61,9.74,6.33,6.33,6.33,6.34,4.35,4.35,4.35,4.36
fragment_01544,2,31.35,31.35,31.35,31.36,23.93,23.93,23.93,23.93,17.75,17.75,17.75,17.75,13.38,13.37,13.37,13.38,9.47,9.47,9.47,9.47,6.34,6.34,6.34,6.34,4.35,4.36,4.35,4.36
fragment_01545,2,30.52,30.53,30.5,30.53,23.1,23.11,23.09,23.11,15.62,15.63,15.62,15.63,9.96,9.96,9.96,9.96,6.07,6.07,6.06,6.07,3.95,3.95,3.95,3.95,2.71,2.71,2.71,2.71
fragment_01546,25,34.3,34.51,31.73,36.08,29.6,29.94,24.95,32.52,21.01,20.99,17.1,23.79,14.55,14.42,12.31,15.6,9.78,9.72,8.93,10.02,6.51,6.51,6.39,6.52,4.47,4.47,4.47,4.48
fragment_01547,3,32.37,31.43,31.43,33.52,24.42,22.47,22.47,26.55,16.84,15.38,15.38,18.38,11.03,10.81,10.81,11.24,6.89,6.88,6.88,6.89,4.48,4.48,4.48,4.49,3.08,3.08,3.08,3.08
fragment_01548,4,30.14,30.16,29.95,30.16,22.81,22.79,22.79,23.07,15.65,15.62,15.62,16.0,11.43,11.44,11.3,11.45,7.87,7.87,7.87,7.89,5.16,5.16,5.16,5.17,3.55,3.55,3.55,3.55
fragment_01549,5,29.79,29.74,29.13,29.92,24.28,24.25,23.85,24.35,17.46,17.46,17.25,17.47,11.9,11.9,11.9,11.91,7.25,7.25,7.25,7.25,4.72,4.72,4.72,4.72,3.24,3.24,3.24,3.24
fragment_01550,1,28.7,28.7,28.7,28.7,20.12,20.12,20.12,20.12,14.62,14.62,14.62,14.62,11.49,11.49,11.49,11.49,8.75,8.75,8.75,8.75,6.55,6.55,6.55,6.55,4.89,4.89,4.89,4.89
fragment_01551,8,29.99,29.33,29.33,31.18,24.84,23.6,23.55,26.92,17.8,16.68,16.53,19.69,12.4,11.83,11.75,13.38,8.71,8.46,8.41,9.1,6.0,5.98,5.97,6.02,4.13,4.13,4.13,4.14
fragment_01552,21,33.52,33.14,32.67,35.11,27.18,27.19,25.94,29.08,20.99,21.33,19.47,22.48,14.12,14.25,13.51,14.45,8.77,8.76,8.75,8.8,5.71,5.7,5.7,5.72,3.92,3.92,3.91,3.93
fragment_01553,1,28.35,28.35,28.35,28.35,20.2,20.2,20.2,20.2,13.78,13.78,13.78,13.78,8.89,8.89,8.89,8.89,5.4,5.4,5.4,5.4,3.51,3.51,3.51,3.51,2.41,2.41,2.41,2.41
fragment_01554,4,31.26,31.38,31.0,31.38,25.82,25.9,25.64,25.9,15.49,15.49,15.49,15.49,8.49,8.49,8.49,8.49,5.14,5.14,5.14,5.14,3.35,3.35,3.35,3.35,2.3,2.3,2.3,2.3
fragment_01555,3,31.08,31.03,31.03,32.3,28.91,28.95,27.68,28.97,21.56,21.61,20.11,21.64,15.23,15.2,15.2,15.55,11.12,11.08,11.08,11.83,8.04,8.03,8.03,8.32,5.73,5.73,5.73,5.74
fragment_01556,2,31.28,31.28,31.28,31.28,24.25,24.25,24.25,24.25,18.23,18.23,18.23,18.23,14.42,14.42,14.42,14.42,10.3,10.3,10.3,10.3,6.86,6.86,6.86,6.86,4.71,4.71,4.71,4.71
fragment_01557,7,33.43,33.75,30.87,33.75,28.36,28.42,23.75,28.42,20.98,21.21,17.22,21.21,15.37,15.52,13.16,15.52,11.03,11.1,9.8,11.1,7.74,7.76,7.43,7.76,5.33,5.34,5.32,5.34
fragment_01558,8,31.9,31.88,30.89,32.45,25.12,25.0,22.7,26.6,18.68,18.65,16.11,19.97,11.92,12.0,11.07,12.05,7.29,7.3,7.24,7.31,4.75,4.75,4.74,4.76,3.26,3.26,3.26,3.27
fragment_01559,6,29.0,29.0,29.0,29.01,21.52,21.52,21.52,21.54,14.97,14.97,14.97,15.01,11.24,11.25,11.23,11.26,8.63,8.63,8.62,8.71,6.39,6.39,6.39,6.41,4.41,4.41,4.41,4.41
fragment_01560,10,28.59,28.6,28.57,28.61,20.2,20.2,20.17,20.21,14.47,14.48,14.44,14.5,11.75,11.76,11.7,11.79,9.29,9.21,9.13,9.52,7.49,7.31,7.24,7.85,5.99,5.85,5.81,6.25
fragment_01561,9,31.38,31.2,30.94,34.52,24.15,24.44,22.58,28.47,17.66,18.18,15.76,20.86,12.1,12.49,10.73,12.63,7.63,7.65,7.41,7.65,4.98,4.98,4.97,4.98,3.42,3.42,3.42,3.42
fragment_01562,10,27.38,26.61,26.61,31.58,21.91,21.45,20.54,25.47,17.77,17.58,16.51,20.16,14.04,13.86,12.98,16.75,10.82,10.72,10.34,12.39,8.02,7.97,7.84,8.33,5.72,5.72,5.7,5.73
fragment_01563,3,29.86,29.86,29.84,29.95,23.63,23.63,23.62,23.69,16.4,16.4,16.4,16.41,10.81,10.81,10.81,10.81,6.71,6.71,6.71,6.71,4.37,4.37,4.37,4.37,3.0,3.0,3.0,3.0
fragment_01564,4,28.64,28.67,28.6,28.67,24.54,24.61,24.43,24.61,19.6,19.67,19.49,19.67,15.02,15.16,14.64,15.16,11.71,11.87,11.23,11.87,9.04,9.11,8.83,9.11,6.65,6.67,6.61,6.67
fragment_01565,2,29.3,29.3,29.3,29.3,26.55,26.55,26.55,26.55,19.2,19.21,19.2,19.21,13.3,13.3,13.3,13.3,9.74,9.74,9.74,9.74,7.17,7.17,7.17,7.17,5.3,5.3,5.3,5.3
fragment_01566,2,29.74,29.74,29.74,29.74,22.12,22.12,22.12,22.12,15.46,15.46,15.46,15.46,11.4,11.4,11.4,11.4,8.49,8.49,8.49,8.49,6.18,6.18,6.18,6.18,4.27,4.27,4.27,4.27
fragment_01567,5,26.95,26.65,26.65,28.69,20.3,19.78,19.78,23.26,16.02,15.82,15.43,18.66,12.38,12.29,11.78,14.11,9.32,9.18,9.06,10.32,6.92,6.87,6.79,7.33,5.08,5.05,5.02,5.24
fragment_01568,3,31.43,31.42,31.39,32.39,29.26,29.3,27.63,29.3,21.78,21.84,19.22,21.84,15.34,15.37,14.22,15.37,11.17,11.18,10.49,11.18,7.82,7.83,7.52,7.83,5.38,5.38,5.38,5.39
fragment_01569,1,28.91,28.91,28.91,28.91,20.75,20.75,20.75,20.75,14.71,14.71,14.71,14.71,10.67,10.67,10.67,10.67,6.86,6.86,6.86,6.86,4.46,4.46,4.46,4.46,3.07,3.07,3.07,3.07
fragment_01570,2,28.8,28.8,28.8,28.8,20.18,20.18,20.18,20.18,14.49,14.49,14.49,14.49,11.43,11.43,11.42,11.43,8.78,8.78,8.78,8.78,6.4,6.4,6.4,6.4,4.43,4.43,4.43,4.43
fragment_01571,2,30.58,30.58,30.58,30.59,23.53,23.53,23.53,23.53,16.99,16.99,16.99,16.99,12.51,12.51,12.51,12.51,9.61,9.61,9.61,9.61,7.36,7.36,7.36,7.36,5.3,5.3,5.3,5.3
fragment_01572,2,30.7,30.71,30.68,30.71,26.05,26.03,26.03,26.06,19.79,19.77,19.77,19.8,14.86,14.86,14.86,14.87,10.46,10.45,10.45,10.46,6.94,6.94,6.94,6.94,4.77,4.77,4.77,4.77
fragment_01573,21,31.88,33.42,29.33,33.42,28.38,30.55,23.89,30.55,20.97,22.44,17.5,22.44,13.37,13.57,12.55,13.57,8.22,8.22,8.19,8.22,5.35,5.35,5.34,5.35,3.67,3.68,3.67,3.68
fragment_01574,2,29.7,29.7,29.69,29.7,22.09,22.09,22.09,22.09,15.59,15.59,15.59,15.59,12.16,12.16,12.16,12.16,9.53,9.53,9.53,9.53,6.6,6.6,6.6,6.6,4.54,4.54,4.54,4.54
fragment_01575,2,31.95,31.96,31.95,31.96,24.89,24.89,24.89,24.89,17.67,17.67,17.67,17.67,11.88,11.88,11.88,11.88,7.29,7.29,7.29,7.29,4.75,4.75,4.75,4.75,3.26,3.26,3.26,3.26
fragment_01576,2,32.32,32.33,32.31,32.33,25.82,25.84,25.81,25.84,19.04,19.04,19.03,19.04,12.79,12.79,12.79,12.79,7.96,7.96,7.96,7.96,5.18,5.18,5.18,5.18,3.56,3.56,3.56,3.56
fragment_01577,6,29.29,29.24,29.18,29.46,22.47,22.43,21.64,23.12,16.4,16.33,15.55,17.73,11.92,11.79,11.43,13.61,9.12,9.03,8.78,10.33,6.95,6.92,6.82,7.33,5.03,5.03,5.02,5.04
fragment_01578,10,31.72,31.78,31.6,32.39,24.99,25.02,24.92,27.87,17.76,17.98,17.25,20.03,13.45,13.99,12.27,14.4,10.12,10.23,9.3,11.34,8.01,7.82,7.53,8.93,6.09,6.03,5.88,6.24
fragment_01579,2,29.79,29.78,29.78,29.79,22.17,22.17,22.17,22.17,15.47,15.47,15.47,15.47,11.36,11.36,11.36,11.36,8.24,8.24,8.24,8.24,5.9,5.9,5.9,5.9,4.12,4.12,4.12,4.12
fragment_01580,8,29.83,29.83,29.82,29.86,22.2,22.2,22.19,22.22,15.58,15.57,15.57,15.59,11.79,11.79,11.79,11.81,8.49,8.49,8.48,8.51,6.19,6.25,6.1,6.31,4.81,4.87,4.69,4.9
fragment_01581,3,30.71,30.71,30.64,30.71,23.66,23.66,23.66,23.66,17.13,17.13,17.07,17.13,12.66,12.66,12.62,12.66,9.19,9.19,9.18,9.19,6.32,6.32,6.32,6.32,4.34,4.34,4.34,4.34
fragment_01582,2,30.65,30.65,30.65,30.66,23.48,23.48,23.48,23.48,17.39,17.39,17.39,17.4,13.0,13.0,13.0,13.01,8.51,8.51,8.51,8.51,5.56,5.56,5.56,5.56,3.82,3.82,3.82,3.82
fragment_01583,2,31.47,31.48,31.47,31.48,23.7,23.71,23.7,23.71,17.17,17.17,17.16,17.17,11.68,11.69,11.68,11.69,7.3,7.3,7.29,7.3,4.75,4.75,4.75,4.75,3.26,3.26,3.26,3.26
fragment_01584,10,28.52,28.52,28.45,28.57,20.25,20.42,19.6,21.53,13.73,13.94,12.96,15.79,10.23,10.41,9.51,12.2,8.26,8.39,7.78,9.21,6.67,6.74,6.45,6.92,4.99,5.01,4.94,5.01
fragment_01585,12,28.49,28.52,28.41,28.63,20.13,19.92,19.57,20.74,13.74,13.58,12.94,14.3,9.94,9.78,9.28,10.46,7.57,7.43,7.18,7.95,5.82,5.77,5.61,5.98,4.29,4.28,4.26,4.31
fragment_01586,1,28.97,28.97,28.97,28.97,20.77,20.77,20.77,20.77,14.72,14.72,14.72,14.72,10.95,10.95,10.95,10.95,8.18,8.18,8.18,8.18,5.79,5.79,5.79,5.79,3.99,3.99,3.99,3.99
fragment_01587,31,29.8,29.79,29.76,29.83,22.17,22.18,22.15,22.19,15.88,15.78,15.77,16.34,12.81,12.54,12.37,14.2,10.36,10.14,9.42,12.09,8.28,8.27,7.22,9.54,6.39,6.49,5.66,6.95
fragment_01588,2,29.07,29.08,29.07,29.08,20.84,20.84,20.84,20.84,14.93,14.93,14.93,14.93,11.13,11.13,11.13,11.13,7.69,7.69,7.69,7.69,5.18,5.18,5.18,5.18,3.56,3.56,3.56,3.56
fragment_01589,19,29.7,29.34,29.03,31.21,24.18,23.59,23.59,26.89,17.15,16.65,16.53,19.69,11.92,11.55,11.51,13.72,8.8,8.5,8.48,10.22,6.95,6.74,6.74,8.02,5.59,5.42,5.42,6.33
fragment_01590,6,29.28,29.29,29.26,29.36,26.51,26.52,26.48,26.6,19.16,19.18,19.13,19.25,13.56,13.64,13.47,13.64,10.28,10.46,10.12,10.46,7.92,8.12,7.75,8.12,6.17,6.26,6.08,6.26
fragment_01591,2,29.87,29.87,29.86,29.87,22.25,22.25,22.25,22.25,15.53,15.52,15.52,15.53,12.06,12.06,12.06,12.06,9.91,9.91,9.91,9.91,7.73,7.73,7.73,7.73,5.8,5.8,5.8,5.8
fragment_01592,2,29.02,28.99,28.99,29.05,21.86,21.82,21.82,21.89,16.37,16.35,16.35,16.39,11.49,11.49,11.49,11.5,7.59,7.59,7.59,7.59,4.96,4.96,4.95,4.96,3.4,3.4,3.4,3.4
fragment_01593,1,28.62,28.62,28.62,28.62,20.07,20.07,20.07,20.07,14.26,14.26,14.26,14.26,10.42,10.42,10.42,10.42,6.74,6.74,6.74,6.74,4.39,4.39,4.39,4.39,3.02,3.02,3.02,3.02
fragment_01594,6,28.78,28.56,28.56,30.7,20.41,20.12,20.12,22.89,13.17,12.84,12.84,14.98,9.49,9.18,9.18,10.89,7.36,7.2,7.2,8.23,6.02,6.07,5.8,6.58,4.98,5.1,4.7,5.35
fragment_01595,1,28.77,28.77,28.77,28.77,20.73,20.73,20.73,20.73,14.56,14.56,14.56,14.56,9.98,9.98,9.98,9.98,7.19,7.19,7.19,7.19,5.09,5.09,5.09,5.09,3.5,3.5,3.5,3.5
fragment_01596,4,30.79,30.77,30.77,30.81,23.74,23.73,23.73,23.75,17.22,17.22,17.21,17.22,13.39,13.4,13.37,13.4,10.16,10.17,10.14,10.17,7.35,7.35,7.35,7.35,5.09,5.09,5.09,5.09
fragment_01597,1,29.0,29.0,29.0,29.0,20.78,20.78,20.78,20.78,14.96,14.96,14.96,14.96,11.29,11.29,11.29,11.29,8.41,8.41,8.41,8.41,6.34,6.34,6.34,6.34,4.85,4.85,4.85,4.85
fragment_01598,2,31.41,31.41,31.41,31.41,25.34,25.34,25.34,25.34,18.83,18.83,18.83,18.83,14.41,14.41,14.41,14.41,10.4,10.4,10.4,10.4,6.98,6.98,6.98,6.98,4.79,4.79,4.79,4.79
fragment_01599,3,30.71,30.68,30.64,31.71,26.08,26.05,26.05,26.24,19.91,19.89,19.81,19.94,15.19,15.18,15.18,15.36,11.01,11.01,11.01,11.1,7.46,7.46,7.46,7.46,5.13,5.12,5.12,5.13
fragment_01600,18,38.6,39.64,33.33,39.64,34.72,35.16,28.16,36.61,25.48,25.43,21.8,26.91,15.49,15.49,14.87,15.55,9.41,9.42,9.4,9.42,6.13,6.13,6.12,6.13,4.21,4.21,4.2,4.21
fragment_01601,3,32.63,32.63,32.42,32.83,27.71,28.25,25.85,28.25,21.05,22.0,17.91,22.0,14.77,15.39,12.7,15.39,10.39,10.71,9.31,10.71,7.17,7.24,6.93,7.24,4.97,4.97,4.97,4.97
fragment_01602,2,29.82,29.82,29.82,29.82,22.2,22.2,22.2,22.2,15.89,15.89,15.89,15.89,12.08,12.08,12.08,12.08,9.29,9.29,9.29,9.29,6.78,6.78,6.78,6.78,4.73,4.73,4.73,4.73
fragment_01603,11,31.78,31.85,29.3,32.7,24.91,24.72,20.57,26.14,18.39,17.9,14.02,20.03,13.48,12.81,10.65,15.14,10.02,9.44,8.24,11.24,7.4,7.15,6.45,7.91,5.41,5.39,5.1,5.46
fragment_01604,8,37.17,36.77,34.73,38.45,34.11,33.15,31.01,36.64,27.34,26.53,24.61,29.49,19.14,19.0,18.15,19.54,12.05,12.05,12.04,12.06,7.84,7.84,7.84,7.85,5.39,5.39,5.39,5.39
fragment_01605,20,30.08,30.79,28.9,30.86,21.45,22.24,19.28,24.35,14.18,14.37,12.2,17.25,9.84,9.74,8.59,11.36,6.78,6.78,6.16,7.0,4.55,4.55,4.5,4.56,3.13,3.13,3.13,3.13
fragment_01606,3,31.43,31.48,31.35,31.48,25.8,25.83,25.76,25.83,19.97,19.95,19.95,19.99,14.8,14.79,14.78,14.82,10.5,10.5,10.49,10.51,7.56,7.55,7.55,7.56,5.21,5.21,5.21,5.21
fragment_01607,5,30.89,30.89,30.89,30.99,23.73,23.74,23.72,23.84,18.77,18.77,18.7,18.77,14.04,14.04,14.04,14.11,10.36,10.36,10.36,10.57,7.79,7.79,7.79,7.85,5.53,5.53,5.53,5.54
fragment_01608,7,31.13,30.49,30.49,32.23,23.67,22.96,22.71,26.09,17.26,17.02,16.04,19.38,11.39,11.59,10.88,11.71,7.09,7.09,7.07,7.1,4.62,4.61,4.61,4.62,3.17,3.17,3.17,3.17
fragment_01609,4,29.71,29.71,29.7,29.71,22.11,22.11,22.1,22.11,15.67,15.67,15.67,15.67,11.93,11.93,11.93,11.93,9.21,9.21,9.21,9.21,6.98,6.98,6.98,6.98,4.98,4.98,4.98,4.98
fragment_01610,18,31.57,31.52,29.71,36.73,28.98,29.43,26.08,34.79,23.47,24.24,20.71,27.47,17.3,17.98,16.05,18.66,12.08,12.39,11.52,12.61,8.29,8.32,8.21,8.33,5.72,5.72,5.71,5.72
fragment_01611,2,30.84,30.85,30.84,30.85,23.75,23.75,23.75,23.75,16.74,16.74,16.74,16.74,11.96,11.97,11.96,11.97,8.36,8.36,8.36,8.36,5.65,5.65,5.65,5.65,3.88,3.88,3.88,3.88
fragment_01612,25,32.27,32.34,30.82,34.32,25.48,25.57,23.15,29.85,19.93,19.91,17.44,24.21,15.07,14.96,13.94,16.7,10.18,10.15,9.98,10.29,6.68,6.68,6.67,6.7,4.59,4.59,4.58,4.6
fragment_01613,10,33.93,34.51,32.73,34.51,28.06,29.44,26.07,29.44,23.02,24.87,19.16,24.87,17.51,18.82,14.45,18.82,12.48,12.94,11.04,13.1,8.51,8.58,8.21,8.59,5.89,5.89,5.88,5.9
fragment_01614,22,33.46,33.39,32.53,35.01,26.07,25.7,25.35,29.18,19.7,19.1,18.97,23.99,14.22,13.53,13.53,16.76,9.91,9.6,9.6,10.7,6.88,6.81,6.81,6.97,4.78,4.78,4.77,4.79
fragment_01615,1,28.09,28.09,28.09,28.09,19.22,19.22,19.22,19.22,12.93,12.93,12.93,12.93,9.78,9.78,9.78,9.78,7.52,7.52,7.52,7.52,5.68,5.68,5.68,5.68,4.28,4.28,4.28,4.28
fragment_01616,9,31.43,31.29,30.89,34.31,23.84,23.78,22.49,27.55,17.11,17.32,15.71,19.65,11.26,11.48,10.55,11.54,6.98,6.98,6.98,6.99,4.55,4.54,4.54,4.55,3.12,3.12,3.12,3.13
fragment_01617,9,26.86,26.72,26.27,29.58,20.55,20.31,19.91,24.08,16.08,15.73,15.6,19.95,12.7,12.46,12.46,15.71,10.09,10.0,10.0,11.45,7.43,7.41,7.4,7.62,5.22,5.22,5.22,5.24
fragment_01618,2,31.94,31.94,31.93,31.94,24.9,24.9,24.9,24.9,17.68,17.68,17.68,17.68,12.4,12.4,12.4,12.4,8.45,8.45,8.44,8.45,5.57,5.57,5.57,5.57,3.83,3.83,3.83,3.83
fragment_01619,2,29.7,29.7,29.7,29.71,22.11,22.11,22.11,22.11,15.44,15.44,15.44,15.44,11.48,11.48,11.48,11.48,8.49,8.49,8.49,8.49,5.85,5.85,5.85,5.85,4.02,4.02,4.02,4.02
fragment_01620,3,26.74,26.74,26.74,26.77,20.73,20.73,20.73,20.75,14.89,14.89,14.89,14.9,11.18,11.18,11.18,11.32,8.75,8.75,8.75,8.91,6.38,6.38,6.38,6.42,4.44,4.44,4.44,4.45
fragment_01621,6,29.8,29.79,29.79,29.82,22.18,22.18,22.17,22.19,15.4,15.4,15.39,15.4,11.14,11.13,11.13,11.15,8.41,8.43,8.37,8.43,6.69,6.72,6.64,6.72,4.9,4.9,4.9,4.9
fragment_01622,35,28.51,28.53,28.2,28.58,20.22,20.6,19.32,20.6,13.69,14.34,12.39,14.34,10.01,11.01,8.71,11.01,7.83,9.11,6.47,9.11,6.37,7.58,4.96,7.58,5.04,5.62,4.04,5.62
fragment_01623,6,30.6,30.59,30.59,30.81,23.1,23.08,23.08,23.55,15.98,15.97,15.97,16.32,12.12,12.15,11.46,12.15,9.02,9.04,8.4,9.04,6.95,6.96,6.56,6.96,5.51,5.51,5.12,5.53
fragment_01624,6,32.04,31.48,31.48,33.24,25.97,24.74,24.74,28.6,18.0,16.59,16.59,20.9,12.39,11.68,11.68,13.86,8.66,8.37,8.37,9.21,6.01,5.99,5.99,6.04,4.15,4.14,4.14,4.15
fragment_01625,19,38.33,38.91,35.11,38.91,35.67,36.33,30.84,36.33,23.72,24.03,20.83,24.03,13.35,13.35,13.28,13.36,8.09,8.09,8.08,8.1,5.27,5.26,5.26,5.27,3.62,3.62,3.61,3.62
fragment_01626,1,31.87,31.87,31.87,31.87,26.31,26.31,26.31,26.31,19.18,19.18,19.18,19.18,13.42,13.42,13.42,13.42,9.78,9.78,9.78,9.78,6.98,6.98,6.98,6.98,4.84,4.84,4.84,4.84
fragment_01627,5,28.98,28.87,28.59,31.72,20.67,20.5,20.19,25.0,14.6,14.45,14.27,17.6,11.94,11.87,11.76,13.21,9.64,9.61,9.54,10.28,7.22,7.22,7.2,7.32,5.03,5.03,5.03,5.04
fragment_01628,1,29.0,29.0,29.0,29.0,20.6,20.6,20.6,20.6,14.56,14.56,14.56,14.56,10.54,10.54,10.54,10.54,7.38,7.38,7.38,7.38,4.93,4.93,4.93,4.93,3.39,3.39,3.39,3.39
fragment_01629,35,38.35,38.93,35.07,40.57,35.72,36.37,30.81,39.16,24.3,24.61,21.21,27.17,14.91,14.99,14.14,15.54,9.4,9.41,9.29,9.42,6.12,6.12,6.11,6.13,4.21,4.21,4.2,4.21
fragment_01630,6,29.71,29.46,29.4,30.95,24.17,23.67,23.66,26.78,17.3,16.83,16.78,19.78,12.5,12.24,12.24,13.83,9.16,9.02,9.01,9.86,6.64,6.57,6.57,6.98,4.95,4.91,4.91,5.16
fragment_01631,2,32.15,32.14,32.14,32.16,25.62,25.62,25.62,25.62,18.97,18.98,18.97,18.98,13.35,13.35,13.34,13.35,9.54,9.54,9.53,9.54,7.05,7.05,7.05,7.05,5.14,5.14,5.14,5.14
fragment_01632,3,30.04,30.04,29.65,30.39,23.36,23.36,22.53,24.7,15.94,15.95,15.25,16.79,9.56,9.56,9.56,9.64,5.79,5.79,5.79,5.84,3.77,3.77,3.77,3.8,2.59,2.59,2.59,2.61
fragment_01633,2,24.12,24.12,24.12,25.2,14.09,14.09,14.09,14.98,7.33,7.33,7.33,7.34,4.01,4.01,4.01,4.02,2.43,2.43,2.43,2.43,1.58,1.58,1.58,1.58,1.09,1.09,1.09,1.09
fragment_01634,1,28.88,28.88,28.88,28.88,20.67,20.67,20.67,20.67,14.32,14.32,14.32,14.32,9.78,9.78,9.78,9.78,6.81,6.81,6.81,6.81,4.92,4.92,4.92,4.92,3.42,3.42,3.42,3.42
fragment_01635,4,28.92,28.92,28.0,29.16,24.47,24.47,24.08,24.56,18.34,18.34,18.31,18.41,12.31,12.31,12.3,12.33,7.67,7.67,7.67,7.67,4.99,4.99,4.99,4.99,3.43,3.43,3.43,3.43
fragment_01636,2,29.86,29.86,29.86,29.86,22.24,22.24,22.24,22.24,15.41,15.41,15.41,15.41,11.53,11.53,11.53,11.53,8.78,8.78,8.78,8.78,6.7,6.7,6.7,6.7,5.27,5.27,5.27,5.27
fragment_01637,3,29.6,29.6,29.59,29.97,24.24,24.24,24.23,24.39,17.34,17.35,17.27,17.35,11.67,11.67,11.67,11.67,7.66,7.66,7.66,7.66,5.06,5.06,5.06,5.06,3.48,3.48,3.48,3.48
fragment_01638,2,29.64,29.65,29.64,29.65,22.07,22.08,22.07,22.08,15.28,15.28,15.27,15.28,11.02,11.02,11.02,11.02,7.25,7.25,7.25,7.25,4.74,4.74,4.74,4.74,3.26,3.26,3.26,3.26
fragment_01639,3,31.6,32.08,30.89,32.08,24.98,25.73,23.92,25.73,16.91,17.64,15.87,17.64,10.6,10.78,10.31,10.78,6.58,6.58,6.58,6.59,4.29,4.28,4.28,4.29,2.94,2.94,2.94,2.95
fragment_01640,7,31.2,30.68,30.68,33.48,25.2,24.29,24.29,28.29,19.27,18.56,18.56,21.45,13.8,13.16,13.16,15.68,9.66,9.31,9.31,10.65,6.87,6.81,6.81,7.04,4.83,4.83,4.82,4.84
fragment_01641,5,35.6,35.85,33.87,35.98,32.07,32.69,29.29,32.69,20.38,20.69,18.68,20.7,11.52,11.52,11.49,11.55,6.99,6.98,6.98,6.99,4.55,4.54,4.54,4.55,3.12,3.12,3.12,3.13
fragment_01642,2,31.56,31.56,31.52,31.56,24.91,24.91,24.91,24.94,17.41,17.39,17.39,18.21,12.84,12.8,12.8,14.21,9.44,9.42,9.42,10.28,6.87,6.87,6.87,6.98,4.79,4.79,4.79,4.79
fragment_01643,2,32.04,32.03,32.03,32.04,25.77,25.77,25.76,25.77,19.6,19.6,19.6,19.6,14.15,14.15,14.15,14.15,9.68,9.68,9.68,9.68,6.44,6.44,6.44,6.44,4.43,4.43,4.43,4.43
fragment_01644,3,29.57,28.76,28.75,31.23,20.02,19.23,19.21,21.63,12.97,12.57,12.55,13.81,9.38,9.08,9.07,9.99,7.19,7.02,7.01,7.54,5.7,5.61,5.6,5.89,4.46,4.43,4.42,4.55
fragment_01645,2,28.8,28.8,28.8,28.8,24.26,24.26,24.26,24.26,18.03,18.03,18.03,18.04,13.28,13.28,13.28,13.28,9.35,9.35,9.35,9.35,6.82,6.82,6.82,6.82,5.12,5.12,5.12,5.12
fragment_01646,3,31.07,31.05,31.05,32.27,28.98,29.0,27.57,29.0,21.62,21.65,19.16,21.66,15.03,15.05,14.17,15.05,10.5,10.5,10.4,10.5,7.24,7.24,7.24,7.25,5.03,5.03,5.03,5.04
fragment_01647,6,30.51,30.3,30.1,31.11,22.99,22.51,22.36,24.21,15.74,15.19,15.1,17.36,11.41,11.0,10.93,12.56,8.48,8.28,8.25,9.03,6.25,6.14,6.12,6.53,4.64,4.6,4.59,4.74
fragment_01648,2,35.48,35.48,35.48,35.48,30.51,30.51,30.51,30.52,24.0,24.0,24.0,24.0,16.16,16.16,16.16,16.16,10.07,10.07,10.07,10.07,6.55,6.55,6.55,6.55,4.5,4.5,4.5,4.5
fragment_01649,2,29.39,29.4,29.38,29.4,26.59,26.6,26.59,26.6,19.23,19.24,19.23,19.24,13.48,13.49,13.47,13.49,10.04,10.05,10.04,10.05,7.44,7.45,7.44,7.45,5.42,5.42,5.42,5.42
fragment_01650,2,29.77,29.77,29.77,29.78,23.59,23.58,23.58,23.59,16.55,16.55,16.55,16.55,11.74,11.74,11.74,11.74,8.72,8.72,8.72,8.72,6.51,6.5,6.5,6.51,4.78,4.78,4.78,4.78
fragment_01651,9,30.27,30.79,28.91,31.4,21.85,22.89,19.29,23.56,14.13,14.91,12.11,15.23,8.58,8.64,8.16,8.64,5.24,5.24,5.23,5.24,3.41,3.41,3.41,3.41,2.34,2.34,2.34,2.34
fragment_01652,2,33.35,33.38,33.3,33.38,28.23,28.25,28.2,28.25,18.02,18.02,18.02,18.02,9.87,9.87,9.87,9.87,5.98,5.98,5.98,5.98,3.89,3.89,3.89,3.89,2.67,2.67,2.67,2.67
fragment_01653,4,28.78,28.78,28.77,28.8,20.14,20.14,20.14,20.16,14.67,14.67,14.61,14.67,11.66,11.66,11.66,11.73,9.14,9.14,9.14,9.33,6.98,6.98,6.98,7.04,4.99,4.99,4.99,4.99
fragment_01654,9,28.76,28.62,28.62,30.72,20.35,20.15,20.15,22.96,13.4,13.25,13.25,15.27,10.05,9.96,9.91,11.42,8.22,8.13,8.13,9.34,6.64,6.51,6.51,7.72,5.34,5.22,5.22,5.96
fragment_01655,4,32.26,32.31,30.94,32.31,27.1,27.35,23.4,27.35,20.79,21.08,17.04,21.08,14.65,14.83,12.29,14.83,10.19,10.29,9.01,10.29,6.86,6.87,6.68,6.87,4.72,4.72,4.72,4.73
fragment_01656,3,29.04,29.04,29.03,29.14,25.64,25.65,25.39,25.68,20.77,20.78,20.52,20.8,15.64,15.64,15.45,15.66,11.41,11.41,11.37,11.41,7.74,7.74,7.74,7.75,5.32,5.32,5.32,5.32
fragment_01657,2,29.43,29.43,29.43,29.43,22.51,22.51,22.51,22.51,17.19,17.19,17.19,17.19,12.67,12.67,12.67,12.67,8.43,8.43,8.43,8.43,5.51,5.51,5.51,5.51,3.79,3.79,3.79,3.79
fragment_01658,1,28.93,28.93,28.93,28.93,20.77,20.77,20.77,20.77,14.91,14.91,14.91,14.91,11.03,11.03,11.03,11.03,7.28,7.28,7.28,7.28,4.74,4.74,4.74,4.74,3.26,3.26,3.26,3.26
fragment_01659,5,27.14,26.68,26.68,28.72,20.59,19.81,19.81,23.39,16.15,15.85,15.46,18.73,12.47,12.31,11.8,14.16,9.41,9.2,9.07,10.36,6.97,6.88,6.79,7.38,5.15,5.1,5.06,5.37
fragment_01660,2,31.07,31.06,31.06,31.08,24.05,24.05,24.05,24.06,17.25,17.25,17.25,17.25,12.34,12.34,12.34,12.34,8.98,8.98,8.98,8.99,6.72,6.72,6.72,6.72,4.79,4.79,4.79,4.79
fragment_01661,2,29.01,29.01,29.01,29.02,25.01,25.0,25.0,25.01,20.19,20.19,20.19,20.19,15.73,15.73,15.72,15.73,11.62,11.62,11.62,11.62,8.5,8.5,8.5,8.5,6.04,6.04,6.04,6.04
fragment_01662,10,31.73,31.67,31.54,33.39,25.44,25.26,24.93,28.83,18.73,18.58,17.9,21.08,14.53,14.48,13.76,15.72,10.41,10.4,9.99,11.04,7.31,7.31,7.19,7.34,5.04,5.04,5.04,5.04
fragment_01663,9,31.7,31.25,31.25,32.76,27.33,26.12,26.12,29.01,21.07,19.73,19.73,22.73,14.12,13.14,13.14,14.79,8.92,8.76,8.76,9.0,5.86,5.86,5.86,5.86,4.02,4.02,4.02,4.03
fragment_01664,9,36.94,37.41,32.5,37.42,32.82,32.66,27.3,34.42,23.7,23.32,20.79,24.9,14.31,14.29,14.28,14.37,8.69,8.69,8.68,8.71,5.65,5.65,5.65,5.67,3.88,3.88,3.88,3.89
fragment_01665,3,30.25,30.06,30.06,32.59,23.01,22.96,22.05,25.85,16.84,16.89,15.28,19.92,12.53,12.69,11.01,14.32,9.15,9.25,8.33,9.91,6.47,6.51,6.27,6.54,4.49,4.49,4.49,4.5
fragment_01666,11,29.61,29.63,28.89,30.77,23.73,23.72,23.56,26.77,17.02,16.98,16.98,20.28,12.52,12.47,12.47,14.6,9.22,9.19,9.19,10.09,6.66,6.65,6.65,6.73,4.62,4.62,4.61,4.62
fragment_01667,3,28.49,28.49,28.49,28.55,24.31,24.31,24.31,24.39,18.24,18.24,18.24,18.3,12.78,12.78,12.78,12.83,9.07,9.07,9.07,9.09,6.63,6.63,6.63,6.64,5.0,5.0,5.0,5.0
fragment_01668,2,26.15,26.15,26.15,26.15,19.36,19.36,19.36,19.36,12.95,12.95,12.95,12.95,8.5,8.5,8.5,8.5,5.69,5.69,5.69,5.69,3.71,3.71,3.71,3.71,2.55,2.55,2.55,2.55
fragment_01669,1,28.09,28.09,28.09,28.09,19.7,19.7,19.7,19.7,13.35,13.35,13.35,13.35,9.95,9.95,9.95,9.95,7.68,7.68,7.68,7.68,5.76,5.76,5.76,5.76,4.3,4.3,4.3,4.3
fragment_01670,2,32.85,31.66,31.66,34.09,27.11,24.98,24.98,29.35,19.24,17.19,17.19,21.39,13.33,12.37,12.37,14.34,9.19,8.85,8.85,9.55,6.23,6.22,6.22,6.23,4.28,4.28,4.28,4.28
fragment_01671,4,29.92,29.71,29.71,30.39,22.85,22.59,22.59,23.4,15.63,15.45,15.45,16.12,10.04,9.96,9.91,10.32,6.35,6.35,6.35,6.36,4.13,4.13,4.13,4.14,2.84,2.84,2.84,2.84
fragment_01672,2,30.88,30.9,30.87,30.9,23.74,23.75,23.72,23.75,18.7,18.71,18.69,18.71,13.69,13.69,13.69,13.69,9.43,9.43,9.43,9.43,6.57,6.57,6.57,6.57,4.64,4.64,4.64,4.64
fragment_01673,15,34.96,34.66,34.06,38.22,30.75,30.38,29.04,35.09,23.38,23.39,22.52,26.83,15.15,15.35,14.55,16.08,9.68,9.72,9.6,9.75,6.33,6.33,6.32,6.34,4.35,4.35,4.34,4.36
fragment_01674,4,33.26,33.24,33.24,33.61,27.0,27.0,26.91,27.0,20.46,20.48,20.01,20.48,14.92,14.92,14.88,14.92,10.15,10.15,10.15,10.16,6.75,6.75,6.75,6.75,4.64,4.64,4.64,4.64
fragment_01675,2,29.11,29.1,29.1,29.11,20.84,20.84,20.84,20.84,15.14,15.14,15.14,15.14,11.97,11.97,11.97,11.97,9.55,9.55,9.55,9.55,7.34,7.34,7.34,7.34,5.43,5.43,5.43,5.43
fragment_01676,8,32.0,32.01,30.19,32.06,25.63,25.63,23.9,25.72,20.07,20.11,17.04,20.11,16.32,16.36,13.22,16.36,12.72,12.73,10.96,12.77,8.89,8.9,8.62,8.9,6.11,6.11,6.11,6.11
fragment_01677,4,32.07,32.67,30.77,32.67,26.07,26.99,24.0,26.99,17.95,18.72,16.19,18.72,11.28,11.43,10.91,11.43,6.96,6.96,6.96,6.97,4.53,4.53,4.53,4.54,3.11,3.11,3.11,3.12
fragment_01678,6,27.12,26.67,26.04,28.77,20.54,19.81,19.81,23.42,16.14,15.86,15.48,18.76,12.46,12.33,11.82,14.19,9.39,9.21,9.08,10.34,6.92,6.87,6.79,7.22,4.99,4.98,4.96,5.04
fragment_01679,5,32.06,32.59,29.98,32.59,24.99,25.96,21.5,25.96,17.92,18.6,15.09,18.6,10.99,11.1,10.26,11.1,6.72,6.72,6.69,6.72,4.37,4.38,4.36,4.38,3.01,3.01,3.0,3.01
fragment_01680,1,29.19,29.19,29.19,29.19,21.32,21.32,21.32,21.32,14.9,14.9,14.9,14.9,11.31,11.31,11.31,11.31,8.51,8.51,8.51,8.51,5.95,5.95,5.95,5.95,4.13,4.13,4.13,4.13
fragment_01681,4,29.54,29.59,29.32,30.1,21.42,21.63,20.6,21.63,15.33,15.74,14.18,15.74,11.7,11.93,10.9,11.93,9.25,9.35,8.4,9.35,6.94,7.0,6.53,7.0,4.99,4.99,4.94,4.99
fragment_01682,15,32.76,33.23,30.7,34.71,26.22,26.68,23.72,29.76,17.05,17.18,14.96,19.8,10.94,10.92,10.11,11.56,6.97,6.99,6.87,7.0,4.55,4.55,4.55,4.56,3.13,3.13,3.12,3.13
fragment_01683,15,28.39,28.65,26.26,30.73,22.74,22.42,20.39,25.25,18.69,18.06,16.57,20.31,15.12,14.88,13.43,16.91,11.48,11.72,10.78,12.53,8.22,8.31,8.04,8.32,5.71,5.71,5.69,5.72
fragment_01684,9,32.67,34.49,31.04,34.49,26.11,29.13,23.15,29.13,20.64,23.61,17.04,23.61,15.84,17.5,13.26,17.5,11.59,12.19,10.33,12.36,8.01,8.12,7.74,8.12,5.57,5.58,5.56,5.58
fragment_01685,2,28.84,28.84,28.84,28.84,24.29,24.29,24.29,24.29,18.08,18.08,18.08,18.08,13.47,13.47,13.47,13.47,9.69,9.69,9.69,9.69,6.5,6.5,6.5,6.5,4.46,4.46,4.46,4.46
fragment_01686,2,31.22,31.21,31.21,31.23,25.7,25.69,25.69,25.71,20.43,20.42,20.42,20.43,15.89,15.89,15.89,15.9,11.74,11.74,11.74,11.74,7.99,7.99,7.99,7.99,5.49,5.49,5.49,5.49
fragment_01687,2,28.28,28.31,28.2,28.31,23.14,23.3,22.65,23.3,16.66,16.91,15.9,16.91,11.48,11.65,10.96,11.65,7.15,7.15,7.15,7.15,4.66,4.66,4.65,4.66,3.2,3.2,3.2,3.2
fragment_01688,2,29.06,29.07,29.06,29.07,21.73,21.73,21.72,21.73,15.25,15.25,15.24,15.25,11.21,11.21,11.2,11.21,9.11,9.11,9.11,9.11,7.18,7.18,7.18,7.18,5.68,5.68,5.68,5.68
fragment_01689,10,33.86,33.1,32.89,35.47,29.7,28.9,28.47,31.9,19.92,19.01,19.01,21.66,12.43,12.4,12.4,12.45,7.54,7.53,7.53,7.55,4.91,4.9,4.9,4.91,3.37,3.37,3.37,3.38
fragment_01690,28,32.49,32.7,29.74,37.28,30.07,29.78,26.3,35.36,24.87,24.62,21.18,29.31,18.46,18.39,16.26,19.9,12.08,12.15,11.43,12.19,7.93,7.93,7.92,7.93,5.45,5.45,5.44,5.45
fragment_01691,22,30.88,30.93,28.89,34.67,23.26,23.5,19.49,29.02,16.81,17.21,13.4,22.43,12.79,13.32,10.51,15.56,9.27,9.59,8.14,9.68,6.27,6.29,6.04,6.3,4.32,4.32,4.32,4.33
fragment_01692,6,27.68,27.74,26.11,27.74,23.0,23.13,19.68,23.13,19.66,19.82,15.83,19.82,14.29,14.4,11.52,14.4,10.0,10.05,8.58,10.05,6.66,6.66,6.47,6.66,4.58,4.58,4.58,4.58
fragment_01693,8,35.52,35.5,34.31,35.79,31.73,32.04,29.05,32.56,26.22,26.56,23.36,26.56,20.01,20.17,18.34,20.17,13.42,13.42,13.24,13.43,8.79,8.8,8.79,8.8,6.04,6.04,6.04,6.04
fragment_01694,15,29.73,29.34,29.3,31.02,24.34,23.56,23.55,26.72,17.33,16.62,16.51,19.53,12.02,11.57,11.5,13.4,8.71,8.4,8.34,9.67,6.65,6.44,6.4,7.3,5.22,5.08,5.05,5.63
fragment_01695,11,29.12,28.94,28.94,29.69,24.88,24.87,24.81,26.48,19.61,19.72,19.41,21.34,16.26,16.62,15.93,17.29,12.79,13.14,12.43,13.24,9.06,9.1,9.01,9.12,6.26,6.26,6.26,6.26
fragment_01696,3,37.9,37.92,35.97,37.92,34.03,34.04,32.17,34.04,26.83,26.84,25.04,26.84,19.06,19.06,18.24,19.06,12.04,12.04,12.04,12.04,7.84,7.84,7.83,7.84,5.38,5.38,5.38,5.38
fragment_01697,2,29.82,29.81,29.81,29.82,22.22,22.22,22.22,22.22,15.38,15.39,15.38,15.39,11.1,11.1,11.1,11.1,7.93,7.93,7.93,7.93,5.75,5.75,5.75,5.75,4.15,4.15,4.15,4.15
fragment_01698,8,30.15,30.61,28.87,31.68,22.0,22.9,19.5,24.27,15.6,16.28,13.57,18.32,12.14,12.41,11.3,14.12,9.58,9.78,9.0,10.43,7.03,7.09,6.86,7.15,4.9,4.9,4.9,4.91
fragment_01699,4,31.06,31.19,29.57,33.7,26.74,26.81,25.61,30.21,20.82,20.83,20.4,23.84,15.79,15.8,15.56,17.53,11.05,11.05,11.0,11.34,7.38,7.38,7.38,7.38,5.07,5.07,5.07,5.07
fragment_01700,2,29.8,29.8,29.8,29.8,22.17,22.18,22.17,22.18,15.3,15.3,15.3,15.3,11.1,11.1,11.1,11.1,8.16,8.16,8.16,8.16,5.78,5.78,5.78,5.78,3.97,3.97,3.97,3.97
fragment_01701,3,28.34,28.34,28.33,28.34,19.97,19.97,19.97,19.98,14.24,14.25,14.08,14.25,11.01,11.02,10.62,11.02,8.46,8.46,8.13,8.46,5.9,5.9,5.85,5.9,4.06,4.06,4.06,4.06
fragment_01702,4,34.7,34.73,33.25,34.73,28.46,28.48,28.16,28.48,22.14,22.13,22.13,22.79,15.92,15.92,15.91,16.28,10.14,10.15,10.14,10.15,6.6,6.6,6.6,6.6,4.54,4.54,4.53,4.54
fragment_01703,5,31.66,31.66,31.56,34.07,25.14,25.13,25.05,30.41,18.16,18.15,18.15,22.6,13.87,13.87,13.87,15.0,9.38,9.38,9.38,9.41,6.12,6.12,6.12,6.13,4.2,4.2,4.2,4.21
fragment_01704,2,32.75,32.76,32.74,32.76,25.62,25.62,25.62,25.62,19.11,19.11,19.11,19.11,14.23,14.23,14.23,14.23,9.91,9.91,9.91,9.91,6.64,6.64,6.64,6.64,4.56,4.56,4.56,4.56
fragment_01705,21,32.38,33.3,29.12,35.78,29.59,30.24,26.81,34.67,24.52,25.16,22.64,29.15,19.11,19.48,18.08,21.53,14.17,14.18,14.01,15.09,9.98,9.96,9.96,10.07,6.91,6.91,6.91,6.92
fragment_01706,2,29.42,29.4,29.4,29.44,26.66,26.64,26.64,26.68,19.26,19.23,19.23,19.3,13.27,13.25,13.25,13.3,9.56,9.51,9.51,9.66,7.21,7.14,7.14,7.33,5.72,5.67,5.67,5.82
fragment_01707,2,32.83,31.65,31.65,34.08,27.1,24.98,24.98,29.34,19.23,17.2,17.2,21.38,13.33,12.37,12.37,14.34,9.19,8.85,8.85,9.55,6.23,6.22,6.22,6.23,4.28,4.28,4.28,4.28
fragment_01708,2,28.73,28.8,27.89,28.8,23.85,23.9,23.27,23.9,17.21,17.22,17.11,17.22,12.01,12.02,11.93,12.02,8.96,8.97,8.93,8.97,6.62,6.63,6.61,6.63,5.0,5.01,5.0,5.01
fragment_01709,15,24.22,24.18,24.11,26.71,15.86,15.98,15.32,20.7,12.4,12.71,11.6,16.15,10.41,10.55,10.01,13.63,8.33,8.43,8.1,9.58,6.12,6.18,6.01,6.24,4.26,4.26,4.26,4.28
fragment_01710,5,31.54,31.26,29.36,32.05,26.24,25.29,23.27,27.7,19.65,18.5,17.17,21.3,14.81,14.12,12.74,15.78,11.01,10.73,9.8,11.42,7.68,7.66,7.34,7.73,5.3,5.3,5.29,5.31
fragment_01711,1,30.71,30.71,30.71,30.71,27.29,27.29,27.29,27.29,18.12,18.12,18.12,18.12,10.51,10.51,10.51,10.51,6.37,6.37,6.37,6.37,4.15,4.15,4.15,4.15,2.85,2.85,2.85,2.85
fragment_01712,14,35.53,33.48,31.97,38.01,31.01,28.22,27.48,35.14,23.1,20.77,20.41,26.65,15.63,14.72,14.68,16.62,10.17,10.07,10.04,10.26,6.67,6.67,6.66,6.68,4.58,4.59,4.58,4.59
fragment_01713,1,29.0,29.0,29.0,29.0,20.83,20.83,20.83,20.83,14.7,14.7,14.7,14.7,10.93,10.93,10.93,10.93,7.94,7.94,7.94,7.94,5.7,5.7,5.7,5.7,3.94,3.94,3.94,3.94
fragment_01714,3,26.22,26.22,26.12,26.22,19.57,19.56,19.55,19.57,13.69,13.69,13.65,13.69,9.8,9.81,9.78,9.81,6.95,6.95,6.94,6.95,4.67,4.67,4.67,4.67,3.21,3.21,3.21,3.21
fragment_01715,12,39.09,39.2,36.47,40.24,37.18,37.18,34.53,39.64,27.02,26.99,25.13,28.66,16.46,16.46,16.45,16.52,10.0,10.0,10.0,10.02,6.51,6.51,6.51,6.52,4.47,4.47,4.47,4.48
fragment_01716,8,28.82,28.73,28.69,30.53,20.39,20.24,20.21,22.79,12.99,12.89,12.88,14.56,9.22,9.15,9.15,10.34,7.04,6.98,6.98,7.78,5.65,5.57,5.57,6.14,4.6,4.5,4.49,4.96
fragment_01717,6,30.71,30.62,30.62,31.45,22.68,22.58,21.94,22.88,16.03,15.83,15.59,16.3,11.24,11.09,11.09,12.2,8.35,8.31,8.31,8.9,6.44,6.38,6.38,6.78,5.01,5.01,4.99,5.12
fragment_01718,8,29.72,29.76,28.89,31.59,23.71,23.84,20.94,26.04,17.03,17.15,14.5,18.74,11.96,11.99,11.18,12.71,7.99,7.99,7.91,8.0,5.2,5.2,5.19,5.21,3.57,3.57,3.57,3.58
fragment_01719,2,32.39,32.53,31.78,32.53,25.52,25.54,25.47,25.54,16.22,16.23,16.17,16.23,9.2,9.2,9.2,9.2,5.58,5.58,5.58,5.58,3.63,3.63,3.63,3.63,2.49,2.49,2.49,2.49
fragment_01720,1,29.16,29.16,29.16,29.16,26.39,26.39,26.39,26.39,19.08,19.08,19.08,19.08,13.17,13.17,13.17,13.17,9.37,9.37,9.37,9.37,6.58,6.58,6.58,6.58,4.66,4.66,4.66,4.66
fragment_01721,2,29.25,29.26,29.24,29.26,27.47,27.48,27.45,27.48,20.99,21.0,20.98,21.0,15.36,15.36,15.35,15.36,10.38,10.38,10.38,10.38,6.81,6.81,6.81,6.81,4.68,4.68,4.68,4.68
fragment_01722,3,30.11,29.88,29.88,32.61,22.83,22.74,22.03,25.93,16.71,16.73,15.28,20.01,12.44,12.57,11.0,14.37,9.1,9.19,8.32,9.93,6.47,6.5,6.27,6.55,4.49,4.49,4.49,4.5
fragment_01723,1,28.06,28.06,28.06,28.06,19.69,19.69,19.69,19.69,13.34,13.34,13.34,13.34,9.94,9.94,9.94,9.94,7.68,7.68,7.68,7.68,5.74,5.74,5.74,5.74,4.29,4.29,4.29,4.29
fragment_01724,6,32.08,32.17,28.58,32.2,27.27,27.45,20.6,27.49,21.27,21.45,14.45,21.49,16.54,16.68,11.55,16.7,11.81,11.87,9.56,11.88,7.79,7.81,7.26,7.81,5.36,5.36,5.34,5.36
fragment_01725,3,27.6,27.61,27.49,27.61,22.85,22.85,22.83,22.85,16.79,16.79,16.79,16.79,12.17,12.17,12.17,12.18,8.93,8.93,8.93,8.94,6.26,6.26,6.26,6.26,4.35,4.35,4.35,4.35
fragment_01726,2,31.98,31.98,31.98,31.99,25.48,25.47,25.47,25.48,19.24,19.23,19.23,19.24,13.26,13.26,13.26,13.26,8.89,8.89,8.89,8.89,6.2,6.2,6.2,6.2,4.27,4.27,4.27,4.27
fragment_01727,8,30.19,29.64,29.03,30.91,25.17,23.75,23.75,27.0,17.99,16.92,16.92,19.37,12.01,11.8,11.8,12.44,7.78,7.74,7.74,7.83,5.1,5.1,5.1,5.1,3.5,3.5,3.5,3.5
fragment_01728,20,29.55,28.79,28.76,31.57,23.05,21.16,21.15,27.44,16.63,14.73,14.73,20.44,12.78,11.49,11.49,15.11,9.54,8.84,8.84,10.32,6.69,6.56,6.54,6.75,4.63,4.63,4.62,4.64
fragment_01729,2,31.6,31.6,31.59,31.6,23.47,23.47,23.47,23.47,16.72,16.72,16.72,16.72,11.35,11.35,11.35,11.35,7.09,7.09,7.09,7.09,4.61,4.62,4.61,4.62,3.17,3.17,3.17,3.17
fragment_01730,21,35.93,36.36,32.18,38.27,31.53,31.72,25.51,34.55,22.26,22.06,18.29,24.68,13.95,13.79,12.97,14.36,8.69,8.69,8.59,8.71,5.66,5.66,5.66,5.67,3.89,3.89,3.89,3.89
fragment_01731,2,32.15,32.15,32.15,32.15,25.9,25.9,25.9,25.9,19.51,19.51,19.51,19.51,13.71,13.71,13.71,13.71,9.53,9.53,9.53,9.53,6.72,6.72,6.72,6.72,4.63,4.63,4.63,4.63
fragment_01732,9,27.36,26.62,26.62,31.57,21.88,21.45,20.55,25.51,17.73,17.56,16.51,20.23,14.01,13.83,12.98,15.56,10.82,10.71,10.34,11.85,8.01,7.97,7.84,8.29,5.72,5.72,5.7,5.73
fragment_01733,8,31.95,32.02,31.62,32.02,26.39,26.6,25.4,26.6,21.01,21.31,19.61,21.31,15.65,15.85,14.54,15.85,10.32,10.38,9.85,10.38,6.75,6.75,6.75,6.76,4.64,4.64,4.64,4.64
fragment_01734,4,31.45,31.32,31.32,31.66,25.64,25.54,25.54,25.78,16.91,16.9,16.9,16.93,9.53,9.53,9.53,9.53,5.78,5.78,5.77,5.78,3.76,3.76,3.76,3.76,2.58,2.58,2.58,2.58
fragment_01735,3,32.39,31.47,31.47,33.54,24.42,22.48,22.48,26.59,16.84,15.38,15.38,18.4,11.03,10.81,10.81,11.24,6.89,6.88,6.88,6.89,4.48,4.48,4.48,4.49,3.08,3.08,3.08,3.08
fragment_01736,1,28.95,28.95,28.95,28.95,22.51,22.51,22.51,22.51,16.94,16.94,16.94,16.94,12.35,12.35,12.35,12.35,9.18,9.18,9.18,9.18,6.74,6.74,6.74,6.74,5.04,5.04,5.04,5.04
fragment_01737,6,29.31,28.53,28.53,30.49,21.2,20.1,20.1,22.77,13.86,12.84,12.84,15.1,10.19,9.2,9.2,11.18,8.13,7.2,7.2,8.95,6.69,5.98,5.98,7.28,5.56,5.11,5.11,5.92
fragment_01738,14,29.37,28.77,28.71,32.68,22.75,21.85,21.02,28.3,16.44,15.39,14.47,22.25,12.81,11.88,11.1,17.57,10.03,9.51,8.65,12.74,7.62,7.55,6.97,8.39,5.67,5.71,5.46,5.78
fragment_01739,5,33.51,33.42,32.06,34.38,27.37,26.75,25.94,29.23,18.27,17.79,17.6,19.5,11.13,11.11,11.11,11.2,6.76,6.76,6.76,6.78,4.4,4.4,4.4,4.41,3.02,3.02,3.02,3.03
fragment_01740,5,32.72,33.27,30.66,33.27,25.9,26.72,23.69,26.76,16.19,16.7,14.77,16.72,9.35,9.36,9.3,9.37,5.67,5.67,5.67,5.68,3.69,3.69,3.69,3.69,2.54,2.53,2.53,2.54
fragment_01741,3,30.13,30.12,30.11,32.21,27.58,27.59,27.57,27.59,20.07,20.08,18.89,20.08,14.11,14.11,13.6,14.11,10.43,10.43,9.74,10.43,7.32,7.33,7.03,7.33,5.04,5.04,5.04,5.04
fragment_01742,7,28.8,28.69,28.52,30.58,20.37,20.21,20.09,22.83,13.2,13.07,13.07,15.15,10.12,10.0,10.0,11.9,8.34,8.27,8.27,9.36,6.38,6.37,6.36,6.51,4.46,4.46,4.46,4.47
fragment_01743,2,29.74,29.74,29.74,29.75,22.13,22.13,22.13,22.13,15.47,15.47,15.47,15.48,11.47,11.47,11.47,11.47,8.54,8.54,8.54,8.54,6.14,6.14,6.14,6.14,4.28,4.28,4.28,4.28
fragment_01744,2,31.87,31.87,31.87,31.87,25.38,25.38,25.37,25.38,19.17,19.17,19.17,19.17,13.24,13.24,13.24,13.24,8.79,8.79,8.79,8.79,5.98,5.98,5.98,5.98,4.11,4.11,4.11,4.11
fragment_01745,6,29.15,28.61,28.57,30.43,20.92,20.13,20.09,22.76,13.21,12.76,12.68,14.33,9.16,8.94,8.85,9.75,6.75,6.62,6.54,7.15,5.33,5.32,5.16,5.52,4.35,4.33,4.22,4.53
fragment_01746,3,34.48,34.48,33.54,34.48,28.87,28.86,28.72,29.98,21.55,21.53,21.53,23.59,16.6,16.59,16.59,17.76,11.67,11.67,11.58,11.95,7.77,7.77,7.77,7.78,5.34,5.34,5.34,5.35
fragment_01747,6,28.8,28.55,28.55,30.6,20.43,20.11,20.11,22.84,13.03,12.82,12.82,14.6,9.26,9.11,9.11,10.37,7.07,6.95,6.95,7.8,5.72,5.56,5.56,6.22,4.71,4.51,4.51,5.06
fragment_01748,2,28.74,28.75,28.74,28.75,22.18,22.18,22.17,22.18,15.94,15.94,15.94,15.94,10.8,10.8,10.8,10.8,6.72,6.72,6.72,6.73,4.38,4.38,4.38,4.38,3.01,3.01,3.01,3.01
fragment_01749,8,32.71,32.59,31.82,34.15,26.67,26.38,25.89,28.8,18.29,18.08,17.6,19.24,10.68,10.68,10.67,10.75,6.47,6.47,6.46,6.52,4.21,4.21,4.21,4.24,2.89,2.89,2.89,2.91
fragment_01750,9,29.13,28.58,28.53,30.62,21.0,20.24,20.11,23.19,14.03,13.68,12.89,15.63,10.43,10.29,9.27,11.55,8.43,8.49,7.33,9.16,6.99,7.07,6.09,7.46,5.77,5.85,5.16,6.04
fragment_01751,8,31.42,31.13,30.49,34.21,24.44,23.81,23.52,28.76,17.14,16.51,16.43,21.12,12.49,12.14,12.07,14.78,9.14,8.96,8.91,10.43,6.75,6.7,6.68,7.04,4.83,4.83,4.83,4.84
fragment_01752,9,30.65,30.92,28.92,32.58,22.77,23.44,19.3,25.58,15.37,16.04,12.2,17.65,10.02,10.3,8.55,10.48,6.33,6.35,6.06,6.35,4.13,4.13,4.13,4.13,2.84,2.84,2.84,2.84
fragment_01753,6,28.76,28.58,28.58,30.6,20.37,20.13,20.13,22.85,12.91,12.76,12.76,14.45,9.17,9.07,9.07,10.18,6.96,6.89,6.87,7.69,5.5,5.46,5.46,5.88,4.32,4.3,4.3,4.47
fragment_01754,2,29.71,29.71,29.7,29.71,22.11,22.11,22.11,22.11,15.27,15.27,15.27,15.27,10.7,10.7,10.7,10.7,7.53,7.53,7.53,7.53,5.57,5.57,5.57,5.57,4.01,4.01,4.01,4.01
fragment_01755,13,31.42,30.81,30.81,32.85,25.03,24.1,24.09,27.45,17.82,17.24,17.11,19.35,13.09,13.11,12.35,13.81,9.69,9.63,9.34,10.19,6.95,6.99,6.83,7.04,4.83,4.83,4.83,4.84
fragment_01756,2,29.59,29.6,29.58,29.6,21.99,22.0,21.99,22.0,15.31,15.31,15.3,15.31,11.31,11.31,11.3,11.31,8.59,8.6,8.59,8.6,6.34,6.34,6.34,6.34,4.7,4.7,4.7,4.7
fragment_01757,3,29.76,29.75,29.75,29.86,23.57,23.57,23.57,23.63,16.61,16.61,16.61,16.62,11.71,11.71,11.71,11.71,8.49,8.49,8.49,8.49,5.82,5.82,5.82,5.82,4.0,4.0,4.0,4.0
fragment_01758,3,32.32,32.35,32.12,32.35,26.89,26.91,26.86,27.19,20.79,20.78,20.77,21.1,14.45,14.45,14.44,14.46,9.27,9.27,9.27,9.27,6.03,6.03,6.03,6.04,4.14,4.14,4.14,4.15
fragment_01759,3,29.19,28.92,28.92,29.47,19.77,19.18,19.18,20.4,11.48,11.19,11.19,11.8,6.46,6.46,6.46,6.47,3.92,3.92,3.92,3.92,2.55,2.55,2.55,2.55,1.75,1.75,1.75,1.75
fragment_01760,5,31.04,31.33,30.57,31.34,22.63,23.13,21.88,23.13,15.81,15.83,15.17,16.0,11.35,11.28,11.28,11.74,8.44,8.41,8.37,8.78,6.57,6.55,6.52,6.83,5.14,5.12,5.07,5.41
fragment_01761,2,30.51,30.51,30.5,30.51,23.74,23.74,23.74,23.74,17.5,17.49,17.49,17.5,13.0,13.0,13.0,13.0,9.62,9.62,9.62,9.62,6.66,6.66,6.66,6.66,4.6,4.6,4.6,4.6
fragment_01762,9,28.49,28.5,28.43,28.61,20.04,19.89,19.61,20.66,13.64,13.57,13.0,14.29,9.86,9.78,9.33,10.37,7.53,7.4,7.23,7.88,5.78,5.69,5.57,5.97,4.28,4.28,4.24,4.3
fragment_01763,5,33.59,35.33,30.66,35.33,27.75,29.73,23.99,29.73,19.57,20.89,16.56,20.89,12.02,12.1,11.59,12.1,7.33,7.33,7.32,7.33,4.77,4.77,4.77,4.77,3.28,3.28,3.28,3.28
fragment_01764,3,29.71,29.71,29.71,29.79,23.55,23.55,23.54,23.6,16.54,16.54,16.53,16.55,11.8,11.8,11.8,11.81,9.06,9.06,9.05,9.06,7.26,7.26,7.26,7.27,5.61,5.61,5.61,5.61
fragment_01765,1,28.17,28.17,28.17,28.17,19.18,19.18,19.18,19.18,13.03,13.03,13.03,13.03,9.82,9.82,9.82,9.82,7.6,7.6,7.6,7.6,5.82,5.82,5.82,5.82,4.51,4.51,4.51,4.51
fragment_01766,8,37.65,37.82,33.97,37.82,34.93,35.23,28.93,35.23,26.33,26.61,20.77,26.61,16.5,16.59,14.57,16.59,10.25,10.26,10.01,10.26,6.67,6.67,6.67,6.68,4.59,4.59,4.58,4.59
fragment_01767,6,28.84,28.54,28.54,30.69,20.51,20.11,20.11,22.88,13.25,12.83,12.83,14.99,9.55,9.17,9.17,10.9,7.37,7.15,7.15,8.23,5.89,5.83,5.8,6.35,4.68,4.65,4.63,4.89
fragment_01768,4,32.39,32.38,32.37,33.37,25.62,25.6,25.6,27.02,18.75,18.73,18.73,19.88,13.43,13.43,13.43,13.47,9.01,9.01,9.01,9.01,6.28,6.28,6.28,6.28,4.33,4.33,4.33,4.33
fragment_01769,1,28.35,28.35,28.35,28.35,20.12,20.12,20.12,20.12,13.71,13.71,13.71,13.71,10.13,10.13,10.13,10.13,7.75,7.75,7.75,7.75,5.67,5.67,5.67,5.67,3.97,3.97,3.97,3.97
fragment_01770,1,28.59,28.59,28.59,28.59,20.48,20.48,20.48,20.48,14.2,14.2,14.2,14.2,9.33,9.33,9.33,9.33,6.6,6.6,6.6,6.6,4.57,4.57,4.57,4.57,3.14,3.14,3.14,3.14
fragment_01771,3,35.54,35.66,33.63,35.66,31.57,31.78,28.22,31.78,24.3,24.49,21.41,24.49,17.72,17.8,16.52,17.8,11.86,11.87,11.68,11.87,7.77,7.77,7.77,7.78,5.34,5.34,5.34,5.35
fragment_01772,17,28.49,28.5,28.43,28.6,20.22,20.08,19.72,21.83,13.96,13.8,13.68,15.67,10.31,10.1,10.1,11.86,8.16,8.0,8.0,9.23,6.47,6.39,6.39,7.05,4.99,4.94,4.94,5.2
fragment_01773,3,27.12,27.13,27.04,27.13,21.91,21.91,21.89,21.91,16.04,16.04,16.04,16.04,11.58,11.58,11.58,11.59,8.35,8.35,8.35,8.35,5.8,5.8,5.8,5.8,4.01,4.01,4.01,4.01
fragment_01774,8,28.66,28.71,28.6,28.71,24.54,24.62,24.06,24.62,19.66,19.73,19.31,19.73,15.05,15.28,14.55,15.46,11.76,12.04,11.24,12.35,9.22,9.36,9.0,9.66,6.9,6.93,6.84,6.95
fragment_01775,4,34.71,35.65,33.66,35.65,30.85,32.48,29.06,32.61,22.21,23.53,20.74,23.79,13.86,13.95,13.73,13.95,8.45,8.45,8.44,8.45,5.5,5.5,5.49,5.5,3.78,3.78,3.77,3.78
fragment_01776,4,32.39,32.38,32.37,33.38,25.63,25.61,25.59,27.03,18.75,18.73,18.73,19.89,13.43,13.43,13.43,13.47,9.06,9.06,9.06,9.06,6.41,6.41,6.41,6.42,4.47,4.47,4.47,4.47
fragment_01777,7,29.33,29.1,29.1,31.84,25.03,24.81,24.36,27.23,16.59,16.44,15.65,18.04,11.29,11.18,10.74,12.29,8.4,8.34,7.89,8.95,6.48,6.45,6.18,6.82,5.07,5.06,4.89,5.21
fragment_01778,9,29.73,28.97,28.96,31.44,25.92,24.54,24.54,28.91,17.44,16.3,15.77,19.81,11.11,10.88,10.41,11.47,6.91,6.91,6.85,6.95,4.5,4.5,4.49,4.52,3.09,3.09,3.09,3.11
fragment_01779,15,35.03,34.67,34.11,38.23,30.8,30.38,29.04,35.09,23.39,23.39,22.51,26.83,15.15,15.35,14.55,16.08,9.68,9.72,9.6,9.75,6.33,6.33,6.32,6.34,4.35,4.35,4.34,4.36
fragment_01780,3,29.86,31.39,28.67,31.39,20.34,21.79,19.21,21.79,12.71,13.41,12.16,13.41,8.42,8.73,8.18,8.73,5.63,5.66,5.61,5.66,3.68,3.68,3.68,3.68,2.53,2.53,2.53,2.53
fragment_01781,2,29.67,29.67,29.67,29.67,22.09,22.09,22.09,22.09,15.48,15.47,15.47,15.48,11.87,11.87,11.87,11.87,8.7,8.7,8.7,8.7,5.81,5.81,5.81,5.81,3.99,3.99,3.99,3.99
fragment_01782,1,27.42,27.42,27.42,27.42,17.0,17.0,17.0,17.0,9.26,9.26,9.26,9.26,5.07,5.07,5.07,5.07,3.07,3.07,3.07,3.07,2.0,2.0,2.0,2.0,1.37,1.37,1.37,1.37
fragment_01783,5,27.36,26.85,26.65,28.78,20.87,20.27,19.78,23.45,16.32,15.51,15.51,18.76,12.58,11.83,11.83,14.19,9.58,9.12,9.12,10.55,7.26,7.05,7.05,7.67,5.43,5.36,5.36,5.53
fragment_01784,3,33.65,34.74,31.89,34.74,28.3,30.21,25.18,30.21,19.17,20.49,17.01,20.49,12.06,12.25,11.75,12.25,7.49,7.49,7.49,7.49,4.87,4.87,4.87,4.87,3.35,3.35,3.35,3.35
fragment_01785,1,29.14,29.14,29.14,29.14,21.81,21.81,21.81,21.81,15.32,15.32,15.32,15.32,10.85,10.85,10.85,10.85,8.29,8.29,8.29,8.29,6.34,6.34,6.34,6.34,4.92,4.92,4.92,4.92
fragment_01786,1,28.19,28.19,28.19,28.19,22.71,22.71,22.71,22.71,16.14,16.14,16.14,16.14,11.91,11.91,11.91,11.91,9.03,9.03,9.03,9.03,6.53,6.53,6.53,6.53,4.59,4.59,4.59,4.59
fragment_01787,49,25.64,25.48,25.25,26.38,19.78,20.26,17.42,20.26,17.48,18.27,14.11,18.27,15.43,16.02,12.93,16.27,11.76,12.0,10.28,12.11,8.04,8.06,7.68,8.07,5.53,5.54,5.52,5.56
fragment_01788,14,29.25,28.77,28.72,32.7,22.48,21.79,20.96,30.45,16.08,15.34,14.41,25.46,12.49,11.84,11.08,19.63,9.79,9.48,8.63,12.9,7.55,7.53,6.96,8.4,5.66,5.7,5.45,5.78
fragment_01789,8,30.43,30.9,29.15,33.12,22.97,23.63,20.49,25.23,17.41,18.31,13.57,18.31,13.36,14.1,10.08,14.1,10.43,10.94,8.17,10.94,7.99,8.3,6.61,8.3,6.1,6.25,5.28,6.25
fragment_01790,1,33.9,33.9,33.9,33.9,28.39,28.39,28.39,28.39,21.19,21.19,21.19,21.19,14.88,14.88,14.88,14.88,10.48,10.48,10.48,10.48,7.42,7.42,7.42,7.42,5.2,5.2,5.2,5.2
fragment_01791,3,29.8,29.8,29.8,30.6,25.48,25.48,25.48,26.06,19.74,19.74,19.5,19.95,14.54,14.54,14.54,14.76,10.31,10.31,10.31,10.38,6.92,6.92,6.92,6.93,4.75,4.75,4.75,4.76
fragment_01792,3,29.22,29.21,29.21,29.35,24.71,24.71,24.71,24.77,18.56,18.56,18.54,18.56,13.17,13.18,13.14,13.18,9.12,9.12,9.12,9.12,6.07,6.07,6.07,6.07,4.17,4.17,4.17,4.17
fragment_01793,2,29.75,29.75,29.75,29.76,22.14,22.14,22.14,22.14,15.71,15.71,15.71,15.71,11.93,11.93,11.93,11.93,9.2,9.2,9.2,9.2,7.24,7.24,7.24,7.24,5.73,5.73,5.73,5.73
fragment_01794,2,29.9,29.9,29.9,29.9,22.27,22.28,22.27,22.28,15.39,15.39,15.39,15.39,11.14,11.15,11.14,11.15,8.05,8.06,8.05,8.06,5.67,5.67,5.67,5.67,3.94,3.94,3.94,3.94
fragment_01795,4,28.77,28.77,28.76,28.78,24.23,24.23,24.23,24.24,18.03,18.03,18.02,18.03,13.26,13.27,13.26,13.27,9.4,9.41,9.39,9.41,7.1,7.11,7.09,7.11,5.69,5.69,5.68,5.7
fragment_01796,2,29.81,29.82,29.8,29.82,22.18,22.18,22.18,22.18,15.34,15.34,15.33,15.34,10.88,10.88,10.88,10.88,7.09,7.09,7.09,7.09,4.61,4.61,4.61,4.61,3.17,3.17,3.17,3.17
fragment_01797,13,34.62,35.21,32.14,37.08,29.43,30.57,26.95,33.6,21.01,22.01,19.35,24.32,13.8,14.29,12.87,14.34,8.67,8.69,8.57,8.7,5.66,5.66,5.65,5.66,3.89,3.89,3.88,3.89
fragment_01798,7,30.33,30.61,29.38,30.61,26.81,27.46,25.15,27.67,20.91,21.97,19.45,22.05,15.37,16.02,14.56,16.25,10.51,10.63,10.37,10.64,6.93,6.93,6.92,6.93,4.76,4.76,4.76,4.76
fragment_01799,2,31.27,31.27,31.26,31.27,24.23,24.23,24.23,24.23,18.13,18.13,18.13,18.13,14.01,14.01,14.01,14.01,10.15,10.15,10.15,10.15,6.86,6.86,6.86,6.86,4.71,4.71,4.71,4.71
fragment_01800,4,32.26,32.31,30.94,32.31,27.09,27.34,23.4,27.34,20.78,21.07,17.04,21.07,14.64,14.83,12.29,14.83,10.19,10.28,9.01,10.28,6.86,6.88,6.68,6.88,4.72,4.72,4.72,4.73
fragment_01801,3,29.53,29.54,29.52,29.54,24.42,24.43,24.41,24.43,17.64,17.65,17.64,17.65,12.25,12.25,12.25,12.25,8.62,8.61,8.61,8.63,6.56,6.56,6.56,6.57,5.18,5.17,5.17,5.18
fragment_01802,31,33.3,33.25,32.46,34.81,26.61,26.65,24.85,29.45,20.42,20.26,18.81,23.53,14.64,14.28,13.74,15.83,9.56,9.49,9.47,9.63,6.26,6.26,6.25,6.27,4.3,4.3,4.3,4.3
fragment_01803,6,27.0,26.69,26.69,30.36,21.27,21.06,21.06,26.01,17.18,17.16,16.23,21.45,13.38,13.33,12.61,15.89,10.09,10.01,9.82,11.47,7.57,7.55,7.38,8.17,5.62,5.62,5.54,5.7
fragment_01804,9,27.23,26.7,26.01,31.24,21.28,20.75,20.31,26.68,17.02,16.96,16.07,22.42,13.35,13.36,12.55,16.64,10.28,10.21,9.94,11.35,7.37,7.37,7.32,7.44,5.1,5.1,5.1,5.11
fragment_01805,2,28.63,28.59,28.59,28.71,24.19,24.16,24.16,24.26,18.05,18.04,18.04,18.06,13.14,13.14,13.14,13.14,10.64,10.64,10.64,10.65,8.2,8.2,8.2,8.2,5.71,5.71,5.71,5.71
fragment_01806,5,32.6,32.58,32.45,34.15,26.79,26.77,26.72,28.98,19.93,19.91,19.76,22.55,14.44,14.42,14.36,15.97,10.45,10.45,10.42,11.15,7.33,7.33,7.32,7.34,5.04,5.04,5.04,5.04
fragment_01807,23,29.59,28.76,28.7,32.84,23.16,21.32,20.94,31.34,16.83,15.35,14.24,26.56,13.17,12.51,10.83,20.39,10.44,10.36,8.93,13.6,8.08,8.25,7.28,8.85,5.99,6.08,5.74,6.09
fragment_01808,9,33.13,34.6,31.15,35.02,26.8,27.9,24.6,30.29,21.67,22.19,20.38,24.63,16.66,16.61,16.44,17.79,11.46,11.45,11.42,11.56,7.52,7.52,7.52,7.53,5.17,5.17,5.17,5.18
fragment_01809,3,29.92,29.92,29.92,30.03,23.71,23.71,23.71,23.78,16.56,16.56,16.56,16.57,11.91,11.91,11.91,11.93,9.33,9.33,9.33,9.34,7.29,7.29,7.28,7.29,5.61,5.61,5.61,5.61
fragment_01810,8,29.74,29.74,28.58,30.92,24.6,24.66,23.77,26.92,18.6,18.65,17.8,20.13,14.18,14.12,13.94,14.92,10.48,10.39,10.39,10.94,7.67,7.65,7.62,7.73,5.32,5.32,5.31,5.32
fragment_01811,21,35.83,36.36,32.32,38.14,31.98,32.81,25.71,35.44,23.06,23.61,18.91,25.87,15.19,15.35,13.75,15.85,9.61,9.62,9.51,9.63,6.26,6.26,6.26,6.27,4.3,4.3,4.3,4.31
fragment_01812,5,28.63,28.65,28.61,28.71,23.92,23.88,23.83,24.24,18.87,18.84,18.8,19.12,14.4,14.44,14.22,14.44,11.14,11.25,10.71,11.25,8.56,8.61,8.37,8.61,6.34,6.35,6.28,6.35
fragment_01813,10,29.68,29.55,28.53,32.67,23.97,23.66,23.66,29.42,17.31,17.04,17.03,22.49,12.84,12.69,12.67,15.93,9.63,9.55,9.54,11.32,7.23,7.2,7.2,7.53,5.16,5.16,5.16,5.18
fragment_01814,5,34.0,34.03,33.9,36.23,29.42,29.4,29.33,33.65,21.3,21.28,21.25,24.56,14.45,14.46,14.42,14.62,8.85,8.85,8.84,8.86,5.76,5.76,5.76,5.77,3.96,3.96,3.95,3.96
fragment_01815,3,29.27,29.24,29.23,29.53,25.21,25.19,25.18,25.42,19.88,19.87,19.87,19.94,14.25,14.25,14.23,14.25,9.76,9.76,9.75,9.76,6.48,6.48,6.47,6.48,4.45,4.45,4.45,4.45
fragment_01816,2,31.01,31.0,31.0,31.01,25.44,25.44,25.44,25.44,18.31,18.31,18.31,18.31,12.51,12.5,12.5,12.51,7.6,7.6,7.6,7.6,4.95,4.95,4.95,4.95,3.4,3.4,3.4,3.4
fragment_01817,2,29.3,29.31,29.3,29.31,22.1,22.11,22.1,22.11,16.04,16.04,16.03,16.04,11.44,11.44,11.44,11.44,8.0,8.0,8.0,8.0,5.34,5.34,5.34,5.34,3.67,3.67,3.67,3.67
fragment_01818,2,30.15,30.15,30.14,30.15,23.5,23.51,23.5,23.51,17.18,17.19,17.18,17.19,12.81,12.81,12.8,12.81,9.67,9.68,9.67,9.68,6.8,6.8,6.8,6.8,4.67,4.67,4.67,4.67
fragment_01819,1,28.77,28.77,28.77,28.77,20.74,20.74,20.74,20.74,14.71,14.71,14.71,14.71,10.59,10.59,10.59,10.59,8.08,8.08,8.08,8.08,6.13,6.13,6.13,6.13,4.89,4.89,4.89,4.89
fragment_01820,6,34.0,34.06,32.99,34.06,28.8,28.82,27.52,28.82,23.05,23.07,21.93,23.08,16.11,16.11,15.7,16.11,10.16,10.16,10.16,10.16,6.61,6.61,6.61,6.61,4.54,4.54,4.54,4.54
fragment_01821,8,35.51,35.53,34.31,35.57,30.84,30.85,29.41,30.85,24.51,24.53,22.91,24.53,17.4,17.41,16.64,17.41,12.32,12.32,12.32,12.36,9.3,9.3,9.3,9.32,6.74,6.74,6.74,6.74
fragment_01822,6,27.01,26.65,26.35,28.69,20.45,19.82,19.82,23.48,16.12,15.87,15.46,18.79,12.52,12.33,11.8,14.45,9.61,9.3,9.21,11.03,7.42,7.2,7.14,8.27,5.76,5.63,5.62,6.19
fragment_01823,3,26.28,26.29,26.13,26.29,19.58,19.59,19.54,19.59,13.39,13.39,13.36,13.39,9.35,9.35,9.33,9.35,6.73,6.73,6.73,6.73,4.75,4.75,4.75,4.75,3.26,3.26,3.26,3.26
fragment_01824,3,31.55,31.54,31.54,32.38,29.34,29.37,27.69,29.37,21.8,21.84,19.3,21.84,15.1,15.11,14.48,15.11,10.7,10.7,10.7,11.05,7.76,7.76,7.76,8.07,5.74,5.74,5.74,5.92
fragment_01825,4,30.73,30.74,30.72,30.76,26.19,26.19,26.18,26.21,19.87,19.87,19.86,19.88,13.66,13.66,13.65,13.66,9.47,9.48,9.43,9.48,7.14,7.16,7.08,7.16,5.58,5.59,5.54,5.59
fragment_01826,1,33.23,33.23,33.23,33.23,27.64,27.64,27.64,27.64,18.0,18.0,18.0,18.0,10.18,10.18,10.18,10.18,6.17,6.17,6.17,6.17,4.01,4.01,4.01,4.01,2.76,2.76,2.76,2.76
fragment_01827,2,33.25,33.25,33.25,33.25,28.3,28.31,28.3,28.31,20.74,20.74,20.73,20.74,15.51,15.51,15.51,15.51,11.92,11.92,11.92,11.92,8.41,8.41,8.41,8.41,5.78,5.78,5.78,5.78
fragment_01828,2,30.05,30.06,30.05,30.06,23.22,23.22,23.22,23.22,17.03,17.03,17.03,17.03,12.67,12.67,12.67,12.67,8.33,8.33,8.33,8.33,5.42,5.42,5.42,5.42,3.72,3.73,3.72,3.73
fragment_01829,9,33.5,33.2,32.24,34.73,26.08,25.51,24.67,27.48,18.94,18.61,17.89,19.9,12.15,12.21,11.67,12.34,7.47,7.47,7.46,7.49,4.86,4.86,4.86,4.87,3.34,3.34,3.34,3.35
fragment_01830,4,34.05,33.98,32.36,34.74,28.01,27.37,26.36,29.74,18.97,18.46,18.23,20.17,11.49,11.47,11.47,11.53,6.98,6.98,6.98,6.99,4.54,4.54,4.54,4.55,3.12,3.12,3.12,3.13
fragment_01831,17,26.96,26.5,25.38,28.88,21.31,21.23,20.17,23.23,17.14,17.45,16.21,20.25,13.52,13.62,12.82,16.39,10.51,10.47,10.17,11.64,7.58,7.58,7.49,7.71,5.29,5.29,5.29,5.3
fragment_01832,3,30.09,30.09,30.09,30.23,23.83,23.82,23.82,23.91,16.92,16.92,16.92,16.93,12.08,12.08,12.08,12.08,7.96,7.96,7.96,7.96,5.19,5.19,5.19,5.19,3.57,3.57,3.57,3.57
fragment_01833,2,29.75,29.76,29.74,29.76,22.11,22.11,22.1,22.11,15.26,15.26,15.26,15.26,11.24,11.24,11.24,11.24,8.16,8.16,8.16,8.16,5.72,5.72,5.72,5.72,3.97,3.97,3.97,3.97
fragment_01834,2,31.27,31.26,31.26,31.28,23.98,23.98,23.98,23.99,17.92,17.92,17.92,17.92,13.83,13.83,13.83,13.83,9.94,9.94,9.94,9.94,6.88,6.88,6.88,6.89,4.77,4.77,4.77,4.77
fragment_01835,9,31.42,31.19,31.06,32.48,25.9,25.79,25.06,27.01,19.33,19.34,18.7,20.41,13.87,13.98,13.64,14.74,9.42,9.45,9.39,9.47,6.16,6.16,6.16,6.17,4.23,4.23,4.23,4.24
fragment_01836,2,29.01,29.03,27.78,29.03,22.18,22.2,21.18,22.2,14.35,14.35,14.18,14.35,8.38,8.38,8.37,8.38,5.08,5.08,5.07,5.08,3.31,3.31,3.3,3.31,2.27,2.27,2.27,2.27
fragment_01837,22,30.24,30.74,28.91,32.46,21.66,22.19,19.29,25.09,14.43,14.4,12.2,18.3,10.14,9.97,8.6,12.41,7.2,7.16,6.22,7.66,4.95,4.98,4.68,4.98,3.42,3.42,3.42,3.42
fragment_01838,5,36.01,36.37,34.31,36.37,32.19,32.73,29.59,32.73,21.81,22.14,20.12,22.22,12.55,12.56,12.5,12.57,7.61,7.61,7.61,7.62,4.95,4.95,4.95,4.96,3.4,3.4,3.4,3.41
fragment_01839,3,32.41,32.13,32.13,32.9,27.33,27.74,25.93,27.96,20.96,21.83,18.21,22.11,14.73,15.33,12.78,15.55,10.51,10.86,9.41,10.97,7.59,7.78,7.03,7.82,5.55,5.64,5.28,5.65
fragment_01840,8,29.83,29.83,29.82,29.84,22.2,22.2,22.19,22.21,15.4,15.33,15.33,15.77,11.3,11.07,11.07,12.26,9.05,8.73,8.73,10.37,7.59,7.26,7.26,8.94,6.07,5.85,5.85,6.88
fragment_01841,20,28.96,28.73,28.6,33.54,21.91,21.15,21.1,29.51,15.64,15.03,14.8,23.85,12.31,12.01,11.39,18.39,9.87,9.72,9.06,13.23,7.78,7.59,7.44,8.84,5.91,5.86,5.79,6.08
fragment_01842,4,28.75,28.6,26.79,29.04,20.75,20.63,19.38,20.98,14.27,14.03,13.21,14.62,10.85,10.65,10.11,11.15,8.3,8.18,7.97,8.46,5.92,5.89,5.86,5.96,4.11,4.11,4.1,4.11
fragment_01843,1,28.8,28.8,28.8,28.8,25.4,25.4,25.4,25.4,18.12,18.12,18.12,18.12,12.16,12.16,12.16,12.16,7.93,7.93,7.93,7.93,5.17,5.17,5.17,5.17,3.55,3.55,3.55,3.55
fragment_01844,2,29.87,29.86,29.86,29.87,22.25,22.25,22.25,22.26,15.44,15.43,15.43,15.44,11.63,11.62,11.62,11.63,8.94,8.94,8.94,8.94,6.89,6.89,6.89,6.89,5.56,5.56,5.56,5.56
fragment_01845,2,29.75,29.74,29.74,29.76,22.02,22.01,22.01,22.02,15.65,15.65,15.65,15.65,10.39,10.39,10.39,10.39,6.97,6.97,6.97,6.97,4.63,4.63,4.63,4.63,3.18,3.18,3.18,3.18
fragment_01846,6,34.6,34.75,33.18,36.39,29.69,29.85,28.17,31.98,21.62,21.71,20.5,22.65,12.83,12.84,12.8,12.92,7.78,7.78,7.78,7.83,5.06,5.06,5.06,5.1,3.48,3.48,3.48,3.5
fragment_01847,8,28.42,28.38,28.19,28.49,23.43,23.39,23.35,23.54,17.68,17.44,17.43,17.99,13.66,13.18,13.17,14.24,10.25,9.86,9.85,10.72,7.56,7.43,7.43,7.71,5.34,5.34,5.34,5.34
fragment_01848,4,29.79,29.79,29.78,29.79,22.18,22.18,22.18,22.19,15.38,15.38,15.38,15.38,11.32,11.32,11.31,11.32,8.83,8.83,8.82,8.85,7.0,7.0,6.99,7.02,5.52,5.52,5.51,5.52
fragment_01849,23,31.31,31.02,30.78,34.13,23.49,22.63,22.58,27.98,17.07,16.35,15.77,21.14,12.08,12.22,10.7,14.22,8.27,8.43,7.55,8.7,5.62,5.65,5.48,5.66,3.88,3.88,3.88,3.89
fragment_01850,2,29.67,29.67,29.67,29.67,22.06,22.06,22.06,22.06,15.23,15.22,15.22,15.23,11.04,11.04,11.04,11.04,8.3,8.3,8.3,8.3,6.33,6.33,6.33,6.33,4.69,4.69,4.69,4.69
fragment_01851,1,29.17,29.17,29.17,29.17,21.27,21.27,21.27,21.27,13.79,13.79,13.79,13.79,8.29,8.29,8.29,8.29,5.04,5.04,5.04,5.04,3.28,3.28,3.28,3.28,2.25,2.25,2.25,2.25
fragment_01852,8,31.4,31.12,30.43,34.21,24.44,23.81,23.5,28.76,17.15,16.51,16.44,21.12,12.49,12.14,12.07,14.72,9.14,8.95,8.92,10.31,6.75,6.7,6.69,7.04,4.83,4.83,4.83,4.84
fragment_01853,13,29.99,29.9,28.79,31.62,24.48,24.65,20.81,28.44,18.29,18.53,14.04,23.68,13.61,13.85,11.17,18.95,10.3,10.55,8.86,13.29,7.73,7.88,6.85,9.03,5.82,5.92,5.37,6.21
fragment_01854,11,31.13,31.11,29.63,32.6,25.25,25.17,24.02,27.84,19.67,19.69,18.64,20.22,14.92,14.95,14.18,15.05,10.12,10.13,10.04,10.14,6.6,6.6,6.59,6.6,4.53,4.54,4.53,4.54
fragment_01855,3,33.64,33.64,32.51,33.65,26.54,26.54,25.94,26.54,18.8,18.8,18.63,18.8,12.62,12.62,12.6,12.62,7.91,7.91,7.91,7.91,5.15,5.15,5.15,5.15,3.54,3.54,3.53,3.54
fragment_01856,2,28.81,28.84,27.87,28.84,23.9,23.93,23.26,23.93,17.2,17.21,17.09,17.21,11.85,11.85,11.77,11.85,8.72,8.72,8.68,8.72,6.3,6.3,6.29,6.3,4.41,4.41,4.41,4.41
fragment_01857,9,36.08,36.26,32.51,36.26,32.29,32.55,27.5,33.13,24.27,24.51,19.75,25.16,15.57,15.71,13.16,15.71,9.57,9.6,8.85,9.61,6.25,6.25,6.21,6.26,4.29,4.29,4.28,4.3
fragment_01858,1,28.77,28.77,28.77,28.77,20.75,20.75,20.75,20.75,14.72,14.72,14.72,14.72,10.85,10.85,10.85,10.85,8.64,8.64,8.64,8.64,6.74,6.74,6.74,6.74,4.79,4.79,4.79,4.79
fragment_01859,5,33.52,33.43,32.06,34.37,27.38,26.78,25.94,29.23,18.27,17.8,17.59,19.5,11.13,11.11,11.11,11.2,6.76,6.76,6.76,6.78,4.4,4.4,4.4,4.42,3.02,3.02,3.02,3.03
fragment_01860,12,29.96,29.45,28.77,31.18,24.8,23.67,23.56,27.0,18.0,16.91,16.89,19.98,12.95,12.35,12.34,14.06,9.45,9.07,9.07,10.13,7.06,6.89,6.89,7.39,5.18,5.15,5.15,5.22
fragment_01861,8,35.49,36.22,32.14,36.37,29.78,30.64,26.72,30.64,20.54,21.03,19.01,21.05,12.04,12.05,12.0,12.07,7.3,7.3,7.3,7.31,4.75,4.75,4.75,4.76,3.27,3.27,3.26,3.27
fragment_01862,2,29.81,29.8,29.8,29.81,22.18,22.18,22.18,22.18,15.52,15.51,15.51,15.52,11.63,11.63,11.63,11.63,9.01,9.01,9.01,9.01,7.04,7.04,7.04,7.04,5.14,5.14,5.14,5.14
fragment_01863,2,29.86,29.86,29.86,29.86,22.22,22.23,22.22,22.23,15.49,15.49,15.49,15.49,11.77,11.77,11.76,11.77,9.1,9.1,9.1,9.1,7.13,7.13,7.13,7.13,5.56,5.56,5.56,5.56
fragment_01864,1,30.11,30.11,30.11,30.11,25.94,25.94,25.94,25.94,19.78,19.78,19.78,19.78,13.23,13.23,13.23,13.23,8.09,8.09,8.09,8.09,5.26,5.26,5.26,5.26,3.62,3.62,3.62,3.62
fragment_01865,2,29.66,29.66,29.66,29.66,22.06,22.06,22.06,22.06,15.2,15.2,15.2,15.2,10.91,10.91,10.91,10.91,7.54,7.54,7.54,7.54,4.99,4.99,4.99,4.99,3.43,3.43,3.43,3.43
fragment_01866,5,30.8,30.78,30.78,31.99,21.95,21.88,21.88,24.96,15.95,15.92,15.92,17.3,11.82,11.81,11.81,12.63,8.22,8.21,8.21,8.29,5.39,5.39,5.39,5.4,3.7,3.7,3.7,3.71
fragment_01867,13,28.81,28.74,28.45,30.38,21.12,20.95,20.68,24.52,14.04,13.96,13.15,16.53,9.49,9.5,8.92,9.98,6.02,6.02,5.97,6.05,3.92,3.92,3.92,3.94,2.69,2.69,2.69,2.7
fragment_01868,1,28.93,28.93,28.93,28.93,20.75,20.75,20.75,20.75,14.57,14.57,14.57,14.57,10.25,10.25,10.25,10.25,7.2,7.2,7.2,7.2,5.35,5.35,5.35,5.35,3.83,3.83,3.83,3.83
fragment_01869,6,29.83,29.83,29.82,29.84,22.2,22.2,22.19,22.2,15.35,15.36,15.33,15.36,11.32,11.27,11.16,11.54,8.81,8.69,8.6,9.17,7.21,7.05,6.99,7.67,5.5,5.39,5.39,5.78
fragment_01870,6,29.73,29.73,29.73,29.81,22.12,22.12,22.11,22.17,15.88,15.88,15.87,15.91,12.39,12.38,12.38,12.51,9.96,9.95,9.95,10.21,7.58,7.58,7.58,7.62,5.25,5.25,5.25,5.25
fragment_01871,2,29.82,29.82,29.81,29.82,22.21,22.22,22.21,22.22,15.39,15.39,15.39,15.39,11.14,11.14,11.14,11.14,8.11,8.11,8.1,8.11,6.29,6.29,6.28,6.29,5.03,5.03,5.03,5.03
fragment_01872,4,29.56,29.54,29.54,29.58,24.43,24.42,24.42,24.44,17.65,17.64,17.64,17.65,12.25,12.25,12.25,12.26,8.63,8.63,8.62,8.64,6.57,6.57,6.56,6.57,5.18,5.18,5.17,5.19
fragment_01873,9,33.38,34.19,32.59,34.19,27.48,28.59,26.05,28.59,21.63,22.75,19.57,22.75,14.47,14.83,13.27,14.83,9.01,9.02,8.88,9.02,5.87,5.87,5.86,5.87,4.03,4.03,4.03,4.03
fragment_01874,16,29.5,29.32,26.6,30.51,26.11,25.6,21.39,27.93,21.89,21.19,17.84,24.4,15.77,15.22,13.29,17.71,10.98,10.92,9.85,11.22,7.3,7.31,7.2,7.31,5.02,5.02,5.02,5.02
fragment_01875,21,30.69,31.45,29.23,32.73,26.65,27.63,23.52,30.43,21.12,21.41,17.98,24.12,15.94,15.58,13.89,18.11,11.45,11.41,10.23,11.96,7.77,7.79,7.46,7.79,5.34,5.35,5.33,5.35
fragment_01876,3,29.54,29.54,29.51,29.55,25.57,25.57,25.56,25.57,19.24,19.24,19.23,19.25,13.43,13.43,13.43,13.43,9.26,9.26,9.26,9.26,6.07,6.07,6.07,6.07,4.17,4.17,4.17,4.17
fragment_01877,7,30.89,31.09,29.36,32.42,26.64,26.77,25.04,28.73,20.32,20.32,19.89,22.54,15.05,15.06,14.73,16.21,10.06,10.06,10.05,10.11,6.57,6.57,6.57,6.58,4.51,4.51,4.51,4.52
fragment_01878,7,29.42,28.89,28.89,31.63,20.78,19.84,19.47,25.96,14.9,14.71,12.91,19.96,11.94,12.6,10.28,14.59,9.29,9.97,8.2,10.64,7.03,7.43,6.47,7.54,5.15,5.21,5.06,5.21
fragment_01879,8,31.9,31.87,30.91,32.45,25.13,25.02,22.7,26.58,18.69,18.67,16.1,19.96,11.92,12.0,11.07,12.05,7.29,7.3,7.24,7.31,4.75,4.75,4.74,4.75,3.26,3.26,3.26,3.27
fragment_01880,2,29.21,29.21,29.21,29.21,26.44,26.44,26.44,26.44,19.12,19.13,19.12,19.13,13.4,13.4,13.4,13.4,9.97,9.97,9.97,9.97,7.48,7.48,7.48,7.48,5.69,5.69,5.69,5.69
fragment_01881,24,30.09,29.47,29.43,33.28,26.44,25.5,23.94,31.28,20.63,19.81,18.4,24.63,15.77,15.32,14.17,18.23,11.47,11.24,10.64,12.7,8.23,8.18,8.01,8.38,5.75,5.74,5.73,5.76
fragment_01882,1,27.98,27.98,27.98,27.98,18.92,18.92,18.92,18.92,12.64,12.64,12.64,12.64,8.68,8.68,8.68,8.68,6.09,6.09,6.09,6.09,4.04,4.04,4.04,4.04,2.77,2.77,2.77,2.77
fragment_01883,8,30.85,29.78,29.14,33.43,26.33,24.76,23.78,29.97,20.36,19.09,17.8,23.4,15.57,14.86,14.23,17.26,11.52,11.13,10.67,12.37,8.15,8.12,7.92,8.2,5.63,5.63,5.62,5.64
fragment_01884,2,29.82,29.83,29.81,29.83,22.02,22.02,22.02,22.02,15.6,15.6,15.6,15.6,10.54,10.54,10.54,10.54,6.98,6.98,6.98,6.98,4.62,4.62,4.62,4.62,3.18,3.18,3.17,3.18
fragment_01885,1,28.45,28.45,28.45,28.45,22.11,22.11,22.11,22.11,16.17,16.17,16.17,16.17,9.99,9.99,9.99,9.99,6.08,6.08,6.08,6.08,3.96,3.96,3.96,3.96,2.72,2.72,2.72,2.72
fragment_01886,12,27.44,27.28,25.33,30.44,18.99,18.9,18.85,23.56,13.68,13.61,13.61,16.72,10.2,10.18,9.37,10.57,6.42,6.42,6.39,6.44,4.18,4.18,4.17,4.19,2.87,2.87,2.86,2.88
fragment_01887,8,30.33,30.86,28.91,31.07,21.57,22.37,19.3,24.46,14.77,15.42,12.83,18.03,11.45,11.92,10.11,13.26,9.03,9.32,8.25,9.67,6.45,6.5,6.33,6.5,4.46,4.46,4.46,4.47
fragment_01888,5,32.77,33.02,31.72,33.02,27.45,27.94,25.77,27.94,20.57,21.09,19.1,21.09,14.02,14.18,13.52,14.18,8.84,8.84,8.83,8.86,5.76,5.75,5.75,5.77,3.95,3.95,3.95,3.96
fragment_01889,13,29.6,29.47,28.76,30.7,20.88,20.96,20.14,21.18,14.21,14.32,12.87,14.52,10.11,10.2,8.94,10.44,7.47,7.54,6.66,7.63,5.81,5.85,5.33,5.92,4.75,4.79,4.34,4.84
fragment_01890,3,30.46,30.46,30.45,33.39,22.77,22.76,22.76,29.13,16.83,16.83,16.83,22.28,13.56,13.56,13.56,16.27,10.17,10.17,10.17,11.45,7.5,7.5,7.5,7.78,5.34,5.34,5.34,5.35
fragment_01891,9,28.65,28.7,28.58,28.75,24.52,24.57,24.02,24.58,19.64,19.7,19.25,19.7,15.04,15.23,14.56,15.4,11.75,11.98,11.25,12.31,9.21,9.32,9.0,9.65,6.9,6.92,6.84,6.95
fragment_01892,1,28.45,28.45,28.45,28.45,20.1,20.1,20.1,20.1,13.9,13.9,13.9,13.9,10.48,10.48,10.48,10.48,8.26,8.26,8.26,8.26,6.04,6.04,6.04,6.04,4.23,4.23,4.23,4.23
fragment_01893,7,31.39,31.05,30.72,32.63,28.35,27.77,27.73,30.37,19.96,19.4,19.24,21.81,14.07,13.83,13.76,14.82,9.85,9.78,9.77,10.1,6.57,6.57,6.57,6.58,4.51,4.51,4.51,4.52
fragment_01894,2,30.15,30.15,30.15,30.15,24.71,24.71,24.71,24.71,18.41,18.41,18.41,18.41,13.89,13.89,13.89,13.9,9.89,9.89,9.89,9.89,6.57,6.57,6.57,6.57,4.51,4.51,4.51,4.51
fragment_01895,1,28.29,28.29,28.29,28.29,20.44,20.44,20.44,20.44,13.74,13.74,13.74,13.74,9.14,9.14,9.14,9.14,5.84,5.84,5.84,5.84,3.8,3.8,3.8,3.8,2.61,2.61,2.61,2.61
fragment_01896,2,29.92,29.96,29.66,29.96,22.34,22.37,22.13,22.37,14.91,14.93,14.81,14.93,10.43,10.44,10.35,10.44,7.87,7.87,7.83,7.87,6.1,6.1,6.07,6.1,4.8,4.8,4.79,4.8
fragment_01897,1,28.76,28.76,28.76,28.76,20.73,20.73,20.73,20.73,14.7,14.7,14.7,14.7,10.88,10.88,10.88,10.88,8.71,8.71,8.71,8.71,6.66,6.66,6.66,6.66,4.72,4.72,4.72,4.72
fragment_01898,23,33.46,33.4,32.56,34.9,26.08,25.71,25.35,29.38,19.71,19.13,18.96,23.87,14.23,13.54,13.54,16.7,9.92,9.59,9.59,10.7,6.88,6.8,6.8,6.97,4.78,4.78,4.77,4.79
fragment_01899,2,31.59,31.58,31.58,32.61,24.98,24.97,24.97,28.17,17.75,17.74,17.74,20.55,12.98,12.98,12.98,13.76,8.65,8.65,8.65,8.82,5.74,5.74,5.74,5.74,3.94,3.94,3.94,3.94
fragment_01900,4,32.69,32.92,31.72,32.92,27.4,27.83,25.77,27.83,20.55,21.02,19.1,21.02,14.02,14.17,13.52,14.17,8.84,8.84,8.83,8.86,5.76,5.75,5.75,5.77,3.95,3.95,3.95,3.96
fragment_01901,2,29.0,29.0,29.0,29.0,22.77,22.77,22.77,22.77,17.16,17.16,17.16,17.16,12.09,12.09,12.09,12.09,8.37,8.36,8.36,8.37,5.46,5.45,5.45,5.46,3.75,3.75,3.75,3.75
fragment_01902,2,30.84,30.84,30.84,30.84,23.8,23.8,23.8,23.8,16.85,16.85,16.85,16.85,12.21,12.21,12.21,12.21,8.16,8.16,8.16,8.16,5.31,5.31,5.31,5.31,3.65,3.65,3.65,3.65
fragment_01903,1,28.02,28.02,28.02,28.02,19.61,19.61,19.61,19.61,13.42,13.42,13.42,13.42,9.95,9.95,9.95,9.95,7.45,7.45,7.45,7.45,5.38,5.38,5.38,5.38,3.7,3.7,3.7,3.7
fragment_01904,11,36.07,36.26,32.21,36.26,32.29,32.56,27.37,33.14,24.27,24.51,19.68,25.18,15.57,15.72,13.2,15.72,9.57,9.6,8.87,9.61,6.25,6.25,6.21,6.25,4.29,4.29,4.28,4.3
fragment_01905,9,30.01,29.39,28.79,31.19,24.85,23.59,23.58,27.04,18.27,17.18,17.17,20.11,13.42,13.01,12.98,15.73,9.67,9.51,9.49,10.29,6.7,6.69,6.68,6.71,4.6,4.6,4.6,4.61
fragment_01906,8,29.5,29.54,28.74,30.5,23.62,23.86,20.76,24.68,16.68,16.94,13.69,16.94,10.98,11.09,9.92,11.09,6.79,6.8,6.75,6.8,4.42,4.42,4.41,4.42,3.04,3.04,3.03,3.04
fragment_01907,1,28.59,28.59,28.59,28.59,19.62,19.62,19.62,19.62,13.74,13.74,13.74,13.74,9.97,9.97,9.97,9.97,7.51,7.51,7.51,7.51,5.91,5.91,5.91,5.91,4.75,4.75,4.75,4.75
fragment_01908,2,32.4,31.67,31.67,33.96,26.33,24.98,24.98,29.18,18.5,17.21,17.21,21.23,12.99,12.39,12.39,14.24,9.07,8.88,8.88,9.46,6.19,6.17,6.17,6.23,4.28,4.28,4.28,4.28
fragment_01909,9,26.87,26.74,26.3,29.51,20.55,20.32,19.93,24.02,16.07,15.73,15.59,19.91,12.7,12.46,12.46,15.69,10.09,10.0,10.0,11.44,7.43,7.41,7.4,7.62,5.22,5.22,5.22,5.24
fragment_01910,1,31.36,31.36,31.36,31.36,24.91,24.91,24.91,24.91,17.31,17.31,17.31,17.31,10.89,10.89,10.89,10.89,6.94,6.94,6.94,6.94,4.52,4.52,4.52,4.52,3.1,3.1,3.1,3.1
fragment_01911,4,29.8,29.78,29.78,29.87,22.17,22.16,22.16,22.22,15.67,15.61,15.61,15.91,12.04,11.91,11.91,12.5,8.74,8.61,8.61,9.2,6.48,6.41,6.41,6.74,4.94,4.89,4.89,5.13
fragment_01912,1,31.49,31.49,31.49,31.49,25.02,25.02,25.02,25.02,18.54,18.54,18.54,18.54,14.75,14.75,14.75,14.75,11.16,11.16,11.16,11.16,7.96,7.96,7.96,7.96,5.49,5.49,5.49,5.49
fragment_01913,1,32.06,32.06,32.06,32.06,25.53,25.53,25.53,25.53,17.72,17.72,17.72,17.72,10.36,10.36,10.36,10.36,6.28,6.28,6.28,6.28,4.08,4.08,4.08,4.08,2.81,2.81,2.81,2.81
fragment_01914,10,31.74,31.95,31.59,31.95,25.69,26.28,25.33,26.28,20.27,21.47,19.57,21.47,15.27,16.11,14.54,16.11,10.36,10.59,10.01,10.59,6.9,6.89,6.89,6.9,4.74,4.74,4.74,4.74
fragment_01915,2,35.48,35.47,35.47,35.48,28.76,28.76,28.76,28.76,22.43,22.43,22.43,22.43,18.04,18.04,18.04,18.04,13.44,13.44,13.43,13.44,9.26,9.26,9.26,9.26,6.36,6.36,6.36,6.36
fragment_01916,2,29.8,29.8,29.8,29.8,22.18,22.18,22.18,22.18,15.32,15.32,15.32,15.32,10.71,10.71,10.71,10.71,7.39,7.39,7.39,7.39,5.37,5.37,5.37,5.37,4.31,4.31,4.31,4.31
fragment_01917,23,33.49,33.49,32.17,35.04,26.21,26.13,25.32,30.05,20.05,20.08,19.08,24.83,14.52,14.32,13.51,17.5,10.12,9.96,9.49,10.72,6.95,6.96,6.76,6.98,4.78,4.79,4.77,4.79
fragment_01918,6,29.82,29.81,29.81,29.84,22.19,22.19,22.18,22.2,15.34,15.35,15.33,15.35,11.31,11.25,11.16,11.56,8.79,8.67,8.6,9.18,7.2,7.04,6.98,7.68,5.5,5.39,5.39,5.78
fragment_01919,2,28.33,28.33,28.33,28.33,20.66,20.66,20.66,20.66,13.78,13.78,13.78,13.78,8.24,8.24,8.24,8.24,4.99,4.99,4.99,4.99,3.25,3.25,3.25,3.25,2.23,2.23,2.23,2.23
fragment_01920,1,28.25,28.25,28.25,28.25,19.78,19.78,19.78,19.78,13.27,13.27,13.27,13.27,8.83,8.83,8.83,8.83,6.1,6.1,6.1,6.1,4.07,4.07,4.07,4.07,2.8,2.8,2.8,2.8
fragment_01921,10,28.48,28.48,28.39,28.51,20.05,19.94,19.78,20.83,13.72,13.64,13.56,14.38,9.98,9.95,9.84,10.68,7.88,8.0,7.63,8.59,6.34,6.58,6.02,6.92,4.93,5.12,4.71,5.15
fragment_01922,11,36.25,36.41,35.47,36.62,32.94,33.56,30.75,33.56,27.59,28.23,25.29,28.23,20.74,21.12,19.1,21.12,13.52,13.57,12.98,13.57,8.83,8.83,8.83,8.84,6.07,6.07,6.06,6.07
fragment_01923,6,32.52,33.55,31.39,33.55,26.87,28.81,24.82,28.81,19.29,21.13,17.38,21.13,13.1,13.55,12.62,13.55,8.22,8.22,8.21,8.22,5.35,5.35,5.35,5.35,3.67,3.68,3.67,3.68
fragment_01924,20,29.36,29.29,25.9,29.77,25.6,25.48,21.33,27.24,21.14,20.97,17.68,23.68,15.07,14.91,13.04,17.03,10.56,10.56,9.6,10.68,6.95,6.95,6.93,6.95,4.77,4.77,4.77,4.77
fragment_01925,4,32.44,32.44,32.42,32.45,25.18,25.17,25.17,25.18,17.89,17.89,17.88,17.9,12.32,12.31,12.31,12.32,9.07,9.07,9.07,9.08,7.18,7.18,7.18,7.18,5.27,5.27,5.27,5.27
fragment_01926,27,28.65,28.64,28.59,28.79,23.9,23.93,23.82,24.03,18.59,18.6,18.49,19.16,13.92,13.95,13.62,15.08,10.53,10.48,10.23,11.73,8.08,8.03,7.94,8.63,6.02,6.01,5.98,6.07
fragment_01927,9,29.54,29.53,29.5,29.63,24.41,24.41,24.39,24.48,17.64,17.64,17.63,17.65,12.26,12.25,12.25,12.4,8.7,8.69,8.69,8.96,6.73,6.72,6.72,6.91,5.38,5.38,5.37,5.44
fragment_01928,2,30.71,30.69,30.69,30.73,25.75,25.75,25.75,25.76,19.5,19.5,19.49,19.5,15.0,15.0,15.0,15.0,10.54,10.54,10.54,10.54,6.99,6.99,6.99,6.99,4.8,4.8,4.8,4.8
fragment_01929,8,30.03,30.36,28.79,31.2,25.71,26.65,21.78,28.31,20.97,22.19,15.9,22.89,16.59,17.57,12.78,17.57,12.67,13.27,10.19,13.27,9.01,9.18,8.21,9.19,6.31,6.32,6.24,6.32
fragment_01930,1,31.86,31.86,31.86,31.86,26.31,26.31,26.31,26.31,19.18,19.18,19.18,19.18,13.42,13.42,13.42,13.42,9.78,9.78,9.78,9.78,6.98,6.98,6.98,6.98,4.84,4.84,4.84,4.84
fragment_01931,22,36.24,36.7,32.19,38.15,32.05,32.64,25.65,34.9,22.64,22.97,18.69,25.34,14.83,14.97,13.39,15.51,9.4,9.4,9.3,9.42,6.12,6.12,6.11,6.13,4.21,4.21,4.2,4.21
fragment_01932,9,32.95,32.96,32.8,34.81,26.66,27.16,25.87,28.98,20.55,21.26,19.2,22.64,14.14,14.53,12.7,14.7,8.93,8.94,8.64,8.94,5.82,5.82,5.82,5.82,4.0,4.0,4.0,4.0
fragment_01933,6,35.13,35.16,34.14,35.25,30.41,30.42,29.19,30.48,23.84,23.87,22.76,23.89,16.61,16.61,16.23,16.61,10.5,10.5,10.5,10.5,6.83,6.83,6.83,6.83,4.69,4.69,4.69,4.7
fragment_01934,2,30.92,30.93,30.92,30.93,24.71,24.71,24.7,24.71,18.68,18.68,18.68,18.68,13.77,13.77,13.77,13.77,9.34,9.34,9.34,9.34,6.14,6.14,6.14,6.14,4.22,4.22,4.22,4.22
fragment_01935,4,29.37,29.35,29.35,29.47,26.57,26.55,26.55,26.68,19.27,19.23,19.23,19.49,13.97,13.86,13.86,14.54,10.9,10.79,10.78,11.46,8.28,8.22,8.21,8.58,6.11,6.1,6.1,6.13
fragment_01936,2,29.85,29.9,29.53,29.9,22.47,22.51,22.2,22.51,15.26,15.27,15.17,15.27,11.17,11.18,11.11,11.18,8.38,8.39,8.36,8.39,6.2,6.2,6.18,6.2,4.61,4.61,4.6,4.61
fragment_01937,15,37.83,38.29,34.89,38.29,35.42,36.19,29.81,36.19,23.91,24.34,20.49,24.34,13.7,13.71,13.65,13.73,8.31,8.3,8.3,8.32,5.41,5.4,5.4,5.42,3.71,3.71,3.71,3.72
fragment_01938,3,28.3,28.31,28.21,28.31,23.42,23.43,23.41,23.43,17.28,17.28,17.27,17.28,12.69,12.69,12.69,12.7,9.26,9.26,9.26,9.26,6.65,6.65,6.65,6.65,4.65,4.65,4.65,4.65
fragment_01939,24,35.53,35.93,32.25,37.31,30.89,31.13,25.32,33.24,21.35,21.28,17.86,23.73,13.29,13.17,12.34,13.74,8.31,8.31,8.21,8.33,5.41,5.41,5.41,5.42,3.72,3.72,3.72,3.72
fragment_01940,2,31.03,31.04,31.01,31.04,23.92,23.93,23.92,23.93,18.19,18.2,18.19,18.2,12.91,12.91,12.91,12.91,9.39,9.39,9.39,9.39,6.94,6.94,6.94,6.94,4.92,4.91,4.91,4.92
fragment_01941,17,31.26,31.8,28.96,32.13,21.86,22.02,20.33,23.42,15.39,15.49,13.55,19.15,11.36,11.45,9.91,16.12,8.43,8.47,7.76,12.71,6.44,6.46,6.06,8.82,5.16,5.17,4.92,6.06
fragment_01942,4,34.22,35.53,32.85,35.53,28.79,30.56,26.99,30.56,20.73,22.21,19.08,22.21,13.89,14.2,13.54,14.2,8.86,8.87,8.82,8.87,5.77,5.77,5.75,5.77,3.96,3.96,3.95,3.97
fragment_01943,17,31.23,31.4,28.93,31.44,22.31,22.59,20.22,22.6,15.74,16.12,12.9,16.12,11.06,11.31,8.67,11.31,7.65,7.75,6.36,7.75,5.54,5.59,4.95,5.59,3.87,3.87,3.78,3.88
fragment_01944,1,28.08,28.08,28.08,28.08,19.7,19.7,19.7,19.7,13.36,13.36,13.36,13.36,9.96,9.96,9.96,9.96,7.7,7.7,7.7,7.7,5.86,5.86,5.86,5.86,4.55,4.55,4.55,4.55
fragment_01945,2,30.73,30.74,30.72,30.74,26.19,26.2,26.19,26.2,19.87,19.87,19.87,19.87,13.64,13.64,13.64,13.64,9.25,9.25,9.25,9.25,6.66,6.67,6.66,6.67,5.08,5.07,5.07,5.08
fragment_01946,2,31.12,31.13,31.12,31.13,25.21,25.2,25.2,25.21,18.84,18.84,18.84,18.84,14.12,14.12,14.12,14.12,9.86,9.86,9.86,9.86,6.68,6.68,6.68,6.68,4.59,4.59,4.59,4.59
fragment_01947,2,29.63,29.63,29.63,29.63,22.03,22.03,22.03,22.03,15.14,15.14,15.14,15.14,10.84,10.84,10.84,10.84,8.09,8.09,8.09,8.09,6.16,6.16,6.16,6.16,4.56,4.56,4.56,4.56
fragment_01948,6,30.74,30.74,30.71,31.17,23.43,23.44,23.38,23.44,16.58,16.59,16.24,16.59,11.54,11.5,11.5,12.5,8.48,8.45,8.45,9.44,6.51,6.49,6.49,7.13,5.12,5.11,5.11,5.38
fragment_01949,2,28.32,28.32,28.32,28.33,19.96,19.96,19.96,19.96,13.91,13.86,13.86,13.99,9.85,9.75,9.75,10.04,6.77,6.67,6.67,6.94,4.55,4.55,4.55,4.55,3.12,3.13,3.12,3.13
fragment_01950,4,32.07,32.25,28.82,32.25,27.21,27.55,21.02,27.55,21.22,21.57,14.79,21.57,16.52,16.78,11.8,16.78,11.95,12.08,9.71,12.08,8.08,8.12,7.34,8.12,5.57,5.58,5.47,5.58
fragment_01951,2,29.83,29.84,29.83,29.84,22.2,22.2,22.19,22.2,15.52,15.52,15.52,15.52,11.41,11.41,11.41,11.41,8.37,8.37,8.36,8.37,6.15,6.15,6.15,6.15,4.3,4.3,4.3,4.3
fragment_01952,3,29.45,29.43,29.42,31.56,26.45,26.44,26.44,27.27,19.12,19.12,18.33,19.13,13.17,13.17,12.8,13.17,9.36,9.36,8.91,9.36,6.82,6.82,6.53,6.82,4.89,4.89,4.88,4.89
fragment_01953,23,36.45,37.72,33.48,39.69,32.39,34.76,28.89,36.06,24.41,26.41,22.8,27.33,15.68,16.38,14.88,16.42,9.9,9.94,9.8,9.95,6.47,6.47,6.45,6.48,4.44,4.44,4.43,4.45
fragment_01954,2,29.77,29.77,29.77,29.77,22.17,22.17,22.16,22.17,15.44,15.44,15.44,15.44,11.3,11.3,11.3,11.3,7.93,7.93,7.93,7.93,5.28,5.28,5.28,5.28,3.63,3.63,3.63,3.63
fragment_01955,2,29.79,29.79,29.79,29.79,22.18,22.18,22.18,22.18,15.45,15.45,15.45,15.45,11.27,11.27,11.27,11.27,8.44,8.44,8.44,8.44,6.7,6.7,6.7,6.7,5.43,5.43,5.43,5.43
fragment_01956,3,31.02,30.99,30.66,34.76,23.74,23.64,23.44,31.83,16.88,16.78,16.66,24.87,13.43,13.38,13.26,17.57,10.58,10.57,10.53,11.6,7.55,7.55,7.55,7.6,5.21,5.21,5.21,5.22
fragment_01957,4,32.86,33.11,32.15,33.11,29.14,29.49,28.2,29.5,22.45,22.64,21.91,22.65,16.38,16.41,16.28,16.42,11.17,11.18,11.14,11.18,7.6,7.6,7.59,7.6,5.24,5.24,5.24,5.24
fragment_01958,2,31.92,31.92,31.91,31.92,25.68,25.68,25.67,25.68,19.34,19.34,19.33,19.34,13.28,13.28,13.28,13.28,8.82,8.82,8.82,8.82,6.0,6.0,6.0,6.0,4.12,4.12,4.12,4.12
fragment_01959,23,31.77,31.62,30.33,34.36,23.2,22.56,22.32,28.56,16.53,16.01,15.64,21.37,12.24,12.25,11.53,14.68,8.75,8.99,8.26,9.41,6.08,6.11,5.95,6.13,4.2,4.2,4.2,4.21
fragment_01960,10,33.2,33.24,32.98,34.96,27.01,27.18,26.31,29.97,21.15,21.38,20.26,24.01,14.9,15.18,13.93,15.78,9.57,9.6,9.45,9.61,6.24,6.25,6.23,6.25,4.29,4.29,4.28,4.3
fragment_01961,2,29.81,29.82,29.81,29.82,22.19,22.19,22.19,22.19,15.43,15.43,15.43,15.43,11.54,11.53,11.53,11.54,8.83,8.82,8.82,8.83,6.82,6.82,6.82,6.82,5.38,5.38,5.38,5.38
fragment_01962,3,28.32,28.29,28.29,28.66,23.52,23.5,23.5,23.84,17.38,17.36,17.36,17.52,10.96,10.96,10.96,10.96,6.65,6.65,6.65,6.65,4.33,4.33,4.33,4.33,2.98,2.98,2.98,2.98
fragment_01963,2,28.07,28.07,28.07,28.14,22.95,22.95,22.95,23.07,16.22,16.22,16.22,16.22,11.47,11.47,11.46,11.47,8.63,8.63,8.63,8.63,6.33,6.33,6.33,6.34,4.6,4.6,4.6,4.61
fragment_01964,2,29.61,29.62,29.61,29.62,21.99,21.99,21.98,21.99,15.15,15.15,15.15,15.15,11.13,11.13,11.13,11.13,8.08,8.08,8.08,8.08,5.44,5.44,5.44,5.44,3.74,3.74,3.74,3.74
fragment_01965,2,31.23,31.24,31.22,31.24,23.56,23.56,23.55,23.56,17.15,17.15,17.15,17.15,12.3,12.3,12.3,12.3,9.02,9.02,9.02,9.02,6.7,6.7,6.7,6.7,4.75,4.75,4.75,4.75
fragment_01966,7,29.06,28.97,28.93,31.28,19.89,19.53,19.53,25.91,14.1,13.22,13.22,19.77,11.82,10.76,10.76,14.92,9.57,8.55,8.55,11.11,7.32,6.7,6.7,8.0,5.5,5.28,5.28,5.69
fragment_01967,3,30.19,30.19,30.17,32.18,27.59,27.6,27.56,27.6,20.04,20.05,19.18,20.05,13.85,13.85,13.84,14.42,10.11,10.1,10.1,10.86,7.31,7.31,7.31,7.54,5.18,5.18,5.18,5.18
fragment_01968,4,32.53,32.5,32.47,33.54,25.75,25.69,25.68,27.14,18.84,18.8,18.79,19.93,13.45,13.45,13.45,13.49,9.26,9.26,9.26,9.26,6.71,6.71,6.71,6.71,4.68,4.68,4.68,4.68
fragment_01969,11,24.59,24.13,24.13,27.58,17.47,17.07,16.33,21.15,13.74,13.6,12.76,16.44,10.97,10.9,10.29,13.05,8.49,8.44,8.16,9.41,6.14,6.13,6.09,6.26,4.28,4.28,4.27,4.3
fragment_01970,3,35.38,35.28,35.18,35.77,31.87,31.85,31.67,32.11,20.8,20.81,20.77,20.82,11.72,11.73,11.72,11.73,7.1,7.11,7.1,7.11,4.62,4.63,4.62,4.63,3.18,3.18,3.18,3.18
fragment_01971,14,32.8,33.22,30.71,35.06,26.27,26.68,23.71,29.62,17.1,17.18,14.96,19.81,10.95,10.92,10.11,11.55,6.97,6.99,6.87,7.0,4.55,4.55,4.55,4.56,3.13,3.12,3.12,3.13
fragment_01972,10,33.61,33.29,32.06,35.14,28.34,27.82,27.02,30.66,21.0,20.44,19.55,23.36,14.65,14.55,13.99,15.28,9.46,9.46,9.46,9.48,6.16,6.16,6.16,6.17,4.23,4.23,4.23,4.24
fragment_01973,19,38.57,39.65,33.98,39.65,34.68,35.15,29.45,36.62,25.46,25.43,22.04,26.91,15.49,15.5,14.87,15.55,9.41,9.42,9.4,9.42,6.13,6.13,6.12,6.13,4.21,4.21,4.2,4.21
fragment_01974,3,28.29,28.29,28.27,28.29,23.43,23.43,23.43,23.46,17.32,17.32,17.32,17.35,13.09,13.09,13.09,13.13,9.85,9.85,9.85,9.88,6.96,6.96,6.96,6.96,4.79,4.79,4.79,4.79
fragment_01975,17,28.5,28.5,28.41,28.61,20.23,20.1,19.74,21.06,13.88,13.77,13.55,15.7,10.23,10.1,9.83,12.53,8.23,8.13,7.83,9.66,6.69,6.65,6.45,7.09,4.99,4.99,4.97,5.03
fragment_01976,3,30.45,30.52,30.35,30.55,22.87,23.11,22.57,23.7,15.33,15.54,15.05,16.42,10.67,10.85,10.44,11.5,8.02,8.15,7.85,8.58,6.2,6.29,6.09,6.59,4.88,4.92,4.81,5.05
fragment_01977,5,27.22,26.8,26.65,28.72,20.72,20.23,19.78,23.37,16.2,15.5,15.5,18.71,12.54,11.83,11.83,14.29,9.61,9.18,9.18,10.64,7.12,7.02,7.02,7.34,5.04,5.04,5.04,5.04
fragment_01978,6,29.12,29.13,29.11,29.13,21.72,21.72,21.7,21.72,16.37,16.37,16.36,16.37,12.55,12.55,12.52,12.59,9.75,9.75,9.57,9.9,7.81,7.81,7.63,7.96,6.02,6.02,5.92,6.11
fragment_01979,3,30.78,30.78,30.76,30.78,26.22,26.22,26.2,26.22,19.89,19.89,19.88,19.9,13.68,13.68,13.68,13.68,9.49,9.49,9.48,9.49,7.13,7.13,7.12,7.13,5.56,5.57,5.56,5.57
fragment_01980,2,30.71,30.71,30.7,30.71,23.69,23.7,23.69,23.7,17.84,17.84,17.84,17.84,11.97,11.97,11.97,11.97,7.32,7.32,7.32,7.32,4.77,4.77,4.77,4.77,3.27,3.27,3.27,3.27
fragment_01981,1,24.06,24.06,24.06,24.06,16.3,16.3,16.3,16.3,13.1,13.1,13.1,13.1,10.19,10.19,10.19,10.19,6.99,6.99,6.99,6.99,4.58,4.58,4.58,4.58,3.15,3.15,3.15,3.15
fragment_01982,4,28.89,28.91,28.71,28.92,22.58,22.6,22.39,22.61,16.91,16.92,16.81,16.93,12.39,12.4,12.31,12.4,9.22,9.22,9.2,9.22,6.23,6.23,6.23,6.23,4.28,4.28,4.28,4.28
fragment_01983,1,29.52,29.52,29.52,29.52,21.16,21.16,21.16,21.16,13.44,13.44,13.44,13.44,8.37,8.37,8.37,8.37,5.11,5.11,5.11,5.11,3.33,3.33,3.33,3.33,2.29,2.29,2.29,2.29
fragment_01984,18,29.68,29.66,29.12,30.75,23.78,23.73,23.71,26.72,16.92,16.83,16.81,19.32,11.95,11.8,11.79,13.27,8.81,8.7,8.68,9.85,6.86,6.84,6.81,7.08,4.86,4.86,4.86,4.87
fragment_01985,16,29.37,29.07,29.05,32.03,25.32,24.75,24.67,27.93,17.25,16.34,16.34,19.6,12.19,11.57,11.43,13.93,9.34,9.03,8.75,10.24,7.31,7.21,7.1,7.65,5.65,5.61,5.58,5.75
fragment_01986,4,29.54,29.59,29.35,30.1,21.43,21.63,20.6,21.63,15.34,15.74,14.18,15.74,11.7,11.92,10.9,11.92,9.25,9.34,8.4,9.34,6.94,7.0,6.53,7.0,4.99,4.99,4.94,4.99
fragment_01987,2,29.79,29.79,29.78,29.79,22.18,22.19,22.17,22.19,15.55,15.55,15.55,15.55,11.8,11.8,11.8,11.8,8.37,8.37,8.37,8.37,5.52,5.52,5.52,5.52,3.79,3.79,3.79,3.79
fragment_01988,22,31.01,31.0,29.19,31.58,21.48,21.49,20.15,21.71,14.21,14.18,12.83,14.77,9.67,9.61,8.38,10.12,6.82,6.81,5.99,7.03,5.27,5.27,4.65,5.45,4.2,4.19,3.76,4.32
fragment_01989,2,31.27,31.08,31.08,31.69,24.89,24.57,24.57,25.61,17.07,16.77,16.77,17.72,10.01,10.01,10.01,10.01,6.07,6.07,6.07,6.07,3.95,3.95,3.95,3.95,2.71,2.71,2.71,2.71
fragment_01990,19,36.54,36.67,34.67,38.42,33.38,33.6,30.5,36.26,22.29,22.43,20.0,24.91,13.74,13.79,12.97,14.34,8.67,8.68,8.58,8.69,5.65,5.65,5.65,5.66,3.88,3.88,3.88,3.89
fragment_01991,3,28.55,28.55,28.52,28.62,24.22,24.22,24.2,24.27,18.26,18.26,18.26,18.28,13.52,13.51,13.51,13.53,11.06,11.05,11.05,11.06,8.65,8.65,8.65,8.66,6.05,6.05,6.05,6.05
fragment_01992,8,30.44,30.64,28.64,33.17,26.27,26.87,23.86,30.28,19.1,19.58,17.13,23.99,13.19,13.37,12.48,17.3,9.5,9.6,9.02,12.21,7.26,7.33,6.93,8.6,5.62,5.65,5.46,5.94
fragment_01993,4,33.42,33.41,33.41,33.82,26.3,26.29,26.29,27.46,19.36,19.35,19.35,20.26,14.2,14.2,14.2,14.21,10.21,10.21,10.21,10.22,7.53,7.53,7.52,7.53,5.38,5.39,5.38,5.39
fragment_01994,2,33.29,33.28,33.28,33.29,26.97,26.97,26.96,26.97,20.27,20.28,20.27,20.28,14.45,14.45,14.45,14.45,9.6,9.6,9.59,9.6,6.34,6.34,6.34,6.34,4.36,4.36,4.36,4.36
fragment_01995,3,30.47,30.47,30.44,33.37,22.77,22.76,22.76,29.11,16.83,16.82,16.82,22.24,13.56,13.56,13.56,16.25,10.17,10.17,10.17,11.44,7.5,7.5,7.5,7.78,5.34,5.34,5.34,5.35
fragment_01996,1,30.01,30.01,30.01,30.01,23.53,23.53,23.53,23.53,17.78,17.78,17.78,17.78,12.57,12.57,12.57,12.57,9.56,9.56,9.56,9.56,7.04,7.04,7.04,7.04,5.0,5.0,5.0,5.0
fragment_01997,2,31.67,31.67,31.67,31.67,25.18,25.18,25.17,25.18,18.5,18.5,18.5,18.5,12.44,12.44,12.44,12.44,8.02,8.02,8.02,8.02,5.22,5.22,5.22,5.22,3.58,3.58,3.58,3.58
fragment_01998,11,29.78,29.68,29.16,29.98,24.24,24.21,24.12,24.59,18.03,18.13,17.89,19.68,13.73,13.81,13.59,15.29,10.36,10.4,10.28,11.22,7.74,7.77,7.67,7.95,5.47,5.48,5.47,5.48
fragment_01999,21,32.39,33.29,29.63,35.67,29.59,30.24,26.83,34.56,24.52,25.15,22.69,29.05,19.12,19.48,17.93,21.45,14.17,14.18,13.99,15.05,9.98,9.96,9.96,10.06,6.91,6.91,6.91,6.92
fragment_02000,2,31.66,31.64,31.64,31.67,26.99,26.97,26.97,27.0,22.28,22.27,22.27,22.29,15.98,15.97,15.97,15.98,10.98,10.98,10.98,10.98,7.37,7.37,7.37,7.37,5.06,5.06,5.06,5.06
fragment_02001,10,34.13,35.06,32.07,35.93,28.96,30.54,25.3,31.39,20.27,21.47,17.47,21.88,12.4,12.58,11.98,12.59,7.62,7.62,7.61,7.63,4.96,4.96,4.95,4.97,3.41,3.41,3.4,3.41
fragment_02002,4,31.16,31.08,31.08,32.27,27.21,27.17,27.17,29.07,21.6,21.59,21.58,22.68,17.14,17.15,16.93,17.15,11.87,11.87,11.87,11.88,7.82,7.82,7.82,7.83,5.37,5.37,5.37,5.38
fragment_02003,1,28.76,28.76,28.76,28.76,20.73,20.73,20.73,20.73,14.7,14.7,14.7,14.7,10.61,10.61,10.61,10.61,8.11,8.11,8.11,8.11,6.09,6.09,6.09,6.09,4.73,4.73,4.73,4.73
fragment_02004,3,30.48,30.47,30.47,30.56,22.53,22.37,22.37,25.27,15.84,15.68,15.68,18.73,12.16,12.05,12.05,14.16,9.15,9.1,9.1,10.15,6.77,6.76,6.76,7.0,4.81,4.81,4.81,4.81
fragment_02005,1,33.74,33.74,33.74,33.74,28.47,28.47,28.47,28.47,22.35,22.35,22.35,22.35,17.75,17.75,17.75,17.75,12.93,12.93,12.93,12.93,8.61,8.61,8.61,8.61,5.91,5.91,5.91,5.91
fragment_02006,3,30.93,30.88,30.88,32.06,27.92,27.8,27.8,30.93,21.49,21.35,21.35,25.35,16.29,16.18,16.18,19.31,12.84,12.77,12.77,14.61,9.76,9.74,9.74,10.06,6.9,6.9,6.9,6.92
fragment_02007,3,29.28,29.26,29.23,31.79,27.26,27.26,27.24,27.53,20.57,20.6,18.92,20.6,14.8,14.81,14.12,14.81,10.45,10.45,10.45,10.82,7.33,7.33,7.33,7.44,5.11,5.11,5.11,5.11
fragment_02008,4,29.07,29.08,29.03,29.08,20.9,20.92,20.82,20.92,15.6,15.72,14.97,15.72,11.98,12.13,11.1,12.13,8.18,8.26,7.69,8.26,5.38,5.38,5.37,5.38,3.7,3.7,3.69,3.7
fragment_02009,5,30.44,30.51,30.32,30.6,22.86,23.09,22.5,23.75,15.33,15.56,15.0,16.49,10.68,10.87,10.4,11.56,8.02,8.16,7.83,8.64,6.26,6.38,6.12,6.72,4.99,5.08,4.89,5.2
fragment_02010,2,34.54,34.54,34.53,34.54,32.32,32.34,31.27,32.34,25.71,25.72,25.43,25.72,18.32,18.31,18.31,19.04,12.69,12.68,12.68,13.03,8.7,8.7,8.7,8.72,5.98,5.98,5.98,5.99
fragment_02011,2,30.73,30.74,30.73,30.74,23.62,23.63,23.62,23.63,16.71,16.71,16.71,16.71,11.84,11.84,11.84,11.84,8.81,8.81,8.81,8.81,6.85,6.85,6.85,6.85,5.3,5.3,5.3,5.3
fragment_02012,2,30.95,30.94,30.94,30.95,23.7,23.7,23.7,23.7,17.63,17.63,17.63,17.63,13.33,13.33,13.33,13.33,8.85,8.85,8.85,8.85,5.78,5.78,5.78,5.78,3.97,3.97,3.97,3.97
fragment_02013,2,29.74,29.73,29.73,29.74,22.1,22.1,22.1,22.1,15.2,15.2,15.2,15.2,10.99,10.99,10.99,10.99,7.79,7.79,7.79,7.79,5.34,5.34,5.34,5.34,3.67,3.67,3.67,3.67
fragment_02014,20,36.0,36.74,32.3,37.78,31.98,32.85,25.7,34.97,22.95,23.42,18.91,25.9,15.21,15.33,13.75,15.86,9.61,9.61,9.51,9.63,6.26,6.26,6.26,6.27,4.3,4.3,4.3,4.31
fragment_02015,25,30.8,31.11,28.91,31.51,23.52,24.14,19.28,26.15,16.73,17.13,12.77,20.45,12.79,12.95,10.27,16.36,10.31,10.48,8.72,12.88,8.28,8.42,7.27,9.42,6.38,6.46,5.96,6.5
fragment_02016,16,32.2,32.96,30.59,34.64,25.34,26.2,22.98,29.06,16.13,16.54,14.28,19.18,10.49,10.57,9.74,11.21,6.75,6.78,6.66,6.79,4.41,4.41,4.41,4.42,3.03,3.03,3.03,3.04
fragment_02017,8,37.62,37.79,33.87,37.79,34.9,35.21,28.92,35.21,26.32,26.59,20.77,26.59,16.5,16.59,14.57,16.59,10.25,10.26,10.01,10.26,6.67,6.67,6.67,6.68,4.59,4.59,4.58,4.59
fragment_02018,10,33.67,34.1,31.76,36.31,27.82,28.32,24.93,32.91,19.34,19.7,16.83,24.43,14.06,14.33,12.34,16.59,10.56,10.72,9.58,11.15,7.33,7.35,7.19,7.37,5.05,5.05,5.05,5.06
fragment_02019,11,28.49,28.51,28.41,28.51,20.17,20.13,19.81,20.75,13.87,13.85,13.64,14.45,10.34,10.45,9.91,11.09,8.28,8.53,7.7,8.94,6.65,6.91,6.1,7.12,5.22,5.41,4.84,5.48
fragment_02020,2,28.71,28.76,27.86,28.76,23.84,23.88,23.25,23.88,17.21,17.21,17.1,17.21,12.0,12.01,11.93,12.01,8.96,8.96,8.92,8.96,6.75,6.75,6.72,6.75,5.36,5.36,5.34,5.36
fragment_02021,4,29.66,29.65,29.64,29.67,22.06,22.05,22.05,22.07,15.07,15.07,15.06,15.07,10.28,10.28,10.27,10.28,7.19,7.19,7.19,7.19,5.18,5.18,5.18,5.19,3.61,3.61,3.61,3.61
fragment_02022,8,30.76,30.77,30.74,30.77,26.2,26.21,26.19,26.21,19.88,19.89,19.88,19.89,13.68,13.68,13.68,13.82,9.56,9.54,9.54,9.79,7.29,7.28,7.28,7.45,5.76,5.76,5.76,5.79
fragment_02023,9,29.78,29.73,28.99,30.91,24.71,24.78,23.76,26.92,19.0,19.11,17.81,20.48,14.83,14.87,14.23,15.66,11.17,11.15,10.62,11.59,8.13,8.12,7.91,8.18,5.63,5.63,5.62,5.64
fragment_02024,3,31.4,31.35,31.35,32.28,29.24,29.25,27.6,29.29,21.74,21.78,19.33,21.8,15.1,15.11,14.61,15.11,10.76,10.75,10.75,11.33,7.96,7.95,7.95,8.48,6.09,6.08,6.08,6.27
fragment_02025,1,30.01,30.01,30.01,30.01,23.98,23.98,23.98,23.98,18.31,18.31,18.31,18.31,12.88,12.88,12.88,12.88,9.52,9.52,9.52,9.52,6.98,6.98,6.98,6.98,5.11,5.11,5.11,5.11
fragment_02026,2,29.82,29.82,29.82,29.82,22.21,22.2,22.2,22.21,15.41,15.41,15.41,15.41,11.32,11.32,11.32,11.32,8.38,8.39,8.38,8.39,6.06,6.06,6.06,6.06,4.41,4.41,4.41,4.41
fragment_02027,11,29.99,29.97,26.71,31.09,23.33,23.47,20.18,24.01,19.09,19.32,15.61,19.44,14.91,15.06,11.72,15.11,10.18,10.22,8.95,10.23,6.73,6.73,6.6,6.73,4.62,4.62,4.61,4.62
fragment_02028,3,28.06,28.39,27.87,28.39,21.08,21.15,21.04,21.15,16.43,16.46,16.42,16.46,12.01,12.01,12.0,12.01,9.03,9.03,9.03,9.03,6.68,6.67,6.67,6.68,5.0,5.0,5.0,5.01
fragment_02029,3,30.01,30.02,29.65,30.4,23.34,23.35,22.53,24.7,15.94,15.94,15.25,16.8,9.56,9.56,9.56,9.64,5.79,5.79,5.79,5.84,3.77,3.77,3.77,3.8,2.59,2.59,2.59,2.61
fragment_02030,6,28.78,28.57,28.57,30.64,20.4,20.13,20.12,22.85,13.01,12.83,12.83,14.59,9.25,9.12,9.12,10.36,7.06,6.96,6.96,7.8,5.72,5.56,5.56,6.23,4.71,4.51,4.51,5.08
fragment_02031,2,29.7,29.7,29.7,29.7,22.09,22.09,22.09,22.09,15.45,15.45,15.45,15.45,11.57,11.57,11.57,11.57,8.79,8.79,8.79,8.79,6.67,6.67,6.67,6.67,4.82,4.82,4.82,4.82
fragment_02032,3,28.13,28.13,28.13,28.3,22.99,22.99,22.99,23.16,16.29,16.29,16.29,16.31,10.93,10.93,10.92,10.93,6.91,6.91,6.91,6.91,4.5,4.5,4.5,4.5,3.09,3.09,3.09,3.09
fragment_02033,16,28.58,29.16,26.07,30.84,22.96,23.83,20.9,25.3,18.95,19.53,16.63,20.36,15.31,15.33,13.45,17.12,11.79,11.42,10.82,13.22,8.94,8.66,8.23,9.68,6.81,6.64,6.38,7.21
fragment_02034,26,32.19,32.18,30.74,34.35,25.41,25.42,23.51,29.79,19.91,19.83,18.48,24.18,15.08,14.95,14.54,16.69,10.18,10.15,10.01,10.29,6.68,6.68,6.68,6.7,4.59,4.59,4.59,4.6
fragment_02035,2,30.69,30.69,30.69,30.7,23.6,23.6,23.6,23.61,16.64,16.64,16.64,16.64,11.73,11.73,11.73,11.73,8.73,8.73,8.73,8.73,6.66,6.66,6.66,6.67,5.09,5.09,5.09,5.09
fragment_02036,2,30.42,30.42,30.42,30.42,24.14,24.14,24.14,24.14,18.05,18.05,18.05,18.05,13.29,13.29,13.29,13.29,8.79,8.79,8.79,8.79,5.74,5.74,5.74,5.74,3.94,3.94,3.94,3.94
fragment_02037,6,33.01,33.05,32.13,33.12,27.46,27.48,27.02,27.58,21.15,21.14,21.14,21.19,15.72,15.72,15.72,15.77,11.61,11.61,11.61,11.67,8.35,8.35,8.35,8.39,5.8,5.8,5.8,5.81
fragment_02038,2,31.7,31.7,31.7,31.7,25.24,25.23,25.23,25.24,18.62,18.61,18.61,18.62,12.71,12.71,12.71,12.71,8.77,8.77,8.77,8.77,6.1,6.1,6.1,6.1,4.2,4.2,4.2,4.2
fragment_02039,2,31.45,31.45,31.45,31.46,25.7,25.7,25.7,25.7,18.11,18.11,18.11,18.11,12.69,12.69,12.69,12.69,9.29,9.29,9.29,9.29,6.69,6.69,6.69,6.69,4.66,4.66,4.66,4.66
fragment_02040,11,29.57,29.41,29.34,30.68,20.76,20.79,20.51,20.88,13.85,13.86,13.16,14.03,9.65,9.55,9.04,10.13,7.15,7.12,6.7,7.36,5.37,5.36,5.2,5.44,3.85,3.85,3.84,3.85
fragment_02041,4,30.05,30.07,29.08,30.07,22.65,22.75,20.47,22.75,16.49,16.63,13.51,16.63,11.74,11.84,9.65,11.84,8.3,8.34,7.38,8.34,5.55,5.55,5.44,5.55,3.82,3.82,3.82,3.82
fragment_02042,2,29.02,29.03,29.02,29.03,24.53,24.52,24.52,24.53,19.1,19.1,19.1,19.1,14.17,14.17,14.17,14.17,10.04,10.04,10.04,10.04,7.34,7.34,7.34,7.34,5.09,5.09,5.09,5.09
fragment_02043,30,31.84,31.82,28.84,31.96,22.68,22.71,20.22,22.85,16.28,16.3,13.22,16.41,12.13,12.12,10.11,12.21,9.48,9.24,8.49,9.94,7.67,7.29,6.82,8.32,6.2,5.87,5.55,6.78
fragment_02044,4,29.41,29.42,29.39,29.45,26.63,26.65,26.61,26.66,19.31,19.34,19.28,19.34,13.97,13.95,13.91,14.13,10.78,10.72,10.69,11.1,8.12,8.08,8.07,8.29,5.92,5.92,5.92,5.93
fragment_02045,16,31.52,30.76,30.76,32.92,25.24,24.1,24.07,27.46,18.01,17.3,17.1,19.45,13.18,13.17,12.39,13.89,9.75,9.65,9.37,10.31,6.96,6.99,6.84,7.04,4.83,4.83,4.83,4.84
fragment_02046,1,29.07,29.07,29.07,29.07,19.58,19.58,19.58,19.58,12.35,12.35,12.35,12.35,7.13,7.13,7.13,7.13,4.32,4.32,4.32,4.32,2.81,2.81,2.81,2.81,1.93,1.93,1.93,1.93
fragment_02047,8,29.82,29.82,29.81,29.84,22.2,22.2,22.2,22.21,15.57,15.58,15.57,15.58,11.79,11.79,11.78,11.8,8.48,8.49,8.48,8.5,6.15,6.21,6.1,6.21,4.75,4.81,4.69,4.81
fragment_02048,3,30.99,30.96,30.96,31.13,26.63,26.61,26.61,26.76,20.18,20.16,20.16,20.25,15.05,15.04,15.04,15.11,10.63,10.62,10.62,10.64,7.07,7.07,7.07,7.07,4.85,4.85,4.85,4.85
fragment_02049,3,29.9,29.95,29.47,29.95,23.47,23.53,22.93,23.53,17.45,17.5,17.07,17.5,12.26,12.29,11.95,12.29,8.39,8.4,8.38,8.4,5.47,5.47,5.47,5.47,3.76,3.76,3.76,3.76
fragment_02050,5,31.07,31.61,29.2,32.61,25.45,25.64,23.64,28.19,19.36,18.98,17.72,21.45,15.13,14.7,13.46,16.17,11.61,11.37,10.7,12.26,8.43,8.43,8.04,8.55,5.92,5.93,5.85,5.94
fragment_02051,4,28.44,28.37,28.18,28.52,19.95,19.45,19.31,20.36,13.23,12.61,12.38,13.75,9.31,8.87,8.7,9.68,6.66,6.48,6.41,6.81,4.75,4.72,4.69,4.78,3.28,3.27,3.26,3.29
fragment_02052,19,34.25,34.9,31.76,36.07,30.11,31.81,24.87,32.48,21.72,23.89,16.2,24.63,14.79,16.27,11.18,16.79,10.12,10.82,8.22,10.94,7.0,7.13,6.37,7.14,4.9,4.9,4.83,4.91
fragment_02053,9,31.27,30.91,30.91,34.03,23.71,22.85,22.85,28.68,17.83,16.84,16.84,22.18,13.02,12.27,12.27,14.28,8.63,8.58,8.55,8.69,5.65,5.65,5.64,5.65,3.88,3.88,3.88,3.88
fragment_02054,25,30.61,31.06,28.9,32.93,22.09,22.54,19.3,27.7,15.24,15.5,12.79,21.42,11.74,11.88,10.12,15.07,9.27,9.33,8.2,10.05,6.62,6.65,6.27,6.67,4.57,4.57,4.55,4.58
fragment_02055,4,31.01,30.99,30.96,32.11,27.23,27.17,27.16,29.38,21.68,21.64,21.64,23.09,17.17,17.18,17.15,17.18,11.95,11.95,11.95,11.96,8.1,8.1,8.1,8.11,5.58,5.58,5.58,5.6
fragment_02056,11,29.7,29.87,29.13,30.48,25.41,26.03,24.33,27.01,19.54,20.07,18.63,21.57,15.53,15.85,14.54,17.67,11.74,12.0,10.82,13.4,8.85,9.06,8.31,9.53,6.52,6.57,6.34,6.57
fragment_02057,1,29.06,29.06,29.06,29.06,21.73,21.73,21.73,21.73,15.27,15.27,15.27,15.27,10.94,10.94,10.94,10.94,8.43,8.43,8.43,8.43,6.03,6.03,6.03,6.03,4.14,4.14,4.14,4.14
fragment_02058,2,30.02,30.02,30.01,30.02,23.72,23.72,23.72,23.72,16.76,16.75,16.75,16.76,12.46,12.46,12.46,12.46,9.85,9.85,9.85,9.85,7.5,7.5,7.5,7.5,5.34,5.34,5.34,5.34
fragment_02059,4,30.98,30.99,30.86,32.53,26.66,26.66,26.61,29.68,20.25,20.24,20.24,23.11,14.99,14.98,14.98,15.74,10.05,10.05,10.05,10.1,6.56,6.56,6.56,6.57,4.51,4.51,4.51,4.52
fragment_02060,9,30.03,30.04,29.29,30.79,22.23,22.17,21.65,23.16,15.55,15.48,15.16,15.7,11.67,11.71,11.43,11.71,8.5,8.51,8.41,8.6,5.78,5.78,5.78,5.79,3.97,3.97,3.97,3.97
fragment_02061,1,28.95,28.95,28.95,28.95,20.75,20.75,20.75,20.75,14.88,14.88,14.88,14.88,11.05,11.05,11.05,11.05,7.86,7.86,7.86,7.86,5.34,5.34,5.34,5.34,3.67,3.67,3.67,3.67
fragment_02062,2,26.73,26.75,26.66,26.75,19.85,19.89,19.74,19.89,14.1,14.12,14.04,14.12,8.18,8.18,8.18,8.18,4.96,4.96,4.96,4.96,3.23,3.23,3.23,3.23,2.22,2.22,2.22,2.22
fragment_02063,5,27.38,26.86,26.65,28.76,20.89,20.29,19.78,23.46,16.33,15.52,15.52,18.77,12.59,11.84,11.84,14.2,9.59,9.12,9.12,10.56,7.26,7.05,7.05,7.67,5.43,5.36,5.36,5.53
fragment_02064,8,31.93,31.89,31.31,32.81,26.44,26.45,25.73,27.55,19.76,19.96,19.17,20.26,13.33,13.42,12.96,13.45,8.17,8.17,8.17,8.17,5.32,5.32,5.32,5.32,3.65,3.65,3.65,3.65
fragment_02065,3,28.71,28.55,28.55,30.64,20.32,20.12,20.12,22.87,13.31,13.16,13.16,15.15,9.75,9.63,9.63,11.24,7.64,7.56,7.56,8.63,6.11,6.07,6.07,6.64,4.85,4.84,4.84,5.09
fragment_02066,16,34.07,35.08,31.79,35.7,28.89,30.55,25.15,31.21,20.23,21.47,17.45,21.81,12.4,12.58,11.97,12.59,7.62,7.62,7.61,7.63,4.96,4.96,4.95,4.97,3.41,3.41,3.4,3.41
fragment_02067,14,29.71,29.36,29.31,31.03,24.28,23.57,23.56,26.74,17.26,16.61,16.51,19.46,11.98,11.57,11.5,13.36,8.68,8.4,8.34,9.64,6.63,6.44,6.4,7.28,5.21,5.08,5.05,5.62
fragment_02068,3,29.14,29.13,29.11,29.3,24.64,24.63,24.63,24.72,18.51,18.52,18.5,18.52,13.15,13.15,13.13,13.15,9.2,9.21,9.2,9.21,6.6,6.6,6.59,6.6,4.85,4.85,4.84,4.85
fragment_02069,1,28.21,28.21,28.21,28.21,22.82,22.82,22.82,22.82,16.13,16.13,16.13,16.13,11.55,11.55,11.55,11.55,8.68,8.68,8.68,8.68,6.11,6.11,6.11,6.11,4.2,4.2,4.2,4.2
fragment_02070,2,28.53,28.53,28.53,28.55,19.62,19.62,19.62,19.64,14.25,14.25,14.2,14.25,10.92,10.92,10.92,10.95,8.45,8.45,8.45,8.63,6.46,6.46,6.46,6.52,4.53,4.53,4.53,4.53
fragment_02071,1,30.09,30.09,30.09,30.09,25.93,25.93,25.93,25.93,19.78,19.78,19.78,19.78,13.23,13.23,13.23,13.23,8.09,8.09,8.09,8.09,5.27,5.27,5.27,5.27,3.62,3.62,3.62,3.62
fragment_02072,7,27.02,26.72,26.13,28.92,20.74,20.48,19.84,23.65,16.56,16.61,15.72,19.1,13.04,13.13,12.32,14.64,9.89,9.88,9.65,10.54,6.91,6.9,6.9,6.92,4.75,4.75,4.74,4.75
fragment_02073,10,32.76,31.49,30.17,36.06,30.0,29.3,27.92,34.91,24.74,24.05,22.68,29.33,19.4,18.77,18.49,21.9,14.57,14.36,14.22,15.64,10.34,10.28,10.28,10.47,7.19,7.19,7.19,7.2
fragment_02074,2,32.18,32.19,32.18,32.19,25.91,25.92,25.91,25.92,19.5,19.5,19.5,19.5,13.77,13.77,13.77,13.77,9.66,9.65,9.65,9.66,6.88,6.88,6.88,6.88,4.94,4.94,4.94,4.94
fragment_02075,5,28.86,28.76,28.76,30.58,20.39,20.25,20.24,22.83,13.0,12.9,12.9,14.57,9.23,9.16,9.16,10.37,7.03,6.99,6.99,7.78,5.61,5.58,5.58,6.04,4.47,4.46,4.46,4.71
fragment_02076,1,28.1,28.1,28.1,28.1,19.22,19.22,19.22,19.22,13.08,13.08,13.08,13.08,10.4,10.4,10.4,10.4,8.53,8.53,8.53,8.53,6.5,6.5,6.5,6.5,4.52,4.52,4.52,4.52
fragment_02077,2,30.8,30.81,30.8,30.81,23.73,23.72,23.72,23.73,16.74,16.74,16.74,16.74,11.97,11.97,11.97,11.97,8.97,8.97,8.97,8.97,6.59,6.59,6.59,6.59,4.59,4.59,4.59,4.59
fragment_02078,3,27.21,27.19,27.19,27.22,21.84,21.83,21.83,21.92,16.36,16.35,16.35,16.39,12.03,12.02,12.02,12.06,8.6,8.6,8.6,8.62,6.33,6.33,6.33,6.34,4.79,4.79,4.79,4.8
fragment_02079,2,32.12,32.12,32.12,32.13,25.36,25.35,25.35,25.36,18.61,18.61,18.61,18.61,14.09,14.09,14.09,14.09,9.83,9.83,9.83,9.83,6.8,6.8,6.8,6.8,4.71,4.71,4.71,4.71
fragment_02080,22,29.84,29.19,29.08,32.57,25.94,24.7,24.61,30.66,17.26,16.41,15.8,21.9,11.61,11.53,10.66,13.28,7.9,7.95,7.4,8.06,5.23,5.24,5.17,5.24,3.6,3.6,3.59,3.6
fragment_02081,11,29.71,29.66,28.54,31.01,24.6,24.66,23.75,27.03,18.23,18.41,17.2,20.55,13.27,13.43,12.64,13.67,8.4,8.4,8.37,8.41,5.47,5.47,5.46,5.47,3.76,3.76,3.75,3.76
fragment_02082,4,30.75,30.74,30.74,30.76,26.2,26.2,26.2,26.21,19.87,19.86,19.86,19.87,13.64,13.64,13.64,13.65,9.39,9.41,9.36,9.41,6.94,6.98,6.89,6.98,5.36,5.35,5.35,5.38
fragment_02083,8,29.79,29.79,29.78,29.8,22.18,22.18,22.17,22.18,15.44,15.44,15.44,15.45,11.26,11.26,11.26,11.26,8.48,8.48,8.48,8.51,6.9,6.9,6.9,7.04,5.8,5.8,5.8,5.98
fragment_02084,2,28.61,28.62,28.61,28.62,21.58,21.58,21.57,21.58,15.94,15.94,15.94,15.94,11.54,11.55,11.54,11.55,8.22,8.22,8.21,8.22,5.51,5.51,5.51,5.51,3.79,3.79,3.79,3.79
fragment_02085,1,31.99,31.99,31.99,31.99,25.48,25.48,25.48,25.48,18.07,18.07,18.07,18.07,12.26,12.26,12.26,12.26,8.39,8.39,8.39,8.39,6.01,6.01,6.01,6.01,4.19,4.19,4.19,4.19
fragment_02086,12,28.8,28.59,28.58,30.58,20.41,20.13,20.12,22.83,13.01,12.83,12.82,14.57,9.24,9.11,9.1,10.34,7.13,7.12,6.94,7.87,5.86,5.98,5.55,6.4,4.89,5.04,4.58,5.29
fragment_02087,7,33.19,33.43,29.95,34.08,27.93,28.58,21.68,28.58,22.6,23.33,15.93,23.33,17.02,17.51,12.66,17.51,11.67,11.83,9.83,11.83,7.74,7.76,7.39,7.76,5.33,5.33,5.31,5.33
fragment_02088,2,28.66,28.66,28.66,28.66,21.72,21.72,21.72,21.72,16.28,16.28,16.28,16.28,11.61,11.61,11.61,11.61,8.59,8.59,8.59,8.59,6.63,6.63,6.63,6.63,5.16,5.16,5.16,5.16
fragment_02089,2,34.09,34.09,32.68,34.09,28.03,28.03,28.03,28.46,20.1,20.1,20.1,21.66,13.96,13.96,13.96,14.42,8.77,8.77,8.77,8.79,5.71,5.71,5.71,5.72,3.92,3.92,3.92,3.93
fragment_02090,9,29.05,28.89,28.89,31.47,19.89,19.69,19.51,26.47,14.19,14.36,13.21,20.07,11.94,12.4,10.8,15.06,9.69,10.21,8.6,11.19,7.43,7.78,6.74,8.14,5.64,5.8,5.29,5.97
fragment_02091,22,30.54,32.01,27.15,32.01,25.8,28.13,21.56,28.13,20.91,23.39,16.3,23.39,16.16,17.76,12.68,17.76,11.77,12.39,10.03,12.53,8.16,8.27,7.69,8.27,5.67,5.68,5.63,5.68
fragment_02092,14,33.68,32.35,32.24,36.54,28.72,26.61,26.61,32.65,20.76,18.99,18.99,23.86,13.26,12.51,12.51,13.92,8.39,8.31,8.31,8.43,5.48,5.48,5.47,5.49,3.76,3.76,3.76,3.77
fragment_02093,8,35.0,33.97,32.44,36.62,30.87,29.66,28.16,33.58,23.23,22.21,20.08,26.12,16.35,16.28,13.98,17.75,11.32,11.44,10.0,11.88,7.73,7.79,7.46,7.8,5.35,5.35,5.35,5.36
fragment_02094,2,28.77,28.77,28.76,28.77,20.14,20.14,20.13,20.14,14.62,14.62,14.62,14.62,11.21,11.21,11.21,11.21,7.43,7.43,7.43,7.43,4.83,4.83,4.83,4.83,3.32,3.32,3.32,3.32
fragment_02095,3,33.71,34.86,31.88,34.86,28.32,30.26,25.18,30.26,19.16,20.49,17.01,20.49,12.07,12.26,11.75,12.26,7.49,7.49,7.49,7.49,4.87,4.87,4.87,4.87,3.35,3.35,3.35,3.35
fragment_02096,19,29.47,29.35,28.65,31.44,20.77,20.82,20.04,24.43,14.25,14.36,12.85,19.1,10.35,10.46,9.16,13.96,7.92,8.0,7.07,9.73,6.05,6.09,5.54,6.57,4.47,4.48,4.37,4.52
fragment_02097,49,29.59,29.51,28.87,31.08,23.75,23.7,23.57,27.0,17.05,17.28,16.83,19.62,12.36,13.07,11.8,14.43,9.53,9.7,9.05,11.55,7.82,7.52,7.52,10.05,6.24,5.96,5.96,7.91
fragment_02098,5,29.32,29.8,26.82,29.8,21.29,21.67,19.32,21.67,14.0,14.2,12.92,14.2,10.2,10.26,9.67,10.26,7.03,7.05,6.94,7.05,4.6,4.6,4.6,4.6,3.16,3.16,3.16,3.16
fragment_02099,7,33.19,33.85,30.79,33.85,29.19,30.73,26.88,30.73,22.55,24.13,20.99,24.13,16.97,17.65,16.31,17.65,11.71,11.81,11.57,11.81,7.73,7.73,7.73,7.73,5.31,5.31,5.31,5.31
fragment_02100,11,29.56,29.39,29.33,31.07,23.9,23.59,23.57,26.82,16.88,16.63,16.52,19.38,11.68,11.53,11.47,13.2,8.43,8.32,8.24,9.6,6.52,6.45,6.42,7.24,5.08,5.05,5.01,5.45
fragment_02101,3,28.44,28.44,28.44,28.92,22.29,22.29,22.29,22.96,17.37,17.37,17.37,17.76,12.93,12.93,12.93,13.25,9.71,9.71,9.71,9.88,7.0,7.0,7.0,7.04,4.89,4.89,4.89,4.89
fragment_02102,14,29.59,29.68,29.31,29.68,22.63,22.68,22.47,22.68,17.14,17.1,16.93,17.52,12.86,12.79,12.76,13.32,9.8,9.77,9.74,10.03,6.94,6.93,6.93,6.95,4.79,4.79,4.78,4.79
fragment_02103,1,28.31,28.31,28.31,28.31,20.1,20.1,20.1,20.1,13.62,13.62,13.62,13.62,9.86,9.86,9.86,9.86,7.51,7.51,7.51,7.51,5.48,5.48,5.48,5.48,3.82,3.82,3.82,3.82
fragment_02104,7,35.17,36.92,32.23,36.92,30.85,33.79,27.01,33.79,23.07,26.18,19.7,26.18,16.21,17.79,13.85,17.79,11.18,11.88,9.94,11.88,7.69,7.8,7.43,7.8,5.35,5.36,5.34,5.36
fragment_02105,9,33.2,33.19,32.4,33.9,25.67,25.3,25.3,27.77,18.72,17.93,17.93,21.33,12.59,11.83,11.83,13.34,8.05,7.96,7.96,8.09,5.26,5.26,5.26,5.27,3.61,3.61,3.61,3.62
fragment_02106,2,28.98,28.98,28.98,28.98,24.91,24.91,24.91,24.91,20.06,20.06,20.06,20.06,15.58,15.58,15.58,15.58,11.37,11.37,11.37,11.37,8.22,8.22,8.22,8.22,5.71,5.71,5.71,5.71
fragment_02107,10,28.48,28.51,28.4,28.63,19.99,19.84,19.55,20.62,13.56,13.49,12.9,14.23,9.82,9.71,9.26,10.37,7.56,7.42,7.26,8.03,5.88,5.81,5.71,6.1,4.41,4.4,4.36,4.45
fragment_02108,4,36.83,36.86,35.04,36.86,32.63,32.64,31.81,32.64,21.31,21.31,21.23,21.31,12.03,12.03,12.01,12.03,7.29,7.29,7.27,7.29,4.74,4.75,4.73,4.75,3.26,3.26,3.25,3.26
fragment_02109,2,31.3,31.29,31.29,31.3,23.98,23.98,23.98,23.99,18.02,18.02,18.02,18.02,14.21,14.21,14.21,14.22,10.59,10.59,10.59,10.59,7.36,7.36,7.36,7.36,5.05,5.05,5.05,5.05
fragment_02110,6,29.59,29.61,29.53,29.8,24.49,24.45,24.45,24.56,18.03,17.98,17.89,18.12,12.35,12.33,12.3,12.39,8.07,8.06,8.05,8.08,5.32,5.32,5.32,5.32,3.65,3.65,3.65,3.65
fragment_02111,9,31.1,31.09,30.74,31.52,24.65,24.78,24.08,24.84,18.0,18.32,16.71,18.32,13.58,13.94,12.48,13.94,9.81,9.98,9.28,10.08,6.98,7.03,6.79,7.03,4.83,4.83,4.83,4.83
fragment_02112,10,34.39,34.55,31.82,35.69,28.96,29.5,24.94,30.45,19.29,19.81,16.12,20.44,11.42,11.53,10.66,11.55,6.99,6.99,6.98,7.0,4.55,4.55,4.55,4.56,3.13,3.12,3.12,3.13
fragment_02113,1,26.0,26.0,26.0,26.0,16.82,16.82,16.82,16.82,9.42,9.42,9.42,9.42,5.16,5.16,5.16,5.16,3.13,3.13,3.13,3.13,2.03,2.03,2.03,2.03,1.4,1.4,1.4,1.4
fragment_02114,1,29.2,29.2,29.2,29.2,21.89,21.89,21.89,21.89,15.33,15.33,15.33,15.33,10.57,10.57,10.57,10.57,8.09,8.09,8.09,8.09,6.19,6.19,6.19,6.19,4.83,4.83,4.83,4.83
fragment_02115,2,26.88,26.88,26.72,26.88,24.25,24.26,23.19,24.26,19.49,19.49,18.49,19.49,13.39,13.39,12.83,13.39,8.53,8.53,8.53,8.54,5.55,5.55,5.55,5.56,3.81,3.81,3.81,3.82
fragment_02116,10,33.23,33.74,28.56,33.74,28.99,29.76,20.56,29.76,23.28,24.17,14.47,24.17,17.86,18.53,11.83,18.53,12.26,12.48,9.99,12.48,8.08,8.12,7.66,8.12,5.58,5.58,5.56,5.58
fragment_02117,2,29.62,29.62,29.62,29.63,22.7,22.7,22.7,22.71,17.39,17.38,17.38,17.39,12.93,12.93,12.93,12.94,8.63,8.63,8.63,8.63,5.62,5.62,5.62,5.62,3.86,3.86,3.86,3.86
fragment_02118,4,29.78,29.79,29.78,29.79,22.16,22.16,22.16,22.16,15.29,15.29,15.29,15.29,10.75,10.75,10.74,10.75,7.74,7.74,7.74,7.74,5.85,5.85,5.85,5.85,4.43,4.43,4.43,4.43
fragment_02119,10,35.9,36.51,33.48,36.51,32.41,33.41,28.22,33.72,22.95,23.89,19.31,25.49,15.76,16.26,13.74,17.44,11.01,11.29,9.92,11.73,7.65,7.72,7.36,7.73,5.3,5.31,5.29,5.31
fragment_02120,2,32.09,32.09,32.09,32.09,25.07,25.07,25.07,25.07,18.77,18.78,18.77,18.78,14.76,14.76,14.76,14.76,10.45,10.45,10.45,10.45,6.87,6.87,6.87,6.87,4.72,4.72,4.72,4.72
fragment_02121,2,30.69,30.69,30.69,30.7,24.19,24.19,24.18,24.19,17.85,17.85,17.85,17.85,13.8,13.8,13.79,13.8,10.38,10.38,10.38,10.38,7.99,8.0,7.99,8.0,5.99,6.0,5.99,6.0
fragment_02122,1,28.05,28.05,28.05,28.05,19.17,19.17,19.17,19.17,12.62,12.62,12.62,12.62,8.32,8.32,8.32,8.32,5.33,5.33,5.33,5.33,3.47,3.47,3.47,3.47,2.38,2.38,2.38,2.38
fragment_02123,3,33.05,33.04,33.04,35.01,27.74,27.73,27.73,31.61,21.15,21.14,21.14,24.3,14.95,14.94,14.94,15.52,9.41,9.41,9.41,9.43,6.12,6.12,6.12,6.14,4.21,4.21,4.21,4.22
fragment_02124,8,28.81,28.75,28.69,30.55,20.35,20.24,20.21,22.81,12.97,12.89,12.87,14.57,9.21,9.16,9.15,10.35,7.05,7.02,7.0,7.78,5.78,5.79,5.69,6.25,4.86,4.88,4.77,5.23
fragment_02125,7,26.88,26.73,26.73,28.38,19.2,19.08,19.08,20.16,13.89,13.8,13.78,14.42,10.63,10.63,10.51,10.92,8.25,8.36,7.95,8.52,6.19,6.22,6.08,6.29,4.5,4.51,4.48,4.52
fragment_02126,10,36.95,37.46,32.5,37.46,32.84,32.7,27.3,34.42,23.7,23.33,20.79,24.9,14.31,14.29,14.28,14.37,8.69,8.69,8.68,8.71,5.65,5.65,5.65,5.67,3.88,3.88,3.88,3.89
fragment_02127,6,27.1,26.67,25.99,28.77,20.52,19.8,19.8,23.38,16.13,15.84,15.47,18.73,12.46,12.32,11.81,14.16,9.39,9.2,9.08,10.33,6.92,6.87,6.79,7.22,4.99,4.98,4.95,5.05
fragment_02128,7,28.28,28.25,28.11,28.94,23.28,23.33,22.92,23.33,17.36,17.44,16.54,17.45,13.19,13.39,12.67,13.39,9.58,9.77,9.13,9.77,6.59,6.61,6.55,6.61,4.54,4.54,4.54,4.54
fragment_02129,9,31.39,31.44,31.04,32.23,26.39,26.37,26.31,26.56,20.09,20.06,19.99,20.19,15.27,15.25,15.24,15.42,10.9,10.96,10.85,10.97,8.27,8.32,8.21,8.33,6.48,6.5,6.46,6.51
fragment_02130,6,34.15,34.73,33.08,34.73,29.89,31.12,28.42,31.12,21.18,21.98,20.03,21.98,12.57,12.57,12.54,12.58,7.62,7.62,7.61,7.62,4.96,4.96,4.95,4.96,3.41,3.4,3.4,3.41
fragment_02131,6,34.18,34.14,32.95,35.02,29.66,29.59,28.59,30.7,22.75,22.66,22.15,24.01,14.95,14.95,14.94,15.03,9.09,9.09,9.09,9.11,5.92,5.92,5.91,5.93,4.06,4.06,4.06,4.07
fragment_02132,8,28.68,28.69,28.54,28.69,19.68,19.7,19.49,19.7,12.62,12.64,12.02,12.64,8.44,8.45,8.18,8.45,6.36,6.37,6.12,6.37,5.19,5.2,4.94,5.2,4.18,4.19,4.07,4.19
fragment_02133,32,29.47,29.47,28.94,30.12,24.61,24.62,24.52,26.25,18.87,18.99,18.6,20.86,14.98,15.21,14.36,16.58,11.11,11.17,10.8,12.73,8.43,8.46,8.26,9.05,6.21,6.21,6.18,6.24
fragment_02134,10,29.33,29.49,28.5,30.26,22.34,22.98,20.71,24.48,14.81,15.78,13.1,16.46,9.54,9.93,8.91,10.01,6.05,6.08,6.0,6.08,3.95,3.96,3.94,3.96,2.72,2.72,2.71,2.72
fragment_02135,4,29.68,29.68,29.67,29.69,22.07,22.07,22.07,22.08,15.08,15.08,15.07,15.08,10.39,10.39,10.39,10.39,7.93,7.93,7.93,7.93,6.43,6.43,6.43,6.43,4.72,4.72,4.72,4.72
fragment_02136,12,31.08,31.65,29.25,31.65,21.57,21.63,20.3,21.64,14.35,14.3,13.05,14.87,9.77,9.85,8.95,10.2,6.69,6.72,6.38,6.76,4.45,4.45,4.45,4.45,3.06,3.06,3.05,3.06
fragment_02137,14,29.08,29.09,29.01,29.12,21.75,21.76,21.71,21.78,15.21,15.21,15.19,15.22,10.26,10.26,10.25,10.26,7.04,7.04,7.03,7.05,5.22,5.24,5.19,5.24,4.42,4.46,4.39,4.46
fragment_02138,2,32.16,32.16,32.15,32.16,25.38,25.38,25.38,25.39,18.77,18.77,18.77,18.78,14.69,14.69,14.69,14.69,10.81,10.81,10.81,10.81,7.37,7.37,7.37,7.37,5.06,5.06,5.06,5.06
fragment_02139,8,30.74,30.73,30.71,30.76,26.19,26.18,26.17,26.2,19.87,19.87,19.84,19.88,13.7,13.69,13.69,14.07,9.67,9.66,9.65,10.24,7.49,7.48,7.47,7.96,6.05,6.05,6.04,6.2
fragment_02140,6,33.11,33.09,32.3,33.41,30.2,30.75,29.23,30.75,24.22,24.5,23.88,24.5,16.58,16.46,16.46,16.71,10.23,10.23,10.22,10.23,6.66,6.66,6.65,6.66,4.57,4.57,4.57,4.57
fragment_02141,11,27.49,26.68,26.68,31.55,21.99,21.5,20.53,25.52,17.86,17.59,16.54,20.99,14.27,13.95,13.17,16.97,11.29,11.09,10.81,13.15,8.54,8.52,8.24,8.85,6.07,6.08,6.06,6.09
fragment_02142,2,31.44,31.45,31.44,31.45,25.59,25.59,25.59,25.59,19.45,19.45,19.45,19.45,14.77,14.77,14.77,14.77,11.32,11.32,11.32,11.32,8.16,8.16,8.16,8.16,5.65,5.65,5.65,5.65
fragment_02143,23,31.26,31.28,29.03,31.73,23.99,24.89,20.19,24.89,17.85,18.94,13.06,18.94,13.52,14.51,9.15,14.51,10.3,11.08,6.87,11.08,7.72,8.11,5.51,8.11,5.83,5.98,4.68,5.98
fragment_02144,1,28.77,28.77,28.77,28.77,20.72,20.72,20.72,20.72,15.08,15.08,15.08,15.08,11.48,11.48,11.48,11.48,9.29,9.29,9.29,9.29,7.0,7.0,7.0,7.0,4.93,4.93,4.93,4.93
fragment_02145,28,39.49,39.7,35.19,41.79,36.91,37.47,32.11,40.73,27.14,27.79,23.78,30.39,17.67,18.13,16.33,18.55,11.23,11.25,11.08,11.26,7.32,7.32,7.29,7.33,5.03,5.03,5.01,5.03
fragment_02146,2,29.68,29.69,29.68,29.69,22.11,22.11,22.1,22.11,15.27,15.27,15.27,15.27,10.7,10.7,10.7,10.7,7.52,7.52,7.52,7.52,5.57,5.57,5.57,5.57,4.27,4.27,4.27,4.27
fragment_02147,3,30.48,30.49,30.34,30.57,22.52,22.38,22.38,25.34,15.83,15.68,15.68,18.82,12.15,12.05,12.05,14.21,9.15,9.1,9.1,10.17,6.77,6.76,6.76,7.0,4.81,4.81,4.81,4.81
fragment_02148,1,29.2,29.2,29.2,29.2,21.5,21.5,21.5,21.5,14.89,14.89,14.89,14.89,9.98,9.98,9.98,9.98,6.27,6.27,6.27,6.27,4.08,4.08,4.08,4.08,2.8,2.8,2.8,2.8
fragment_02149,4,32.06,32.07,32.04,32.07,25.79,25.79,25.77,25.79,19.95,19.95,19.95,19.95,15.06,15.07,15.05,15.07,11.05,11.06,11.04,11.06,7.82,7.82,7.82,7.82,5.4,5.4,5.4,5.4
fragment_02150,25,34.25,34.77,31.76,36.58,29.1,30.4,24.93,32.74,19.9,21.17,16.21,23.42,12.93,13.56,10.85,14.34,8.52,8.67,7.52,8.69,5.64,5.64,5.43,5.65,3.88,3.87,3.87,3.88
fragment_02151,34,29.82,29.82,29.8,29.85,22.2,22.2,22.19,22.22,15.57,15.58,15.57,15.58,11.8,11.85,11.78,11.87,8.62,8.93,8.46,8.94,6.43,6.84,6.09,6.84,5.1,5.37,4.73,5.37
fragment_02152,1,29.13,29.13,29.13,29.13,20.69,20.69,20.69,20.69,15.06,15.06,15.06,15.06,11.73,11.73,11.73,11.73,8.96,8.96,8.96,8.96,6.68,6.68,6.68,6.68,4.97,4.97,4.97,4.97
fragment_02153,3,28.68,28.35,26.74,29.74,20.9,20.37,19.19,22.59,13.39,13.03,12.74,14.5,8.62,8.58,8.47,8.78,5.32,5.31,5.3,5.32,3.46,3.46,3.45,3.46,2.38,2.38,2.37,2.38
fragment_02154,2,30.77,30.77,30.77,30.77,26.21,26.21,26.21,26.21,19.89,19.89,19.89,19.89,13.68,13.67,13.67,13.68,9.47,9.47,9.47,9.47,7.12,7.12,7.12,7.12,5.56,5.56,5.56,5.56
fragment_02155,1,27.98,27.98,27.98,27.98,19.64,19.64,19.64,19.64,13.31,13.31,13.31,13.31,9.76,9.76,9.76,9.76,7.43,7.43,7.43,7.43,5.61,5.61,5.61,5.61,4.16,4.16,4.16,4.16
fragment_02156,26,30.46,32.81,28.7,33.36,25.49,31.77,20.68,31.77,19.34,26.88,13.59,26.88,14.71,20.7,10.85,20.7,11.22,14.85,8.96,14.85,8.64,10.25,7.42,10.25,6.63,7.04,6.17,7.04
fragment_02157,2,29.95,29.95,29.95,29.95,26.24,26.24,26.24,26.24,20.56,20.56,20.56,20.57,16.35,16.35,16.35,16.35,12.32,12.32,12.32,12.32,8.32,8.32,8.32,8.32,5.71,5.71,5.71,5.71
fragment_02158,3,31.3,31.3,31.17,31.4,25.61,25.53,25.36,25.92,18.94,18.85,18.61,19.36,13.38,13.31,13.15,13.67,9.69,9.66,9.59,9.83,6.81,6.81,6.8,6.83,4.7,4.7,4.7,4.7
fragment_02159,2,29.65,29.66,29.65,29.66,22.06,22.06,22.06,22.06,15.16,15.16,15.16,15.16,10.66,10.66,10.66,10.66,7.07,7.07,7.07,7.07,4.61,4.61,4.61,4.61,3.17,3.17,3.17,3.17
fragment_02160,3,33.82,33.83,33.69,33.83,28.89,28.9,28.8,28.9,17.08,17.08,17.07,17.08,9.36,9.36,9.35,9.36,5.67,5.67,5.67,5.67,3.69,3.69,3.69,3.69,2.53,2.53,2.53,2.53
fragment_02161,2,32.04,32.04,32.04,32.04,24.63,24.63,24.63,24.63,17.23,17.23,17.23,17.23,11.55,11.55,11.55,11.55,7.09,7.09,7.09,7.09,4.61,4.61,4.61,4.61,3.17,3.17,3.17,3.17
fragment_02162,15,24.19,24.18,24.11,26.64,15.75,15.9,15.3,20.04,12.31,12.64,11.6,16.19,10.35,10.5,10.02,13.66,8.31,8.41,8.09,9.58,6.12,6.17,6.01,6.24,4.26,4.26,4.26,4.28
fragment_02163,4,32.83,33.11,32.33,33.11,28.98,29.39,28.23,29.39,22.28,22.52,21.86,22.52,16.33,16.37,16.27,16.37,11.09,11.1,11.08,11.1,7.31,7.31,7.31,7.31,5.02,5.02,5.02,5.02
fragment_02164,4,31.07,31.17,30.83,31.17,26.44,26.48,26.35,26.48,20.23,20.21,20.2,20.32,15.31,15.27,15.26,15.45,10.63,10.62,10.62,10.65,7.27,7.27,7.27,7.28,5.02,5.02,5.02,5.03
fragment_02165,7,28.77,28.69,28.56,30.55,20.34,20.21,20.13,22.81,12.96,12.87,12.82,14.57,9.2,9.14,9.11,10.36,7.01,6.97,6.96,7.77,5.62,5.58,5.58,6.14,4.55,4.49,4.49,5.03
fragment_02166,2,30.73,30.73,30.73,30.73,23.65,23.65,23.65,23.65,16.81,16.81,16.81,16.81,12.12,12.12,12.12,12.12,8.95,8.95,8.95,8.95,6.76,6.76,6.76,6.76,5.19,5.19,5.19,5.19
fragment_02167,3,33.19,33.48,31.79,33.48,27.09,27.55,24.82,27.55,16.83,17.09,15.68,17.09,9.37,9.37,9.36,9.37,5.67,5.67,5.67,5.68,3.69,3.69,3.69,3.7,2.54,2.54,2.54,2.54
fragment_02168,4,31.61,31.62,29.97,31.64,26.81,26.83,24.79,26.83,21.75,21.77,20.32,21.77,15.36,15.37,15.0,15.37,9.62,9.62,9.62,9.62,6.26,6.26,6.26,6.26,4.3,4.3,4.3,4.3
fragment_02169,2,29.95,29.95,29.95,29.95,23.39,23.39,23.39,23.39,17.11,17.11,17.11,17.12,12.65,12.65,12.65,12.65,9.45,9.45,9.45,9.45,6.58,6.58,6.58,6.58,4.52,4.52,4.52,4.52
fragment_02170,6,32.87,33.11,31.97,33.11,26.89,27.32,25.69,27.32,15.98,16.17,15.54,16.18,8.86,8.86,8.86,8.87,5.37,5.37,5.37,5.37,3.49,3.49,3.49,3.5,2.4,2.4,2.4,2.4
fragment_02171,23,30.16,30.85,28.32,33.13,21.5,22.24,18.93,26.24,14.27,14.43,12.19,19.21,10.06,9.83,8.61,12.76,7.24,7.06,6.18,8.04,5.11,5.08,4.58,5.23,3.58,3.59,3.47,3.59
fragment_02172,6,30.44,30.53,30.34,30.53,22.87,23.1,22.55,23.58,15.34,15.57,15.04,16.31,10.68,10.87,10.43,11.41,8.03,8.17,7.85,8.52,6.26,6.39,6.11,6.64,5.0,5.08,4.89,5.18
fragment_02173,4,32.26,32.21,31.88,32.99,25.9,26.03,24.53,26.84,19.94,20.21,17.98,20.76,12.7,12.79,12.03,12.86,7.78,7.78,7.78,7.79,5.06,5.06,5.06,5.08,3.48,3.48,3.48,3.49
fragment_02174,4,29.73,29.72,29.72,29.74,22.13,22.13,22.13,22.14,15.29,15.28,15.28,15.29,10.71,10.71,10.71,10.72,7.31,7.31,7.31,7.31,5.26,5.26,5.26,5.26,4.0,4.0,4.0,4.01
fragment_02175,19,29.54,29.5,28.68,31.04,23.81,23.61,23.41,27.48,17.46,17.08,17.08,22.46,13.34,12.8,12.7,17.63,9.94,9.42,9.33,11.96,7.44,7.18,7.08,7.92,5.4,5.37,5.36,5.45
fragment_02176,14,34.45,34.54,32.68,36.39,28.35,28.41,26.9,33.9,20.77,20.87,20.13,26.05,14.85,14.9,14.6,16.27,9.85,9.86,9.83,9.9,6.42,6.42,6.42,6.44,4.41,4.41,4.41,4.43
fragment_02177,6,29.21,28.57,28.57,30.61,21.04,20.12,20.12,23.03,13.77,12.87,12.87,15.7,10.06,9.26,9.26,11.73,7.91,7.37,7.37,9.02,6.39,6.17,6.17,6.86,5.09,5.01,4.96,5.26
fragment_02178,5,31.77,31.76,31.71,32.76,25.13,25.09,25.06,28.31,17.59,17.55,17.55,20.71,12.68,12.68,12.68,13.35,8.15,8.14,8.14,8.16,5.3,5.3,5.3,5.31,3.64,3.64,3.64,3.65
fragment_02179,6,30.92,30.89,30.89,31.0,26.31,26.29,26.29,26.36,20.2,20.23,20.17,20.24,14.74,14.8,14.57,14.81,10.62,10.69,10.42,10.7,7.86,7.89,7.77,7.89,6.06,6.07,6.03,6.08
fragment_02180,4,30.8,30.8,30.79,30.82,23.75,23.74,23.74,23.76,17.18,17.19,17.18,17.19,13.14,13.15,13.14,13.15,9.89,9.89,9.89,9.89,7.09,7.09,7.09,7.09,4.9,4.9,4.9,4.9
fragment_02181,2,31.24,31.27,30.97,31.27,23.75,23.76,23.56,23.76,13.13,13.14,13.13,13.14,7.19,7.19,7.19,7.19,4.36,4.36,4.36,4.36,2.84,2.84,2.84,2.84,1.95,1.95,1.95,1.95
fragment_02182,2,29.54,29.55,29.54,29.55,21.93,21.93,21.93,21.93,14.96,14.96,14.96,14.96,10.17,10.17,10.17,10.17,6.77,6.77,6.77,6.77,4.49,4.49,4.49,4.49,3.09,3.09,3.09,3.09
fragment_02183,11,32.8,33.6,28.58,33.85,28.51,29.94,20.19,30.96,23.17,24.72,14.31,25.7,18.31,19.38,12.39,19.8,12.86,13.27,10.71,13.27,8.56,8.64,8.19,8.64,5.93,5.93,5.91,5.93
fragment_02184,2,29.62,29.62,29.61,29.62,22.05,22.05,22.05,22.05,15.32,15.32,15.32,15.32,11.21,11.21,11.21,11.21,7.73,7.73,7.73,7.73,5.19,5.19,5.19,5.19,3.57,3.57,3.57,3.57
fragment_02185,5,28.26,28.25,28.24,28.29,23.4,23.39,23.38,23.46,17.39,17.35,17.35,17.46,13.54,13.45,13.45,13.71,10.28,10.2,10.2,10.45,7.03,7.03,7.03,7.03,4.83,4.83,4.83,4.83
fragment_02186,8,30.73,30.3,29.67,32.35,26.95,26.21,23.62,29.94,22.15,21.12,17.58,26.35,17.4,16.42,13.43,21.37,12.54,12.12,10.1,14.3,8.9,8.8,7.69,9.37,6.4,6.41,5.95,6.45
fragment_02187,1,28.21,28.21,28.21,28.21,19.19,19.19,19.19,19.19,13.49,13.49,13.49,13.49,10.81,10.81,10.81,10.81,8.74,8.74,8.74,8.74,6.68,6.68,6.68,6.68,4.77,4.77,4.77,4.77
fragment_02188,23,31.69,30.75,29.05,36.52,28.67,28.98,25.93,34.43,22.8,23.7,20.38,27.05,16.67,17.29,15.84,18.31,11.64,11.86,11.31,12.12,7.93,7.95,7.88,7.96,5.47,5.47,5.46,5.47
fragment_02189,7,31.72,31.12,30.62,32.66,24.67,23.5,23.5,26.53,15.07,14.43,14.43,15.93,8.72,8.7,8.7,8.73,5.28,5.28,5.28,5.29,3.44,3.44,3.44,3.44,2.36,2.36,2.36,2.37
fragment_02190,13,33.96,34.51,31.45,35.82,28.96,30.03,24.89,30.03,19.85,20.7,16.51,20.7,11.91,12.06,11.09,12.07,7.3,7.31,7.25,7.31,4.76,4.76,4.75,4.76,3.27,3.27,3.26,3.27
fragment_02191,8,29.79,29.79,29.78,29.8,22.18,22.18,22.17,22.18,15.45,15.45,15.44,15.45,11.26,11.26,11.26,11.26,8.52,8.52,8.5,8.55,7.2,7.2,7.17,7.24,6.21,6.21,6.19,6.24
fragment_02192,3,29.65,29.65,29.62,29.67,25.64,25.64,25.64,25.65,19.28,19.29,19.25,19.29,13.89,13.9,13.87,13.9,10.28,10.28,10.27,10.28,7.54,7.55,7.54,7.55,5.44,5.44,5.44,5.44
fragment_02193,2,29.74,29.74,29.73,29.74,22.15,22.15,22.15,22.15,15.42,15.42,15.42,15.42,11.22,11.22,11.22,11.22,8.47,8.47,8.47,8.47,6.89,6.89,6.89,6.89,5.55,5.55,5.55,5.55
fragment_02194,3,33.94,33.91,33.91,33.96,29.43,29.38,29.38,29.47,19.05,19.01,19.01,19.09,11.05,11.05,11.05,11.05,6.7,6.7,6.7,6.7,4.36,4.36,4.36,4.36,3.0,3.0,2.99,3.0
fragment_02195,11,29.74,29.67,28.56,31.77,24.6,24.65,23.74,28.71,18.23,18.4,17.2,21.32,13.27,13.43,12.64,13.77,8.4,8.41,8.37,8.41,5.47,5.47,5.46,5.47,3.76,3.76,3.75,3.76
fragment_02196,8,28.54,28.6,28.46,28.63,20.78,21.03,20.02,21.33,14.31,14.38,13.88,16.62,10.81,10.79,10.18,13.51,8.76,8.74,8.23,10.26,7.0,7.0,6.7,7.62,5.4,5.39,5.29,5.51
fragment_02197,7,28.5,28.55,28.19,28.55,19.97,20.29,19.32,20.29,13.49,13.98,12.37,13.98,10.0,10.68,8.71,10.68,7.92,8.53,6.61,8.53,6.47,6.9,5.45,6.9,5.16,5.34,4.66,5.34
fragment_02198,1,28.39,28.39,28.39,28.39,20.68,20.68,20.68,20.68,14.09,14.09,14.09,14.09,10.29,10.29,10.29,10.29,7.92,7.92,7.92,7.92,5.96,5.96,5.96,5.96,4.51,4.51,4.51,4.51
fragment_02199,9,27.4,26.66,26.12,29.59,21.59,21.05,20.42,24.53,17.34,17.22,16.3,19.75,13.66,13.51,12.8,15.44,10.56,10.39,10.13,11.49,7.69,7.6,7.52,7.98,5.51,5.49,5.47,5.55
fragment_02200,3,30.34,30.31,30.31,32.25,27.72,27.72,27.59,27.73,20.11,20.11,18.91,20.13,13.82,13.82,13.61,13.82,9.79,9.79,9.72,9.8,7.11,7.11,7.11,7.12,5.34,5.33,5.32,5.34
fragment_02201,1,28.49,28.49,28.49,28.49,20.97,20.97,20.97,20.97,15.24,15.24,15.24,15.24,11.2,11.2,11.2,11.2,7.92,7.92,7.92,7.92,5.29,5.29,5.29,5.29,3.64,3.64,3.64,3.64
fragment_02202,1,28.75,28.75,28.75,28.75,20.71,20.71,20.71,20.71,15.06,15.06,15.06,15.06,11.32,11.32,11.32,11.32,9.01,9.01,9.01,9.01,7.19,7.19,7.19,7.19,5.61,5.61,5.61,5.61
fragment_02203,15,35.36,36.08,31.83,37.31,32.57,34.17,25.86,34.66,25.98,27.6,19.61,28.13,18.41,19.58,14.23,19.96,12.95,13.64,10.49,13.75,9.09,9.25,7.98,9.26,6.34,6.36,6.1,6.37
fragment_02204,4,31.83,31.53,31.35,33.89,25.14,24.82,24.3,27.22,16.04,15.89,15.36,16.9,9.41,9.4,9.4,9.42,5.7,5.7,5.7,5.71,3.71,3.71,3.71,3.72,2.55,2.55,2.55,2.55
fragment_02205,1,31.87,31.87,31.87,31.87,25.38,25.38,25.38,25.38,18.04,18.04,18.04,18.04,12.24,12.24,12.24,12.24,8.27,8.27,8.27,8.27,5.8,5.8,5.8,5.8,4.0,4.0,4.0,4.0
fragment_02206,4,28.61,28.61,28.6,28.62,20.25,20.27,19.77,20.27,14.47,14.51,13.51,14.51,10.69,10.71,10.23,10.71,7.04,7.04,7.04,7.04,4.58,4.58,4.58,4.59,3.15,3.15,3.15,3.15
fragment_02207,8,29.84,29.85,29.82,29.85,22.2,22.21,22.19,22.21,15.5,15.51,15.5,15.51,11.42,11.42,11.41,11.42,8.05,8.08,8.01,8.08,5.98,6.01,5.95,6.01,4.77,4.76,4.76,4.79
fragment_02208,8,31.04,31.15,29.66,33.28,26.27,26.48,23.06,29.31,20.56,20.79,16.76,23.38,16.0,16.21,13.17,17.42,11.72,11.83,10.22,11.97,7.98,8.0,7.66,8.0,5.49,5.49,5.48,5.49
fragment_02209,20,31.68,31.23,29.97,33.44,23.05,22.07,21.34,26.66,15.52,14.41,14.41,19.57,10.7,9.79,9.79,13.08,7.52,6.96,6.96,8.11,5.21,5.1,5.1,5.28,3.62,3.61,3.61,3.63
fragment_02210,2,30.29,30.29,30.28,30.29,23.45,23.45,23.45,23.45,17.39,17.39,17.39,17.39,13.22,13.22,13.21,13.22,8.91,8.92,8.91,8.92,5.84,5.84,5.84,5.84,4.01,4.01,4.01,4.01
fragment_02211,2,33.65,33.53,33.53,34.05,30.69,30.6,30.6,30.95,26.07,26.09,26.02,26.09,19.86,19.94,19.64,19.94,13.65,13.68,13.55,13.68,8.95,8.95,8.95,8.95,6.15,6.15,6.15,6.15
fragment_02212,2,32.85,33.87,31.48,33.87,27.25,29.07,24.8,29.07,19.37,21.16,16.96,21.16,13.23,14.03,12.16,14.03,8.94,9.2,8.59,9.2,6.02,6.04,6.0,6.04,4.15,4.15,4.15,4.15
fragment_02213,2,34.09,34.09,32.7,34.09,28.02,28.02,28.02,28.49,20.1,20.1,20.1,21.67,13.96,13.96,13.96,14.43,8.77,8.77,8.77,8.79,5.71,5.71,5.71,5.72,3.92,3.92,3.92,3.93
fragment_02214,3,26.27,26.28,26.13,26.28,19.59,19.59,19.54,19.59,13.38,13.38,13.36,13.38,9.15,9.15,9.14,9.15,6.24,6.25,6.24,6.25,4.34,4.34,4.34,4.34,2.99,2.99,2.99,2.99
fragment_02215,19,31.09,31.04,28.97,33.37,22.79,23.21,19.57,24.92,15.51,15.91,12.95,18.09,10.99,11.16,9.59,12.27,7.71,7.77,6.95,8.09,5.25,5.26,5.1,5.27,3.62,3.61,3.61,3.62
fragment_02216,3,30.86,31.12,30.58,31.12,24.8,24.96,24.64,24.96,18.4,18.56,18.23,18.56,13.22,13.3,13.13,13.3,9.47,9.44,9.44,9.49,6.27,6.27,6.27,6.27,4.31,4.31,4.31,4.31
fragment_02217,12,28.58,28.59,28.42,28.6,20.39,20.41,19.47,21.21,14.1,14.21,12.56,14.93,10.23,10.31,8.83,10.88,7.71,7.64,6.87,8.21,6.09,5.98,5.75,6.61,4.89,4.81,4.64,5.24
fragment_02218,1,28.08,28.08,28.08,28.08,19.22,19.22,19.22,19.22,12.93,12.93,12.93,12.93,9.78,9.78,9.78,9.78,7.51,7.51,7.51,7.51,5.47,5.47,5.47,5.47,3.81,3.81,3.81,3.81
fragment_02219,2,31.86,31.87,31.86,31.87,25.35,25.36,25.35,25.36,18.77,18.77,18.77,18.77,13.15,13.15,13.15,13.15,9.57,9.57,9.57,9.57,7.09,7.09,7.09,7.09,5.06,5.06,5.06,5.06
fragment_02220,3,29.91,29.93,29.64,30.75,23.33,23.36,22.65,25.06,16.16,16.18,15.61,17.3,9.97,9.97,9.91,9.99,6.04,6.04,6.04,6.05,3.93,3.93,3.93,3.94,2.7,2.7,2.7,2.71
fragment_02221,15,29.53,29.38,28.72,30.75,24.02,23.58,23.56,26.59,17.04,16.6,16.52,19.47,11.84,11.55,11.5,13.35,8.59,8.38,8.34,9.63,6.56,6.43,6.4,7.28,5.16,5.07,5.05,5.62
fragment_02222,2,28.84,28.84,28.84,28.85,24.29,24.29,24.29,24.29,18.11,18.11,18.11,18.11,13.69,13.69,13.69,13.69,10.13,10.13,10.13,10.13,7.01,7.01,7.01,7.01,4.82,4.82,4.82,4.82
fragment_02223,2,28.78,28.78,28.78,28.78,20.73,20.73,20.73,20.74,15.18,15.18,15.12,15.18,11.56,11.56,11.38,11.56,9.25,9.25,9.25,9.34,7.46,7.46,7.46,7.56,5.93,5.93,5.93,5.95
fragment_02224,10,31.49,32.04,30.41,33.6,24.47,25.36,22.72,27.86,18.32,19.18,16.1,20.84,12.35,12.71,11.21,12.75,7.72,7.73,7.61,7.73,5.03,5.03,5.03,5.03,3.45,3.46,3.45,3.46
fragment_02225,3,32.6,32.9,32.32,32.9,25.37,25.39,25.25,25.48,18.34,18.16,18.16,18.72,11.47,11.46,11.46,11.52,6.98,6.97,6.97,6.98,4.54,4.54,4.54,4.54,3.12,3.12,3.12,3.12
fragment_02226,7,31.22,31.89,28.93,31.91,23.42,24.47,19.52,24.47,16.1,16.97,12.76,16.97,10.06,10.25,9.16,10.25,6.2,6.21,6.15,6.21,4.04,4.04,4.03,4.04,2.78,2.78,2.77,2.78
fragment_02227,9,35.51,36.28,32.14,36.36,29.77,30.64,26.72,30.64,20.54,21.02,19.01,21.05,12.05,12.06,12.0,12.07,7.3,7.3,7.3,7.32,4.75,4.75,4.75,4.76,3.27,3.27,3.26,3.27
fragment_02228,2,32.32,32.32,32.32,32.32,25.14,25.14,25.13,25.14,18.13,18.13,18.13,18.13,13.61,13.61,13.61,13.61,9.93,9.93,9.93,9.93,6.61,6.61,6.61,6.61,4.54,4.54,4.54,4.54
fragment_02229,9,31.37,30.07,30.06,32.02,24.95,22.39,22.37,26.17,18.61,16.79,16.45,19.66,11.85,11.48,11.11,12.05,7.3,7.3,7.28,7.3,4.75,4.75,4.75,4.75,3.26,3.26,3.26,3.27
fragment_02230,6,36.05,36.03,34.54,37.32,31.98,31.9,30.48,34.18,24.09,24.01,23.3,25.66,14.87,14.87,14.87,14.93,9.04,9.04,9.04,9.06,5.88,5.88,5.88,5.9,4.04,4.04,4.04,4.05
fragment_02231,6,32.07,32.08,32.01,32.08,25.56,25.56,25.51,25.56,18.93,18.93,18.91,18.93,13.56,13.61,13.33,13.61,10.2,10.26,9.76,10.26,7.94,8.0,7.37,8.0,5.97,6.0,5.66,6.0
fragment_02232,3,28.79,28.56,28.56,30.59,20.43,20.12,20.12,22.83,13.03,12.83,12.83,14.58,9.25,9.11,9.11,10.35,7.05,6.95,6.95,7.77,5.61,5.56,5.56,6.04,4.47,4.45,4.45,4.7
fragment_02233,3,31.83,31.52,31.35,33.89,25.15,24.81,24.77,27.22,16.04,15.89,15.89,16.9,9.41,9.4,9.4,9.42,5.7,5.7,5.7,5.71,3.71,3.71,3.71,3.72,2.55,2.55,2.55,2.55
fragment_02234,12,31.6,31.29,30.66,33.48,24.55,23.72,23.39,28.15,15.95,15.21,15.11,19.37,10.43,10.24,10.19,11.09,6.69,6.68,6.68,6.72,4.36,4.36,4.36,4.38,3.0,3.0,2.99,3.01
fragment_02235,20,28.53,29.16,25.79,30.83,22.9,23.83,20.84,25.51,18.88,19.52,16.55,20.46,15.26,15.33,13.46,17.04,11.74,11.42,10.81,13.18,8.91,8.65,8.24,9.65,6.79,6.64,6.39,7.2
fragment_02236,2,29.77,29.77,29.77,29.77,23.58,23.58,23.58,23.58,16.55,16.55,16.55,16.55,11.74,11.74,11.74,11.74,8.73,8.73,8.73,8.73,6.58,6.58,6.58,6.58,4.84,4.84,4.84,4.84
fragment_02237,9,31.41,31.07,30.72,32.18,25.28,24.75,24.09,26.8,18.6,18.27,16.75,19.98,13.77,13.91,12.55,14.21,9.89,9.96,9.31,10.12,6.99,7.03,6.8,7.03,4.83,4.83,4.83,4.83
fragment_02238,19,36.28,36.61,32.1,38.51,32.07,32.49,25.66,35.25,22.68,22.93,18.69,25.33,14.85,14.99,13.4,15.51,9.4,9.41,9.29,9.42,6.12,6.12,6.12,6.13,4.21,4.21,4.2,4.21
fragment_02239,3,30.93,30.93,30.93,31.21,25.14,25.13,25.13,25.66,19.94,19.94,19.94,20.24,13.97,13.97,13.97,14.01,9.25,9.25,9.25,9.26,6.1,6.1,6.1,6.1,4.19,4.19,4.19,4.19
fragment_02240,2,28.29,28.29,28.29,28.34,20.55,20.55,20.55,20.59,14.26,14.26,14.11,14.26,10.18,10.18,9.85,10.18,7.09,7.09,6.79,7.09,4.66,4.66,4.66,4.67,3.2,3.2,3.2,3.21
fragment_02241,4,28.79,28.79,28.79,28.8,20.73,20.73,20.72,20.73,14.54,14.54,14.54,14.54,10.16,10.17,10.13,10.17,7.83,7.84,7.79,7.84,6.11,6.12,6.07,6.12,4.26,4.26,4.26,4.26
fragment_02242,8,30.57,30.36,29.64,32.13,24.88,24.61,22.95,27.73,18.75,18.56,16.68,20.7,13.52,13.55,12.09,14.1,8.66,8.67,8.54,8.68,5.64,5.64,5.64,5.65,3.88,3.88,3.87,3.88
fragment_02243,11,33.11,34.61,31.09,35.55,26.83,27.9,24.57,30.79,21.7,22.18,20.38,24.98,16.68,16.62,16.44,17.84,11.46,11.45,11.44,11.56,7.52,7.52,7.51,7.54,5.17,5.17,5.16,5.18
fragment_02244,8,28.7,28.69,28.53,28.71,19.68,19.69,19.48,19.69,12.62,12.64,12.0,12.64,8.46,8.47,8.25,8.47,6.45,6.46,6.21,6.46,5.2,5.2,5.0,5.22,4.37,4.35,4.14,4.41
fragment_02245,2,33.81,33.8,33.8,34.8,27.88,27.86,27.86,31.4,20.09,20.07,20.07,23.06,13.95,13.94,13.94,14.45,8.78,8.78,8.78,8.8,5.71,5.71,5.71,5.73,3.92,3.92,3.92,3.93
fragment_02246,8,30.88,30.87,30.63,30.9,23.32,23.27,23.17,23.92,16.17,16.12,16.1,17.14,12.17,12.17,12.1,12.62,8.84,8.84,8.83,8.99,5.97,5.97,5.97,5.98,4.1,4.1,4.1,4.11
fragment_02247,2,29.44,29.45,29.43,29.45,21.86,21.87,21.86,21.87,14.78,14.78,14.78,14.78,9.77,9.77,9.77,9.77,6.66,6.66,6.66,6.66,4.52,4.52,4.52,4.52,3.1,3.1,3.1,3.1
fragment_02248,6,29.87,29.65,28.59,30.76,24.37,23.76,23.76,26.76,17.76,17.26,17.24,19.75,13.22,12.95,12.94,14.34,9.68,9.53,9.52,10.3,7.13,7.08,7.07,7.33,5.06,5.06,5.06,5.06
fragment_02249,4,28.69,28.69,28.53,28.7,19.69,19.7,19.49,19.7,12.61,12.64,12.02,12.64,8.46,8.47,8.25,8.47,6.46,6.46,6.21,6.47,5.18,5.19,5.0,5.19,4.21,4.21,4.12,4.21
fragment_02250,3,31.1,31.06,31.06,32.31,29.23,29.25,27.59,29.27,22.04,22.1,19.21,22.1,15.54,15.57,14.31,15.57,10.82,10.82,10.65,10.82,7.45,7.45,7.45,7.46,5.18,5.17,5.17,5.18
fragment_02251,4,29.51,29.51,29.51,29.51,24.4,24.4,24.4,24.4,17.63,17.63,17.63,17.63,12.23,12.23,12.23,12.23,8.61,8.62,8.57,8.62,6.58,6.59,6.51,6.59,5.19,5.2,5.15,5.2
fragment_02252,7,30.35,30.72,29.18,30.77,26.87,27.54,24.71,29.16,18.35,18.98,16.21,21.51,13.31,13.71,11.95,15.23,10.26,10.55,9.28,10.97,7.38,7.45,7.15,7.46,5.13,5.13,5.12,5.13
fragment_02253,4,27.33,27.16,27.16,28.3,20.6,20.17,20.17,22.94,15.81,15.31,15.31,18.41,11.9,11.45,11.45,13.62,8.8,8.52,8.52,9.76,6.5,6.45,6.45,6.66,4.58,4.57,4.57,4.58
fragment_02254,6,29.78,29.78,29.76,29.78,22.16,22.16,22.14,22.16,15.44,15.44,15.44,15.45,11.37,11.37,11.37,11.37,8.71,8.71,8.65,8.71,7.06,7.06,7.06,7.11,5.79,5.79,5.79,5.89
fragment_02255,2,31.9,31.89,31.89,31.92,26.14,26.13,26.13,26.14,19.87,19.86,19.86,19.87,15.49,15.49,15.49,15.5,11.8,11.8,11.8,11.8,8.3,8.3,8.3,8.3,5.75,5.75,5.75,5.75
fragment_02256,1,28.97,28.97,28.97,28.97,20.78,20.78,20.78,20.78,14.95,14.95,14.95,14.95,11.28,11.28,11.28,11.28,8.41,8.41,8.41,8.41,6.43,6.43,6.43,6.43,4.71,4.71,4.71,4.71
fragment_02257,2,31.36,31.37,31.36,31.37,24.29,24.29,24.29,24.29,18.18,18.19,18.18,18.19,14.07,14.07,14.07,14.07,10.45,10.45,10.45,10.45,7.47,7.47,7.47,7.47,5.21,5.21,5.21,5.21
fragment_02258,1,32.83,32.83,32.83,32.83,25.43,25.43,25.43,25.43,19.3,19.3,19.3,19.3,14.83,14.83,14.83,14.83,11.24,11.24,11.24,11.24,7.93,7.93,7.93,7.93,5.46,5.46,5.46,5.46
fragment_02259,3,32.0,31.99,31.97,32.0,25.44,25.44,25.44,25.46,18.07,18.07,18.06,18.07,12.27,12.27,12.27,12.27,8.26,8.26,8.25,8.26,5.8,5.8,5.8,5.8,4.13,4.13,4.13,4.13
fragment_02260,5,31.18,31.15,27.57,31.27,27.61,27.35,20.23,28.03,22.49,22.1,14.47,23.12,16.49,16.19,11.37,16.94,11.67,11.52,8.84,11.9,8.14,8.13,6.95,8.16,5.61,5.61,5.37,5.61
fragment_02261,9,33.05,33.18,32.48,34.28,25.99,25.87,25.48,28.18,19.35,19.38,18.36,21.78,13.04,13.1,12.13,13.7,8.27,8.29,8.16,8.3,5.4,5.4,5.4,5.4,3.71,3.71,3.71,3.71
fragment_02262,21,31.73,31.3,29.84,33.04,23.12,22.09,21.56,26.76,15.82,14.78,14.57,20.38,11.34,10.59,10.36,14.11,8.42,8.0,7.89,9.4,6.03,5.96,5.96,6.13,4.2,4.2,4.2,4.21
fragment_02263,7,33.31,33.46,30.52,33.46,28.43,28.35,27.86,30.54,21.73,21.61,21.61,23.76,16.68,16.65,16.58,17.29,11.56,11.56,11.53,11.64,7.57,7.57,7.56,7.58,5.2,5.2,5.2,5.21
fragment_02264,1,28.6,28.6,28.6,28.6,19.68,19.68,19.68,19.68,14.46,14.46,14.46,14.46,11.53,11.53,11.53,11.53,9.1,9.1,9.1,9.1,7.04,7.04,7.04,7.04,5.67,5.67,5.67,5.67
fragment_02265,4,32.34,32.32,32.32,33.32,25.6,25.57,25.57,26.99,18.74,18.72,18.72,19.88,13.4,13.4,13.4,13.45,8.75,8.75,8.75,8.75,5.78,5.78,5.78,5.79,3.97,3.97,3.97,3.98
fragment_02266,6,32.41,31.28,31.26,35.2,25.95,24.13,23.13,30.33,20.87,18.84,17.01,25.65,15.89,14.64,13.16,18.21,11.34,10.61,10.3,12.26,7.96,7.84,7.72,8.1,5.56,5.56,5.55,5.56
fragment_02267,2,30.42,30.49,30.33,30.49,22.82,23.07,22.51,23.07,15.3,15.52,15.0,15.52,10.65,10.83,10.41,10.83,8.0,8.13,7.83,8.13,6.19,6.28,6.08,6.28,4.86,4.9,4.81,4.9
fragment_02268,9,31.97,31.51,28.92,34.38,23.75,23.75,19.59,27.98,16.84,17.41,13.68,21.0,12.89,13.33,11.21,14.88,9.93,10.11,9.02,10.46,6.94,6.96,6.8,6.97,4.78,4.78,4.78,4.79
fragment_02269,2,30.67,30.61,30.61,31.11,23.31,23.36,22.93,23.36,14.53,14.61,13.96,14.61,8.2,8.2,8.2,8.21,4.97,4.97,4.97,4.98,3.23,3.23,3.23,3.24,2.22,2.22,2.22,2.22
fragment_02270,20,32.64,32.27,31.78,36.4,27.4,26.59,25.96,31.44,20.09,19.39,18.92,23.42,13.07,12.95,12.77,13.8,8.32,8.32,8.27,8.36,5.42,5.42,5.41,5.44,3.73,3.73,3.71,3.74
fragment_02271,6,28.77,28.6,28.56,30.63,20.37,20.13,20.12,22.85,12.98,12.82,12.81,14.56,9.21,9.1,9.09,10.33,7.01,6.93,6.93,7.74,5.54,5.48,5.48,5.96,4.37,4.33,4.33,4.57
fragment_02272,4,30.06,30.44,28.84,30.44,25.25,26.53,21.13,26.54,19.62,20.99,15.18,21.01,15.11,16.1,11.92,16.11,11.62,12.27,9.51,12.28,8.91,9.31,7.65,9.31,6.65,6.8,6.17,6.8
fragment_02273,2,30.27,30.27,30.27,30.28,24.06,24.06,24.06,24.06,17.98,17.98,17.98,17.98,13.22,13.22,13.22,13.22,8.77,8.77,8.77,8.77,5.73,5.73,5.73,5.73,3.94,3.94,3.94,3.94
fragment_02274,1,28.26,28.26,28.26,28.26,19.44,19.44,19.44,19.44,13.5,13.5,13.5,13.5,9.63,9.63,9.63,9.63,6.3,6.3,6.3,6.3,4.11,4.11,4.11,4.11,2.82,2.82,2.82,2.82
fragment_02275,1,29.04,29.04,29.04,29.04,20.83,20.83,20.83,20.83,14.55,14.55,14.55,14.55,10.49,10.49,10.49,10.49,6.9,6.9,6.9,6.9,4.52,4.52,4.52,4.52,3.1,3.1,3.1,3.1
fragment_02276,3,30.1,29.91,29.91,32.43,22.59,22.33,22.33,25.73,16.28,16.1,16.1,18.35,11.69,11.57,11.57,13.11,8.22,8.21,8.21,8.42,5.47,5.46,5.46,5.48,3.76,3.75,3.75,3.77
fragment_02277,2,29.13,29.11,29.11,29.15,20.85,20.84,20.84,20.86,15.14,15.14,15.14,15.15,11.98,11.97,11.97,11.98,9.55,9.55,9.55,9.55,7.33,7.33,7.33,7.33,5.19,5.19,5.19,5.19
fragment_02278,6,31.64,30.87,30.61,32.93,24.12,23.07,22.91,25.59,14.15,13.71,13.7,14.64,8.01,8.01,8.0,8.03,4.85,4.85,4.85,4.87,3.16,3.16,3.15,3.17,2.17,2.17,2.17,2.18
fragment_02279,2,31.88,31.67,31.67,32.39,25.88,25.25,25.25,27.38,18.26,17.65,17.65,19.72,11.83,11.79,11.79,11.94,7.24,7.24,7.24,7.24,4.71,4.71,4.71,4.71,3.24,3.24,3.24,3.24
fragment_02280,2,29.86,29.86,29.86,29.86,22.24,22.25,22.24,22.25,15.4,15.4,15.4,15.41,11.22,11.22,11.22,11.22,8.19,8.19,8.19,8.19,5.77,5.77,5.77,5.77,4.01,4.01,4.01,4.01
fragment_02281,30,33.84,32.01,31.83,38.06,29.07,26.87,25.33,33.23,20.98,19.9,17.86,23.39,13.34,13.34,12.6,13.61,8.22,8.2,8.17,8.25,5.35,5.34,5.34,5.37,3.68,3.67,3.67,3.69
fragment_02282,3,29.21,29.18,29.17,29.47,25.16,25.14,25.14,25.38,19.85,19.84,19.84,19.91,14.23,14.23,14.21,14.23,9.85,9.85,9.84,9.85,7.02,7.02,7.01,7.02,5.13,5.13,5.13,5.13
fragment_02283,2,28.84,28.84,28.83,28.84,24.26,24.26,24.26,24.26,18.41,18.41,18.4,18.41,14.77,14.77,14.77,14.77,11.31,11.31,11.31,11.31,7.56,7.56,7.55,7.56,5.19,5.19,5.19,5.19
fragment_02284,3,28.28,28.28,28.19,28.3,23.43,23.43,23.41,23.44,17.3,17.3,17.29,17.31,12.83,12.83,12.83,12.84,9.31,9.31,9.31,9.31,6.25,6.25,6.25,6.25,4.29,4.29,4.29,4.29
fragment_02285,1,28.4,28.4,28.4,28.4,20.15,20.15,20.15,20.15,13.86,13.86,13.86,13.86,10.73,10.73,10.73,10.73,8.69,8.69,8.69,8.69,6.64,6.64,6.64,6.64,4.96,4.96,4.96,4.96
fragment_02286,13,31.77,31.51,31.45,33.43,25.65,25.28,24.83,28.92,19.12,18.82,17.66,23.29,15.34,15.16,14.0,17.49,11.75,11.55,10.93,12.68,8.7,8.59,8.12,9.03,6.22,6.21,6.13,6.24
fragment_02287,3,31.14,31.12,30.75,33.01,23.83,23.76,23.56,27.79,16.37,16.32,16.27,18.98,11.16,11.15,11.14,11.49,6.95,6.95,6.95,6.96,4.53,4.53,4.53,4.53,3.11,3.11,3.11,3.11
fragment_02288,1,31.92,31.92,31.92,31.92,25.43,25.43,25.43,25.43,18.13,18.13,18.13,18.13,12.6,12.6,12.6,12.6,8.16,8.16,8.16,8.16,5.31,5.31,5.31,5.31,3.65,3.65,3.65,3.65
fragment_02289,25,31.51,31.57,31.28,33.33,24.9,24.92,24.72,28.81,17.7,17.89,17.28,20.42,13.61,14.07,12.48,15.46,10.39,10.85,9.12,11.83,8.31,8.7,7.25,9.31,6.75,6.98,6.09,7.29
fragment_02290,5,28.15,28.13,28.13,29.0,23.27,23.4,23.0,23.85,17.3,17.67,16.55,18.64,12.94,13.29,12.2,14.3,9.58,9.74,9.25,10.16,6.68,6.7,6.63,6.71,4.61,4.6,4.6,4.61
fragment_02291,4,30.45,30.46,30.03,30.46,24.07,24.07,23.51,24.07,17.81,17.81,17.8,18.11,13.02,13.02,13.02,13.22,9.39,9.39,9.38,9.43,6.26,6.26,6.26,6.27,4.3,4.3,4.3,4.31
fragment_02292,8,28.26,28.26,28.24,28.27,20.01,20.01,20.0,20.02,13.76,13.76,13.76,13.84,10.78,10.79,10.62,11.13,8.82,8.83,8.62,9.13,6.64,6.64,6.53,6.8,4.74,4.74,4.73,4.74
fragment_02293,8,32.21,31.99,30.74,33.21,25.75,25.37,22.74,27.64,19.6,19.38,16.47,20.98,13.2,13.25,11.56,13.43,8.14,8.15,7.99,8.15,5.3,5.3,5.29,5.3,3.64,3.64,3.64,3.64
fragment_02294,9,35.29,35.89,32.36,35.89,30.29,31.15,25.4,31.15,20.21,20.71,17.38,20.71,11.54,11.55,11.5,11.57,7.0,7.0,6.99,7.01,4.55,4.55,4.55,4.56,3.13,3.13,3.13,3.13
fragment_02295,3,30.05,30.05,30.02,32.1,27.48,27.49,27.47,27.53,19.98,19.99,18.96,19.99,13.78,13.78,13.78,13.91,9.9,9.9,9.9,10.09,7.04,7.04,7.04,7.04,4.89,4.89,4.89,4.9
fragment_02296,1,29.11,29.11,29.11,29.11,21.79,21.79,21.79,21.79,15.27,15.27,15.27,15.27,10.74,10.74,10.74,10.74,8.36,8.36,8.36,8.36,6.15,6.15,6.15,6.15,4.28,4.28,4.28,4.28
fragment_02297,1,34.09,34.09,34.09,34.09,28.02,28.02,28.02,28.02,21.93,21.93,21.93,21.93,16.21,16.21,16.21,16.21,11.12,11.12,11.12,11.12,7.37,7.37,7.37,7.37,5.07,5.07,5.07,5.07
fragment_02298,23,30.5,30.5,30.2,30.56,24.23,24.22,23.92,24.29,18.82,18.83,18.58,18.85,14.61,14.63,14.13,14.63,11.79,11.8,11.18,11.81,9.08,9.07,8.69,9.11,6.57,6.57,6.51,6.57
fragment_02299,8,29.74,29.74,29.73,29.75,22.14,22.13,22.13,22.14,15.59,15.59,15.58,15.59,12.27,12.22,12.22,12.36,10.1,10.05,10.05,10.18,7.78,7.75,7.75,7.83,5.75,5.74,5.74,5.76
fragment_02300,7,29.38,29.37,28.93,32.6,24.32,24.25,24.18,29.64,18.53,18.46,18.46,22.36,14.35,14.32,13.88,15.26,10.01,10.0,9.73,10.23,6.65,6.65,6.65,6.66,4.57,4.57,4.57,4.58
fragment_02301,2,31.24,31.22,31.22,31.25,24.21,24.21,24.21,24.22,18.07,18.07,18.07,18.07,13.89,13.89,13.89,13.89,9.59,9.59,9.59,9.59,6.33,6.33,6.33,6.33,4.35,4.35,4.35,4.35
fragment_02302,2,31.42,31.41,31.41,31.42,24.31,24.31,24.31,24.31,18.42,18.43,18.42,18.43,14.93,14.93,14.93,14.93,11.65,11.65,11.65,11.65,8.63,8.63,8.63,8.63,6.13,6.13,6.13,6.13
fragment_02303,5,33.31,33.19,32.76,35.02,29.7,29.37,29.37,32.27,24.56,24.11,24.11,27.17,17.71,17.55,17.55,18.52,11.34,11.34,11.34,11.36,7.38,7.38,7.38,7.4,5.07,5.07,5.07,5.08
fragment_02304,12,30.55,29.98,29.95,34.08,23.24,22.39,22.38,28.56,16.95,16.06,15.94,22.48,12.83,12.12,11.66,17.05,9.84,9.56,9.01,11.51,7.23,7.17,6.94,7.51,5.15,5.15,5.13,5.16
fragment_02305,1,28.79,28.79,28.79,28.79,20.75,20.75,20.75,20.75,14.71,14.71,14.71,14.71,10.61,10.61,10.61,10.61,8.12,8.12,8.12,8.12,6.26,6.26,6.26,6.26,4.84,4.84,4.84,4.84
fragment_02306,8,27.02,26.72,26.18,31.28,20.75,20.48,19.83,26.7,16.57,16.61,15.73,22.64,13.04,13.13,12.32,16.49,9.89,9.88,9.66,10.63,6.91,6.9,6.9,6.92,4.75,4.75,4.74,4.75
fragment_02307,10,32.28,31.53,28.93,34.41,24.06,23.77,19.56,28.0,16.96,17.41,13.64,21.01,12.99,13.32,11.17,14.88,9.98,10.11,9.0,10.46,6.94,6.96,6.8,6.97,4.78,4.78,4.78,4.79
fragment_02308,4,28.67,28.68,28.52,28.68,19.7,19.71,19.49,19.71,12.62,12.65,12.03,12.65,8.46,8.48,8.25,8.48,6.45,6.46,6.2,6.46,5.18,5.19,5.0,5.19,4.21,4.21,4.11,4.21
fragment_02309,6,28.84,28.61,28.59,30.55,20.46,20.14,20.13,22.84,12.95,12.75,12.69,14.36,9.04,8.92,8.92,9.91,6.76,6.68,6.68,7.39,5.51,5.49,5.23,5.71,4.47,4.45,4.25,4.64
fragment_02310,2,28.73,28.7,28.7,28.78,24.32,24.3,24.3,24.37,18.11,18.11,18.11,18.12,12.99,12.99,12.99,12.99,10.34,10.33,10.33,10.34,7.65,7.65,7.65,7.65,5.33,5.33,5.33,5.33
fragment_02311,6,36.07,36.05,34.54,37.29,32.0,31.92,30.48,34.2,24.09,24.01,23.3,25.66,14.87,14.86,14.86,14.93,9.04,9.04,9.04,9.06,5.88,5.88,5.88,5.89,4.04,4.04,4.04,4.05
fragment_02312,4,34.7,35.18,32.25,35.18,29.16,30.52,26.96,30.52,19.5,20.39,18.63,20.39,11.52,11.54,11.49,11.55,6.99,6.99,6.97,7.0,4.55,4.55,4.54,4.55,3.12,3.13,3.12,3.13
fragment_02313,14,30.4,30.18,30.05,32.97,23.2,22.4,22.33,27.34,17.25,17.11,16.36,19.77,13.09,13.46,12.27,14.48,9.83,10.22,9.24,10.49,7.18,7.28,7.03,7.31,5.02,5.02,5.02,5.02
fragment_02314,9,30.2,29.41,28.5,31.29,25.17,23.67,23.67,27.1,18.25,16.86,16.81,20.03,13.24,12.49,12.49,14.2,9.85,9.4,9.39,10.42,7.52,7.23,7.23,7.91,5.96,5.8,5.8,6.15
fragment_02315,4,31.24,31.69,30.27,31.69,25.6,25.83,25.1,25.83,19.13,19.26,18.84,19.26,14.65,14.78,14.36,14.78,11.33,11.39,11.2,11.39,8.09,8.12,8.02,8.12,5.59,5.59,5.59,5.59
fragment_02316,2,31.12,31.13,31.11,31.13,24.72,24.72,24.71,24.72,18.29,18.29,18.29,18.29,13.76,13.76,13.76,13.76,9.4,9.4,9.4,9.4,6.12,6.12,6.12,6.12,4.2,4.2,4.2,4.2
fragment_02317,8,33.17,33.21,32.17,33.21,27.07,27.08,26.95,27.08,20.43,20.41,20.4,20.92,14.15,14.16,14.14,14.16,9.99,9.99,9.98,9.99,7.7,7.7,7.69,7.7,5.61,5.61,5.61,5.62
fragment_02318,13,27.72,27.54,26.02,28.23,22.92,22.74,19.49,23.63,19.37,19.28,15.56,20.03,13.94,13.92,11.4,14.29,9.5,9.51,8.44,9.57,6.25,6.25,6.15,6.25,4.3,4.3,4.29,4.3
fragment_02319,2,29.93,29.97,29.69,29.97,22.36,22.39,22.17,22.39,14.94,14.95,14.85,14.95,10.45,10.46,10.38,10.46,7.88,7.89,7.85,7.89,6.11,6.12,6.08,6.12,4.8,4.81,4.8,4.81
fragment_02320,15,29.59,29.72,25.95,29.96,26.64,26.89,20.82,26.89,22.19,22.37,17.46,22.37,15.53,15.62,13.1,15.62,9.98,9.98,9.33,9.99,6.5,6.5,6.49,6.5,4.47,4.46,4.46,4.47
fragment_02321,13,30.41,30.36,28.94,30.83,22.32,22.11,20.29,23.85,15.41,15.21,13.24,16.8,10.05,9.96,9.16,10.58,6.41,6.41,6.3,6.42,4.17,4.17,4.17,4.18,2.87,2.87,2.87,2.87
fragment_02322,2,29.92,29.96,29.63,29.96,22.36,22.39,22.11,22.39,14.9,14.92,14.78,14.92,10.41,10.42,10.31,10.42,7.86,7.86,7.81,7.86,6.06,6.07,6.03,6.07,4.74,4.74,4.72,4.74
fragment_02323,22,29.08,28.75,28.49,30.1,21.73,20.71,20.71,23.84,14.56,13.2,13.2,18.02,10.47,9.2,9.2,14.07,8.18,7.17,7.17,10.44,6.69,6.04,6.04,7.47,5.13,4.97,4.97,5.22
fragment_02324,8,32.97,32.23,31.32,34.8,27.72,26.86,25.99,30.32,20.69,20.03,19.58,22.66,13.44,13.42,13.4,13.51,8.17,8.16,8.16,8.19,5.32,5.31,5.31,5.33,3.65,3.65,3.65,3.66
fragment_02325,7,34.28,34.81,32.79,34.81,28.42,29.31,25.81,29.31,23.25,24.28,19.0,24.28,17.33,17.87,14.13,17.87,12.09,12.3,10.68,12.44,8.17,8.21,7.88,8.21,5.64,5.64,5.63,5.64
fragment_02326,12,29.87,29.88,29.85,29.89,22.25,22.25,22.24,22.26,15.39,15.39,15.38,15.4,11.17,11.15,11.1,11.2,8.43,8.44,8.33,8.48,6.83,6.92,6.62,6.94,5.62,5.71,5.39,5.72
fragment_02327,11,32.32,32.51,31.51,32.93,27.34,27.9,24.87,28.12,19.85,20.3,17.46,20.61,14.13,14.3,12.91,14.79,10.08,10.17,9.49,10.39,6.97,6.97,6.89,6.98,4.79,4.79,4.79,4.8
fragment_02328,8,28.7,28.7,28.69,28.71,20.64,20.65,20.63,20.65,14.71,14.71,14.71,14.71,11.12,11.14,11.0,11.31,9.1,9.12,8.94,9.33,7.01,7.02,6.89,7.16,5.13,5.13,5.13,5.14
fragment_02329,3,28.46,28.47,27.73,28.61,24.06,24.06,23.53,24.18,18.02,18.03,17.93,18.04,13.0,13.01,12.91,13.01,11.03,11.03,10.92,11.04,9.77,9.77,9.69,9.78,8.14,8.14,8.11,8.15
fragment_02330,6,32.66,32.95,29.76,32.95,26.39,27.3,20.96,27.3,20.74,21.6,15.26,21.6,14.98,15.29,11.17,15.29,10.48,10.7,8.4,10.7,7.02,7.04,6.54,7.04,4.84,4.84,4.83,4.84
fragment_02331,14,31.56,31.57,31.47,31.6,24.94,24.96,24.88,24.96,18.1,18.4,17.64,18.74,14.35,14.87,13.37,15.47,10.74,11.28,9.97,11.89,7.89,8.24,7.27,8.32,5.66,5.71,5.43,5.72
fragment_02332,1,28.38,28.38,28.38,28.38,18.98,18.98,18.98,18.98,11.29,11.29,11.29,11.29,7.24,7.24,7.24,7.24,4.58,4.58,4.58,4.58,2.98,2.98,2.98,2.98,2.05,2.05,2.05,2.05
fragment_02333,2,26.91,26.91,26.91,26.91,18.52,18.52,18.52,18.52,12.29,12.29,12.29,12.29,7.35,7.35,7.35,7.35,4.45,4.45,4.45,4.45,2.9,2.9,2.9,2.9,1.99,1.99,1.99,1.99
fragment_02334,4,27.33,27.15,27.15,28.27,20.61,20.17,20.17,22.94,15.82,15.31,15.31,18.41,11.91,11.45,11.45,13.62,8.8,8.52,8.52,9.76,6.5,6.45,6.45,6.66,4.58,4.57,4.57,4.58
fragment_02335,28,33.22,33.23,32.09,34.25,25.71,25.29,24.63,29.59,18.97,18.03,17.91,23.74,13.68,12.42,12.18,16.77,9.83,9.19,9.06,10.72,6.9,6.79,6.78,6.98,4.79,4.78,4.78,4.8
fragment_02336,2,32.67,32.67,32.67,32.67,25.3,25.3,25.3,25.3,18.07,18.07,18.07,18.07,13.44,13.44,13.44,13.44,9.64,9.64,9.64,9.64,6.57,6.57,6.57,6.57,4.51,4.51,4.51,4.51
fragment_02337,2,32.04,32.05,32.03,32.05,25.77,25.77,25.77,25.77,19.87,19.88,19.87,19.88,14.5,14.5,14.5,14.5,9.98,9.98,9.98,9.98,6.74,6.74,6.74,6.74,4.63,4.63,4.63,4.63
fragment_02338,5,29.56,29.85,28.98,29.85,24.77,25.25,23.93,25.25,18.11,18.57,17.35,18.57,11.71,11.74,11.67,11.74,7.14,7.14,7.14,7.14,4.65,4.65,4.65,4.65,3.19,3.19,3.19,3.19
fragment_02339,3,30.05,30.05,30.03,32.15,28.24,28.24,27.49,28.24,21.64,21.65,19.34,21.65,15.65,15.66,14.88,15.66,11.25,11.25,11.25,11.62,7.95,7.95,7.95,8.04,5.51,5.51,5.51,5.52
fragment_02340,1,28.6,28.6,28.6,28.6,22.2,22.2,22.2,22.2,16.72,16.72,16.72,16.72,11.07,11.07,11.07,11.07,6.74,6.74,6.74,6.74,4.39,4.39,4.39,4.39,3.01,3.01,3.01,3.01
fragment_02341,4,32.83,32.5,32.5,34.59,26.09,25.7,25.69,28.42,19.99,19.66,19.62,22.02,15.32,15.15,15.14,16.32,10.4,10.32,10.3,10.93,7.12,7.11,7.1,7.18,4.93,4.93,4.93,4.93
fragment_02342,1,31.53,31.53,31.53,31.53,25.12,25.12,25.12,25.12,17.45,17.45,17.45,17.45,11.05,11.05,11.05,11.05,6.93,6.93,6.93,6.93,4.51,4.51,4.51,4.51,3.1,3.1,3.1,3.1
fragment_02343,5,27.13,26.67,26.67,28.73,20.59,19.82,19.82,23.36,16.16,15.87,15.48,18.7,12.47,12.34,11.81,14.13,9.44,9.26,9.09,10.41,7.04,7.04,6.9,7.31,5.04,5.04,5.04,5.04
fragment_02344,3,27.68,27.68,27.64,27.68,22.36,22.36,22.36,22.37,16.55,16.55,16.55,16.57,12.27,12.27,12.27,12.29,8.58,8.58,8.58,8.58,5.71,5.71,5.71,5.71,3.93,3.93,3.93,3.93
fragment_02345,46,38.96,38.92,36.11,40.67,36.73,36.44,33.09,39.33,25.94,25.52,23.72,27.56,15.49,15.47,15.44,15.54,9.41,9.4,9.39,9.42,6.12,6.12,6.11,6.13,4.21,4.21,4.2,4.21
fragment_02346,1,28.66,28.66,28.66,28.66,19.46,19.46,19.46,19.46,14.35,14.35,14.35,14.35,11.33,11.33,11.33,11.33,8.6,8.6,8.6,8.6,6.42,6.42,6.42,6.42,4.57,4.57,4.57,4.57
fragment_02347,8,28.79,28.78,28.76,29.51,21.0,21.0,20.7,23.2,14.53,14.63,13.35,16.52,10.86,10.99,9.4,11.48,7.57,7.64,6.82,7.67,4.98,4.98,4.89,5.0,3.42,3.42,3.42,3.43
fragment_02348,8,30.66,30.32,29.28,31.4,27.88,27.59,24.74,28.79,19.08,18.87,16.05,20.1,11.72,11.67,10.75,12.01,7.27,7.27,7.25,7.28,4.73,4.73,4.73,4.74,3.25,3.25,3.25,3.26
fragment_02349,22,33.9,34.39,31.62,36.88,28.79,29.83,24.83,33.36,19.89,21.06,16.21,24.09,12.9,13.5,11.09,13.91,8.34,8.42,7.78,8.43,5.48,5.48,5.43,5.48,3.76,3.76,3.76,3.77
fragment_02350,2,30.45,30.31,30.31,31.98,22.08,21.66,21.66,26.6,15.85,15.44,15.44,20.23,12.21,11.95,11.95,14.94,9.14,9.03,9.03,10.32,6.7,6.68,6.68,6.87,4.72,4.72,4.72,4.72
fragment_02351,27,33.87,33.6,32.91,35.95,27.68,27.52,26.25,31.76,21.97,21.68,19.95,25.97,16.32,16.15,14.11,18.75,11.46,11.42,10.28,12.0,7.8,7.81,7.59,7.83,5.37,5.37,5.36,5.38
fragment_02352,2,31.79,31.8,31.78,31.8,25.35,25.36,25.34,25.36,19.0,19.01,19.0,19.01,12.77,12.78,12.77,12.78,7.96,7.96,7.96,7.96,5.18,5.18,5.18,5.18,3.56,3.56,3.56,3.56
fragment_02353,3,28.89,28.69,28.68,29.93,20.6,20.25,20.23,22.39,14.24,13.98,13.96,15.58,10.36,10.31,10.3,10.61,6.95,6.95,6.95,6.96,4.53,4.53,4.53,4.53,3.11,3.11,3.11,3.11
fragment_02354,9,31.84,32.02,28.83,32.05,23.82,24.06,19.36,24.06,16.24,16.4,12.62,16.96,10.58,10.62,9.07,11.22,6.92,6.93,6.54,6.97,4.53,4.53,4.53,4.54,3.12,3.12,3.11,3.12
fragment_02355,24,35.65,35.99,32.23,38.26,31.05,31.21,25.37,33.9,21.5,21.27,17.73,23.66,13.34,13.17,12.33,13.73,8.31,8.32,8.21,8.33,5.41,5.41,5.4,5.42,3.72,3.72,3.71,3.72
fragment_02356,14,33.63,32.32,32.24,36.56,28.67,26.6,26.6,32.5,20.72,18.99,18.99,23.76,13.25,12.51,12.51,13.92,8.39,8.31,8.31,8.43,5.48,5.48,5.47,5.49,3.76,3.76,3.76,3.77
fragment_02357,2,32.39,32.41,32.38,32.41,24.85,24.86,24.85,24.86,17.55,17.55,17.55,17.55,12.32,12.32,12.32,12.32,8.11,8.11,8.11,8.11,5.29,5.29,5.29,5.29,3.64,3.64,3.63,3.64
fragment_02358,26,30.9,31.3,28.89,33.38,23.1,23.94,19.26,27.71,16.16,17.09,12.31,20.12,11.16,11.67,8.89,12.68,7.56,7.72,6.55,7.74,5.03,5.03,4.86,5.04,3.46,3.46,3.46,3.46
fragment_02359,2,27.94,27.98,27.84,27.98,21.61,21.63,21.56,21.63,14.74,14.74,14.74,14.75,9.33,9.33,9.33,9.34,5.75,5.74,5.74,5.75,3.74,3.74,3.74,3.74,2.57,2.57,2.57,2.57
fragment_02360,3,26.73,26.73,26.73,26.9,20.94,20.93,20.93,21.13,15.66,15.66,15.66,15.8,11.62,11.62,11.62,11.72,8.28,8.28,8.28,8.31,5.72,5.72,5.72,5.72,3.93,3.93,3.93,3.93
fragment_02361,8,29.87,29.87,29.86,29.87,22.22,22.22,22.22,22.22,15.34,15.34,15.34,15.36,11.26,11.27,11.18,11.27,8.93,8.94,8.62,8.94,7.63,7.64,7.18,7.64,6.01,6.02,5.7,6.02
fragment_02362,2,29.82,29.82,29.82,29.82,22.19,22.19,22.19,22.19,15.33,15.33,15.33,15.33,10.78,10.78,10.78,10.78,7.94,7.94,7.94,7.94,6.31,6.31,6.31,6.31,4.59,4.59,4.59,4.59
fragment_02363,3,27.31,27.3,27.3,27.32,21.91,21.9,21.9,21.99,16.4,16.39,16.39,16.42,12.11,12.1,12.1,12.14,8.93,8.93,8.93,8.93,6.44,6.44,6.43,6.44,4.49,4.5,4.49,4.5
fragment_02364,1,28.53,28.53,28.53,28.53,19.64,19.64,19.64,19.64,14.21,14.21,14.21,14.21,10.53,10.53,10.53,10.53,6.92,6.92,6.92,6.92,4.51,4.51,4.51,4.51,3.1,3.1,3.1,3.1
fragment_02365,2,29.92,29.98,29.61,29.98,22.32,22.38,22.04,22.38,14.84,14.86,14.72,14.86,10.2,10.22,10.11,10.22,7.66,7.67,7.59,7.67,5.98,5.99,5.93,5.99,4.67,4.67,4.66,4.67
fragment_02366,2,30.94,30.98,30.91,30.98,25.88,25.89,25.86,25.89,19.54,19.54,19.54,19.54,15.01,15.01,15.01,15.01,10.64,10.64,10.64,10.64,7.54,7.54,7.53,7.54,5.48,5.48,5.48,5.48
fragment_02367,23,31.67,31.26,30.16,34.01,23.05,22.09,21.6,27.37,15.49,14.42,14.42,19.87,10.65,9.8,9.8,13.02,7.48,6.96,6.96,8.11,5.21,5.1,5.1,5.28,3.62,3.61,3.61,3.63
fragment_02368,6,35.87,36.36,34.34,36.36,31.98,32.72,29.6,32.72,21.68,22.14,20.13,22.23,12.55,12.56,12.5,12.57,7.61,7.61,7.61,7.62,4.95,4.95,4.95,4.96,3.4,3.4,3.4,3.41
fragment_02369,18,30.05,29.71,29.03,31.04,24.73,23.88,23.75,27.0,18.33,17.67,17.44,20.08,13.62,13.31,13.02,14.45,10.36,10.17,9.91,10.88,7.88,7.8,7.65,8.11,5.86,5.84,5.79,5.89
fragment_02370,2,30.47,30.47,30.47,30.47,23.43,23.43,23.43,23.43,16.38,16.38,16.38,16.38,10.81,10.81,10.81,10.81,6.75,6.75,6.75,6.75,4.39,4.39,4.39,4.39,3.02,3.02,3.02,3.02
fragment_02371,1,29.02,29.02,29.02,29.02,20.81,20.81,20.81,20.81,14.57,14.57,14.57,14.57,10.63,10.63,10.63,10.63,7.93,7.93,7.93,7.93,5.7,5.7,5.7,5.7,3.97,3.97,3.97,3.97
fragment_02372,27,29.49,29.57,28.71,32.04,23.0,23.25,20.67,29.54,16.33,16.41,13.7,24.33,12.26,11.96,10.72,19.28,9.62,9.17,9.02,14.46,7.82,7.55,7.47,10.04,6.32,6.19,6.18,6.91
fragment_02373,8,31.3,31.02,31.0,33.71,28.37,27.69,27.69,33.47,20.11,19.43,19.43,25.75,14.27,13.95,13.95,17.35,10.19,10.04,10.04,10.67,6.93,6.93,6.93,6.94,4.76,4.76,4.76,4.77
fragment_02374,5,30.63,30.35,30.14,31.35,23.15,22.55,22.38,24.41,16.05,15.33,15.22,17.5,11.88,11.34,11.26,12.95,8.96,8.75,8.7,9.37,6.34,6.31,6.3,6.39,4.39,4.39,4.39,4.39
fragment_02375,2,30.76,30.76,30.75,30.76,23.68,23.68,23.68,23.68,16.64,16.64,16.64,16.64,11.29,11.29,11.29,11.29,7.1,7.1,7.1,7.1,4.62,4.62,4.62,4.62,3.17,3.17,3.17,3.17
fragment_02376,3,29.54,29.54,29.53,29.67,23.41,23.41,23.4,23.5,16.58,16.58,16.57,16.58,12.0,12.0,12.0,12.0,8.68,8.68,8.68,8.68,5.84,5.84,5.84,5.84,4.01,4.01,4.01,4.01
fragment_02377,2,32.16,31.6,31.6,33.75,26.0,24.94,24.94,28.96,18.18,17.17,17.17,21.01,12.8,12.32,12.32,14.13,8.98,8.79,8.79,9.53,6.22,6.22,6.22,6.23,4.28,4.28,4.28,4.28
fragment_02378,9,29.39,28.54,28.54,30.56,21.36,20.11,20.11,23.05,14.43,12.87,12.87,15.86,10.77,9.26,9.26,11.96,8.48,7.42,7.42,9.29,6.67,6.27,6.27,7.06,5.25,5.15,5.09,5.38
fragment_02379,2,32.48,32.48,32.48,32.48,24.89,24.89,24.88,24.89,17.44,17.44,17.44,17.44,11.88,11.88,11.88,11.88,8.29,8.29,8.29,8.29,6.08,6.08,6.08,6.08,4.24,4.24,4.24,4.24
fragment_02380,4,31.93,31.92,31.91,31.94,25.43,25.43,25.42,25.45,18.83,18.83,18.83,18.84,12.81,12.81,12.81,12.81,8.72,8.72,8.72,8.72,6.22,6.22,6.22,6.22,4.33,4.33,4.33,4.33
fragment_02381,9,31.98,31.92,31.52,32.98,26.48,26.46,25.7,27.71,19.76,19.96,19.16,20.3,13.31,13.42,12.96,13.44,8.17,8.17,8.17,8.18,5.32,5.32,5.32,5.32,3.65,3.65,3.65,3.66
fragment_02382,1,28.98,28.98,28.98,28.98,20.81,20.81,20.81,20.81,14.66,14.66,14.66,14.66,10.7,10.7,10.7,10.7,7.86,7.86,7.86,7.86,5.55,5.55,5.55,5.55,3.86,3.86,3.86,3.86
fragment_02383,28,31.07,30.98,29.15,31.61,21.47,21.48,20.18,21.72,14.19,14.17,12.83,14.81,9.67,9.6,8.37,10.12,6.92,6.91,6.04,7.14,5.45,5.43,4.75,5.66,4.44,4.43,3.92,4.57
fragment_02384,2,29.86,29.85,29.85,29.86,22.24,22.24,22.24,22.24,15.52,15.52,15.52,15.52,12.07,12.07,12.07,12.07,9.9,9.9,9.9,9.9,7.73,7.73,7.73,7.73,5.73,5.73,5.73,5.73
fragment_02385,11,34.88,34.47,32.67,37.21,30.14,28.85,27.35,33.21,21.42,20.37,19.74,23.65,13.43,13.29,12.68,13.71,8.3,8.3,8.24,8.31,5.4,5.4,5.4,5.41,3.71,3.71,3.71,3.72
fragment_02386,23,34.3,34.78,31.75,36.2,29.15,30.39,24.92,31.99,19.95,21.16,16.21,22.92,12.95,13.55,10.84,14.24,8.52,8.66,7.52,8.68,5.64,5.64,5.42,5.65,3.88,3.87,3.87,3.88
fragment_02387,6,31.56,30.62,30.56,33.13,28.4,27.48,27.48,30.95,22.55,21.9,21.9,24.3,17.28,17.16,17.13,17.71,12.03,12.0,12.0,12.06,8.43,8.41,8.41,8.46,6.08,6.07,6.07,6.09
fragment_02388,2,28.37,28.35,28.35,28.38,20.62,20.62,20.62,20.62,14.11,14.11,14.11,14.11,9.75,9.75,9.75,9.75,6.66,6.66,6.66,6.66,4.59,4.59,4.59,4.59,3.15,3.15,3.15,3.15
fragment_02389,2,29.63,29.63,29.63,29.64,22.04,22.04,22.04,22.05,15.06,15.06,15.06,15.06,10.28,10.28,10.28,10.28,7.03,7.03,7.03,7.03,4.99,4.99,4.99,4.99,3.56,3.56,3.56,3.56
fragment_02390,6,25.03,25.05,24.83,32.09,17.4,17.43,17.17,25.25,13.33,13.34,13.19,19.81,11.21,11.21,11.12,15.67,9.38,9.38,9.34,12.09,7.54,7.54,7.52,8.55,5.81,5.81,5.81,5.94
fragment_02391,8,28.05,28.14,26.1,28.15,23.46,23.64,19.65,23.65,20.11,20.32,15.78,20.32,14.53,14.67,11.48,14.67,10.15,10.22,8.55,10.23,6.94,6.96,6.48,6.96,4.79,4.79,4.72,4.79
fragment_02392,9,30.38,30.49,30.14,30.58,22.77,23.07,22.26,23.3,15.4,15.66,14.87,15.83,10.98,11.21,10.4,11.36,8.39,8.57,7.95,8.69,6.46,6.59,6.26,6.73,5.13,5.22,5.01,5.31
fragment_02393,14,32.61,32.25,31.82,36.39,27.36,26.57,25.99,31.59,20.06,19.38,19.13,23.43,13.06,12.94,12.77,13.8,8.32,8.32,8.27,8.37,5.42,5.42,5.41,5.45,3.73,3.73,3.71,3.74
fragment_02394,4,30.9,30.17,30.17,31.61,24.14,22.86,22.86,25.34,16.73,15.35,15.35,18.01,12.02,11.0,11.0,12.96,8.76,8.33,8.33,9.15,6.15,6.07,6.07,6.21,4.27,4.27,4.27,4.27
fragment_02395,4,33.86,33.79,32.02,34.11,27.14,27.2,26.04,27.2,18.23,18.29,16.87,18.29,11.38,11.37,10.76,11.42,6.97,6.97,6.96,6.98,4.54,4.54,4.53,4.54,3.12,3.12,3.11,3.12
fragment_02396,1,29.0,29.0,29.0,29.0,20.8,20.8,20.8,20.8,14.73,14.73,14.73,14.73,10.98,10.98,10.98,10.98,8.26,8.26,8.26,8.26,6.24,6.24,6.24,6.24,4.49,4.49,4.49,4.49
fragment_02397,3,28.53,28.54,28.53,28.57,24.35,24.35,24.35,24.41,18.29,18.29,18.29,18.34,13.14,13.13,13.13,13.18,9.79,9.79,9.79,9.82,6.85,6.85,6.85,6.85,4.71,4.7,4.7,4.71
fragment_02398,7,31.7,32.48,28.86,32.48,26.22,27.53,20.98,27.53,19.77,21.0,14.24,21.29,14.55,15.24,10.38,16.02,10.58,10.82,7.89,11.76,7.68,7.84,6.19,8.25,5.53,5.68,4.78,5.69
fragment_02399,9,33.55,34.25,31.5,34.25,29.75,31.14,24.84,31.14,23.51,25.05,17.55,25.05,16.62,17.51,13.34,17.51,11.15,11.45,9.83,11.45,7.44,7.47,7.18,7.48,5.13,5.13,5.13,5.14
fragment_02400,3,28.95,28.95,28.75,28.95,23.95,23.96,23.1,23.96,18.04,18.05,16.76,18.05,13.64,13.65,12.4,13.65,9.05,9.05,8.81,9.05,5.9,5.9,5.9,5.9,4.05,4.05,4.05,4.05
fragment_02401,2,28.7,28.69,28.69,28.71,20.66,20.66,20.66,20.67,15.04,15.04,15.04,15.05,11.37,11.37,11.37,11.38,9.26,9.26,9.26,9.26,7.44,7.43,7.43,7.44,5.78,5.78,5.78,5.78
fragment_02402,1,29.09,29.09,29.09,29.09,21.68,21.68,21.68,21.68,16.68,16.68,16.68,16.68,13.2,13.2,13.2,13.2,9.32,9.32,9.32,9.32,6.11,6.11,6.11,6.11,4.2,4.2,4.2,4.2
fragment_02403,8,30.3,29.72,28.67,31.24,25.23,23.85,23.83,27.16,18.87,17.7,17.7,20.43,14.51,13.76,13.76,15.51,10.93,10.48,10.43,11.52,7.97,7.84,7.83,8.15,5.63,5.62,5.62,5.63
fragment_02404,5,29.23,29.23,29.22,29.29,22.45,22.43,21.64,22.83,16.43,16.33,15.56,17.46,11.96,11.79,11.43,13.42,9.15,9.04,8.78,10.25,6.97,6.92,6.82,7.32,5.03,5.03,5.02,5.04
fragment_02405,2,29.75,29.76,29.75,29.76,22.15,22.15,22.15,22.15,15.17,15.18,15.17,15.18,10.77,10.77,10.77,10.77,7.94,7.94,7.94,7.94,5.66,5.66,5.66,5.66,3.94,3.94,3.94,3.94
fragment_02406,14,28.32,28.33,28.1,28.52,18.26,18.29,18.02,18.45,11.4,11.58,11.06,11.64,8.3,8.39,8.06,8.45,6.55,6.57,6.45,6.67,5.25,5.29,5.15,5.32,4.23,4.23,4.2,4.28
fragment_02407,2,28.81,28.8,28.8,28.81,20.92,20.93,20.92,20.93,16.26,16.26,16.26,16.26,13.21,13.21,13.2,13.21,11.12,11.12,11.11,11.12,8.48,8.49,8.48,8.49,6.09,6.09,6.09,6.09
fragment_02408,2,31.58,31.58,31.58,31.58,25.13,25.13,25.13,25.13,18.7,18.69,18.69,18.7,12.7,12.7,12.7,12.7,7.94,7.94,7.94,7.94,5.17,5.17,5.17,5.17,3.55,3.55,3.55,3.55
fragment_02409,1,29.28,29.28,29.28,29.28,26.47,26.47,26.47,26.47,19.16,19.16,19.16,19.16,13.63,13.63,13.63,13.63,10.51,10.51,10.51,10.51,7.79,7.79,7.79,7.79,5.39,5.39,5.39,5.39
fragment_02410,6,28.8,28.58,28.58,30.64,20.41,20.12,20.12,22.86,13.0,12.82,12.82,14.58,9.24,9.11,9.11,10.35,7.03,6.95,6.93,7.75,5.59,5.6,5.49,6.03,4.47,4.54,4.35,4.71
fragment_02411,12,36.36,36.83,32.4,36.93,32.05,31.97,27.13,33.83,22.75,22.44,20.41,24.1,13.67,13.66,13.65,13.73,8.31,8.3,8.3,8.32,5.41,5.41,5.4,5.41,3.71,3.71,3.71,3.72
fragment_02412,2,30.36,30.37,30.35,30.37,29.12,29.13,29.12,29.13,22.6,22.6,22.6,22.6,16.22,16.21,16.21,16.22,11.35,11.35,11.35,11.35,7.95,7.95,7.95,7.95,5.74,5.74,5.74,5.74
fragment_02413,2,29.09,29.08,29.08,29.13,21.77,21.76,21.76,21.79,15.22,15.22,15.22,15.22,10.37,10.4,10.29,10.4,7.31,7.34,7.2,7.34,5.06,5.07,5.04,5.07,3.48,3.48,3.48,3.48
fragment_02414,1,28.05,28.05,28.05,28.05,19.68,19.68,19.68,19.68,13.35,13.35,13.35,13.35,9.94,9.94,9.94,9.94,7.69,7.69,7.69,7.69,5.87,5.87,5.87,5.87,4.63,4.63,4.63,4.63
fragment_02415,20,30.74,30.85,29.66,32.72,26.65,26.46,23.61,30.4,21.16,21.32,18.0,24.51,15.96,16.26,13.92,17.99,11.4,11.33,10.24,11.96,7.77,7.77,7.46,7.79,5.34,5.34,5.33,5.35
fragment_02416,3,30.77,30.91,29.98,30.91,25.03,25.32,23.28,25.32,17.68,17.94,16.17,17.94,10.52,10.54,10.38,10.54,6.38,6.39,6.37,6.39,4.16,4.16,4.14,4.16,2.85,2.86,2.85,2.86
fragment_02417,3,28.93,28.66,28.66,31.29,21.11,20.7,20.7,24.74,14.77,14.47,14.47,17.43,11.73,11.57,11.57,13.14,8.89,8.81,8.81,9.57,6.31,6.31,6.31,6.33,4.35,4.35,4.35,4.35
fragment_02418,3,31.22,31.23,31.13,32.36,29.06,29.14,27.61,29.14,21.66,21.74,19.2,21.74,15.06,15.08,14.19,15.09,10.56,10.56,10.5,10.57,7.61,7.61,7.61,7.63,5.68,5.68,5.68,5.68
fragment_02419,2,29.8,29.8,29.79,29.8,22.18,22.18,22.18,22.18,15.38,15.38,15.38,15.38,11.34,11.34,11.34,11.34,8.48,8.48,8.47,8.48,6.13,6.13,6.13,6.13,4.27,4.27,4.27,4.27
fragment_02420,1,29.24,29.24,29.24,29.24,21.35,21.35,21.35,21.35,15.21,15.21,15.21,15.21,11.79,11.79,11.79,11.79,9.01,9.01,9.01,9.01,6.73,6.73,6.73,6.73,4.8,4.8,4.8,4.8
fragment_02421,8,35.55,35.25,32.13,36.48,31.1,30.68,26.08,32.44,22.61,22.09,18.34,24.33,15.69,15.12,13.06,17.52,11.26,10.82,9.71,12.65,8.22,8.05,7.39,8.78,6.0,5.98,5.74,6.05
fragment_02422,3,30.84,30.83,30.83,30.85,21.21,21.0,21.0,21.5,13.54,13.32,13.32,13.84,8.07,8.06,8.06,8.08,4.89,4.89,4.89,4.89,3.18,3.18,3.18,3.18,2.19,2.19,2.19,2.19
fragment_02423,2,33.27,33.27,33.27,33.27,27.6,27.6,27.6,27.6,20.68,20.68,20.68,20.69,16.29,16.29,16.29,16.29,12.62,12.62,12.62,12.62,8.84,8.84,8.84,8.84,6.11,6.11,6.11,6.11
fragment_02424,1,28.51,28.51,28.51,28.51,19.61,19.61,19.61,19.61,13.91,13.91,13.91,13.91,9.73,9.73,9.73,9.73,6.44,6.44,6.44,6.44,4.25,4.25,4.25,4.25,2.92,2.92,2.92,2.92
fragment_02425,3,28.54,28.53,28.53,28.54,21.77,21.77,21.77,21.78,15.18,15.18,15.18,15.19,10.94,10.93,10.93,10.94,7.06,7.06,7.06,7.06,4.6,4.6,4.6,4.6,3.16,3.16,3.16,3.16
fragment_02426,6,30.94,30.94,30.94,31.0,26.32,26.32,26.32,26.36,20.11,20.11,20.04,20.12,14.55,14.55,14.32,14.56,10.38,10.38,10.24,10.38,7.62,7.61,7.61,7.7,5.78,5.78,5.78,5.84
fragment_02427,4,29.16,29.18,29.11,29.18,20.91,20.92,20.88,20.92,15.03,15.12,14.76,15.12,11.46,11.66,10.86,11.66,8.04,8.19,7.6,8.19,5.38,5.38,5.36,5.38,3.7,3.7,3.7,3.7
fragment_02428,4,30.37,30.54,28.75,30.54,21.81,21.93,20.73,21.93,15.02,15.11,14.26,15.11,11.08,11.1,10.92,11.1,7.68,7.68,7.66,7.68,5.09,5.09,5.09,5.09,3.5,3.5,3.5,3.5
fragment_02429,16,28.49,28.53,28.2,28.55,19.95,20.27,19.32,20.35,13.39,13.99,12.38,14.0,9.78,10.48,8.71,10.74,7.58,8.14,6.6,8.59,6.01,6.34,5.44,6.9,4.65,4.76,4.47,5.05
fragment_02430,13,28.49,28.51,28.22,28.63,20.24,19.99,19.33,20.76,13.86,13.66,12.45,14.3,10.04,9.83,8.79,10.47,7.64,7.47,6.73,7.95,5.89,5.79,5.35,6.1,4.5,4.4,4.22,4.69
fragment_02431,24,33.93,33.83,31.76,36.28,28.49,28.04,24.92,31.92,19.18,18.44,16.2,22.69,12.47,12.06,10.83,13.71,8.22,8.2,7.5,8.33,5.41,5.41,5.36,5.42,3.72,3.72,3.71,3.72
fragment_02432,2,28.78,28.79,28.78,28.79,21.82,21.82,21.82,21.82,15.85,15.84,15.84,15.85,12.71,12.71,12.71,12.71,10.71,10.71,10.71,10.71,8.8,8.8,8.8,8.8,6.53,6.53,6.53,6.53
fragment_02433,6,28.68,28.69,28.53,28.72,19.68,19.7,19.49,19.7,12.59,12.64,12.02,12.65,8.65,8.68,8.29,8.68,6.93,6.97,6.42,6.97,5.79,5.82,5.4,5.82,4.76,4.77,4.63,4.77
fragment_02434,10,35.11,35.7,32.42,36.31,28.89,28.95,27.98,29.18,20.12,19.98,19.51,20.67,11.87,11.87,11.85,11.95,7.19,7.19,7.18,7.24,4.68,4.68,4.67,4.71,3.22,3.22,3.21,3.24
fragment_02435,10,31.63,31.28,30.9,32.19,26.54,26.51,26.43,26.58,20.15,20.2,20.01,20.44,15.35,15.28,15.26,15.53,11.04,11.0,10.99,11.11,7.99,7.99,7.97,8.05,5.72,5.72,5.71,5.72
fragment_02436,4,31.53,31.93,30.4,31.93,26.1,26.76,24.26,26.76,18.63,19.09,17.36,19.09,13.69,13.84,13.28,13.84,10.15,10.2,10.02,10.2,7.6,7.61,7.57,7.61,5.82,5.84,5.77,5.84
fragment_02437,8,29.78,29.78,29.72,29.79,22.15,22.15,22.1,22.16,15.65,15.65,15.65,15.82,11.98,11.98,11.98,12.0,9.79,9.79,9.55,9.79,7.83,7.83,7.72,7.83,5.76,5.76,5.74,5.76
fragment_02438,10,35.01,34.88,31.66,36.81,31.59,31.06,24.92,32.98,23.88,23.3,17.08,25.35,17.05,16.54,12.57,18.17,12.08,11.77,9.5,12.68,8.49,8.47,7.35,8.57,5.89,5.89,5.65,5.89
fragment_02439,13,31.41,31.78,30.61,34.92,24.61,24.93,23.73,30.34,19.58,19.66,18.82,23.93,14.42,14.13,14.07,15.98,9.65,9.6,9.6,9.74,6.32,6.32,6.32,6.34,4.34,4.34,4.34,4.35
fragment_02440,3,30.31,30.25,30.25,32.21,27.73,27.68,27.59,27.79,20.11,20.07,19.18,20.16,13.86,13.83,13.83,14.26,10.02,10.0,10.0,10.4,7.04,7.04,7.04,7.1,4.88,4.88,4.88,4.88
fragment_02441,14,35.4,35.75,33.25,38.21,31.38,32.39,28.95,35.3,24.06,24.95,21.9,26.98,15.71,16.01,14.55,16.08,9.73,9.73,9.61,9.74,6.33,6.33,6.33,6.34,4.35,4.35,4.35,4.36
fragment_02442,10,31.68,31.5,30.24,33.6,23.22,22.47,21.8,27.95,16.32,15.59,15.59,20.69,11.81,11.47,11.47,13.29,8.01,7.98,7.98,8.1,5.26,5.26,5.25,5.27,3.61,3.61,3.61,3.62
fragment_02443,1,28.96,28.96,28.96,28.96,22.52,22.52,22.52,22.52,16.95,16.95,16.95,16.95,12.35,12.35,12.35,12.35,9.18,9.18,9.18,9.18,6.64,6.64,6.64,6.64,4.66,4.66,4.66,4.66
fragment_02444,29,31.43,31.9,29.03,31.9,22.15,22.31,20.25,22.96,15.84,16.29,12.93,16.64,11.37,11.71,8.65,11.76,8.36,8.52,6.73,8.52,6.46,6.55,5.54,6.55,5.1,5.15,4.53,5.17
fragment_02445,5,35.61,35.84,33.85,35.97,32.11,32.68,29.31,32.68,20.4,20.68,18.71,20.69,11.52,11.52,11.48,11.54,6.98,6.98,6.98,6.99,4.55,4.54,4.54,4.55,3.12,3.12,3.12,3.13
fragment_02446,9,29.96,30.0,29.72,30.24,22.38,22.4,22.15,22.66,14.87,14.79,14.72,15.35,10.29,10.19,10.16,10.85,7.7,7.63,7.62,8.05,5.58,5.58,5.57,5.62,3.86,3.86,3.86,3.87
fragment_02447,3,31.57,31.56,31.56,31.71,26.02,26.02,26.02,26.15,20.81,20.81,20.81,20.88,16.28,16.28,16.28,16.33,11.31,11.31,11.31,11.31,7.39,7.39,7.39,7.39,5.07,5.07,5.07,5.07
fragment_02448,6,28.8,28.61,28.58,30.6,20.4,20.14,20.12,22.87,12.88,12.72,12.66,14.37,8.98,8.87,8.87,9.9,6.74,6.67,6.67,7.38,5.52,5.53,5.19,5.76,4.49,4.52,4.11,4.55
fragment_02449,3,34.38,34.68,31.5,34.68,30.21,31.1,24.97,31.1,24.76,25.91,18.55,25.91,17.94,18.71,13.81,18.71,12.04,12.36,10.34,12.36,8.0,8.07,7.65,8.07,5.54,5.54,5.54,5.54
fragment_02450,8,28.69,28.7,28.52,28.7,19.68,19.69,19.49,19.69,12.6,12.63,12.02,12.64,8.46,8.47,8.25,8.48,6.45,6.47,6.21,6.47,5.18,5.19,5.0,5.2,4.27,4.28,4.12,4.28
fragment_02451,16,29.57,28.95,28.77,30.57,21.78,20.86,20.22,23.25,15.0,14.97,13.02,16.0,11.35,11.69,9.65,12.11,8.89,9.14,7.76,9.48,7.02,7.01,6.46,7.35,5.47,5.43,5.3,5.6
fragment_02452,2,32.52,32.51,32.51,32.52,26.52,26.53,26.52,26.53,20.4,20.4,20.4,20.4,14.61,14.61,14.61,14.61,9.39,9.39,9.39,9.39,6.11,6.11,6.11,6.11,4.2,4.2,4.2,4.2
fragment_02453,29,34.72,35.04,32.43,37.2,29.66,28.89,27.18,33.77,21.37,20.53,19.32,25.29,14.34,14.03,12.9,15.89,9.41,9.35,8.77,9.67,6.28,6.28,6.19,6.3,4.32,4.32,4.31,4.32
fragment_02454,9,30.03,29.91,29.91,31.97,24.04,24.13,23.46,28.04,17.79,18.26,16.91,20.94,12.32,12.76,11.73,13.27,7.97,8.03,7.9,8.05,5.22,5.22,5.22,5.24,3.59,3.59,3.59,3.6
fragment_02455,2,34.38,34.38,34.38,34.38,28.22,28.22,28.22,28.22,21.97,21.97,21.97,21.97,15.29,15.29,15.29,15.29,9.52,9.52,9.52,9.53,6.2,6.2,6.2,6.2,4.26,4.26,4.26,4.26
fragment_02456,19,32.69,33.38,29.64,36.98,31.19,30.92,27.03,36.19,26.22,25.75,22.59,29.29,19.0,18.78,17.47,19.38,11.98,11.99,11.85,11.99,7.8,7.8,7.79,7.81,5.36,5.36,5.35,5.36
fragment_02457,3,28.66,28.65,28.65,29.02,22.15,22.15,22.15,22.4,16.04,16.04,16.04,16.09,11.43,11.43,11.43,11.47,8.4,8.4,8.4,8.42,6.48,6.48,6.48,6.49,5.15,5.15,5.15,5.16
fragment_02458,3,25.24,25.21,25.21,25.99,17.35,17.33,17.33,17.88,12.77,12.75,12.75,13.12,10.39,10.38,10.38,10.73,8.08,8.07,8.07,8.27,6.38,6.38,6.38,6.51,5.04,5.04,5.04,5.1
fragment_02459,2,31.67,31.66,31.66,32.65,25.25,25.24,25.24,28.13,18.49,18.48,18.48,20.94,14.09,14.09,14.09,15.39,10.32,10.32,10.32,11.18,7.81,7.81,7.81,7.94,5.49,5.49,5.49,5.49
fragment_02460,18,31.29,30.82,29.1,36.67,28.57,29.16,25.97,34.83,23.14,24.05,20.84,27.65,17.17,17.72,16.31,18.93,12.13,12.38,11.63,12.94,8.59,8.66,8.43,8.73,5.99,5.99,5.99,6.0
fragment_02461,32,35.05,34.88,32.46,37.17,30.03,29.12,27.29,34.43,22.08,21.29,20.56,25.94,15.34,15.35,14.62,16.38,9.96,9.99,9.86,10.02,6.51,6.51,6.5,6.53,4.47,4.47,4.47,4.48
fragment_02462,1,32.67,32.67,32.67,32.67,30.59,30.59,30.59,30.59,22.31,22.31,22.31,22.31,14.35,14.35,14.35,14.35,8.84,8.84,8.84,8.84,5.75,5.75,5.75,5.75,3.95,3.95,3.95,3.95
fragment_02463,13,30.33,29.13,29.06,32.03,27.21,24.64,24.6,30.88,18.65,15.92,15.81,22.68,12.28,10.94,10.87,14.15,8.22,7.71,7.71,8.59,5.55,5.46,5.46,5.59,3.84,3.83,3.83,3.84
fragment_02464,22,33.82,34.02,31.74,35.9,28.23,28.18,24.91,32.08,19.0,18.54,16.19,22.93,12.52,12.24,10.82,14.3,8.45,8.41,7.55,8.7,5.65,5.66,5.49,5.67,3.89,3.89,3.89,3.89
fragment_02465,23,30.39,31.11,28.95,31.13,25.55,26.95,23.53,27.08,18.78,20.14,16.88,20.43,13.8,14.8,12.41,15.01,10.46,11.09,9.47,11.36,7.89,8.12,7.52,8.27,5.69,5.73,5.64,5.73
fragment_02466,2,31.91,31.95,31.83,31.95,26.13,26.13,26.12,26.13,19.13,19.1,19.1,19.17,13.04,13.03,13.03,13.04,8.13,8.13,8.13,8.13,5.29,5.29,5.29,5.29,3.63,3.63,3.63,3.63
fragment_02467,7,35.51,36.11,32.42,36.11,31.37,31.84,27.68,33.16,23.38,24.08,20.14,25.26,15.02,15.66,13.33,15.66,9.43,9.6,8.94,9.61,6.24,6.25,6.23,6.26,4.29,4.29,4.29,4.3
fragment_02468,5,27.3,27.87,26.37,28.34,20.76,21.64,19.43,23.17,16.24,16.63,14.97,18.76,12.72,13.0,11.53,14.31,9.76,10.24,8.9,10.62,7.18,7.42,6.8,7.43,5.1,5.12,5.06,5.12
fragment_02469,39,31.22,31.42,28.93,31.71,22.33,22.73,20.23,22.73,15.73,16.22,12.92,16.22,11.15,11.51,8.72,11.51,8.48,8.74,6.73,8.74,7.0,7.19,5.68,7.19,5.49,5.56,4.84,5.56
fragment_02470,4,29.7,29.69,29.69,29.71,22.1,22.09,22.09,22.1,15.75,15.74,15.74,15.75,12.07,12.06,12.06,12.07,9.36,9.36,9.35,9.36,7.44,7.44,7.44,7.45,5.98,5.98,5.98,5.98
fragment_02471,4,25.27,25.27,25.26,29.5,16.15,16.15,16.15,21.19,11.5,11.5,11.49,14.78,8.83,8.83,8.82,10.97,6.9,6.9,6.89,8.01,5.34,5.35,5.34,5.78,3.96,3.96,3.96,4.05
fragment_02472,10,27.38,26.69,26.08,30.93,21.66,21.21,20.82,25.37,17.35,17.31,16.3,20.55,13.89,13.7,12.98,16.29,11.21,10.95,10.61,12.64,8.54,8.45,8.18,8.87,6.09,6.09,6.05,6.1
fragment_02473,2,31.31,31.3,31.3,31.31,24.16,24.16,24.16,24.16,18.23,18.23,18.23,18.23,12.98,12.98,12.98,12.98,9.42,9.42,9.42,9.42,6.61,6.61,6.61,6.61,4.55,4.55,4.55,4.55
fragment_02474,1,33.53,33.53,33.53,33.53,27.75,27.75,27.75,27.75,20.91,20.91,20.91,20.91,14.06,14.06,14.06,14.06,9.12,9.12,9.12,9.12,6.03,6.03,6.03,6.03,4.14,4.14,4.14,4.14
fragment_02475,9,30.55,31.18,28.99,31.18,22.61,23.86,19.31,23.86,14.86,15.94,11.61,15.94,8.91,9.17,7.6,9.17,5.54,5.56,5.27,5.56,3.62,3.62,3.61,3.62,2.48,2.49,2.48,2.49
fragment_02476,27,29.14,28.77,28.51,30.34,21.99,21.06,20.71,25.21,14.98,14.52,13.19,17.9,10.54,10.6,9.1,11.85,7.21,7.33,6.49,7.36,4.78,4.78,4.72,4.8,3.29,3.29,3.28,3.29
fragment_02477,9,32.04,31.91,31.77,32.96,25.83,25.2,25.15,29.46,18.94,18.21,18.21,23.0,14.23,13.83,13.71,16.32,10.22,10.0,9.86,11.41,7.49,7.45,7.36,7.74,5.31,5.31,5.3,5.32
fragment_02478,4,28.68,28.68,28.53,28.69,19.68,19.69,19.49,19.69,12.61,12.63,12.02,12.63,8.46,8.47,8.25,8.47,6.45,6.46,6.21,6.46,5.18,5.19,5.0,5.19,4.21,4.21,4.12,4.21
fragment_02479,1,28.05,28.05,28.05,28.05,19.68,19.68,19.68,19.68,13.34,13.34,13.34,13.34,9.94,9.94,9.94,9.94,7.69,7.69,7.69,7.69,5.77,5.77,5.77,5.77,4.36,4.36,4.36,4.36
fragment_02480,12,30.11,29.41,28.78,31.11,25.1,23.63,23.63,26.92,18.15,16.81,16.79,19.75,12.77,12.06,12.06,14.03,9.17,8.77,8.77,9.88,6.52,6.47,6.47,6.57,4.51,4.51,4.51,4.51
fragment_02481,9,29.15,28.65,28.57,30.57,20.99,20.25,20.11,23.12,14.05,13.67,12.88,15.57,10.44,10.27,9.26,11.47,8.46,8.47,7.3,9.09,7.0,7.05,6.05,7.39,5.74,5.8,5.09,5.95
fragment_02482,3,28.84,28.84,28.84,28.85,20.76,20.76,20.76,20.76,14.56,14.56,14.55,14.56,10.51,10.51,10.2,10.51,8.88,8.88,8.21,8.88,7.79,7.79,6.98,7.79,6.3,6.3,5.64,6.3
fragment_02483,3,35.79,35.78,35.77,35.89,29.44,29.45,29.37,29.45,22.33,22.37,22.15,22.37,16.34,16.37,16.2,16.37,11.37,11.38,11.33,11.38,7.6,7.6,7.6,7.6,5.22,5.22,5.22,5.22
fragment_02484,6,28.77,28.55,28.55,30.6,20.41,20.11,20.11,22.84,13.03,12.83,12.83,14.6,9.25,9.11,9.11,10.37,7.07,6.95,6.95,7.81,5.74,5.56,5.56,6.25,4.74,4.51,4.51,5.11
fragment_02485,24,32.69,32.56,30.33,34.52,26.55,26.1,22.66,30.09,21.04,20.5,17.03,24.45,15.79,15.37,12.47,18.05,11.09,10.95,9.48,11.57,7.52,7.53,7.16,7.55,5.18,5.18,5.16,5.19
fragment_02486,4,30.78,30.78,30.77,30.79,26.22,26.22,26.21,26.23,19.9,19.9,19.89,19.9,13.71,13.71,13.71,13.71,9.61,9.61,9.61,9.61,7.27,7.27,7.27,7.27,5.61,5.61,5.6,5.61
fragment_02487,2,33.69,33.52,33.52,34.61,30.69,30.6,30.6,31.17,26.06,26.1,25.85,26.1,19.87,19.94,19.49,19.94,13.66,13.68,13.54,13.68,8.95,8.95,8.95,8.95,6.15,6.15,6.15,6.15
fragment_02488,2,29.4,29.44,29.35,29.44,24.61,24.63,24.59,24.63,19.3,19.3,19.29,19.3,15.1,15.1,15.09,15.1,11.49,11.49,11.49,11.49,7.98,7.98,7.98,7.98,5.49,5.49,5.49,5.49
fragment_02489,1,29.11,29.11,29.11,29.11,21.75,21.75,21.75,21.75,15.26,15.26,15.26,15.26,10.91,10.91,10.91,10.91,8.61,8.61,8.61,8.61,6.35,6.35,6.35,6.35,4.47,4.47,4.47,4.47
fragment_02490,16,30.54,30.85,29.64,30.89,24.23,24.97,22.11,24.99,18.0,18.63,16.01,18.98,13.96,14.35,12.77,14.37,10.33,10.47,9.82,10.49,7.13,7.15,7.06,7.16,4.91,4.91,4.91,4.92
fragment_02491,2,31.7,31.69,31.69,31.7,26.51,26.51,26.51,26.51,20.51,20.51,20.51,20.52,14.77,14.77,14.77,14.77,10.36,10.36,10.36,10.36,6.99,6.99,6.99,6.99,4.8,4.8,4.8,4.8
fragment_02492,22,36.53,36.4,33.33,39.05,32.44,33.18,28.76,36.01,24.61,25.47,22.15,27.38,16.0,16.35,14.89,16.4,9.93,9.93,9.81,9.95,6.47,6.47,6.46,6.47,4.44,4.44,4.44,4.45
fragment_02493,4,28.65,28.64,28.64,28.66,21.73,21.56,21.56,21.94,15.97,15.84,15.84,16.12,12.62,12.55,12.53,12.71,9.69,9.65,9.64,9.75,7.04,7.03,7.03,7.06,4.88,4.88,4.88,4.88
fragment_02494,19,36.59,36.9,34.51,36.98,34.16,34.96,30.42,34.96,23.41,24.28,20.04,24.29,13.75,13.89,12.94,13.89,8.41,8.41,8.38,8.42,5.47,5.48,5.47,5.48,3.76,3.76,3.76,3.77
fragment_02495,4,31.22,31.32,30.82,31.32,26.35,26.36,26.33,26.36,20.1,20.06,20.04,20.28,15.27,15.22,15.22,15.43,10.67,10.66,10.66,10.7,7.51,7.51,7.51,7.52,5.38,5.37,5.37,5.38
fragment_02496,7,28.84,28.84,28.76,32.69,21.94,22.06,21.04,28.98,16.16,16.23,15.47,22.74,12.71,12.6,12.6,16.48,10.39,10.22,10.22,12.54,8.52,8.41,8.41,9.37,6.54,6.53,6.53,6.65
fragment_02497,1,30.0,30.0,30.0,30.0,23.97,23.97,23.97,23.97,18.31,18.31,18.31,18.31,12.88,12.88,12.88,12.88,9.52,9.52,9.52,9.52,7.01,7.01,7.01,7.01,5.25,5.25,5.25,5.25
fragment_02498,11,31.69,31.72,31.41,31.81,25.42,25.5,25.05,25.65,18.09,18.23,17.66,18.35,12.42,12.94,11.85,12.94,9.59,10.11,8.88,10.11,7.6,7.97,7.0,7.97,5.77,5.89,5.54,5.89
fragment_02499,1,28.55,28.55,28.55,28.55,19.63,19.63,19.63,19.63,14.2,14.2,14.2,14.2,10.65,10.65,10.65,10.65,7.28,7.28,7.28,7.28,4.76,4.76,4.76,4.76,3.27,3.27,3.27,3.27
fragment_02500,2,31.93,31.68,31.68,32.49,25.96,25.27,25.27,27.49,18.31,17.65,17.65,19.77,11.84,11.79,11.79,11.94,7.24,7.24,7.23,7.24,4.71,4.71,4.71,4.71,3.24,3.24,3.23,3.24
fragment_02501,8,30.75,30.72,30.72,30.79,26.2,26.18,26.17,26.23,19.88,19.88,19.87,19.9,13.68,13.68,13.68,13.69,9.49,9.49,9.48,9.5,7.13,7.13,7.13,7.14,5.6,5.57,5.57,5.68
fragment_02502,2,31.48,31.48,31.47,31.48,25.03,25.03,25.03,25.03,18.26,18.26,18.26,18.26,11.88,11.88,11.88,11.88,8.02,8.02,8.02,8.02,5.58,5.58,5.58,5.58,3.84,3.84,3.84,3.84
fragment_02503,1,29.25,29.25,29.25,29.25,21.36,21.36,21.36,21.36,15.21,15.21,15.21,15.21,11.79,11.79,11.79,11.79,9.01,9.01,9.01,9.01,6.73,6.73,6.73,6.73,4.93,4.93,4.93,4.93
fragment_02504,17,30.21,30.03,29.82,32.71,24.94,25.55,23.59,29.67,19.21,20.28,16.83,23.1,14.21,15.12,11.88,15.92,9.94,10.24,8.92,10.61,6.86,6.91,6.65,6.92,4.74,4.74,4.74,4.75
fragment_02505,2,28.85,28.84,28.84,28.85,22.09,22.09,22.09,22.09,16.09,16.09,16.09,16.1,12.07,12.07,12.07,12.08,9.34,9.34,9.34,9.34,7.18,7.18,7.18,7.18,5.52,5.52,5.52,5.52
fragment_02506,2,30.82,30.82,30.79,30.82,24.02,24.0,24.0,24.29,15.2,15.2,15.2,15.27,8.52,8.52,8.52,8.55,5.16,5.16,5.16,5.18,3.36,3.36,3.36,3.37,2.31,2.31,2.31,2.32
fragment_02507,2,26.36,26.36,26.36,26.37,19.63,19.63,19.63,19.64,13.5,13.5,13.5,13.5,9.28,9.28,9.28,9.28,6.03,6.03,6.03,6.03,3.92,3.92,3.92,3.92,2.7,2.7,2.7,2.7
fragment_02508,27,35.05,34.85,32.42,37.17,30.03,29.07,27.3,34.43,22.09,21.29,20.57,25.94,15.35,15.34,14.79,16.4,9.96,9.99,9.89,10.02,6.51,6.51,6.51,6.53,4.47,4.47,4.47,4.48
fragment_02509,2,31.25,31.24,31.24,31.25,23.95,23.94,23.94,23.96,17.85,17.85,17.85,17.86,13.56,13.56,13.56,13.57,9.52,9.52,9.52,9.52,6.78,6.78,6.78,6.78,4.91,4.91,4.91,4.91
fragment_02510,2,29.8,29.8,29.8,29.81,22.2,22.19,22.19,22.2,15.4,15.4,15.4,15.4,11.19,11.19,11.19,11.19,8.2,8.2,8.2,8.2,6.05,6.05,6.05,6.05,4.22,4.22,4.22,4.22
fragment_02511,8,29.99,31.23,28.71,31.23,24.76,27.0,23.64,27.0,17.76,19.87,16.63,19.87,12.5,13.74,11.86,13.74,9.1,9.98,8.63,9.98,6.95,7.54,6.64,7.54,5.4,5.68,5.25,5.68
fragment_02512,9,32.31,32.36,31.96,32.37,26.79,26.97,25.73,26.97,21.41,21.64,19.92,21.64,16.06,16.21,14.91,16.21,10.68,10.72,10.23,10.72,6.98,6.98,6.97,6.98,4.79,4.79,4.79,4.79
fragment_02513,1,32.63,32.63,32.63,32.63,28.16,28.16,28.16,28.16,23.32,23.32,23.32,23.32,18.88,18.88,18.88,18.88,14.44,14.44,14.44,14.44,10.37,10.37,10.37,10.37,7.27,7.27,7.27,7.27
fragment_02514,4,28.71,28.72,28.49,28.72,19.7,19.71,19.49,19.71,12.62,12.65,12.08,12.65,8.68,8.68,8.66,8.69,6.8,6.81,6.7,6.81,5.56,5.56,5.4,5.56,4.54,4.54,4.39,4.55
fragment_02515,7,29.51,29.54,29.46,30.08,21.08,21.32,20.59,21.32,14.81,15.05,14.15,15.05,11.41,11.61,10.74,11.61,9.29,9.59,8.47,9.59,7.43,7.66,7.01,7.66,5.94,6.1,5.84,6.1
fragment_02516,23,36.52,36.96,32.09,38.72,32.24,33.1,25.58,34.43,22.73,23.41,18.32,23.98,13.62,13.71,12.8,13.73,8.31,8.31,8.31,8.32,5.41,5.41,5.41,5.42,3.72,3.71,3.71,3.72
fragment_02517,4,27.27,27.27,26.4,27.28,18.95,18.95,18.95,19.0,12.76,12.75,12.75,13.67,8.27,8.26,8.26,8.38,5.07,5.06,5.06,5.08,3.3,3.3,3.3,3.3,2.26,2.26,2.26,2.27
fragment_02518,12,27.51,27.54,27.43,27.54,22.13,22.16,22.07,22.16,16.87,16.89,16.86,17.09,13.15,13.17,12.93,13.49,10.26,10.28,10.02,10.59,7.62,7.62,7.49,7.8,5.4,5.4,5.39,5.4
fragment_02519,3,28.66,28.66,28.66,28.79,23.8,23.79,23.79,23.89,18.02,18.01,18.01,18.05,12.96,12.95,12.95,12.97,9.3,9.3,9.3,9.31,6.34,6.34,6.34,6.34,4.35,4.35,4.35,4.35
fragment_02520,25,31.71,32.4,30.44,35.07,24.21,25.18,22.14,28.44,17.73,18.07,15.84,21.67,12.65,12.42,11.12,14.95,8.76,8.62,7.74,9.2,5.94,5.96,5.56,5.99,4.1,4.11,4.07,4.11
fragment_02521,4,28.73,28.73,27.89,28.83,23.85,23.85,23.28,23.92,17.32,17.32,17.18,17.34,12.49,12.49,12.38,12.5,9.58,9.58,9.52,9.58,7.06,7.06,7.04,7.06,4.95,4.95,4.95,4.95
fragment_02522,9,28.54,28.57,28.46,28.87,20.86,19.9,19.9,22.11,15.29,14.4,14.39,16.23,12.43,11.83,11.57,13.08,10.1,9.87,8.99,10.38,7.91,7.75,7.28,8.1,5.94,5.84,5.65,6.04
fragment_02523,1,29.09,29.09,29.09,29.09,20.84,20.84,20.84,20.84,14.94,14.94,14.94,14.94,11.55,11.55,11.55,11.55,8.87,8.87,8.87,8.87,6.6,6.6,6.6,6.6,4.95,4.95,4.95,4.95
fragment_02524,1,28.06,28.06,28.06,28.06,19.69,19.69,19.69,19.69,13.35,13.35,13.35,13.35,9.95,9.95,9.95,9.95,7.69,7.69,7.69,7.69,5.8,5.8,5.8,5.8,4.42,4.42,4.42,4.42
fragment_02525,2,29.08,29.07,29.07,29.08,22.75,22.75,22.75,22.75,16.39,16.39,16.39,16.39,11.62,11.62,11.62,11.62,7.43,7.43,7.43,7.43,4.84,4.84,4.84,4.84,3.32,3.32,3.32,3.32
fragment_02526,26,29.05,28.72,28.72,32.53,22.08,21.11,21.11,27.65,15.88,15.02,14.91,21.34,12.61,12.1,11.47,16.46,10.21,9.89,9.19,12.24,8.16,7.92,7.61,9.08,6.19,6.14,5.98,6.33
fragment_02527,22,29.87,29.25,29.12,33.31,26.04,24.76,24.65,31.1,17.68,16.83,15.8,22.98,12.2,12.28,10.67,14.88,8.59,8.83,7.46,9.12,5.88,5.93,5.38,5.94,4.07,4.07,3.99,4.08
fragment_02528,7,30.27,29.73,29.38,31.07,25.19,23.85,23.83,27.0,18.83,17.7,17.7,20.34,14.49,13.76,13.76,15.48,10.92,10.48,10.43,11.51,7.97,7.84,7.83,8.15,5.63,5.62,5.62,5.63
fragment_02529,6,28.3,28.27,28.2,28.87,23.33,23.35,23.01,23.45,17.41,17.44,16.91,17.56,13.22,13.39,12.85,13.44,9.59,9.78,9.23,9.78,6.59,6.61,6.55,6.61,4.54,4.54,4.54,4.54
fragment_02530,3,29.42,29.27,29.27,29.51,21.65,21.54,21.54,21.71,14.2,14.16,14.16,14.23,8.61,8.61,8.61,8.61,5.22,5.21,5.21,5.22,3.4,3.39,3.39,3.4,2.33,2.33,2.33,2.33
fragment_02531,11,32.16,31.53,30.29,36.21,29.46,29.11,27.78,34.93,24.14,23.8,22.32,29.27,18.81,18.44,18.17,21.72,14.1,13.9,13.9,15.26,9.96,9.91,9.91,10.1,6.94,6.94,6.94,6.95
fragment_02532,14,35.56,33.53,32.02,38.09,31.04,28.25,27.49,35.08,23.11,20.78,20.41,26.61,15.63,14.72,14.68,16.61,10.17,10.07,10.04,10.26,6.67,6.67,6.67,6.68,4.58,4.59,4.58,4.59
fragment_02533,1,29.07,29.07,29.07,29.07,20.84,20.84,20.84,20.84,14.84,14.84,14.84,14.84,11.48,11.48,11.48,11.48,8.99,8.99,8.99,8.99,6.87,6.87,6.87,6.87,5.4,5.4,5.4,5.4
fragment_02534,7,28.13,28.2,26.09,28.21,23.57,23.72,19.64,23.74,20.21,20.37,15.79,20.4,14.59,14.7,11.49,14.72,10.28,10.34,8.56,10.35,7.24,7.27,6.5,7.27,5.13,5.14,4.85,5.14
fragment_02535,4,28.69,28.69,28.54,28.69,19.67,19.68,19.5,19.68,12.61,12.62,12.01,12.62,8.46,8.47,8.26,8.47,6.46,6.47,6.22,6.47,5.18,5.19,5.01,5.19,4.21,4.22,4.12,4.22
fragment_02536,7,29.79,28.79,28.65,33.88,21.74,20.25,20.13,27.71,14.8,13.53,13.13,20.21,10.65,9.89,9.48,13.95,7.63,7.25,7.12,9.23,5.64,5.55,5.55,6.04,4.11,4.1,4.09,4.15
fragment_02537,2,27.25,27.25,27.25,27.25,21.87,21.87,21.87,21.87,16.54,16.54,16.54,16.54,12.94,12.94,12.94,12.94,9.76,9.76,9.76,9.76,6.54,6.54,6.54,6.54,4.49,4.49,4.49,4.49
fragment_02538,21,29.0,28.76,28.69,32.9,22.19,21.9,20.89,31.52,15.69,15.36,14.22,26.74,12.05,11.7,10.8,20.82,9.7,9.45,8.87,13.6,7.85,7.76,7.36,8.85,6.0,6.0,5.8,6.09
fragment_02539,3,30.45,30.37,30.15,30.75,22.82,22.56,22.38,23.45,15.67,15.34,15.23,16.39,11.61,11.35,11.26,12.17,8.86,8.75,8.7,9.1,6.33,6.31,6.3,6.38,4.39,4.39,4.39,4.39
fragment_02540,3,35.17,35.36,33.52,35.36,30.5,30.82,27.78,30.82,23.23,23.55,20.49,23.55,16.28,16.43,14.92,16.43,11.61,11.71,10.71,11.71,8.4,8.45,7.99,8.45,5.98,5.99,5.92,5.99
fragment_02541,4,32.07,32.68,30.77,32.68,26.07,27.0,24.0,27.0,17.95,18.72,16.19,18.72,11.28,11.43,10.92,11.43,6.96,6.96,6.96,6.97,4.53,4.53,4.53,4.54,3.11,3.11,3.11,3.12
fragment_02542,10,29.77,29.77,29.67,29.77,22.14,22.14,22.06,22.15,15.49,15.49,15.49,15.55,12.04,12.04,11.71,12.04,9.56,9.56,8.96,9.56,7.35,7.35,6.98,7.35,5.44,5.44,5.38,5.44
fragment_02543,5,31.2,31.86,29.2,32.6,25.53,25.79,23.57,28.19,19.41,19.06,17.72,21.45,15.16,14.75,13.46,16.21,11.63,11.39,10.7,12.28,8.44,8.44,8.04,8.55,5.92,5.93,5.85,5.94
fragment_02544,8,29.79,29.8,29.77,29.8,22.17,22.17,22.16,22.17,15.85,15.75,15.75,15.96,12.08,11.97,11.97,12.23,8.79,8.79,8.79,8.8,6.43,6.53,6.3,6.53,4.58,4.59,4.56,4.59
fragment_02545,9,31.38,31.11,30.87,33.48,24.04,23.84,22.64,27.66,17.52,17.64,15.76,20.38,11.8,12.05,10.61,12.13,7.34,7.35,7.19,7.35,4.78,4.78,4.78,4.78,3.28,3.29,3.28,3.29
fragment_02546,2,33.49,33.48,33.48,33.5,26.37,26.37,26.37,26.38,18.77,18.76,18.76,18.77,12.95,12.95,12.95,12.95,9.45,9.45,9.45,9.45,7.01,7.01,7.01,7.01,5.02,5.02,5.02,5.02
fragment_02547,10,39.49,39.09,35.54,40.07,39.9,38.7,33.65,41.56,33.12,32.22,27.18,34.42,23.33,23.48,19.01,23.48,15.55,15.62,13.1,15.62,10.68,10.71,9.53,10.71,7.47,7.47,7.0,7.47
fragment_02548,9,29.37,28.66,28.66,31.3,19.79,19.11,19.11,21.64,12.64,12.11,12.11,13.71,9.0,8.39,8.39,9.79,6.56,6.18,6.18,6.85,4.54,4.5,4.5,4.57,3.14,3.14,3.13,3.14
fragment_02549,4,32.07,32.05,32.05,32.08,25.8,25.8,25.8,25.81,19.41,19.41,19.41,19.42,13.32,13.33,13.32,13.33,9.04,9.04,9.03,9.04,6.42,6.42,6.42,6.42,4.47,4.47,4.47,4.47
fragment_02550,9,32.16,31.99,30.29,32.85,26.26,25.84,22.6,27.77,20.27,19.73,16.95,21.88,14.05,14.0,12.11,14.68,8.93,8.94,8.65,8.95,5.82,5.82,5.82,5.83,4.0,4.0,4.0,4.0
fragment_02551,1,28.53,28.53,28.53,28.53,19.62,19.62,19.62,19.62,14.22,14.22,14.22,14.22,10.9,10.9,10.9,10.9,8.41,8.41,8.41,8.41,6.35,6.35,6.35,6.35,4.43,4.43,4.43,4.43
fragment_02552,1,34.79,34.79,34.79,34.79,29.29,29.29,29.29,29.29,22.58,22.58,22.58,22.58,15.22,15.22,15.22,15.22,9.74,9.74,9.74,9.74,6.34,6.34,6.34,6.34,4.36,4.36,4.36,4.36
fragment_02553,18,30.08,29.64,28.95,30.94,24.89,23.77,23.76,27.03,18.05,17.04,17.03,19.68,12.66,12.06,12.06,13.13,8.54,8.11,8.11,8.92,5.82,5.71,5.71,5.88,4.04,4.04,4.04,4.04
fragment_02554,7,33.13,33.35,29.93,34.09,27.85,28.46,21.67,28.46,22.53,23.21,15.92,23.21,16.98,17.44,12.65,17.44,11.66,11.81,9.83,11.81,7.74,7.76,7.39,7.76,5.33,5.33,5.31,5.33
fragment_02555,4,31.35,31.37,30.93,33.13,23.99,23.99,23.75,28.52,16.87,16.87,16.81,20.3,12.21,12.21,12.18,12.86,7.81,7.8,7.8,7.81,5.08,5.08,5.08,5.09,3.49,3.49,3.49,3.49
fragment_02556,1,29.06,29.06,29.06,29.06,21.22,21.22,21.22,21.22,14.94,14.94,14.94,14.94,10.91,10.91,10.91,10.91,7.09,7.09,7.09,7.09,4.61,4.61,4.61,4.61,3.17,3.17,3.17,3.17
fragment_02557,9,30.39,29.92,29.92,32.62,24.91,24.43,24.03,28.5,18.8,18.28,17.54,21.4,13.62,13.09,12.68,14.61,8.98,8.91,8.91,9.07,5.88,5.88,5.88,5.9,4.04,4.04,4.04,4.06
fragment_02558,1,28.91,28.91,28.91,28.91,20.71,20.71,20.71,20.71,14.68,14.68,14.68,14.68,10.81,10.81,10.81,10.81,8.13,8.13,8.13,8.13,6.14,6.14,6.14,6.14,4.72,4.72,4.72,4.72
fragment_02559,2,30.7,30.7,30.7,30.71,23.6,23.6,23.6,23.61,16.65,16.64,16.64,16.65,11.91,11.91,11.91,11.91,8.89,8.89,8.89,8.89,6.58,6.58,6.57,6.58,4.58,4.58,4.58,4.58
fragment_02560,8,29.74,29.74,29.74,29.76,22.14,22.13,22.13,22.15,15.29,15.29,15.29,15.29,10.71,10.71,10.71,10.72,7.31,7.31,7.31,7.31,5.26,5.26,5.26,5.26,4.23,4.24,4.21,4.24
fragment_02561,3,28.64,28.63,28.63,28.77,23.79,23.78,23.78,23.87,18.02,18.01,17.98,18.05,12.96,12.95,12.92,12.98,9.3,9.3,9.29,9.31,6.34,6.34,6.34,6.34,4.35,4.35,4.35,4.35
fragment_02562,1,28.07,28.07,28.07,28.07,19.69,19.69,19.69,19.69,13.35,13.35,13.35,13.35,9.95,9.95,9.95,9.95,7.69,7.69,7.69,7.69,5.71,5.71,5.71,5.71,4.15,4.15,4.15,4.15
fragment_02563,22,30.39,30.84,28.89,32.96,21.87,22.3,19.29,25.7,14.69,14.59,12.22,19.29,10.53,10.46,8.64,13.31,7.75,7.82,6.49,8.73,5.58,5.62,5.15,5.74,3.93,3.94,3.91,3.94
fragment_02564,24,30.05,29.66,29.09,31.02,24.74,23.81,23.78,28.0,18.25,17.56,17.38,21.59,13.45,13.17,12.86,15.68,9.95,9.64,9.6,11.26,7.43,7.3,7.19,7.75,5.34,5.33,5.33,5.35
fragment_02565,7,28.05,28.04,28.03,28.05,19.15,19.15,19.14,19.16,13.03,13.03,13.02,13.11,10.63,10.63,10.42,10.85,8.75,8.75,8.5,8.97,6.64,6.64,6.51,6.77,4.73,4.73,4.73,4.73
fragment_02566,4,28.68,28.69,28.53,28.69,19.69,19.7,19.49,19.7,12.62,12.64,12.02,12.64,8.46,8.47,8.25,8.47,6.45,6.46,6.21,6.46,5.18,5.19,5.0,5.19,4.21,4.21,4.12,4.21
fragment_02567,2,31.75,31.75,31.74,31.75,25.27,25.27,25.27,25.27,18.74,18.74,18.74,18.74,13.11,13.11,13.11,13.11,9.01,9.01,9.01,9.01,6.02,6.02,6.02,6.02,4.13,4.13,4.13,4.13
fragment_02568,8,33.66,33.23,33.19,34.69,29.0,28.28,28.28,30.88,19.21,18.63,18.62,20.54,11.53,11.53,11.53,11.55,6.99,6.99,6.99,7.0,4.55,4.55,4.55,4.55,3.13,3.12,3.12,3.13
fragment_02569,2,31.27,31.27,31.27,31.27,24.21,24.22,24.21,24.22,18.12,18.12,18.12,18.12,14.03,14.03,14.03,14.03,10.33,10.33,10.32,10.33,7.14,7.14,7.14,7.14,4.9,4.9,4.9,4.9
fragment_02570,12,31.9,31.9,31.87,31.93,25.41,25.41,25.39,25.43,19.75,20.2,19.4,20.21,15.33,15.87,14.75,15.88,11.62,12.08,11.0,12.09,8.52,8.73,8.12,8.73,6.02,6.04,5.97,6.04
fragment_02571,2,32.51,32.51,32.51,32.51,25.65,25.64,25.64,25.65,19.47,19.47,19.47,19.47,13.78,13.79,13.78,13.79,8.92,8.92,8.92,8.92,5.83,5.83,5.83,5.83,4.01,4.01,4.01,4.01
fragment_02572,6,31.06,30.94,30.65,34.93,23.87,23.63,23.44,31.43,16.96,16.73,16.56,24.28,13.39,13.28,12.9,17.01,10.43,10.42,10.11,11.12,7.26,7.25,7.24,7.29,5.01,5.01,5.0,5.01
fragment_02573,4,30.98,30.91,30.91,33.47,24.81,24.74,24.74,29.72,19.06,19.04,19.04,23.03,14.52,14.52,14.47,16.29,10.09,10.09,10.09,10.15,6.6,6.6,6.6,6.6,4.53,4.53,4.53,4.54
fragment_02574,9,30.03,29.86,29.86,31.95,24.06,24.11,23.31,28.04,17.82,18.26,16.81,20.93,12.34,12.77,11.73,13.27,7.98,8.03,7.9,8.05,5.22,5.22,5.22,5.24,3.59,3.59,3.59,3.6
fragment_02575,7,28.8,28.71,28.58,30.55,20.37,20.22,20.13,22.8,12.99,12.9,12.82,14.57,9.24,9.18,9.11,10.37,7.05,7.0,6.99,7.8,5.7,5.64,5.64,6.24,4.75,4.7,4.69,5.19
fragment_02576,4,31.81,31.69,31.6,32.08,28.02,27.98,27.85,28.18,23.12,23.1,23.03,23.63,17.09,17.07,17.05,17.42,11.37,11.37,11.37,11.38,7.4,7.4,7.4,7.41,5.09,5.09,5.09,5.09
fragment_02577,3,28.47,28.47,28.47,28.52,24.3,24.29,24.29,24.37,18.39,18.39,18.39,18.48,13.48,13.48,13.48,13.56,10.13,10.13,10.13,10.17,7.21,7.2,7.2,7.22,5.05,5.05,5.05,5.05
fragment_02578,1,29.48,29.48,29.48,29.48,21.93,21.93,21.93,21.93,16.71,16.71,16.71,16.71,13.34,13.34,13.34,13.34,10.15,10.15,10.15,10.15,7.49,7.49,7.49,7.49,5.31,5.31,5.31,5.31
fragment_02579,4,28.72,28.74,28.51,28.74,19.72,19.73,19.5,19.73,12.64,12.66,12.09,12.66,8.69,8.69,8.66,8.69,6.81,6.82,6.7,6.82,5.56,5.57,5.4,5.57,4.48,4.49,4.39,4.49
fragment_02580,2,34.34,34.34,34.34,34.34,28.7,28.7,28.69,28.7,21.73,21.73,21.73,21.73,14.85,14.85,14.85,14.85,9.27,9.27,9.27,9.27,6.04,6.04,6.04,6.04,4.15,4.15,4.15,4.15
fragment_02581,1,28.04,28.04,28.04,28.04,19.69,19.69,19.69,19.69,13.32,13.32,13.32,13.32,9.75,9.75,9.75,9.75,7.43,7.43,7.43,7.43,5.59,5.59,5.59,5.59,4.26,4.26,4.26,4.26
fragment_02582,7,30.74,30.85,29.36,32.43,26.55,26.62,25.04,28.73,20.29,20.28,19.89,22.52,15.03,15.03,14.73,16.21,10.06,10.06,10.05,10.11,6.57,6.57,6.57,6.58,4.51,4.51,4.51,4.52
fragment_02583,12,31.61,31.29,30.65,33.44,24.54,23.72,23.38,28.06,15.94,15.21,15.1,19.11,10.43,10.24,10.19,11.09,6.69,6.68,6.68,6.72,4.36,4.36,4.36,4.38,3.0,3.0,2.99,3.01
fragment_02584,8,30.73,30.71,30.71,30.76,26.19,26.17,26.17,26.2,19.87,19.87,19.84,19.88,13.7,13.69,13.69,14.06,9.67,9.66,9.65,10.23,7.49,7.48,7.48,7.95,6.05,6.04,6.04,6.2
fragment_02585,1,29.04,29.04,29.04,29.04,20.83,20.83,20.83,20.83,14.73,14.73,14.73,14.73,10.96,10.96,10.96,10.96,8.22,8.22,8.22,8.22,6.15,6.15,6.15,6.15,4.35,4.35,4.35,4.35
fragment_02586,17,35.18,35.03,32.79,37.11,30.59,30.83,29.4,32.43,23.45,24.0,22.18,25.05,16.08,16.34,15.33,16.87,10.23,10.26,10.12,10.32,6.68,6.68,6.68,6.72,4.59,4.59,4.59,4.62
fragment_02587,6,27.42,27.75,26.32,27.75,20.55,20.85,19.24,20.85,14.34,14.5,13.23,14.51,8.27,8.27,8.24,8.27,5.01,5.01,5.0,5.01,3.26,3.26,3.26,3.26,2.24,2.24,2.24,2.24
fragment_02588,6,29.72,29.72,29.71,29.73,23.55,23.56,23.55,23.56,16.52,16.53,16.52,16.53,11.67,11.67,11.67,11.68,8.57,8.57,8.57,8.58,6.55,6.55,6.54,6.55,5.37,5.37,5.37,5.45
fragment_02589,3,32.19,32.16,32.16,32.3,25.39,25.37,25.37,25.46,18.81,18.81,18.81,18.85,14.83,14.82,14.82,14.85,10.99,10.99,10.99,10.99,7.57,7.57,7.56,7.57,5.2,5.2,5.2,5.2
fragment_02590,3,30.83,30.82,30.35,32.02,22.67,22.53,22.14,24.92,15.58,15.38,15.38,17.22,9.86,9.83,9.83,9.95,6.03,6.03,6.02,6.03,3.92,3.92,3.92,3.93,2.69,2.69,2.69,2.7
fragment_02591,27,29.96,29.62,28.63,31.14,24.52,23.75,23.72,27.12,17.64,17.0,17.0,19.69,12.4,12.06,12.05,13.55,8.58,8.27,8.27,9.36,6.14,5.98,5.98,6.35,4.35,4.34,4.34,4.36
fragment_02592,7,30.06,29.7,29.12,31.01,24.74,23.82,23.79,27.05,18.45,17.79,17.64,20.09,14.18,14.0,13.59,14.67,10.41,10.4,10.11,10.48,7.37,7.37,7.29,7.37,5.07,5.07,5.07,5.07
fragment_02593,3,27.17,27.17,27.09,27.17,21.93,21.93,21.91,21.93,16.06,16.06,16.05,16.06,11.65,11.65,11.65,11.66,8.22,8.22,8.22,8.22,5.48,5.48,5.48,5.49,3.77,3.77,3.77,3.77
fragment_02594,2,28.73,28.73,28.73,28.73,21.76,21.76,21.76,21.76,16.03,16.03,16.03,16.03,11.76,11.76,11.76,11.76,8.83,8.83,8.83,8.83,6.43,6.43,6.43,6.43,4.51,4.51,4.51,4.51
fragment_02595,4,30.76,30.77,30.73,30.77,23.72,23.73,23.71,23.73,16.66,16.66,16.65,16.66,11.48,11.48,11.48,11.48,7.99,7.99,7.99,7.99,5.88,5.88,5.88,5.88,4.48,4.48,4.48,4.48
fragment_02596,7,28.66,28.69,28.6,28.73,23.8,23.83,23.74,23.86,18.41,18.53,18.24,18.54,13.84,14.19,13.44,14.2,10.3,10.67,9.88,10.68,7.51,7.6,7.41,7.6,5.23,5.23,5.23,5.23
fragment_02597,4,26.81,26.69,26.62,30.31,21.46,21.25,21.25,26.45,18.09,17.96,17.75,22.38,14.54,14.49,14.06,17.15,10.85,10.82,10.63,12.19,8.05,8.05,7.91,8.37,5.75,5.75,5.74,5.75
fragment_02598,1,29.06,29.06,29.06,29.06,20.74,20.74,20.74,20.74,14.78,14.78,14.78,14.78,11.31,11.31,11.31,11.31,8.37,8.37,8.37,8.37,5.76,5.76,5.76,5.76,3.97,3.97,3.97,3.97
fragment_02599,3,31.56,31.8,30.68,31.87,25.06,25.47,23.71,25.5,16.97,17.36,15.71,17.37,10.36,10.47,10.01,10.47,6.39,6.39,6.39,6.39,4.16,4.16,4.16,4.16,2.86,2.86,2.86,2.86
fragment_02600,3,29.78,29.79,29.4,29.79,22.18,22.18,21.95,22.18,15.48,15.48,15.37,15.48,11.31,11.31,11.25,11.31,8.52,8.52,8.48,8.52,6.76,6.76,6.74,6.76,5.19,5.19,5.18,5.19
fragment_02601,2,31.5,31.5,31.49,31.5,24.31,24.31,24.31,24.31,17.55,17.55,17.55,17.55,13.46,13.46,13.46,13.46,10.11,10.11,10.11,10.11,6.93,6.93,6.93,6.93,4.76,4.76,4.76,4.76
fragment_02602,8,32.24,32.04,30.69,33.21,25.75,25.37,22.71,27.63,19.59,19.36,16.46,20.98,13.19,13.24,11.56,13.43,8.14,8.15,7.99,8.15,5.3,5.3,5.29,5.3,3.64,3.64,3.64,3.64
fragment_02603,1,28.06,28.06,28.06,28.06,22.45,22.45,22.45,22.45,15.19,15.19,15.19,15.19,9.62,9.62,9.62,9.62,5.86,5.86,5.86,5.86,3.82,3.82,3.82,3.82,2.62,2.62,2.62,2.62
fragment_02604,2,30.68,30.68,30.68,30.68,23.62,23.62,23.62,23.62,16.82,16.82,16.81,16.82,12.1,12.1,12.1,12.1,8.43,8.43,8.43,8.43,5.65,5.65,5.65,5.65,3.88,3.88,3.88,3.88
fragment_02605,3,30.75,30.77,29.55,30.77,24.24,24.25,23.79,24.25,17.68,17.69,17.68,17.82,11.4,11.4,11.4,11.43,7.02,7.02,7.02,7.04,4.57,4.57,4.57,4.58,3.14,3.14,3.14,3.15
fragment_02606,3,34.1,34.09,32.52,34.13,28.29,28.3,27.87,28.3,21.8,21.81,21.79,22.43,15.62,15.62,15.61,15.66,10.0,10.0,9.99,10.0,6.51,6.51,6.51,6.51,4.47,4.47,4.47,4.47
fragment_02607,7,29.86,29.62,29.51,33.39,24.09,23.77,22.87,29.35,18.1,18.13,16.36,23.54,13.8,13.9,12.55,16.89,10.38,10.44,9.73,10.93,7.11,7.11,7.05,7.11,4.88,4.88,4.88,4.89
fragment_02608,6,32.35,32.35,30.24,32.47,26.57,26.63,22.38,26.73,21.46,21.52,16.65,21.67,15.74,15.7,11.89,16.02,11.0,10.92,8.83,11.22,7.41,7.42,6.84,7.42,5.1,5.1,5.09,5.1
fragment_02609,9,28.65,28.65,28.49,28.68,19.66,19.67,19.48,19.68,12.61,12.63,12.03,12.63,8.41,8.42,8.15,8.42,6.2,6.21,5.98,6.21,4.93,4.94,4.73,4.94,3.94,3.94,3.84,3.95
fragment_02610,2,32.02,32.02,32.02,32.02,25.26,25.26,25.25,25.26,18.74,18.75,18.73,18.75,12.92,12.93,12.91,12.93,8.53,8.53,8.52,8.53,5.57,5.57,5.57,5.57,3.83,3.83,3.83,3.83
fragment_02611,2,29.83,29.82,29.82,29.83,22.21,22.21,22.21,22.21,15.4,15.4,15.4,15.41,11.34,11.33,11.33,11.34,8.41,8.41,8.41,8.41,6.08,6.08,6.08,6.08,4.51,4.51,4.51,4.51
fragment_02612,9,30.89,32.64,28.71,32.64,26.88,31.26,20.97,31.26,21.65,26.94,14.76,26.94,16.72,20.71,12.03,20.71,11.67,13.23,9.92,13.23,8.23,8.61,7.71,8.61,5.88,5.92,5.81,5.92
fragment_02613,3,28.29,28.26,28.26,28.74,22.81,22.78,22.78,23.19,17.36,17.35,17.35,17.51,11.4,11.4,11.4,11.41,6.94,6.94,6.94,6.94,4.52,4.52,4.52,4.52,3.1,3.1,3.1,3.1
fragment_02614,18,32.42,31.99,31.92,34.41,26.85,26.97,25.93,29.78,20.15,20.22,19.24,23.36,14.41,14.29,14.0,15.45,9.49,9.49,9.47,9.52,6.19,6.19,6.17,6.2,4.25,4.25,4.24,4.26
fragment_02615,2,35.63,35.92,32.29,35.92,30.05,30.32,26.94,30.32,24.33,24.52,22.14,24.52,17.03,17.09,16.4,17.09,11.62,11.63,11.57,11.63,7.77,7.77,7.77,7.77,5.34,5.34,5.34,5.34
fragment_02616,10,29.93,29.77,29.75,32.0,21.71,21.28,21.28,26.11,14.91,14.36,14.36,20.21,11.0,10.57,10.57,15.24,8.47,8.28,8.27,10.27,6.43,6.39,6.39,6.75,4.62,4.62,4.62,4.63
fragment_02617,20,30.84,30.93,29.36,31.92,23.53,23.93,20.43,24.88,17.77,18.85,14.37,18.85,13.06,13.92,10.85,13.92,8.87,9.03,7.9,9.05,5.88,5.88,5.72,5.89,4.04,4.04,4.04,4.05
fragment_02618,6,28.41,28.67,26.9,29.07,20.49,20.65,19.4,20.97,13.99,14.08,13.23,14.47,10.67,10.71,10.14,11.23,8.23,8.21,7.93,8.93,6.68,6.68,6.42,7.23,5.65,5.66,5.47,5.91
fragment_02619,21,31.72,31.25,29.83,33.1,23.09,22.08,21.56,26.82,15.81,14.75,14.57,20.46,11.32,10.55,10.36,14.15,8.41,7.98,7.89,9.4,6.03,5.96,5.96,6.13,4.2,4.2,4.2,4.21
fragment_02620,2,29.8,29.8,29.8,29.8,23.65,23.65,23.65,23.65,16.51,16.51,16.51,16.51,11.45,11.45,11.45,11.45,8.45,8.45,8.45,8.45,6.51,6.51,6.51,6.51,5.17,5.17,5.17,5.17
fragment_02621,26,36.52,37.71,33.47,39.7,32.5,34.75,28.88,36.06,24.47,26.4,22.78,27.33,15.68,16.38,14.89,16.42,9.9,9.94,9.81,9.95,6.47,6.47,6.46,6.48,4.44,4.44,4.43,4.45
fragment_02622,9,30.24,30.13,29.59,32.08,24.0,23.42,22.63,27.37,17.29,16.72,15.8,20.04,11.66,11.44,10.63,12.17,7.35,7.36,7.24,7.37,4.79,4.79,4.79,4.8,3.29,3.29,3.29,3.3
fragment_02623,4,30.9,30.16,30.16,31.62,24.14,22.86,22.86,25.34,16.73,15.35,15.35,18.01,12.02,11.0,11.0,12.96,8.76,8.33,8.33,9.15,6.15,6.08,6.08,6.21,4.27,4.27,4.27,4.27
fragment_02624,21,29.45,29.64,28.76,32.66,23.47,24.38,20.74,27.8,16.74,17.69,13.67,20.26,11.89,12.24,10.18,13.64,8.33,8.33,7.33,8.73,5.66,5.68,5.37,5.69,3.9,3.9,3.89,3.91
fragment_02625,1,29.05,29.05,29.05,29.05,20.85,20.85,20.85,20.85,14.7,14.7,14.7,14.7,11.18,11.18,11.18,11.18,8.54,8.54,8.54,8.54,5.94,5.94,5.94,5.94,4.11,4.11,4.11,4.11
fragment_02626,4,29.56,29.52,29.52,32.11,27.66,27.63,27.56,27.69,20.75,20.75,19.22,20.77,14.6,14.6,13.98,14.6,10.18,10.18,10.0,10.18,6.75,6.75,6.75,6.76,4.64,4.64,4.64,4.65
fragment_02627,11,35.56,35.21,32.45,36.91,31.21,30.78,27.14,33.89,22.92,22.77,20.59,24.79,14.23,14.24,14.16,14.33,8.66,8.66,8.66,8.68,5.64,5.64,5.64,5.65,3.87,3.87,3.87,3.88
fragment_02628,38,33.64,33.13,32.22,36.24,27.57,26.58,25.88,32.59,19.49,18.35,17.93,24.51,13.48,12.33,12.26,15.88,9.23,8.49,8.47,9.67,6.25,6.1,6.09,6.29,4.31,4.31,4.31,4.32
fragment_02629,2,32.11,32.12,32.1,32.12,29.75,29.76,29.73,29.76,24.49,24.5,24.48,24.5,18.56,18.56,18.56,18.56,12.75,12.75,12.75,12.75,8.45,8.45,8.45,8.45,5.8,5.8,5.8,5.8
fragment_02630,1,27.99,27.99,27.99,27.99,20.07,20.07,20.07,20.07,13.28,13.28,13.28,13.28,7.96,7.96,7.96,7.96,4.82,4.82,4.82,4.82,3.14,3.14,3.14,3.14,2.16,2.16,2.16,2.16
fragment_02631,7,31.69,31.67,31.55,31.79,24.99,24.98,24.9,25.03,17.61,17.29,17.27,18.07,13.12,12.31,12.19,14.27,10.2,9.56,9.09,11.61,8.48,7.99,7.62,9.8,6.64,6.32,6.07,7.35
fragment_02632,7,32.24,31.79,28.87,32.8,26.04,25.17,19.36,27.13,20.04,19.07,13.12,21.22,15.25,14.27,10.4,16.4,11.39,10.63,8.22,12.28,8.29,8.09,6.69,8.54,5.86,5.87,5.45,5.87
fragment_02633,6,34.63,34.78,32.59,36.42,29.71,29.87,27.92,31.99,21.62,21.71,20.7,22.66,12.83,12.84,12.77,12.92,7.78,7.78,7.78,7.83,5.06,5.06,5.06,5.1,3.48,3.48,3.48,3.5
fragment_02634,7,32.01,31.81,28.87,32.5,25.75,25.17,19.36,26.88,19.69,19.05,13.11,20.89,14.85,14.24,10.39,15.89,10.94,10.49,8.19,11.68,7.9,7.83,6.58,8.03,5.51,5.52,5.24,5.52
fragment_02635,6,32.66,32.96,29.77,32.96,26.38,27.31,20.98,27.31,20.74,21.61,15.27,21.61,14.98,15.29,11.18,15.29,10.48,10.71,8.4,10.71,7.02,7.04,6.54,7.04,4.84,4.84,4.83,4.84
fragment_02636,5,30.41,30.27,30.17,30.92,22.76,22.37,22.32,23.87,15.09,14.79,14.77,16.07,9.71,9.66,9.65,9.89,6.02,6.02,6.02,6.02,3.92,3.92,3.92,3.92,2.69,2.69,2.69,2.69
fragment_02637,18,31.26,31.34,29.2,31.68,21.56,21.6,20.21,21.74,14.27,14.24,12.84,14.76,9.9,9.89,8.49,10.22,7.3,7.32,6.4,7.49,5.84,5.83,5.13,6.03,4.69,4.68,4.18,4.82
fragment_02638,6,28.57,28.59,28.54,28.72,23.71,23.72,23.69,23.83,18.09,18.09,18.08,18.34,13.31,13.3,13.3,13.84,9.68,9.68,9.67,10.35,7.16,7.16,7.16,7.33,5.05,5.05,5.05,5.05
fragment_02639,4,28.88,28.87,28.87,28.89,21.99,21.99,21.99,22.01,16.93,16.94,16.75,16.94,14.2,14.22,14.07,14.22,11.81,11.82,11.74,11.82,8.49,8.5,8.46,8.5,5.84,5.84,5.83,5.84
fragment_02640,18,38.22,38.71,35.12,38.71,35.6,36.21,30.85,36.21,23.71,24.0,20.94,24.0,13.35,13.35,13.29,13.36,8.09,8.09,8.08,8.1,5.26,5.26,5.26,5.27,3.62,3.62,3.61,3.62
fragment_02641,2,33.77,34.63,32.49,34.63,29.34,30.75,27.24,30.75,22.26,23.52,20.39,23.52,14.85,15.13,14.44,15.13,9.44,9.44,9.44,9.44,6.14,6.14,6.14,6.14,4.22,4.22,4.22,4.22
fragment_02642,3,33.66,34.64,32.47,34.64,29.12,30.76,27.22,30.76,22.04,23.51,20.38,23.51,14.8,15.13,14.44,15.13,9.44,9.44,9.43,9.44,6.14,6.14,6.14,6.14,4.22,4.22,4.22,4.22
fragment_02643,3,30.38,30.43,30.12,30.43,26.95,27.09,26.13,27.09,17.5,17.62,16.73,17.62,9.73,9.73,9.73,9.74,5.9,5.9,5.9,5.9,3.84,3.84,3.84,3.84,2.64,2.64,2.64,2.64
fragment_02644,3,30.39,30.46,30.29,30.46,22.75,22.97,22.45,23.52,15.22,15.42,14.94,16.26,10.59,10.75,10.36,11.36,7.96,8.08,7.79,8.48,6.16,6.24,6.06,6.52,4.85,4.89,4.79,4.97
fragment_02645,6,28.81,28.57,28.57,30.55,20.45,20.13,20.13,22.82,13.02,12.83,12.75,14.46,9.3,9.19,9.04,10.2,7.15,7.07,6.88,7.82,5.62,5.57,5.57,6.02,4.43,4.36,4.36,4.75
fragment_02646,14,29.77,29.65,28.95,35.02,24.14,23.73,23.6,32.17,17.48,17.09,17.07,25.99,12.97,12.66,12.63,18.06,9.71,9.45,9.44,11.78,7.25,7.14,7.14,7.76,5.26,5.23,5.23,5.33
fragment_02647,4,30.55,30.51,30.51,30.83,23.16,23.13,23.13,23.5,15.92,15.9,15.9,16.24,11.95,11.98,11.76,11.98,9.17,9.23,8.64,9.23,6.8,6.83,6.51,6.83,4.88,4.88,4.84,4.88
fragment_02648,17,29.9,29.77,28.97,31.01,24.31,23.82,23.68,27.02,17.74,17.37,17.27,19.76,13.08,12.97,12.53,13.81,9.66,9.6,9.29,10.1,7.29,7.25,7.12,7.55,5.39,5.39,5.35,5.41
fragment_02649,2,28.34,28.33,28.33,28.34,20.19,20.25,19.96,20.25,15.15,15.5,13.91,15.5,11.49,11.95,9.85,11.95,8.56,8.93,7.23,8.93,6.8,7.06,5.85,7.06,5.51,5.72,4.77,5.72
fragment_02650,6,31.85,31.84,31.84,31.93,25.35,25.35,25.34,25.39,19.47,19.47,19.46,19.82,14.69,14.69,14.67,15.12,11.44,11.45,11.44,11.75,8.64,8.64,8.64,8.72,6.01,6.01,6.01,6.01
fragment_02651,2,29.69,29.69,29.69,29.69,22.08,22.08,22.08,22.08,15.19,15.2,15.19,15.2,10.82,10.82,10.82,10.82,7.26,7.26,7.26,7.26,4.75,4.75,4.75,4.75,3.26,3.26,3.26,3.26
fragment_02652,9,30.22,31.04,28.85,31.04,25.39,27.23,23.62,28.19,19.01,20.59,17.44,23.26,13.93,14.4,13.41,16.74,9.99,10.11,9.65,10.44,6.79,6.79,6.7,6.79,4.67,4.67,4.66,4.67
fragment_02653,4,33.32,33.32,33.31,33.57,27.09,27.09,26.97,27.09,20.49,20.49,20.08,20.5,14.67,14.67,14.64,14.67,10.49,10.49,10.49,10.49,7.83,7.83,7.82,7.83,5.58,5.58,5.58,5.58
fragment_02654,17,29.99,29.89,26.64,32.19,23.33,22.7,20.16,26.85,19.05,18.33,15.66,21.96,14.95,14.5,11.82,16.37,10.5,10.3,9.08,10.86,7.09,7.09,6.81,7.09,4.87,4.87,4.85,4.87
fragment_02655,2,29.17,29.18,29.16,29.18,26.41,26.42,26.4,26.42,19.09,19.1,19.08,19.1,13.44,13.45,13.42,13.45,10.5,10.55,10.45,10.55,8.46,8.52,8.39,8.52,6.66,6.68,6.65,6.68
fragment_02656,3,32.34,32.38,30.25,32.38,26.58,26.65,22.39,26.65,21.45,21.54,16.64,21.54,15.63,15.7,11.88,15.7,10.94,10.97,8.79,10.97,7.7,7.71,6.71,7.71,5.45,5.45,5.04,5.45
fragment_02657,2,31.48,31.38,31.38,31.6,25.08,24.91,24.91,25.28,17.44,17.29,17.29,17.62,11.05,11.0,11.0,11.1,6.93,6.93,6.93,6.93,4.51,4.51,4.51,4.51,3.1,3.1,3.1,3.1
fragment_02658,9,28.65,28.67,28.48,28.67,19.65,19.66,19.47,19.67,12.58,12.6,12.01,12.62,8.4,8.41,8.12,8.44,6.12,6.13,5.83,6.19,4.65,4.66,4.46,4.73,3.72,3.72,3.56,3.83
fragment_02659,26,30.25,30.18,30.12,32.22,25.63,25.48,25.28,30.06,19.64,19.46,18.99,24.95,14.74,14.5,14.26,19.66,11.05,10.57,10.39,14.81,8.57,8.09,7.91,10.96,6.85,6.49,6.38,7.91
fragment_02660,4,29.72,29.72,29.72,29.72,22.11,22.12,22.11,22.12,15.46,15.46,15.46,15.46,11.54,11.54,11.54,11.54,8.85,8.85,8.85,8.86,6.71,6.71,6.7,6.71,4.99,4.99,4.99,4.99
fragment_02661,12,31.79,31.51,31.44,33.4,25.72,25.31,24.82,28.82,19.2,18.87,17.7,23.14,15.4,15.21,14.15,17.41,11.78,11.58,10.89,12.77,8.71,8.61,8.14,9.04,6.22,6.22,6.07,6.24
fragment_02662,1,29.66,29.66,29.66,29.66,23.93,23.93,23.93,23.93,17.94,17.94,17.94,17.94,12.26,12.26,12.26,12.26,9.0,9.0,9.0,9.0,6.55,6.55,6.55,6.55,4.64,4.64,4.64,4.64
fragment_02663,2,29.8,29.8,29.8,29.8,22.19,22.19,22.19,22.19,15.3,15.3,15.3,15.3,10.91,10.91,10.91,10.91,7.76,7.76,7.76,7.76,5.34,5.34,5.34,5.34,3.67,3.67,3.67,3.67
fragment_02664,17,28.95,28.54,28.54,30.57,20.64,20.1,20.1,22.82,13.2,12.58,12.58,15.84,9.7,8.99,8.99,12.49,7.66,7.18,7.18,10.01,6.11,5.82,5.82,7.33,4.85,4.71,4.71,5.04
fragment_02665,2,30.84,30.84,30.84,30.84,23.77,23.77,23.77,23.77,16.78,16.78,16.78,16.78,11.88,11.88,11.88,11.88,8.49,8.49,8.49,8.49,6.22,6.22,6.22,6.22,4.35,4.35,4.35,4.35
fragment_02666,4,29.73,29.72,29.72,29.73,22.12,22.12,22.12,22.13,15.28,15.28,15.28,15.28,10.76,10.76,10.76,10.76,7.86,7.86,7.86,7.87,6.12,6.12,6.12,6.12,4.88,4.88,4.88,4.88
fragment_02667,2,29.83,29.87,29.53,29.87,22.43,22.47,22.2,22.47,15.23,15.24,15.17,15.24,11.15,11.15,11.11,11.15,8.37,8.38,8.36,8.38,6.19,6.19,6.18,6.19,4.6,4.61,4.6,4.61
fragment_02668,9,31.55,31.95,30.94,33.45,28.81,30.24,27.71,32.38,20.36,21.38,19.19,23.85,13.49,13.62,12.74,14.62,8.79,8.86,8.6,8.86,5.77,5.77,5.76,5.77,3.96,3.96,3.96,3.96
fragment_02669,1,32.9,32.9,32.9,32.9,29.2,29.2,29.2,29.2,23.38,23.38,23.38,23.38,16.45,16.45,16.45,16.45,10.57,10.57,10.57,10.57,6.9,6.9,6.9,6.9,4.74,4.74,4.74,4.74
fragment_02670,6,28.86,28.54,28.54,30.59,20.54,20.12,20.11,22.83,13.1,12.83,12.83,14.59,9.31,9.12,9.11,10.37,7.09,6.98,6.96,7.8,5.7,5.68,5.56,6.16,4.63,4.66,4.5,4.9
fragment_02671,21,31.1,31.63,29.24,32.51,28.0,28.91,23.82,29.25,21.95,22.8,17.91,23.43,15.8,16.29,13.53,16.58,11.39,11.7,9.8,11.7,8.16,8.25,7.4,8.26,5.71,5.72,5.57,5.72
fragment_02672,1,35.94,35.94,35.94,35.94,29.5,29.5,29.5,29.5,22.75,22.75,22.75,22.75,18.36,18.36,18.36,18.36,13.59,13.59,13.59,13.59,9.16,9.16,9.16,9.16,6.29,6.29,6.29,6.29
fragment_02673,2,31.1,31.08,31.08,31.18,23.56,23.55,23.55,23.57,17.02,17.02,17.02,17.05,12.05,12.05,12.05,12.06,8.08,8.08,8.08,8.08,5.34,5.34,5.34,5.34,3.67,3.67,3.67,3.67
fragment_02674,21,30.5,30.42,29.85,31.27,25.83,25.75,24.83,26.48,20.74,20.94,18.72,22.14,16.61,17.1,14.32,17.88,12.3,12.57,11.01,13.24,8.74,8.8,8.39,8.8,6.05,6.05,6.03,6.05
fragment_02675,1,28.39,28.39,28.39,28.39,20.7,20.7,20.7,20.7,14.05,14.05,14.05,14.05,9.94,9.94,9.94,9.94,7.47,7.47,7.47,7.47,5.3,5.3,5.3,5.3,3.66,3.66,3.66,3.66
fragment_02676,4,29.87,29.95,29.64,29.96,27.28,27.35,27.11,27.36,19.65,19.51,19.5,20.02,13.8,13.67,13.67,14.13,10.31,10.33,10.24,10.33,7.76,7.78,7.72,7.78,5.9,5.91,5.87,5.91
fragment_02677,2,29.76,29.76,29.76,29.76,22.15,22.15,22.15,22.15,15.43,15.43,15.43,15.43,11.31,11.31,11.31,11.31,8.04,8.04,8.04,8.04,5.42,5.42,5.42,5.42,3.72,3.72,3.72,3.72
fragment_02678,2,30.79,30.79,30.79,30.79,26.23,26.24,26.23,26.24,19.9,19.9,19.9,19.9,13.68,13.68,13.68,13.68,9.47,9.47,9.47,9.47,7.12,7.12,7.12,7.12,5.56,5.56,5.56,5.56
fragment_02679,8,32.98,33.98,29.91,33.98,25.5,26.98,21.09,26.98,17.32,18.36,14.1,18.36,10.33,10.49,9.54,10.57,6.36,6.36,6.31,6.4,4.14,4.14,4.14,4.17,2.85,2.84,2.84,2.86
fragment_02680,17,28.32,28.67,26.31,30.58,22.71,22.43,20.44,25.25,18.77,18.07,16.48,20.22,15.21,14.88,13.41,16.86,11.54,11.72,10.78,12.51,8.22,8.31,8.04,8.32,5.71,5.71,5.69,5.72
fragment_02681,29,30.96,30.87,29.1,31.55,22.81,24.16,20.21,24.16,16.38,18.27,13.01,18.27,12.1,13.98,9.14,13.98,9.1,10.67,6.88,10.67,7.07,7.99,5.52,7.99,5.41,5.75,4.53,5.75
fragment_02682,2,31.29,31.59,30.99,31.59,24.62,25.2,24.02,25.2,17.08,17.65,16.5,17.65,10.69,10.78,10.6,10.78,6.53,6.53,6.53,6.53,4.25,4.25,4.25,4.25,2.92,2.92,2.92,2.92
fragment_02683,4,30.17,30.06,30.06,30.32,27.23,27.47,26.85,27.51,21.49,21.7,21.17,21.72,14.92,14.98,14.84,14.98,9.32,9.32,9.32,9.32,6.07,6.07,6.06,6.07,4.17,4.17,4.17,4.17
fragment_02684,2,23.97,23.97,23.95,23.97,14.35,14.35,14.35,14.36,10.22,10.22,10.1,10.22,7.84,7.86,7.66,7.86,6.3,6.31,6.09,6.31,5.0,5.01,4.98,5.01,3.85,3.85,3.83,3.85
fragment_02685,11,27.56,26.86,26.27,29.78,22.38,22.35,20.02,24.61,18.61,19.25,16.73,19.96,15.5,16.12,13.84,16.25,12.66,12.96,11.58,13.05,9.4,9.44,9.01,9.54,6.61,6.61,6.57,6.62
fragment_02686,17,32.41,32.37,31.52,34.46,26.82,26.31,25.9,29.49,20.12,19.86,19.24,22.5,14.4,14.46,14.02,15.13,9.49,9.49,9.47,9.52,6.19,6.19,6.17,6.2,4.25,4.25,4.24,4.26
fragment_02687,5,31.02,30.76,30.36,32.61,23.56,22.85,22.58,27.14,16.51,15.81,15.8,19.95,11.85,11.42,11.42,13.98,8.78,8.51,8.51,10.11,6.78,6.59,6.59,7.71,5.35,5.24,5.24,5.87
fragment_02688,4,30.83,30.73,30.73,31.01,23.34,23.22,23.22,23.55,16.01,15.92,15.92,16.21,11.84,11.88,11.69,11.88,9.0,9.13,8.68,9.17,6.7,6.74,6.56,6.77,4.86,4.87,4.83,4.88
fragment_02689,15,31.8,31.25,30.81,34.53,25.1,23.88,23.69,29.62,17.14,16.14,15.71,20.78,11.91,11.6,11.17,13.11,7.91,7.9,7.83,7.96,5.17,5.17,5.17,5.18,3.55,3.55,3.55,3.56
fragment_02690,2,28.72,28.72,28.72,28.72,21.65,21.65,21.65,21.65,16.36,16.35,16.35,16.36,11.32,11.32,11.32,11.32,7.45,7.45,7.45,7.45,4.86,4.86,4.86,4.86,3.34,3.34,3.34,3.34
fragment_02691,15,29.18,29.04,29.04,31.84,24.81,24.69,24.66,27.23,16.44,16.29,16.29,18.06,11.17,11.06,11.06,12.3,8.32,8.26,8.24,9.01,6.53,6.4,6.4,7.08,5.3,5.17,5.1,5.69
fragment_02692,3,27.75,27.76,27.65,27.76,22.94,22.94,22.9,22.94,17.02,17.02,17.01,17.02,10.48,10.48,10.48,10.48,6.35,6.35,6.35,6.35,4.13,4.13,4.13,4.13,2.84,2.84,2.84,2.84
fragment_02693,25,30.05,29.77,28.9,31.46,24.57,23.86,23.61,28.77,17.97,17.43,17.28,23.17,13.29,13.15,12.62,17.01,10.04,10.02,9.36,12.6,7.94,7.92,7.46,9.53,6.38,6.41,6.05,7.09
fragment_02694,4,29.54,29.56,29.52,29.57,24.42,24.43,24.41,24.44,17.64,17.65,17.64,17.65,12.25,12.26,12.24,12.26,8.63,8.63,8.62,8.64,6.57,6.57,6.56,6.57,5.18,5.18,5.17,5.18
fragment_02695,2,28.79,28.79,28.79,28.79,21.22,21.22,21.22,21.22,14.4,14.4,14.4,14.4,10.45,10.45,10.45,10.45,7.99,7.99,7.99,7.99,5.86,5.86,5.86,5.86,4.12,4.12,4.12,4.12
fragment_02696,15,32.94,32.64,32.41,36.22,27.59,27.25,27.1,32.65,21.69,21.48,21.19,25.58,16.17,16.21,15.82,17.17,10.68,10.68,10.64,10.73,6.96,6.96,6.96,6.98,4.78,4.78,4.78,4.8
fragment_02697,2,31.63,31.65,31.61,31.65,25.83,25.85,25.82,25.85,19.63,19.64,19.63,19.64,14.32,14.33,14.32,14.33,9.82,9.82,9.82,9.82,6.66,6.66,6.66,6.66,4.57,4.57,4.57,4.57
fragment_02698,48,28.67,28.66,28.58,28.8,23.89,23.91,23.82,24.07,18.67,18.68,18.51,19.38,14.07,14.07,13.62,15.41,10.83,10.78,10.35,12.05,8.46,8.43,8.13,9.02,6.5,6.51,6.32,6.64
fragment_02699,3,27.75,27.74,27.74,28.1,22.08,22.07,22.07,22.33,15.81,15.8,15.8,15.85,10.72,10.72,10.72,10.73,7.36,7.36,7.36,7.36,4.95,4.95,4.95,4.95,3.4,3.4,3.4,3.4
fragment_02700,51,29.73,29.72,29.7,29.74,22.11,22.1,22.08,22.12,15.45,15.45,15.44,15.47,11.69,11.74,11.61,12.43,9.55,9.62,9.35,10.87,8.03,8.18,7.63,9.41,6.68,6.79,6.31,7.61
fragment_02701,10,24.24,24.26,24.1,26.18,16.7,16.74,15.62,20.09,12.99,13.0,12.71,16.02,10.67,10.69,10.49,13.32,8.37,8.39,8.25,9.87,6.28,6.3,6.2,7.08,4.75,4.76,4.71,5.1
fragment_02702,5,30.75,30.91,30.31,31.05,24.11,24.58,22.9,25.14,17.11,17.56,15.83,18.5,12.22,12.58,11.2,13.23,8.95,9.13,8.45,9.38,6.33,6.38,6.21,6.4,4.39,4.39,4.39,4.4
fragment_02703,4,33.17,32.73,32.73,34.97,26.41,25.95,25.9,28.7,20.38,20.04,19.89,22.32,15.72,15.56,15.48,16.67,10.8,10.72,10.66,11.28,7.36,7.36,7.34,7.4,5.08,5.08,5.08,5.08
fragment_02704,3,25.09,25.09,25.08,25.23,17.23,17.23,17.2,17.23,12.7,12.7,12.67,12.7,9.79,9.79,9.79,9.79,7.48,7.48,7.47,7.48,5.72,5.72,5.72,5.73,4.1,4.1,4.1,4.1
fragment_02705,13,30.07,29.47,28.77,31.09,25.01,23.65,23.52,27.03,18.25,16.89,16.86,20.21,13.33,12.4,12.39,14.68,10.06,9.4,9.39,11.01,7.66,7.4,7.39,8.01,5.52,5.52,5.51,5.52
fragment_02706,4,33.38,33.36,33.35,33.76,26.97,26.97,26.94,26.98,20.24,20.26,19.83,20.28,14.61,14.62,14.55,14.62,10.41,10.41,10.41,10.41,7.64,7.64,7.64,7.64,5.4,5.4,5.4,5.4
fragment_02707,1,28.96,28.96,28.96,28.96,20.69,20.69,20.69,20.69,14.32,14.32,14.32,14.32,9.96,9.96,9.96,9.96,6.63,6.63,6.63,6.63,4.4,4.4,4.4,4.4,3.02,3.02,3.02,3.02
fragment_02708,2,29.95,29.98,29.69,29.98,22.38,22.41,22.18,22.41,14.93,14.94,14.85,14.94,10.44,10.45,10.38,10.45,7.88,7.88,7.84,7.88,6.11,6.11,6.08,6.11,4.81,4.81,4.8,4.81
fragment_02709,2,32.47,32.47,32.47,32.47,26.48,26.48,26.48,26.48,20.85,20.85,20.85,20.85,15.51,15.51,15.51,15.51,10.59,10.59,10.59,10.59,7.14,7.14,7.14,7.14,4.91,4.91,4.91,4.91
fragment_02710,5,30.41,30.26,30.17,30.92,22.76,22.37,22.32,23.87,15.09,14.78,14.77,16.07,9.71,9.66,9.65,9.89,6.02,6.02,6.02,6.02,3.92,3.92,3.92,3.92,2.69,2.69,2.69,2.69
fragment_02711,1,28.32,28.32,28.32,28.32,20.0,20.0,20.0,20.0,13.74,13.74,13.74,13.74,10.05,10.05,10.05,10.05,7.9,7.9,7.9,7.9,6.28,6.28,6.28,6.28,5.03,5.03,5.03,5.03
fragment_02712,1,28.94,28.94,28.94,28.94,24.41,24.41,24.41,24.41,18.18,18.18,18.18,18.18,13.87,13.87,13.87,13.87,10.02,10.02,10.02,10.02,7.29,7.29,7.29,7.29,5.03,5.03,5.03,5.03
fragment_02713,5,29.28,29.07,29.04,31.84,24.95,24.76,24.7,27.23,16.47,16.36,16.27,18.05,11.18,11.11,11.04,12.29,8.34,8.3,8.25,8.96,6.43,6.41,6.38,6.82,5.05,5.05,5.02,5.22
fragment_02714,2,31.23,31.25,31.21,31.25,24.16,24.17,24.15,24.17,17.31,17.31,17.3,17.31,12.49,12.5,12.49,12.5,8.55,8.55,8.55,8.55,5.64,5.64,5.64,5.64,3.88,3.88,3.88,3.88
fragment_02715,6,30.95,30.76,30.61,32.56,22.95,22.56,22.56,25.67,13.93,13.73,13.73,15.27,8.34,8.33,8.33,8.38,5.05,5.05,5.05,5.08,3.29,3.29,3.29,3.31,2.26,2.26,2.26,2.27
fragment_02716,2,31.15,31.15,31.15,31.15,24.05,24.05,24.05,24.05,18.54,18.54,18.54,18.54,13.91,13.91,13.91,13.91,10.35,10.35,10.35,10.35,7.18,7.18,7.18,7.18,4.94,4.94,4.94,4.94
fragment_02717,11,37.55,38.3,33.83,38.3,34.3,35.46,29.78,35.46,26.91,27.84,23.17,27.84,17.49,17.56,16.64,17.56,10.81,10.81,10.8,10.81,7.04,7.04,7.03,7.04,4.83,4.84,4.83,4.84
fragment_02718,22,30.32,30.24,29.41,30.53,25.59,25.68,24.5,26.38,20.07,20.21,19.32,21.26,16.06,16.23,15.13,16.66,11.46,11.56,10.76,11.64,7.64,7.64,7.58,7.64,5.25,5.25,5.24,5.25
fragment_02719,39,28.96,28.78,28.75,31.05,21.67,21.11,20.7,26.57,15.45,15.46,13.23,20.05,12.02,12.62,9.45,14.36,9.22,9.85,7.05,10.45,6.94,7.27,5.78,7.39,5.02,5.11,4.6,5.12
fragment_02720,7,30.62,31.2,28.95,31.2,22.64,24.35,19.31,24.35,15.54,17.24,12.43,17.24,11.11,12.07,9.43,12.07,8.03,8.27,7.38,8.27,5.39,5.39,5.33,5.39,3.7,3.71,3.7,3.71
fragment_02721,3,31.14,31.12,30.75,33.0,23.83,23.77,23.55,27.77,16.37,16.32,16.27,18.97,11.16,11.15,11.14,11.49,6.95,6.95,6.95,6.96,4.53,4.53,4.53,4.53,3.11,3.11,3.11,3.11
fragment_02722,11,27.78,26.66,26.09,31.7,21.88,21.07,20.43,27.1,17.56,17.24,16.33,22.88,13.83,13.52,12.81,16.96,10.64,10.39,10.13,11.76,7.72,7.6,7.52,8.03,5.51,5.49,5.47,5.55
fragment_02723,2,33.43,33.99,32.23,33.99,28.63,28.98,27.89,28.98,21.8,21.5,21.5,22.45,16.04,15.83,15.83,16.5,11.33,11.36,11.27,11.36,8.33,8.34,8.3,8.34,6.39,6.4,6.37,6.4
fragment_02724,1,28.27,28.27,28.27,28.27,19.8,19.8,19.8,19.8,13.26,13.26,13.26,13.26,8.64,8.64,8.64,8.64,5.68,5.68,5.68,5.68,3.7,3.7,3.7,3.7,2.54,2.54,2.54,2.54
fragment_02725,3,30.63,30.69,29.31,30.69,27.24,27.3,24.76,27.3,18.29,18.34,15.63,18.34,10.68,10.7,9.8,10.7,6.48,6.48,6.45,6.48,4.22,4.22,4.22,4.22,2.9,2.9,2.9,2.9
fragment_02726,17,28.68,28.69,28.56,28.74,19.69,19.72,19.5,19.8,12.6,12.68,12.03,12.77,8.84,8.91,8.35,9.09,7.17,7.22,6.61,7.49,6.02,6.04,5.57,6.35,5.03,5.06,4.77,5.14
fragment_02727,4,32.47,32.47,31.66,33.8,28.22,28.24,27.33,30.6,24.1,24.22,23.25,26.09,18.49,18.59,18.12,19.09,12.5,12.49,12.49,12.5,8.17,8.17,8.17,8.18,5.61,5.61,5.61,5.62
fragment_02728,4,29.84,29.5,29.5,31.14,21.22,20.11,20.11,22.1,13.95,12.88,12.88,14.52,8.33,8.24,8.24,8.38,5.07,5.08,5.07,5.08,3.3,3.3,3.3,3.3,2.27,2.27,2.27,2.27
fragment_02729,22,28.68,28.68,28.56,28.74,19.68,19.7,19.5,19.78,12.63,12.65,12.04,12.75,8.87,8.85,8.43,9.11,7.28,7.27,6.75,7.48,6.14,6.14,5.73,6.26,4.96,4.96,4.82,5.0
fragment_02730,8,29.77,29.79,29.74,29.79,22.15,22.16,22.13,22.16,15.91,15.94,15.87,15.94,12.27,12.21,12.2,12.35,9.09,8.93,8.92,9.25,6.49,6.44,6.43,6.55,4.53,4.53,4.53,4.53
fragment_02731,8,36.25,35.66,33.19,37.59,31.81,31.26,28.66,33.48,23.37,23.03,21.96,24.39,14.18,14.16,14.16,14.24,8.61,8.61,8.61,8.63,5.61,5.6,5.6,5.62,3.85,3.85,3.85,3.86
fragment_02732,8,36.21,35.58,33.18,37.58,31.8,31.22,28.66,33.49,23.37,23.02,21.96,24.4,14.18,14.16,14.16,14.24,8.61,8.61,8.61,8.63,5.61,5.6,5.6,5.62,3.85,3.85,3.85,3.86
fragment_02733,8,35.91,36.34,32.08,36.34,31.97,32.68,25.79,32.68,24.32,25.02,18.22,25.02,16.82,17.18,13.17,17.18,11.35,11.48,9.81,11.48,7.51,7.52,7.27,7.55,5.17,5.17,5.16,5.18
fragment_02734,19,29.93,29.89,28.79,30.63,24.84,24.56,20.81,25.61,18.62,18.44,14.03,19.4,13.97,13.77,11.19,14.73,10.67,10.49,8.88,11.31,7.94,7.82,6.93,8.28,5.79,5.79,5.46,5.86
fragment_02735,5,28.87,28.58,28.58,31.34,20.55,20.09,20.09,25.38,13.02,12.74,12.74,17.56,9.06,8.91,8.91,11.29,6.57,6.49,6.49,7.1,4.6,4.59,4.59,4.63,3.18,3.18,3.17,3.18
fragment_02736,2,28.7,28.69,28.69,28.72,24.28,24.27,24.27,24.3,18.07,18.07,18.06,18.07,12.76,12.76,12.76,12.76,10.01,10.01,10.01,10.01,7.32,7.32,7.32,7.32,5.1,5.1,5.1,5.1
fragment_02737,4,29.89,29.77,29.76,30.94,22.81,22.64,22.64,24.34,15.58,15.5,15.5,16.05,10.15,10.14,10.01,10.29,6.7,6.7,6.69,6.71,4.37,4.36,4.36,4.37,3.0,3.0,3.0,3.0
fragment_02738,8,28.69,28.71,28.52,28.71,19.68,19.69,19.49,19.69,12.6,12.63,12.02,12.63,8.46,8.47,8.24,8.47,6.46,6.47,6.2,6.47,5.19,5.2,5.0,5.2,4.23,4.24,4.12,4.24
fragment_02739,11,29.54,29.43,28.86,31.14,23.97,23.6,23.58,26.95,17.44,17.0,16.96,19.57,12.95,12.74,12.66,14.73,9.24,9.19,8.99,10.25,6.65,6.62,6.62,6.8,4.67,4.67,4.66,4.67
fragment_02740,2,31.13,31.13,31.13,31.13,24.03,24.03,24.03,24.03,18.13,18.13,18.13,18.13,12.36,12.36,12.36,12.37,8.59,8.59,8.59,8.59,6.25,6.25,6.25,6.25,4.34,4.34,4.34,4.34
fragment_02741,16,33.7,33.2,31.88,36.08,27.78,27.08,25.82,31.77,19.18,19.03,17.76,22.44,12.69,12.77,11.83,13.36,8.06,8.08,7.96,8.1,5.26,5.26,5.26,5.27,3.61,3.61,3.61,3.62
fragment_02742,3,32.13,32.12,32.12,32.29,25.34,25.34,25.33,25.44,18.68,18.68,18.68,18.74,14.48,14.48,14.47,14.52,10.34,10.34,10.34,10.36,7.2,7.2,7.19,7.23,5.03,5.03,5.03,5.03
fragment_02743,20,30.47,30.37,29.61,32.89,24.08,23.83,22.66,29.83,18.2,18.02,15.81,22.7,13.51,13.45,11.0,15.47,9.57,9.57,8.3,9.99,6.49,6.5,6.33,6.5,4.46,4.46,4.46,4.47
fragment_02744,3,30.18,30.33,28.83,30.33,22.35,22.68,19.4,22.68,15.6,15.96,12.49,15.96,10.36,10.52,8.89,10.52,6.88,6.95,6.24,6.95,4.53,4.54,4.51,4.54,3.12,3.12,3.11,3.12
fragment_02745,2,33.8,33.79,33.79,33.82,26.53,26.53,26.53,26.54,19.12,19.12,19.12,19.12,14.29,14.29,14.29,14.29,11.21,11.21,11.21,11.21,8.81,8.81,8.81,8.81,6.5,6.5,6.5,6.5
fragment_02746,2,29.37,29.43,29.16,29.43,21.24,21.28,21.09,21.28,13.46,13.48,13.41,13.48,7.62,7.62,7.61,7.62,4.62,4.62,4.61,4.62,3.0,3.01,3.0,3.01,2.06,2.06,2.06,2.06
fragment_02747,4,32.55,32.46,31.85,32.7,27.59,27.6,26.1,28.21,21.05,21.21,20.13,21.82,14.73,14.79,14.46,15.02,9.43,9.42,9.42,9.44,6.14,6.14,6.14,6.15,4.22,4.22,4.22,4.22
fragment_02748,1,30.0,30.0,30.0,30.0,23.98,23.98,23.98,23.98,18.31,18.31,18.31,18.31,12.88,12.88,12.88,12.88,9.53,9.53,9.53,9.53,7.06,7.06,7.06,7.06,5.4,5.4,5.4,5.4
fragment_02749,1,28.63,28.63,28.63,28.63,20.52,20.52,20.52,20.52,14.21,14.21,14.21,14.21,9.31,9.31,9.31,9.31,6.55,6.55,6.55,6.55,4.57,4.57,4.57,4.57,3.14,3.14,3.14,3.14
fragment_02750,2,29.9,29.93,29.69,29.93,22.34,22.36,22.17,22.36,14.9,14.91,14.84,14.91,10.41,10.42,10.37,10.42,7.86,7.86,7.84,7.86,6.09,6.09,6.08,6.09,4.8,4.8,4.8,4.8
fragment_02751,2,35.67,35.69,35.17,35.69,29.81,29.83,29.26,29.83,23.14,23.13,23.13,23.55,18.78,18.78,18.78,18.92,13.99,13.99,13.99,14.0,9.42,9.42,9.42,9.42,6.47,6.47,6.47,6.47
fragment_02752,12,30.04,29.45,28.88,31.15,24.97,23.65,23.54,26.97,18.16,16.88,16.76,19.96,13.05,12.33,12.26,14.05,9.49,9.06,9.01,10.1,6.99,6.82,6.8,7.25,5.02,5.02,5.01,5.03
fragment_02753,5,28.37,28.41,28.31,28.91,23.15,23.25,22.96,23.25,17.15,17.27,16.52,17.27,12.76,12.71,12.67,12.87,9.1,9.02,9.01,9.2,6.19,6.19,6.19,6.2,4.26,4.26,4.26,4.26
fragment_02754,2,29.62,29.62,29.62,29.62,22.04,22.04,22.04,22.04,15.31,15.3,15.3,15.31,11.1,11.1,11.1,11.1,7.57,7.57,7.57,7.57,5.18,5.18,5.18,5.18,3.56,3.56,3.56,3.56
fragment_02755,13,34.49,34.15,32.4,36.28,28.7,27.68,26.48,32.38,19.45,18.43,18.4,23.1,12.48,12.04,12.0,13.38,8.05,8.0,8.0,8.11,5.27,5.26,5.26,5.28,3.62,3.62,3.61,3.63
fragment_02756,30,29.96,29.72,28.75,31.17,24.5,23.88,23.68,27.21,18.21,17.61,17.48,20.36,13.71,13.36,13.15,15.63,10.46,10.37,10.04,11.89,8.21,8.28,7.73,9.35,6.44,6.51,6.11,7.04
fragment_02757,10,32.23,32.23,31.29,32.25,28.14,28.16,26.36,28.16,22.28,22.3,20.28,22.3,15.48,15.46,13.89,15.88,9.9,9.9,9.34,9.92,6.46,6.46,6.42,6.46,4.44,4.44,4.43,4.44
fragment_02758,9,28.65,28.65,28.62,28.74,20.29,20.3,19.72,20.31,14.56,14.58,13.61,15.17,10.81,10.82,10.41,12.24,8.28,8.29,8.07,9.49,6.44,6.44,6.31,6.61,4.54,4.54,4.54,4.55
fragment_02759,4,27.9,27.9,27.88,27.95,21.81,21.81,21.75,21.81,16.0,16.0,16.0,16.03,12.23,12.23,12.23,12.31,9.23,9.23,9.23,9.33,6.63,6.63,6.63,6.64,4.56,4.56,4.56,4.56
fragment_02760,7,33.02,32.72,32.72,34.82,27.98,27.41,27.41,30.85,18.49,18.14,18.14,20.35,11.5,11.49,11.49,11.54,6.98,6.97,6.97,6.99,4.54,4.54,4.54,4.55,3.12,3.12,3.12,3.13
fragment_02761,9,31.15,31.37,30.24,31.85,23.07,23.45,21.76,24.17,16.44,16.8,15.46,16.8,10.62,10.77,10.21,10.77,6.53,6.53,6.52,6.53,4.25,4.25,4.24,4.25,2.92,2.92,2.92,2.92
fragment_02762,2,30.76,30.76,30.76,30.76,23.66,23.66,23.66,23.66,16.72,16.72,16.71,16.72,11.84,11.84,11.84,11.84,8.77,8.77,8.77,8.77,6.64,6.64,6.64,6.64,4.91,4.92,4.91,4.92
fragment_02763,2,32.13,32.14,32.12,32.14,25.33,25.34,25.33,25.34,18.67,18.67,18.67,18.67,14.47,14.48,14.47,14.48,10.36,10.36,10.36,10.36,7.37,7.37,7.37,7.37,5.39,5.39,5.39,5.39
fragment_02764,19,29.63,29.6,28.92,32.67,24.81,24.6,24.48,30.48,19.23,18.81,18.8,24.33,15.11,14.63,14.5,18.05,11.11,10.77,10.74,12.58,8.13,8.04,8.03,8.38,5.75,5.75,5.75,5.76
fragment_02765,2,33.32,33.52,32.45,33.52,28.26,28.79,25.89,28.79,20.33,20.86,17.95,20.86,12.91,13.07,12.22,13.07,8.15,8.18,8.03,8.18,5.32,5.32,5.32,5.32,3.66,3.66,3.66,3.66
fragment_02766,1,28.43,28.43,28.43,28.43,21.09,21.09,21.09,21.09,15.99,15.99,15.99,15.99,11.42,11.42,11.42,11.42,8.29,8.29,8.29,8.29,5.51,5.51,5.51,5.51,3.78,3.78,3.78,3.78
fragment_02767,13,30.32,30.29,30.03,30.49,23.03,23.05,22.97,23.47,17.73,17.8,17.36,18.39,13.24,13.31,13.06,13.73,9.72,9.75,9.67,9.89,6.67,6.67,6.66,6.67,4.58,4.59,4.58,4.59
fragment_02768,8,31.72,32.07,28.64,32.08,26.59,27.3,20.47,27.3,20.32,21.07,14.06,21.08,14.89,15.43,10.37,15.44,10.72,11.05,7.89,11.05,7.8,7.99,6.18,7.99,5.61,5.7,4.86,5.7
fragment_02769,3,30.44,30.12,30.12,31.07,23.4,22.74,22.74,24.68,15.54,15.02,15.02,16.53,9.96,9.84,9.84,10.19,6.21,6.21,6.21,6.21,4.04,4.04,4.04,4.04,2.78,2.78,2.78,2.78
fragment_02770,4,28.7,28.73,28.53,28.73,19.74,19.76,19.51,19.76,12.66,12.69,12.1,12.69,8.71,8.71,8.65,8.71,6.82,6.83,6.69,6.83,5.56,5.57,5.4,5.57,4.49,4.49,4.39,4.49
fragment_02771,2,31.23,31.22,31.22,31.23,24.08,24.09,24.08,24.09,18.58,18.58,18.58,18.58,14.0,14.0,14.0,14.0,10.64,10.64,10.64,10.64,7.42,7.42,7.42,7.42,5.11,5.11,5.11,5.11
fragment_02772,9,31.48,31.3,31.12,33.96,23.2,22.52,22.52,28.61,16.88,16.02,16.02,21.73,12.29,11.75,11.75,13.69,8.24,8.2,8.18,8.31,5.4,5.4,5.39,5.41,3.71,3.71,3.7,3.72
fragment_02773,7,35.33,35.51,33.45,36.01,30.86,31.31,28.26,31.46,22.29,22.64,20.81,22.64,12.84,12.83,12.83,12.93,7.78,7.78,7.78,7.83,5.07,5.06,5.06,5.1,3.48,3.48,3.48,3.5
fragment_02774,6,29.78,29.78,29.76,29.79,22.16,22.15,22.14,22.16,15.45,15.45,15.45,15.53,11.83,11.84,11.59,11.84,9.31,9.31,9.06,9.32,7.53,7.53,7.37,7.54,5.67,5.67,5.66,5.67
fragment_02775,9,27.24,26.66,26.0,31.34,21.27,20.72,20.32,26.83,17.02,16.96,16.07,22.68,13.36,13.36,12.55,16.81,10.29,10.22,9.94,11.38,7.37,7.37,7.32,7.44,5.1,5.1,5.1,5.11
fragment_02776,2,29.85,29.9,29.61,29.9,22.25,22.29,22.01,22.29,14.56,14.57,14.49,14.57,8.62,8.62,8.62,8.62,5.23,5.23,5.23,5.23,3.4,3.4,3.4,3.4,2.34,2.34,2.34,2.34
fragment_02777,14,32.39,33.16,30.59,34.79,25.97,27.59,23.13,30.23,17.46,18.72,15.15,21.1,12.22,12.78,11.23,13.31,8.04,8.09,7.97,8.1,5.26,5.26,5.26,5.27,3.61,3.62,3.61,3.62
fragment_02778,2,30.86,30.86,30.86,30.86,26.25,26.25,26.25,26.25,19.85,19.85,19.85,19.85,13.13,13.13,13.13,13.13,8.0,8.0,8.0,8.0,5.21,5.21,5.21,5.21,3.58,3.58,3.58,3.58
fragment_02779,9,30.57,30.37,29.72,32.19,26.66,26.32,23.65,29.51,21.63,21.19,17.58,25.87,16.86,16.49,13.42,20.93,12.34,12.16,10.09,14.34,8.9,8.85,7.69,9.52,6.48,6.49,5.95,6.54
fragment_02780,4,29.56,29.51,29.51,32.07,27.58,27.55,27.53,27.61,20.61,20.61,19.36,20.63,14.56,14.57,14.56,14.6,10.44,10.44,10.43,11.02,7.44,7.44,7.44,7.57,5.2,5.2,5.2,5.2
fragment_02781,2,29.81,29.81,29.81,29.81,23.63,23.63,23.63,23.63,16.53,16.53,16.53,16.53,11.65,11.65,11.65,11.65,8.88,8.88,8.88,8.88,6.81,6.81,6.81,6.81,5.3,5.3,5.3,5.3
fragment_02782,8,30.89,30.92,30.83,30.94,26.28,26.3,26.25,26.31,20.48,20.34,20.29,20.81,15.02,14.77,14.73,15.53,11.06,10.76,10.72,11.63,8.47,8.25,8.23,8.87,6.53,6.44,6.43,6.68
fragment_02783,2,28.21,28.22,28.21,28.22,20.39,20.4,20.39,20.4,13.64,13.64,13.64,13.64,8.98,8.98,8.98,8.98,6.04,6.04,6.04,6.04,3.94,3.94,3.94,3.94,2.71,2.71,2.71,2.71
fragment_02784,4,29.48,29.57,28.6,29.57,22.55,22.83,20.81,22.83,14.8,15.07,13.17,15.07,8.85,8.88,8.6,8.89,5.38,5.38,5.35,5.38,3.5,3.5,3.48,3.5,2.41,2.41,2.39,2.41
fragment_02785,3,30.15,30.13,30.13,32.19,28.39,28.38,27.52,28.41,21.75,21.76,19.12,21.76,15.73,15.76,14.2,15.76,11.38,11.4,10.67,11.4,7.99,7.99,7.7,7.99,5.51,5.51,5.51,5.51
fragment_02786,25,33.49,33.48,32.56,35.04,26.22,26.12,25.38,30.08,20.06,20.08,19.07,24.85,14.53,14.32,13.5,17.49,10.13,9.96,9.49,10.72,6.95,6.96,6.76,6.98,4.78,4.79,4.77,4.79
fragment_02787,6,30.91,30.9,30.56,33.28,22.02,21.94,21.94,28.25,16.28,16.23,16.23,21.47,12.2,12.17,12.17,14.66,8.76,8.75,8.75,9.16,5.95,5.95,5.95,5.96,4.09,4.09,4.08,4.1
fragment_02788,12,29.31,29.68,28.69,32.23,22.93,24.16,20.95,28.4,16.82,18.1,14.76,21.91,13.07,13.68,12.03,16.67,10.36,10.58,9.91,12.8,8.25,8.43,7.85,10.07,6.47,6.55,6.16,7.61
fragment_02789,14,34.55,35.54,32.27,35.55,31.46,32.99,29.77,33.97,25.6,26.72,24.58,27.83,18.35,18.69,17.47,18.7,11.42,11.42,11.4,11.42,7.43,7.43,7.42,7.44,5.11,5.11,5.1,5.11
fragment_02790,7,32.95,33.21,30.37,34.59,26.94,27.36,22.9,29.87,19.66,19.93,16.4,22.08,14.21,14.3,12.18,15.15,9.93,9.94,8.99,10.14,6.61,6.61,6.54,6.62,4.54,4.54,4.54,4.55
fragment_02791,8,28.74,28.71,28.71,31.18,21.04,20.89,20.89,27.01,14.36,14.09,14.09,21.15,10.97,10.74,10.74,16.23,8.79,8.61,8.61,11.77,7.1,6.98,6.98,8.33,5.55,5.5,5.5,5.76
fragment_02792,1,32.53,32.53,32.53,32.53,27.6,27.6,27.6,27.6,20.82,20.82,20.82,20.82,15.6,15.6,15.6,15.6,10.46,10.46,10.46,10.46,6.81,6.81,6.81,6.81,4.68,4.68,4.68,4.68
fragment_02793,2,24.83,24.83,24.82,24.83,16.94,16.94,16.94,16.94,12.72,12.72,12.72,12.72,10.08,10.08,10.08,10.08,7.78,7.78,7.78,7.78,5.85,5.85,5.85,5.85,4.43,4.43,4.43,4.43
fragment_02794,2,32.06,32.07,32.06,32.07,25.55,25.55,25.55,25.55,18.92,18.93,18.92,18.93,13.32,13.32,13.32,13.32,9.66,9.66,9.66,9.66,7.23,7.23,7.23,7.23,5.3,5.3,5.3,5.3
fragment_02795,6,35.0,35.1,34.22,35.22,30.43,30.47,29.37,30.54,23.82,23.92,22.89,23.94,16.63,16.65,16.27,16.66,11.33,11.33,11.33,11.34,8.06,8.06,8.06,8.07,5.61,5.61,5.61,5.61
fragment_02796,12,29.42,29.4,28.84,30.69,23.62,23.58,23.53,26.6,17.18,17.13,17.11,19.39,12.88,12.82,12.81,14.5,9.45,9.42,9.39,10.77,7.2,7.19,7.11,7.84,5.37,5.37,5.37,5.44
fragment_02797,4,26.05,26.86,25.03,26.86,17.02,18.2,15.53,18.2,10.54,11.02,9.94,11.02,6.18,6.18,6.18,6.18,3.74,3.74,3.74,3.74,2.44,2.44,2.44,2.44,1.67,1.67,1.67,1.67
fragment_02798,15,31.12,31.02,28.89,31.54,21.49,21.5,20.25,21.75,14.23,14.19,12.83,14.8,9.69,9.62,8.38,10.1,6.96,6.93,6.07,7.21,5.46,5.44,4.75,5.69,4.42,4.4,3.89,4.55
fragment_02799,2,30.66,30.65,30.65,30.66,23.61,23.61,23.61,23.62,16.42,16.42,16.42,16.42,10.96,10.96,10.96,10.96,6.86,6.86,6.86,6.86,4.46,4.47,4.46,4.47,3.07,3.07,3.07,3.07
fragment_02800,4,30.99,31.01,30.85,32.54,26.66,26.67,26.61,29.68,20.25,20.24,20.24,23.11,14.99,14.98,14.98,15.74,10.05,10.05,10.05,10.1,6.56,6.56,6.56,6.57,4.51,4.51,4.51,4.51
fragment_02801,1,28.97,28.97,28.97,28.97,20.82,20.82,20.82,20.82,15.73,15.73,15.73,15.73,12.43,12.43,12.43,12.43,9.62,9.62,9.62,9.62,7.14,7.14,7.14,7.14,5.06,5.06,5.06,5.06
fragment_02802,2,32.12,32.12,32.12,32.12,25.38,25.38,25.38,25.38,18.67,18.67,18.67,18.67,14.37,14.36,14.36,14.37,10.26,10.26,10.26,10.26,6.86,6.86,6.86,6.86,4.71,4.71,4.71,4.71
fragment_02803,4,30.47,30.42,30.28,31.56,22.6,22.66,21.96,22.68,15.73,15.77,15.17,15.77,10.46,10.44,10.4,11.03,6.99,6.99,6.99,7.0,4.56,4.56,4.56,4.56,3.13,3.13,3.13,3.13
fragment_02804,2,31.76,31.67,31.67,32.06,26.15,26.05,26.05,26.55,18.74,18.63,18.63,19.15,11.63,11.6,11.6,11.75,7.16,7.16,7.16,7.16,4.66,4.66,4.66,4.66,3.2,3.2,3.2,3.2
fragment_02805,3,29.41,29.48,28.78,29.48,21.44,21.5,20.23,21.5,13.24,13.28,12.29,13.28,8.33,8.35,7.9,8.35,5.14,5.14,5.14,5.14,3.34,3.34,3.34,3.35,2.3,2.3,2.3,2.3
fragment_02806,7,28.47,28.5,28.42,28.62,21.28,21.54,20.39,21.54,15.71,15.88,14.63,15.88,12.31,12.46,11.3,12.46,9.49,9.59,8.69,9.59,7.1,7.14,6.72,7.14,5.19,5.2,5.08,5.2
fragment_02807,2,34.45,34.44,34.44,34.45,29.07,29.06,29.06,29.08,22.89,22.88,22.88,22.89,15.33,15.33,15.33,15.33,9.56,9.56,9.56,9.56,6.22,6.22,6.22,6.22,4.28,4.28,4.28,4.28
fragment_02808,2,32.16,31.61,31.61,33.73,25.99,24.94,24.94,28.94,18.17,17.17,17.17,21.0,12.79,12.32,12.32,14.12,8.98,8.79,8.79,9.53,6.22,6.22,6.22,6.23,4.28,4.28,4.28,4.28
fragment_02809,3,28.33,28.33,28.31,28.33,19.97,19.97,19.95,19.97,14.32,14.33,14.13,14.33,11.11,11.12,10.7,11.12,8.63,8.64,8.33,8.64,6.18,6.18,6.05,6.18,4.25,4.25,4.25,4.25
fragment_02810,5,30.96,30.98,29.4,30.98,23.33,23.31,22.84,23.71,16.0,15.96,15.96,16.48,11.74,11.73,11.69,11.91,8.34,8.34,8.34,8.4,5.59,5.59,5.59,5.6,3.84,3.84,3.84,3.84
fragment_02811,27,39.49,39.71,35.17,41.88,36.91,37.47,32.13,40.84,27.14,27.79,23.79,30.47,17.67,18.13,16.32,18.56,11.23,11.25,11.08,11.26,7.32,7.32,7.29,7.33,5.03,5.03,5.01,5.03
fragment_02812,9,35.29,35.48,33.4,35.99,30.83,31.28,28.21,31.45,22.29,22.64,20.79,22.67,12.84,12.83,12.83,12.93,7.78,7.78,7.78,7.83,5.07,5.06,5.06,5.1,3.48,3.48,3.48,3.5
fragment_02813,3,29.07,29.07,29.06,29.07,20.84,20.84,20.83,20.84,14.6,14.6,14.6,14.6,10.34,10.35,10.34,10.35,7.56,7.57,7.56,7.57,5.72,5.72,5.72,5.72,4.1,4.1,4.1,4.1
fragment_02814,1,28.62,28.62,28.62,28.62,19.68,19.68,19.68,19.68,14.57,14.57,14.57,14.57,11.56,11.56,11.56,11.56,8.82,8.82,8.82,8.82,6.76,6.76,6.76,6.76,5.1,5.1,5.1,5.1
fragment_02815,2,32.52,32.51,32.51,32.52,25.22,25.21,25.21,25.22,18.78,18.78,18.78,18.78,14.79,14.79,14.79,14.79,10.55,10.55,10.55,10.55,7.02,7.02,7.02,7.02,4.82,4.82,4.82,4.82
fragment_02816,6,33.89,33.97,31.43,33.97,31.54,31.67,28.02,31.67,24.91,24.98,22.69,24.98,18.64,18.65,18.23,18.65,13.21,13.21,13.21,13.29,8.86,8.86,8.85,8.87,6.08,6.08,6.08,6.09
fragment_02817,2,29.67,29.68,29.67,29.68,22.09,22.09,22.09,22.09,15.15,15.15,15.15,15.15,10.69,10.69,10.69,10.69,7.82,7.82,7.82,7.82,5.69,5.69,5.69,5.69,3.92,3.92,3.92,3.92
fragment_02818,19,31.23,31.35,29.15,31.58,21.54,21.6,20.24,21.68,14.25,14.23,12.86,14.64,9.9,9.88,8.51,10.16,7.29,7.32,6.42,7.42,5.84,5.82,5.15,5.98,4.69,4.68,4.19,4.78
fragment_02819,3,28.47,28.48,27.71,28.6,24.06,24.06,23.52,24.18,18.02,18.02,17.92,18.04,13.0,13.01,12.91,13.02,11.03,11.03,10.92,11.04,9.77,9.77,9.69,9.78,8.14,8.14,8.11,8.15
fragment_02820,2,32.68,32.68,32.68,32.68,25.29,25.29,25.29,25.29,17.97,17.97,17.97,17.97,13.04,13.04,13.04,13.04,9.16,9.16,9.16,9.16,6.25,6.25,6.25,6.25,4.3,4.3,4.3,4.3
fragment_02821,21,31.33,31.44,29.08,36.66,28.86,29.44,25.97,34.83,23.52,24.29,20.86,27.65,17.47,18.07,16.32,18.94,12.29,12.59,11.63,12.9,8.63,8.7,8.43,8.73,5.99,6.0,5.99,6.0
fragment_02822,10,25.34,25.3,24.8,29.21,15.88,15.78,15.64,21.35,10.97,10.92,10.78,14.51,8.28,8.26,8.15,10.35,6.25,6.23,6.21,7.05,4.62,4.62,4.6,4.66,3.2,3.2,3.2,3.2
fragment_02823,5,32.74,33.9,31.57,33.9,27.01,29.13,24.86,29.13,19.17,21.29,17.02,21.74,13.37,14.36,12.36,15.16,9.19,9.51,8.86,9.64,6.23,6.26,6.2,6.27,4.3,4.3,4.3,4.31
fragment_02824,3,30.83,31.08,30.58,31.08,24.77,24.91,24.59,24.91,18.36,18.51,18.19,18.51,13.19,13.27,13.1,13.27,9.46,9.44,9.44,9.49,6.27,6.27,6.27,6.27,4.31,4.31,4.31,4.31
fragment_02825,7,29.72,29.72,29.71,29.73,22.12,22.12,22.11,22.12,15.64,15.64,15.63,15.64,11.84,11.84,11.84,11.84,8.91,8.91,8.91,8.94,6.89,6.89,6.89,7.09,5.75,5.75,5.75,5.95
fragment_02826,1,28.38,28.38,28.38,28.38,20.67,20.67,20.67,20.67,14.09,14.09,14.09,14.09,10.29,10.29,10.29,10.29,7.92,7.92,7.92,7.92,5.97,5.97,5.97,5.97,4.56,4.56,4.56,4.56
fragment_02827,7,34.11,34.72,33.09,34.72,29.83,31.13,28.44,31.13,21.13,21.98,20.04,21.98,12.57,12.57,12.54,12.58,7.62,7.61,7.61,7.62,4.96,4.96,4.95,4.96,3.41,3.4,3.4,3.41
fragment_02828,4,25.94,26.05,25.84,26.06,20.25,20.45,20.1,20.45,16.14,16.29,16.03,16.29,11.5,11.57,11.45,11.57,8.68,8.73,8.64,8.73,6.6,6.62,6.58,6.62,4.88,4.89,4.88,4.89
fragment_02829,3,32.43,32.15,32.15,32.91,27.34,27.77,25.93,27.95,20.97,21.84,18.21,22.1,14.73,15.34,12.78,15.55,10.51,10.86,9.41,10.97,7.59,7.78,7.03,7.81,5.55,5.64,5.28,5.65
fragment_02830,2,32.17,32.18,32.17,32.18,25.35,25.35,25.35,25.35,18.68,18.68,18.68,18.68,14.48,14.48,14.48,14.48,10.29,10.29,10.29,10.29,6.87,6.87,6.87,6.87,4.72,4.72,4.72,4.72
fragment_02831,2,29.84,29.84,29.84,29.84,23.21,23.21,23.21,23.21,17.58,17.58,17.58,17.58,13.2,13.2,13.2,13.2,9.23,9.23,9.23,9.23,6.12,6.12,6.12,6.12,4.21,4.21,4.21,4.21
fragment_02832,4,29.26,29.26,29.21,29.29,26.43,26.45,26.37,26.48,19.17,19.2,19.08,19.23,13.66,13.76,13.48,13.78,10.38,10.39,10.33,10.41,7.85,7.81,7.81,7.92,5.73,5.74,5.73,5.74
fragment_02833,2,30.74,30.74,30.74,30.74,23.64,23.63,23.63,23.64,16.71,16.71,16.71,16.72,11.84,11.84,11.84,11.84,8.78,8.78,8.78,8.78,6.73,6.73,6.73,6.73,5.16,5.16,5.16,5.16
fragment_02834,5,29.73,29.74,29.39,29.74,22.13,22.13,21.91,22.13,16.25,16.25,16.08,16.25,13.74,13.74,13.59,13.75,11.31,11.31,11.23,11.32,8.37,8.37,8.36,8.37,5.8,5.79,5.79,5.8
fragment_02835,2,32.06,32.07,32.04,32.07,25.54,25.55,25.53,25.55,18.92,18.92,18.92,18.92,13.32,13.32,13.32,13.32,9.74,9.74,9.74,9.75,7.34,7.34,7.34,7.34,5.39,5.39,5.39,5.39
fragment_02836,6,25.24,25.29,24.75,29.1,16.15,16.16,16.03,21.13,11.5,11.51,11.45,15.01,8.83,8.84,8.79,11.15,6.89,6.89,6.88,8.07,5.34,5.34,5.33,5.59,3.83,3.83,3.83,3.84
fragment_02837,6,31.35,31.38,30.74,32.71,24.82,24.69,24.02,26.93,17.4,17.51,16.5,18.74,11.7,11.74,11.45,11.86,7.32,7.32,7.32,7.33,4.77,4.77,4.77,4.77,3.27,3.27,3.27,3.28
fragment_02838,9,31.43,31.3,29.79,32.81,25.61,25.35,24.41,28.11,19.88,19.88,18.85,20.42,15.16,15.19,14.5,15.44,10.55,10.56,10.39,10.66,6.96,6.96,6.95,6.96,4.78,4.78,4.77,4.78
fragment_02839,5,34.13,34.2,33.06,34.2,30.11,29.95,27.53,30.5,23.59,23.51,21.69,24.25,17.05,16.88,16.83,17.91,12.14,12.05,12.05,12.59,8.57,8.55,8.55,8.65,5.95,5.95,5.95,5.96
fragment_02840,6,30.6,30.58,30.58,30.82,23.1,23.08,23.08,23.55,15.98,15.97,15.97,16.32,12.12,12.14,11.46,12.14,9.02,9.04,8.4,9.04,6.96,6.97,6.56,6.97,5.55,5.55,5.13,5.57
fragment_02841,1,29.36,29.36,29.36,29.36,21.85,21.85,21.85,21.85,16.3,16.3,16.3,16.3,12.25,12.25,12.25,12.25,8.18,8.18,8.18,8.18,5.35,5.35,5.35,5.35,3.67,3.67,3.67,3.67
fragment_02842,1,28.35,28.35,28.35,28.35,19.97,19.97,19.97,19.97,13.87,13.87,13.87,13.87,10.39,10.39,10.39,10.39,7.99,7.99,7.99,7.99,5.5,5.5,5.5,5.5,3.78,3.78,3.78,3.78
fragment_02843,2,32.13,32.13,32.13,32.14,25.63,25.62,25.62,25.64,19.4,19.39,19.39,19.4,13.91,13.91,13.91,13.91,9.41,9.41,9.41,9.42,6.21,6.21,6.21,6.21,4.27,4.27,4.27,4.27
fragment_02844,3,32.53,32.86,29.77,32.86,26.19,27.21,20.96,27.21,20.51,21.46,15.27,21.46,14.74,14.97,11.17,14.97,10.13,10.24,8.37,10.24,6.72,6.73,6.41,6.73,4.63,4.63,4.62,4.63
fragment_02845,10,30.38,29.95,29.95,32.61,24.91,24.43,24.07,28.5,18.8,18.28,17.56,21.54,13.62,13.09,12.69,14.62,8.98,8.91,8.91,9.07,5.88,5.88,5.88,5.9,4.04,4.04,4.04,4.06
fragment_02846,2,33.44,33.44,33.44,33.45,26.36,26.36,26.36,26.36,18.79,18.79,18.79,18.79,13.14,13.14,13.14,13.14,9.56,9.56,9.56,9.56,7.11,7.11,7.11,7.11,5.11,5.11,5.11,5.11
fragment_02847,11,28.4,28.61,26.4,30.85,22.33,22.4,20.43,24.88,18.38,18.31,16.9,20.28,15.3,15.28,13.87,17.13,12.1,12.12,11.18,12.86,8.65,8.67,8.41,8.68,5.96,5.96,5.95,5.97
fragment_02848,6,27.01,26.72,26.72,30.28,21.22,21.04,21.04,25.9,17.07,17.13,16.22,21.32,13.32,13.32,12.62,15.83,10.18,10.09,9.96,11.43,7.58,7.57,7.51,7.79,5.34,5.34,5.34,5.35
fragment_02849,3,28.19,28.19,28.15,28.2,23.35,23.34,23.34,23.36,17.24,17.24,17.24,17.25,12.62,12.62,12.62,12.64,8.94,8.94,8.94,8.95,6.42,6.42,6.42,6.43,4.74,4.74,4.74,4.75
fragment_02850,2,28.95,28.95,28.95,28.95,20.72,20.72,20.72,20.72,14.33,14.33,14.33,14.33,9.76,9.76,9.76,9.76,6.66,6.66,6.66,6.66,4.52,4.52,4.52,4.52,3.11,3.11,3.11,3.11
fragment_02851,10,35.31,35.96,32.35,35.96,30.31,31.21,25.4,31.21,20.22,20.72,17.38,20.72,11.54,11.55,11.5,11.57,7.0,7.0,6.99,7.01,4.55,4.55,4.55,4.56,3.13,3.13,3.12,3.13
fragment_02852,3,34.42,33.88,33.88,35.32,28.66,27.77,27.77,30.44,19.27,18.61,18.61,20.4,11.52,11.49,11.49,11.55,6.99,6.98,6.98,7.0,4.55,4.55,4.55,4.55,3.13,3.12,3.12,3.13
fragment_02853,10,31.47,32.04,30.38,33.57,24.44,25.36,22.72,27.84,18.3,19.18,16.1,20.83,12.34,12.71,11.21,12.75,7.72,7.73,7.61,7.73,5.03,5.03,5.02,5.03,3.45,3.46,3.45,3.46
fragment_02854,3,29.73,29.74,29.37,29.74,22.12,22.13,21.9,22.13,15.59,15.6,15.49,15.6,12.13,12.14,12.07,12.14,9.46,9.46,9.43,9.46,6.46,6.46,6.46,6.47,4.44,4.44,4.44,4.44
fragment_02855,20,28.71,28.77,28.58,28.82,24.07,23.9,23.89,25.26,19.33,19.15,19.01,20.18,15.36,15.57,14.59,16.07,12.38,12.65,11.75,13.24,9.91,10.07,9.49,10.48,7.47,7.48,7.38,7.52
fragment_02856,30,32.09,31.89,31.59,32.5,27.4,27.1,25.33,28.08,22.46,22.17,19.46,23.15,17.19,17.07,14.43,17.56,11.57,11.57,9.95,11.66,7.6,7.61,7.11,7.61,5.23,5.23,5.18,5.23
fragment_02857,4,32.27,32.23,31.85,32.99,25.92,26.06,24.52,26.84,19.95,20.21,17.98,20.76,12.7,12.79,12.03,12.85,7.78,7.78,7.78,7.79,5.06,5.06,5.06,5.08,3.48,3.48,3.48,3.49
fragment_02858,24,36.52,36.97,32.1,38.72,32.24,33.1,25.59,34.43,22.74,23.42,18.33,24.0,13.62,13.71,12.8,13.74,8.31,8.31,8.31,8.33,5.41,5.41,5.41,5.42,3.72,3.71,3.71,3.72
fragment_02859,7,28.28,28.36,25.99,28.38,23.74,23.89,19.6,23.9,20.31,20.49,15.81,20.49,14.66,14.78,11.5,14.78,10.3,10.37,8.56,10.37,7.24,7.26,6.51,7.26,5.23,5.24,4.83,5.24
fragment_02860,1,28.96,28.96,28.96,28.96,20.78,20.78,20.78,20.78,14.72,14.72,14.72,14.72,10.96,10.96,10.96,10.96,7.71,7.71,7.71,7.71,5.19,5.19,5.19,5.19,3.57,3.57,3.57,3.57
fragment_02861,11,36.98,37.1,34.45,37.85,34.3,34.7,29.48,36.42,27.86,28.15,24.74,30.21,20.77,20.81,19.73,21.88,14.29,14.25,14.04,14.83,9.7,9.7,9.68,9.72,6.67,6.66,6.66,6.67
fragment_02862,12,32.25,32.08,30.32,33.14,26.3,25.88,22.61,27.74,20.82,20.29,16.93,22.52,15.64,15.42,12.12,16.72,11.21,11.12,9.15,11.76,7.8,7.83,7.12,7.85,5.39,5.39,5.34,5.4
fragment_02863,6,34.26,34.8,32.79,34.8,28.4,29.29,25.82,29.29,23.22,24.27,19.0,24.27,17.32,17.86,14.13,17.86,12.09,12.29,10.68,12.41,8.17,8.21,7.88,8.21,5.64,5.64,5.63,5.64
fragment_02864,8,35.96,36.47,33.51,37.05,32.52,33.37,28.29,34.7,23.04,23.84,19.31,26.43,15.8,16.22,13.75,17.92,11.04,11.27,9.92,11.83,7.66,7.72,7.36,7.73,5.3,5.31,5.29,5.31
fragment_02865,2,32.99,32.99,32.98,32.99,27.32,27.33,27.32,27.33,21.1,21.1,21.1,21.1,16.64,16.63,16.63,16.64,12.36,12.36,12.36,12.36,8.8,8.8,8.8,8.8,6.07,6.07,6.07,6.07
fragment_02866,55,29.79,29.81,29.73,29.84,22.5,22.66,22.14,24.7,17.14,18.35,15.78,20.77,14.24,15.67,12.35,18.26,11.49,12.91,9.44,15.37,9.05,10.23,7.29,11.55,6.98,7.76,5.72,8.1
fragment_02867,10,29.17,29.59,28.7,32.02,22.58,24.05,21.02,28.07,16.46,18.03,14.78,21.48,12.89,13.65,12.05,16.3,10.23,10.46,9.93,12.53,8.08,8.29,7.82,9.7,6.33,6.44,6.09,7.23
fragment_02868,4,31.24,31.26,30.33,31.26,21.62,21.62,20.78,21.62,15.2,15.19,14.87,15.2,12.16,12.16,11.9,12.17,9.85,9.85,9.41,9.85,7.71,7.71,7.19,7.71,5.71,5.71,5.52,5.71
fragment_02869,10,31.51,31.37,31.15,33.84,23.26,22.56,22.56,28.19,16.93,16.04,16.04,21.1,12.31,11.75,11.75,13.65,8.24,8.19,8.18,8.32,5.4,5.4,5.39,5.41,3.71,3.71,3.7,3.72
fragment_02870,6,31.14,32.72,28.85,32.72,23.64,26.61,19.42,26.61,16.76,19.37,13.02,19.37,11.62,12.87,9.54,12.87,8.01,8.32,7.27,8.32,5.4,5.42,5.33,5.42,3.72,3.72,3.72,3.72
fragment_02871,10,28.71,28.69,28.51,28.74,19.69,19.66,19.49,19.77,12.61,12.61,12.02,12.7,8.73,8.77,8.28,8.83,6.92,6.96,6.42,7.0,5.79,5.83,5.34,5.88,4.98,5.01,4.59,5.04
fragment_02872,8,30.28,30.63,28.99,32.58,21.94,22.83,19.56,25.35,15.02,15.75,13.05,18.15,10.6,10.91,9.85,11.56,6.96,6.99,6.89,7.0,4.55,4.55,4.54,4.56,3.12,3.13,3.12,3.13
fragment_02873,39,39.01,39.14,36.18,40.19,37.03,37.1,34.04,39.16,26.58,26.74,24.18,27.98,15.87,15.89,15.81,15.9,9.62,9.63,9.61,9.63,6.26,6.27,6.25,6.27,4.3,4.3,4.3,4.31
fragment_02874,28,30.2,30.15,30.11,32.22,25.47,25.43,25.21,29.11,19.44,19.39,18.98,24.21,14.53,14.5,14.26,19.2,10.84,11.04,10.37,14.57,8.36,8.64,7.86,10.79,6.69,6.96,6.28,7.76
fragment_02875,2,30.19,30.19,30.19,30.19,23.15,23.15,23.15,23.15,17.64,17.64,17.64,17.64,13.78,13.78,13.78,13.78,10.6,10.6,10.6,10.6,7.75,7.75,7.75,7.75,5.45,5.45,5.45,5.45
fragment_02876,6,28.8,28.53,28.53,30.42,20.48,20.09,20.09,22.76,12.99,12.75,12.75,14.45,9.11,8.94,8.94,10.12,7.05,6.96,6.87,7.59,5.85,5.82,5.43,6.13,4.85,4.85,4.46,4.99
fragment_02877,3,32.31,32.31,32.2,32.33,27.07,27.06,27.06,27.26,21.01,21.0,20.99,21.2,14.78,14.78,14.78,14.8,9.94,9.94,9.94,9.95,6.55,6.55,6.55,6.55,4.5,4.5,4.5,4.5
fragment_02878,8,26.97,26.7,26.03,30.77,21.25,21.08,20.56,26.25,17.15,17.16,16.15,21.69,13.35,13.33,12.58,16.02,10.08,10.01,9.82,11.55,7.56,7.55,7.38,8.2,5.61,5.62,5.54,5.7
fragment_02879,2,30.93,30.93,30.93,30.94,27.7,27.69,27.69,27.7,21.92,21.92,21.92,21.92,16.86,16.86,16.85,16.86,12.47,12.47,12.47,12.47,8.33,8.33,8.33,8.33,5.72,5.72,5.72,5.72
fragment_02880,3,30.01,30.0,30.0,30.17,23.75,23.74,23.74,23.85,16.85,16.85,16.85,16.88,12.23,12.23,12.23,12.25,9.0,8.99,8.99,9.01,6.71,6.71,6.71,6.71,4.79,4.79,4.79,4.79
fragment_02881,2,29.94,29.97,29.68,29.97,22.38,22.4,22.17,22.4,14.93,14.94,14.83,14.94,10.44,10.45,10.37,10.45,7.88,7.88,7.84,7.88,6.11,6.11,6.08,6.11,4.81,4.81,4.8,4.81
fragment_02882,4,30.89,30.88,30.88,30.89,23.8,23.8,23.8,23.81,16.7,16.71,16.7,16.71,11.54,11.54,11.54,11.54,8.4,8.4,8.4,8.41,6.67,6.66,6.66,6.67,4.9,4.9,4.9,4.9
fragment_02883,2,29.76,29.77,29.76,29.77,22.16,22.16,22.16,22.16,15.42,15.42,15.42,15.42,11.17,11.17,11.17,11.17,7.99,7.99,7.99,7.99,5.62,5.62,5.62,5.62,3.88,3.88,3.88,3.88
fragment_02884,2,29.09,29.1,29.08,29.1,20.85,20.85,20.85,20.85,14.92,14.92,14.92,14.92,11.16,11.15,11.15,11.16,8.5,8.5,8.5,8.5,6.63,6.63,6.63,6.63,4.82,4.82,4.82,4.82
fragment_02885,9,33.26,33.15,32.3,35.23,27.07,27.15,26.21,30.15,19.12,19.29,17.98,21.07,12.49,12.57,11.72,12.72,7.65,7.65,7.64,7.71,4.98,4.98,4.97,5.02,3.42,3.42,3.42,3.45
fragment_02886,19,33.7,33.49,32.35,35.31,28.5,28.21,26.87,30.43,22.19,22.23,20.83,24.07,16.13,16.2,15.84,16.85,10.69,10.7,10.67,10.73,6.98,6.98,6.95,6.98,4.79,4.79,4.78,4.8
fragment_02887,20,30.39,30.23,30.05,33.21,23.19,22.29,22.21,27.76,16.87,16.09,15.96,20.34,12.54,12.02,11.97,14.28,9.16,8.78,8.73,9.85,6.48,6.45,6.45,6.5,4.47,4.47,4.47,4.47
fragment_02888,8,30.71,30.72,30.7,30.75,26.17,26.17,26.16,26.19,19.87,19.88,19.86,19.88,13.68,13.68,13.67,13.68,9.48,9.48,9.48,9.5,7.14,7.12,7.12,7.2,5.63,5.57,5.57,5.81
fragment_02889,12,30.05,29.58,28.87,31.7,25.03,23.76,23.76,29.08,18.42,17.27,17.26,22.5,13.28,12.71,12.66,14.78,8.82,8.7,8.66,9.03,5.88,5.88,5.87,5.88,4.04,4.04,4.03,4.04
fragment_02890,17,31.36,31.4,29.22,31.66,21.54,21.62,20.26,21.74,14.24,14.25,12.86,14.74,9.91,9.89,8.51,10.18,7.3,7.32,6.41,7.47,5.84,5.83,5.14,6.01,4.69,4.68,4.18,4.8
fragment_02891,14,27.56,26.8,26.8,29.77,22.22,22.51,20.95,24.66,18.28,19.16,16.58,20.24,15.17,15.72,13.95,17.13,12.63,13.06,11.86,13.91,9.79,10.06,9.24,10.21,7.12,7.14,6.95,7.14
fragment_02892,1,28.58,28.58,28.58,28.58,19.67,19.67,19.67,19.67,14.41,14.41,14.41,14.41,11.64,11.64,11.64,11.64,9.05,9.05,9.05,9.05,6.87,6.87,6.87,6.87,5.37,5.37,5.37,5.37
fragment_02893,2,28.37,28.37,28.36,28.37,20.61,20.61,20.61,20.61,14.01,14.01,14.01,14.01,9.59,9.59,9.59,9.59,6.54,6.54,6.54,6.54,4.58,4.58,4.58,4.58,3.15,3.15,3.15,3.16
fragment_02894,6,29.52,29.49,29.39,32.2,25.72,25.8,24.22,27.7,21.27,21.41,18.29,21.41,18.22,18.33,14.54,18.33,13.49,13.53,10.99,13.53,9.27,9.27,8.31,9.27,6.37,6.37,6.3,6.37
fragment_02895,1,31.11,31.11,31.11,31.11,26.92,26.92,26.92,26.92,20.44,20.44,20.44,20.44,13.58,13.58,13.58,13.58,8.51,8.51,8.51,8.51,5.54,5.54,5.54,5.54,3.81,3.81,3.81,3.81
fragment_02896,3,29.77,29.77,29.37,29.78,22.15,22.16,21.91,22.16,15.49,15.49,15.36,15.49,11.44,11.44,11.37,11.44,8.48,8.48,8.44,8.48,6.19,6.19,6.18,6.19,4.4,4.4,4.4,4.4
fragment_02897,10,30.16,29.8,29.8,31.22,25.55,25.28,24.96,26.17,19.63,19.69,18.72,20.0,14.95,15.23,14.33,16.38,11.24,11.5,10.75,11.94,7.95,7.98,7.89,7.99,5.48,5.49,5.48,5.5
fragment_02898,1,32.44,32.44,32.44,32.44,27.94,27.94,27.94,27.94,23.11,23.11,23.11,23.11,18.77,18.77,18.77,18.77,14.42,14.42,14.42,14.42,10.38,10.38,10.38,10.38,7.27,7.27,7.27,7.27
fragment_02899,15,35.35,36.09,31.81,37.32,32.53,34.14,25.85,34.66,25.95,27.55,19.62,28.13,18.39,19.55,14.23,19.95,12.94,13.63,10.49,13.74,9.08,9.26,7.98,9.26,6.34,6.36,6.1,6.37
fragment_02900,4,29.23,29.21,29.21,29.31,22.43,22.36,22.36,22.92,16.37,16.24,16.24,17.27,11.05,11.02,11.02,11.23,6.83,6.83,6.83,6.84,4.45,4.45,4.45,4.45,3.06,3.06,3.06,3.06
fragment_02901,7,31.68,31.89,29.91,33.46,27.28,27.76,23.96,30.12,21.36,21.88,17.64,25.07,16.15,16.52,13.41,18.47,11.79,11.98,10.39,12.21,7.93,7.95,7.75,7.95,5.46,5.46,5.45,5.46
fragment_02902,2,32.48,32.48,32.48,32.49,26.49,26.49,26.49,26.5,20.37,20.36,20.36,20.37,14.31,14.31,14.31,14.31,9.52,9.52,9.52,9.52,6.61,6.61,6.61,6.61,4.56,4.56,4.56,4.56
fragment_02903,2,27.2,27.21,27.2,27.21,21.84,21.85,21.84,21.85,16.51,16.52,16.51,16.52,12.75,12.75,12.74,12.75,9.68,9.68,9.68,9.68,6.91,6.91,6.91,6.91,4.84,4.84,4.84,4.84
fragment_02904,6,32.54,32.78,30.23,32.78,26.72,26.95,22.38,26.95,21.56,21.61,16.65,21.72,15.95,15.79,11.88,16.35,11.6,11.34,8.85,12.05,8.66,8.53,6.97,8.9,6.41,6.37,5.51,6.49
fragment_02905,2,29.31,29.31,29.31,29.31,23.09,23.09,23.09,23.09,16.93,16.93,16.93,16.93,12.59,12.59,12.59,12.6,9.58,9.58,9.58,9.58,6.94,6.94,6.94,6.94,4.8,4.8,4.8,4.8
fragment_02906,2,30.82,30.83,30.82,30.83,24.32,24.33,24.32,24.33,17.96,17.97,17.96,17.97,13.78,13.78,13.77,13.78,9.8,9.8,9.8,9.8,6.43,6.43,6.43,6.43,4.41,4.41,4.41,4.41
fragment_02907,8,28.62,28.63,28.46,28.63,19.62,19.63,19.47,19.66,12.57,12.59,11.99,12.63,8.43,8.43,8.19,8.55,6.57,6.58,6.25,6.65,5.54,5.55,5.21,5.62,4.62,4.62,4.36,4.84
fragment_02908,4,29.63,28.8,28.8,30.49,21.87,20.92,20.92,22.87,15.34,15.12,15.12,15.57,11.76,12.19,11.29,12.22,9.06,9.54,8.55,9.55,7.0,7.35,6.63,7.35,5.31,5.43,5.17,5.43
fragment_02909,22,33.21,33.31,32.3,33.42,25.66,25.64,24.63,27.65,18.93,18.83,17.92,22.29,13.62,14.4,12.14,16.38,9.81,10.31,9.04,10.71,6.91,6.96,6.78,6.98,4.79,4.78,4.78,4.79
fragment_02910,37,31.01,30.98,28.95,31.93,22.32,21.59,20.23,25.59,15.67,14.67,13.1,19.82,11.33,10.44,9.19,14.94,8.46,7.82,7.1,11.11,6.68,6.29,5.81,8.05,5.2,5.03,4.81,5.62
fragment_02911,4,29.76,29.76,29.76,29.77,22.14,22.14,22.14,22.14,15.41,15.41,15.41,15.42,11.37,11.36,11.36,11.39,8.76,8.76,8.74,8.76,7.13,7.12,7.12,7.18,5.72,5.71,5.71,5.8
fragment_02912,2,29.1,29.09,29.09,29.11,26.22,26.22,26.21,26.22,18.93,18.93,18.92,18.93,13.16,13.16,13.16,13.16,9.66,9.66,9.65,9.66,7.25,7.25,7.24,7.25,5.23,5.23,5.23,5.23
fragment_02913,2,29.76,29.77,29.75,29.77,22.15,22.16,22.15,22.16,15.89,15.89,15.89,15.89,12.57,12.57,12.57,12.57,9.54,9.54,9.53,9.54,6.54,6.54,6.54,6.54,4.49,4.49,4.49,4.49
fragment_02914,3,33.56,33.6,32.65,33.6,27.6,27.53,27.53,28.87,19.56,19.44,19.44,21.35,13.23,13.21,13.21,13.56,8.22,8.22,8.22,8.23,5.35,5.35,5.35,5.36,3.68,3.68,3.68,3.68
fragment_02915,23,29.41,29.36,28.81,32.56,24.66,24.65,24.5,30.2,18.92,18.83,18.57,23.51,14.87,14.74,14.33,17.28,10.93,10.73,10.55,12.44,8.13,8.08,7.86,8.5,5.83,5.82,5.81,5.84
fragment_02916,4,32.55,32.48,31.86,32.69,27.58,27.6,26.11,28.21,21.04,21.2,20.14,21.82,14.73,14.79,14.46,15.02,9.43,9.42,9.42,9.44,6.14,6.14,6.14,6.15,4.22,4.22,4.22,4.22
fragment_02917,1,30.17,30.17,30.17,30.17,23.11,23.11,23.11,23.11,15.2,15.2,15.2,15.2,8.49,8.49,8.49,8.49,5.14,5.14,5.14,5.14,3.35,3.35,3.35,3.35,2.3,2.3,2.3,2.3
fragment_02918,9,30.71,30.86,30.24,32.28,23.95,24.26,22.92,26.16,16.67,16.92,15.76,17.93,11.23,11.28,10.91,11.3,6.98,6.98,6.98,7.0,4.54,4.54,4.54,4.55,3.12,3.12,3.12,3.13
fragment_02919,8,29.87,30.7,28.77,30.71,24.96,27.09,21.74,27.66,19.74,22.28,15.91,22.34,15.81,17.79,13.08,17.79,12.47,13.63,10.79,13.63,9.34,9.65,8.82,9.65,6.63,6.64,6.58,6.65
fragment_02920,18,28.94,28.75,28.64,32.09,21.84,21.16,21.11,27.26,15.57,15.04,14.8,20.66,12.26,12.03,11.39,15.81,9.84,9.74,9.06,12.07,7.77,7.6,7.44,8.71,5.91,5.86,5.79,6.08
fragment_02921,3,30.79,30.81,30.75,32.38,28.68,28.71,27.63,28.71,21.36,21.38,19.13,21.38,14.78,14.79,14.07,14.79,10.15,10.15,10.15,10.2,6.8,6.8,6.8,6.81,4.67,4.67,4.67,4.68
fragment_02922,5,33.19,33.19,32.51,36.51,28.19,28.19,27.65,33.52,21.02,21.0,20.94,26.2,15.77,15.77,15.77,17.19,10.48,10.48,10.47,10.49,6.82,6.82,6.82,6.83,4.68,4.68,4.68,4.69
fragment_02923,2,30.76,30.75,30.75,30.76,23.65,23.65,23.65,23.65,16.72,16.72,16.72,16.72,11.84,11.84,11.84,11.84,8.78,8.78,8.78,8.78,6.72,6.72,6.72,6.72,5.11,5.11,5.11,5.12
fragment_02924,1,31.56,31.56,31.56,31.56,25.31,25.31,25.31,25.31,17.95,17.95,17.95,17.95,11.36,11.36,11.36,11.36,7.21,7.21,7.21,7.21,4.69,4.69,4.69,4.69,3.22,3.22,3.22,3.22
fragment_02925,9,33.42,33.26,32.06,35.05,28.09,27.78,25.86,30.92,19.57,19.32,17.28,21.63,12.28,12.19,11.39,12.76,7.72,7.72,7.64,7.75,5.03,5.02,5.02,5.04,3.45,3.45,3.45,3.46
fragment_02926,5,30.09,30.21,28.67,30.25,23.82,24.15,20.74,24.16,16.3,16.72,13.56,16.72,10.05,10.16,9.43,10.17,6.16,6.16,6.14,6.16,4.01,4.01,4.0,4.01,2.75,2.75,2.75,2.75
fragment_02927,8,31.36,31.37,29.8,34.86,27.52,26.97,25.84,31.18,22.08,21.52,20.99,24.76,16.91,16.71,16.49,18.5,11.91,11.91,11.86,12.2,7.94,7.94,7.93,7.94,5.45,5.45,5.45,5.45
fragment_02928,2,29.79,29.79,29.79,29.8,23.64,23.64,23.64,23.64,16.51,16.5,16.5,16.51,11.45,11.45,11.45,11.45,8.45,8.45,8.45,8.45,6.51,6.51,6.51,6.51,5.16,5.16,5.16,5.16
fragment_02929,7,29.42,28.89,28.89,31.6,20.79,19.84,19.46,26.01,14.91,14.72,12.89,20.02,11.96,12.64,10.26,14.64,9.3,10.0,8.18,10.67,7.03,7.45,6.45,7.55,5.14,5.21,5.07,5.21
fragment_02930,4,28.7,28.71,28.55,28.71,19.66,19.67,19.5,19.67,12.59,12.61,12.02,12.61,8.44,8.45,8.25,8.45,6.42,6.43,6.21,6.43,5.16,5.17,4.99,5.17,4.18,4.18,4.1,4.18
fragment_02931,2,29.72,29.73,29.7,29.73,22.12,22.12,22.11,22.12,15.62,15.63,15.62,15.63,12.3,12.3,12.3,12.3,9.81,9.81,9.81,9.81,6.87,6.87,6.87,6.87,4.72,4.72,4.72,4.72
fragment_02932,9,32.04,31.92,31.75,32.96,25.83,25.21,25.14,29.46,18.92,18.19,18.19,22.99,14.21,13.81,13.71,16.31,10.21,9.98,9.86,11.41,7.49,7.44,7.36,7.74,5.31,5.31,5.3,5.32
fragment_02933,2,33.33,33.53,32.47,33.53,28.27,28.79,25.89,28.79,20.33,20.86,17.95,20.86,12.91,13.07,12.22,13.07,8.15,8.18,8.03,8.18,5.32,5.32,5.32,5.32,3.66,3.66,3.66,3.66
fragment_02934,2,29.76,29.76,29.76,29.77,23.58,23.58,23.58,23.58,16.54,16.54,16.54,16.54,11.73,11.73,11.73,11.73,8.72,8.72,8.72,8.72,6.52,6.52,6.52,6.52,4.89,4.89,4.89,4.89
fragment_02935,8,28.7,28.7,28.53,28.7,19.68,19.69,19.49,19.69,12.61,12.64,12.02,12.64,8.46,8.47,8.25,8.47,6.44,6.45,6.21,6.45,5.17,5.18,4.99,5.18,4.17,4.17,4.07,4.17
fragment_02936,13,32.04,31.96,31.96,34.35,25.55,25.53,25.34,30.16,18.97,19.01,18.58,22.86,14.52,14.52,14.32,15.71,10.04,10.05,10.02,10.09,6.56,6.56,6.56,6.58,4.51,4.51,4.5,4.52
fragment_02937,47,30.48,29.69,29.02,33.37,26.16,24.92,24.82,31.61,20.63,19.52,19.15,25.57,16.34,15.92,15.07,19.76,12.1,11.77,11.39,14.14,8.98,8.86,8.65,9.44,6.47,6.45,6.43,6.49
fragment_02938,21,31.73,32.2,30.41,34.69,25.59,25.58,25.25,29.95,21.94,22.07,21.3,24.22,17.99,18.5,16.28,18.67,13.04,13.48,11.58,13.52,9.25,9.33,8.7,9.37,6.45,6.46,6.42,6.46
fragment_02939,35,29.83,29.82,29.81,29.85,22.19,22.19,22.18,22.21,15.5,15.5,15.49,15.51,11.43,11.47,11.4,11.48,8.17,8.45,8.0,8.47,6.15,6.52,5.78,6.54,4.9,5.16,4.52,5.16
fragment_02940,4,29.06,29.17,28.09,29.17,19.71,19.99,17.33,19.99,11.88,12.08,10.21,12.08,6.96,6.99,6.65,6.99,4.24,4.24,4.24,4.24,2.76,2.76,2.76,2.76,1.89,1.89,1.89,1.89
fragment_02941,8,30.52,30.93,25.46,30.98,23.58,23.98,19.1,23.98,17.85,18.1,15.35,18.1,13.85,14.11,11.37,14.11,9.46,9.55,8.59,9.55,6.27,6.28,6.2,6.28,4.31,4.31,4.29,4.31
fragment_02942,1,29.83,29.83,29.83,29.83,29.22,29.22,29.22,29.22,22.97,22.97,22.97,22.97,16.87,16.87,16.87,16.87,11.69,11.69,11.69,11.69,8.11,8.11,8.11,8.11,5.78,5.78,5.78,5.78
fragment_02943,29,29.73,29.79,29.03,32.5,26.61,26.65,25.56,32.65,21.69,21.77,20.71,28.77,17.51,17.98,15.89,23.86,13.34,13.81,11.77,16.36,10.32,10.64,9.16,10.85,7.42,7.45,7.06,7.46
fragment_02944,7,30.29,30.3,29.69,31.19,26.03,26.1,23.63,28.75,20.91,21.02,17.58,23.08,16.23,16.33,13.44,17.22,12.01,12.06,10.1,12.7,8.75,8.77,7.69,9.09,6.38,6.4,5.95,6.45
fragment_02945,4,33.37,33.34,33.34,33.86,26.99,27.0,26.99,27.0,20.31,20.33,19.86,20.33,14.74,14.74,14.68,14.74,10.48,10.48,10.47,10.48,7.74,7.74,7.74,7.74,5.64,5.64,5.64,5.64
fragment_02946,2,29.12,29.11,29.11,29.12,21.77,21.77,21.77,21.77,15.27,15.27,15.27,15.27,11.46,11.46,11.46,11.46,9.56,9.56,9.56,9.56,7.76,7.76,7.76,7.76,6.29,6.29,6.29,6.29
fragment_02947,8,29.44,29.44,29.35,29.49,26.67,26.66,26.58,26.73,19.3,19.27,19.22,19.36,13.66,13.5,13.5,13.84,10.43,10.15,10.08,10.75,8.23,7.92,7.89,8.58,6.57,6.39,6.37,6.77
fragment_02948,1,29.79,29.79,29.79,29.79,23.76,23.76,23.76,23.76,18.15,18.15,18.15,18.15,11.99,11.99,11.99,11.99,7.38,7.38,7.38,7.38,4.81,4.81,4.81,4.81,3.3,3.3,3.3,3.3
fragment_02949,2,29.01,29.01,29.01,29.01,26.1,26.13,26.07,26.13,22.99,23.03,22.96,23.03,19.4,19.43,19.37,19.43,15.02,15.03,15.02,15.03,10.81,10.82,10.81,10.82,8.17,8.17,8.17,8.17
fragment_02950,1,30.74,30.74,30.74,30.74,23.64,23.64,23.64,23.64,15.65,15.65,15.65,15.65,9.47,9.47,9.47,9.47,5.78,5.78,5.78,5.78,3.76,3.76,3.76,3.76,2.58,2.58,2.58,2.58
fragment_02951,5,30.02,29.92,29.86,32.47,25.33,25.13,25.12,28.92,19.8,19.65,19.65,22.55,14.52,14.5,14.5,14.89,9.28,9.28,9.28,9.3,6.04,6.04,6.04,6.05,4.15,4.15,4.15,4.16
fragment_02952,3,27.91,27.91,27.9,28.09,23.13,23.12,23.11,23.32,16.94,16.93,16.93,17.03,10.41,10.41,10.41,10.41,6.31,6.31,6.31,6.31,4.11,4.11,4.11,4.11,2.82,2.82,2.82,2.82
fragment_02953,5,31.26,30.84,30.42,32.87,24.33,23.43,23.24,26.96,16.58,15.88,15.81,18.49,10.72,10.69,10.67,10.82,6.55,6.55,6.55,6.56,4.27,4.27,4.26,4.27,2.93,2.93,2.93,2.93
fragment_02954,2,29.78,29.78,29.78,29.78,22.18,22.18,22.18,22.18,15.39,15.39,15.39,15.39,11.17,11.17,11.17,11.17,8.11,8.11,8.11,8.11,5.9,5.9,5.9,5.9,4.07,4.07,4.07,4.07
fragment_02955,4,35.03,35.24,33.99,36.72,30.45,30.29,29.9,34.07,23.78,23.55,23.17,27.6,17.34,17.13,17.13,19.32,11.9,11.82,11.82,12.14,7.89,7.89,7.89,7.9,5.42,5.42,5.42,5.43
fragment_02956,2,31.15,31.15,31.15,31.15,24.25,24.25,24.25,24.25,18.47,18.47,18.46,18.47,14.25,14.25,14.24,14.25,9.94,9.94,9.94,9.94,6.84,6.84,6.84,6.84,4.72,4.72,4.72,4.72
fragment_02957,1,28.27,28.27,28.27,28.27,19.06,19.06,19.06,19.06,13.08,13.08,13.08,13.08,9.91,9.91,9.91,9.91,7.74,7.74,7.74,7.74,6.12,6.12,6.12,6.12,4.77,4.77,4.77,4.77
fragment_02958,18,30.12,29.74,28.6,31.13,24.8,23.83,23.76,27.13,18.15,17.4,17.27,19.87,13.08,12.71,12.57,13.85,9.52,9.32,9.21,10.05,7.14,7.1,6.92,7.31,5.09,5.09,5.09,5.1
fragment_02959,1,28.75,28.75,28.75,28.75,20.17,20.17,20.17,20.17,14.5,14.5,14.5,14.5,11.62,11.62,11.62,11.62,9.04,9.04,9.04,9.04,6.87,6.87,6.87,6.87,5.38,5.38,5.38,5.38
fragment_02960,6,29.13,28.57,28.57,30.6,20.94,20.13,20.13,23.08,13.95,13.2,13.2,15.89,10.4,9.74,9.74,12.1,8.26,7.79,7.79,9.43,6.63,6.43,6.43,7.16,5.26,5.19,5.16,5.45
fragment_02961,8,28.71,28.73,28.58,28.73,20.67,20.72,19.52,20.74,14.21,14.27,12.78,14.3,10.25,10.29,9.52,10.29,7.74,7.75,7.39,7.75,6.09,6.1,5.78,6.11,4.8,4.8,4.67,4.8
fragment_02962,8,33.49,33.71,30.59,34.04,28.6,28.41,28.06,31.46,21.99,21.74,21.74,24.32,16.96,16.89,16.82,17.9,11.95,11.93,11.87,12.11,7.93,7.93,7.92,7.94,5.45,5.45,5.44,5.45
fragment_02963,8,33.27,33.26,32.96,33.3,27.11,27.11,26.9,27.12,20.42,20.43,20.35,20.43,14.37,14.39,14.35,14.39,10.66,10.68,10.64,10.68,8.49,8.5,8.47,8.5,6.31,6.32,6.31,6.32
fragment_02964,2,33.22,33.25,32.46,33.25,27.45,27.48,26.86,27.48,16.95,16.95,16.91,16.95,9.62,9.62,9.62,9.62,5.83,5.83,5.83,5.83,3.79,3.79,3.79,3.79,2.61,2.61,2.61,2.61
fragment_02965,2,28.28,28.28,28.28,28.28,21.45,21.45,21.45,21.45,16.26,16.26,16.26,16.26,11.64,11.64,11.64,11.64,8.26,8.26,8.26,8.26,5.42,5.43,5.42,5.43,3.73,3.73,3.73,3.73
fragment_02966,1,28.04,28.04,28.04,28.04,19.69,19.69,19.69,19.69,13.32,13.32,13.32,13.32,9.75,9.75,9.75,9.75,7.44,7.44,7.44,7.44,5.57,5.57,5.57,5.57,4.21,4.21,4.21,4.21
fragment_02967,19,30.62,30.41,29.86,31.26,25.68,25.76,24.84,26.52,20.42,20.95,18.72,21.49,16.39,17.1,14.33,17.92,12.23,12.57,11.0,13.25,8.73,8.8,8.4,8.8,6.05,6.05,6.03,6.05
fragment_02968,10,29.7,30.02,28.76,31.74,23.47,24.46,21.21,27.64,17.27,18.52,15.2,21.34,13.61,14.53,12.39,15.65,10.47,10.88,9.9,11.41,7.5,7.58,7.39,7.59,5.21,5.21,5.2,5.21
fragment_02969,1,35.0,35.0,35.0,35.0,29.71,29.71,29.71,29.71,23.16,23.16,23.16,23.16,15.39,15.39,15.39,15.39,10.18,10.18,10.18,10.18,7.04,7.04,7.04,7.04,4.85,4.85,4.85,4.85
fragment_02970,2,30.59,30.6,30.59,30.6,26.38,26.39,26.37,26.39,20.06,20.07,20.05,20.07,14.64,14.64,14.63,14.64,10.06,10.06,10.05,10.06,6.9,6.9,6.9,6.9,4.77,4.77,4.77,4.77
fragment_02971,9,32.39,32.01,31.49,35.73,26.41,25.33,25.33,31.54,19.43,18.36,18.36,24.05,14.04,13.73,13.73,15.08,9.12,9.12,9.11,9.15,5.95,5.94,5.94,5.95,4.08,4.08,4.08,4.09
fragment_02972,2,29.55,29.55,29.55,29.55,22.52,22.52,22.52,22.52,16.87,16.87,16.87,16.87,12.83,12.83,12.83,12.84,9.4,9.4,9.4,9.41,7.14,7.14,7.14,7.14,5.35,5.35,5.35,5.35
fragment_02973,2,29.95,29.95,29.95,29.96,23.72,23.72,23.72,23.72,16.81,16.81,16.81,16.81,12.16,12.16,12.16,12.16,8.99,8.99,8.99,8.99,6.87,6.87,6.87,6.87,5.21,5.21,5.21,5.21
fragment_02974,26,36.8,38.02,34.9,39.87,33.96,35.39,31.83,38.33,24.2,25.2,22.76,27.74,15.18,15.55,14.63,16.07,9.68,9.73,9.6,9.74,6.33,6.33,6.32,6.34,4.35,4.35,4.34,4.35
fragment_02975,2,29.13,29.12,29.12,29.15,21.8,21.78,21.78,21.81,15.23,15.22,15.22,15.23,10.27,10.27,10.27,10.27,7.0,7.0,7.0,7.0,4.93,4.93,4.93,4.93,3.43,3.43,3.43,3.43
fragment_02976,3,32.54,32.84,29.8,32.84,26.19,27.19,20.98,27.19,20.51,21.44,15.27,21.44,14.74,14.96,11.17,14.96,10.13,10.24,8.37,10.24,6.72,6.73,6.41,6.73,4.63,4.63,4.62,4.63
fragment_02977,5,31.89,31.88,31.88,31.98,28.2,28.23,27.45,28.24,23.24,23.35,20.79,23.36,17.38,17.49,14.85,17.5,11.94,12.0,10.6,12.01,8.1,8.12,7.73,8.12,5.58,5.58,5.57,5.58
fragment_02978,4,29.45,29.45,29.43,30.14,20.99,21.0,20.64,21.02,14.72,14.75,14.18,14.75,11.33,11.35,10.76,11.35,9.13,9.19,8.3,9.19,7.33,7.49,6.79,7.49,5.97,6.12,5.71,6.12
fragment_02979,2,29.74,29.74,29.74,29.74,22.14,22.14,22.14,22.14,15.58,15.58,15.58,15.58,12.04,12.04,12.04,12.04,9.67,9.67,9.67,9.67,7.32,7.32,7.32,7.32,5.19,5.19,5.19,5.19
fragment_02980,10,30.08,29.64,28.92,30.99,25.5,25.73,21.24,25.83,19.58,20.09,15.83,20.14,14.73,15.14,13.07,15.15,10.98,11.19,10.15,11.19,7.75,7.77,7.56,7.77,5.34,5.34,5.34,5.34
fragment_02981,2,29.83,29.82,29.82,29.83,22.21,22.21,22.21,22.21,15.59,15.59,15.59,15.59,11.75,11.75,11.75,11.75,8.11,8.11,8.11,8.11,5.29,5.29,5.29,5.29,3.63,3.63,3.63,3.63
fragment_02982,3,31.45,30.84,30.84,32.12,28.76,27.54,27.54,30.09,20.47,19.47,18.99,21.58,12.74,12.63,11.98,12.87,7.79,7.79,7.77,7.8,5.07,5.07,5.07,5.07,3.49,3.49,3.48,3.49
fragment_02983,1,25.45,25.45,25.45,25.45,18.15,18.15,18.15,18.15,12.08,12.08,12.08,12.08,7.33,7.33,7.33,7.33,4.44,4.44,4.44,4.44,2.89,2.89,2.89,2.89,1.98,1.98,1.98,1.98
fragment_02984,2,31.2,31.23,30.85,31.23,24.15,24.18,23.83,24.18,18.49,18.51,18.33,18.51,14.9,14.91,14.76,14.91,11.15,11.16,11.08,11.16,7.76,7.76,7.75,7.76,5.33,5.33,5.33,5.33
fragment_02985,19,30.85,30.54,30.2,32.24,22.17,21.73,21.7,25.18,16.32,16.1,15.78,17.87,12.25,11.83,11.78,13.82,9.14,8.74,8.73,10.32,6.99,6.77,6.76,7.65,5.28,5.2,5.2,5.43
fragment_02986,4,27.98,27.98,27.98,27.99,19.58,19.58,19.58,19.6,13.6,13.63,13.46,13.63,10.8,10.79,10.79,10.86,8.87,8.84,8.84,9.08,6.79,6.77,6.77,6.89,4.85,4.85,4.85,4.85
fragment_02987,8,32.57,32.84,31.86,32.99,26.77,26.95,26.01,26.95,18.88,19.02,18.09,19.02,13.66,13.78,12.92,13.78,10.59,10.59,9.78,10.74,8.25,8.2,7.85,8.36,6.49,6.45,6.43,6.55
fragment_02988,14,30.25,30.2,30.2,31.16,25.6,25.54,25.25,28.17,19.54,19.52,18.92,22.43,14.41,14.38,14.06,16.89,10.55,10.55,10.26,12.08,7.86,7.85,7.68,8.43,5.8,5.8,5.77,5.82
fragment_02989,2,26.19,26.19,26.19,26.19,19.53,19.53,19.53,19.54,13.79,13.79,13.79,13.79,10.56,10.56,10.56,10.56,8.09,8.09,8.09,8.09,5.48,5.48,5.48,5.48,3.77,3.77,3.77,3.77
fragment_02990,3,34.42,34.25,34.25,34.84,32.46,32.33,32.33,32.76,28.26,28.28,28.2,28.28,22.27,22.39,21.99,22.39,16.08,16.15,15.94,16.15,10.6,10.6,10.6,10.6,7.28,7.28,7.28,7.28
fragment_02991,1,28.77,28.77,28.77,28.77,20.74,20.74,20.74,20.74,14.62,14.62,14.62,14.62,10.67,10.67,10.67,10.67,8.5,8.5,8.5,8.5,6.58,6.58,6.58,6.58,5.18,5.18,5.18,5.18
fragment_02992,2,23.96,23.96,23.96,24.02,14.37,14.37,14.37,14.59,10.35,10.34,10.34,10.9,7.95,7.95,7.95,8.45,6.5,6.5,6.5,6.66,5.4,5.41,5.36,5.41,4.24,4.24,4.22,4.24
fragment_02993,2,32.33,32.33,32.33,32.33,26.99,26.99,26.96,26.99,20.3,20.3,20.27,20.3,13.35,13.35,13.34,13.35,8.13,8.13,8.13,8.13,5.29,5.29,5.29,5.29,3.64,3.64,3.63,3.64
fragment_02994,3,28.46,28.45,28.45,28.46,24.27,24.27,24.27,24.32,18.23,18.23,18.23,18.26,12.77,12.77,12.77,12.8,9.05,9.05,9.05,9.06,6.48,6.48,6.48,6.49,4.79,4.79,4.79,4.8
fragment_02995,1,28.31,28.31,28.31,28.31,20.03,20.03,20.03,20.03,13.35,13.35,13.35,13.35,8.71,8.71,8.71,8.71,5.88,5.88,5.88,5.88,3.83,3.83,3.83,3.83,2.63,2.63,2.63,2.63
fragment_02996,12,28.67,28.66,28.59,28.7,19.69,19.72,19.51,19.74,12.65,12.71,12.06,12.73,9.19,9.26,8.66,9.28,7.73,7.78,7.16,7.8,6.61,6.63,6.21,6.64,5.33,5.34,5.16,5.34
fragment_02997,1,28.94,28.94,28.94,28.94,20.68,20.68,20.68,20.68,14.4,14.4,14.4,14.4,10.01,10.01,10.01,10.01,6.41,6.41,6.41,6.41,4.17,4.17,4.17,4.17,2.87,2.87,2.87,2.87
fragment_02998,12,27.83,27.83,27.69,27.98,21.86,21.85,21.81,21.91,16.15,16.06,16.06,16.36,12.32,12.06,12.06,13.09,9.55,9.33,9.33,10.29,7.31,7.21,7.21,7.67,5.38,5.37,5.37,5.4
fragment_02999,3,32.85,33.09,32.23,33.09,29.02,29.37,28.19,29.37,22.29,22.5,21.83,22.5,16.31,16.36,16.25,16.36,11.22,11.23,11.18,11.23,7.85,7.85,7.83,7.85,5.59,5.59,5.59,5.59
fragment_03000,18,30.7,30.7,29.55,31.21,23.38,23.41,22.24,23.93,16.73,16.61,16.51,17.37,12.04,11.96,11.87,13.73,9.16,9.08,8.95,10.85,7.33,7.27,7.15,8.56,6.06,6.04,5.91,6.78
fragment_03001,3,30.64,30.65,30.4,30.65,25.66,25.66,25.64,25.66,19.38,19.37,19.37,19.54,14.84,14.84,14.84,14.91,10.33,10.33,10.33,10.34,6.86,6.86,6.86,6.86,4.71,4.71,4.71,4.71
fragment_03002,44,29.29,28.89,27.31,31.19,25.99,25.36,22.67,28.51,21.78,20.83,18.6,25.07,15.84,15.25,13.66,19.03,11.57,11.3,10.4,12.51,8.08,8.06,7.82,8.15,5.6,5.6,5.59,5.61
fragment_03003,13,31.15,30.79,29.99,33.5,27.91,27.4,26.5,30.45,22.6,21.61,21.13,24.98,16.82,16.31,15.84,18.26,11.43,11.41,11.02,11.69,7.61,7.61,7.61,7.62,5.23,5.23,5.23,5.24
fragment_03004,2,32.21,32.21,32.21,32.21,25.92,25.92,25.92,25.92,19.51,19.51,19.51,19.51,13.84,13.84,13.84,13.84,9.97,9.97,9.97,9.97,7.43,7.43,7.43,7.44,5.44,5.44,5.44,5.44
fragment_03005,3,27.91,27.91,27.9,28.08,22.16,22.16,22.15,22.29,15.86,15.86,15.85,15.89,10.95,10.95,10.95,10.97,7.71,7.72,7.71,7.72,5.23,5.23,5.23,5.23,3.59,3.59,3.59,3.6
fragment_03006,1,28.18,28.18,28.18,28.18,19.18,19.18,19.18,19.18,13.02,13.02,13.02,13.02,9.81,9.81,9.81,9.81,7.58,7.58,7.58,7.58,5.61,5.61,5.61,5.61,4.07,4.07,4.07,4.07
fragment_03007,5,29.78,29.78,29.75,29.79,22.16,22.16,22.14,22.17,15.75,15.74,15.74,15.8,12.34,12.32,12.32,12.45,10.01,10.01,10.0,10.05,7.93,7.95,7.83,7.95,6.24,6.25,6.14,6.26
fragment_03008,6,27.0,26.72,26.72,30.52,21.17,20.99,20.99,26.07,17.04,17.08,16.21,21.53,13.38,13.33,12.71,16.1,10.45,10.31,10.23,12.06,8.02,7.97,7.96,8.5,5.84,5.84,5.84,5.85
fragment_03009,13,31.49,31.56,31.26,33.38,24.9,24.93,24.72,28.8,17.61,17.65,17.23,20.36,13.62,13.76,12.38,13.76,10.5,10.66,9.01,10.66,8.41,8.55,7.1,8.55,6.51,6.57,5.81,6.57
fragment_03010,4,32.08,32.31,31.13,32.31,30.19,30.78,27.72,30.78,21.82,22.2,19.38,22.2,13.81,13.84,13.01,13.95,8.58,8.58,8.58,8.59,5.59,5.59,5.58,5.59,3.84,3.84,3.84,3.84
fragment_03011,9,28.14,27.91,25.99,29.56,24.8,24.59,20.37,26.59,22.24,22.21,17.81,22.96,17.09,17.13,13.27,17.34,12.37,12.38,10.23,12.55,8.73,8.73,7.91,8.78,6.07,6.07,5.94,6.07
fragment_03012,9,28.0,28.0,27.99,28.05,19.16,19.16,19.16,19.22,12.68,12.68,12.68,13.63,8.75,8.74,8.74,10.41,6.15,6.14,6.14,8.27,4.71,4.7,4.69,6.45,3.82,3.81,3.81,5.19
fragment_03013,3,31.29,31.29,31.16,31.41,25.63,25.54,25.37,25.96,18.96,18.86,18.63,19.4,13.39,13.31,13.16,13.7,9.7,9.67,9.6,9.84,6.81,6.81,6.8,6.83,4.7,4.7,4.7,4.7
fragment_03014,4,28.5,28.51,28.44,28.51,20.15,20.01,20.01,20.86,13.81,13.69,13.69,14.38,9.97,9.88,9.88,10.43,7.72,7.66,7.66,8.03,6.06,6.03,6.03,6.25,4.77,4.74,4.74,4.91
fragment_03015,15,28.59,28.54,28.34,29.12,20.6,20.35,19.42,22.78,14.26,13.83,12.49,16.71,10.68,10.19,8.84,12.93,8.39,8.01,6.96,9.89,6.6,6.35,5.77,7.37,5.02,4.92,4.69,5.22
fragment_03016,4,28.81,28.81,28.81,28.83,21.99,21.98,21.98,22.03,16.58,16.58,16.58,16.61,12.27,12.27,12.27,12.28,9.24,9.24,9.24,9.24,7.04,7.04,7.04,7.04,5.46,5.46,5.46,5.46
fragment_03017,2,29.81,29.81,29.81,29.81,22.2,22.2,22.2,22.2,15.54,15.54,15.54,15.54,11.65,11.65,11.65,11.65,7.9,7.9,7.9,7.9,5.14,5.14,5.14,5.14,3.53,3.53,3.53,3.53
fragment_03018,11,30.62,29.8,28.97,33.97,27.23,26.22,25.96,33.08,20.78,19.92,19.86,26.77,15.64,14.73,14.7,19.36,12.52,11.91,11.91,14.2,9.46,9.25,9.0,9.74,6.69,6.68,6.63,6.7
fragment_03019,1,28.67,28.67,28.67,28.67,20.65,20.65,20.65,20.65,14.5,14.5,14.5,14.5,9.79,9.79,9.79,9.79,6.85,6.85,6.85,6.85,4.78,4.78,4.78,4.78,3.29,3.29,3.29,3.29
fragment_03020,2,32.17,32.17,32.17,32.17,25.38,25.38,25.38,25.39,18.63,18.62,18.62,18.63,14.1,14.1,14.1,14.1,9.93,9.93,9.93,9.93,6.85,6.85,6.85,6.85,4.71,4.71,4.71,4.71
fragment_03021,9,33.94,33.94,28.8,34.07,27.03,27.07,20.26,27.73,20.35,20.4,13.78,21.27,14.43,14.46,10.39,15.02,9.88,9.91,8.2,9.96,6.48,6.49,6.21,6.49,4.46,4.46,4.46,4.46
fragment_03022,1,29.27,29.27,29.27,29.27,26.5,26.5,26.5,26.5,19.17,19.17,19.17,19.17,13.23,13.23,13.23,13.23,9.45,9.45,9.45,9.45,6.81,6.81,6.81,6.81,5.11,5.11,5.11,5.11
fragment_03023,11,31.99,32.34,30.64,32.34,24.38,24.2,21.7,26.84,20.15,20.18,14.92,22.43,16.58,16.85,11.1,17.53,12.89,13.09,9.24,13.09,9.25,9.29,7.9,9.29,6.42,6.42,6.18,6.42
fragment_03024,13,30.46,30.19,30.05,33.31,23.31,22.5,22.32,28.02,17.43,17.18,16.31,20.89,13.27,13.5,12.24,15.1,9.94,10.23,9.21,10.72,7.2,7.28,7.03,7.31,5.02,5.02,5.02,5.02
fragment_03025,7,29.88,29.63,29.52,33.33,24.11,23.78,22.87,29.31,18.12,18.15,16.36,23.52,13.82,13.91,12.55,16.89,10.39,10.44,9.73,10.93,7.11,7.11,7.05,7.12,4.88,4.88,4.88,4.89
fragment_03026,2,30.46,30.45,30.45,30.46,23.5,23.49,23.49,23.5,17.75,17.75,17.75,17.75,13.44,13.44,13.44,13.44,9.33,9.33,9.33,9.33,6.14,6.14,6.14,6.14,4.22,4.22,4.22,4.22
fragment_03027,2,37.72,37.71,37.71,37.78,36.38,36.55,35.8,36.55,26.4,26.51,26.03,26.51,15.05,15.04,15.04,15.05,9.12,9.12,9.12,9.12,5.93,5.93,5.93,5.93,4.08,4.08,4.08,4.08
fragment_03028,4,31.6,31.36,31.16,33.05,25.36,24.92,24.27,27.81,18.02,17.74,16.95,20.2,11.75,11.78,11.56,11.86,7.18,7.18,7.17,7.19,4.67,4.67,4.67,4.68,3.21,3.21,3.21,3.21
fragment_03029,35,31.17,31.31,29.12,31.69,21.79,21.93,20.23,22.8,15.28,15.97,12.83,16.56,10.95,11.48,8.57,11.72,8.1,8.27,6.58,8.31,6.21,6.28,5.36,6.31,4.84,4.88,4.32,4.95
fragment_03030,34,30.61,30.59,30.54,30.72,23.64,23.57,23.53,23.88,19.11,18.55,18.55,20.52,14.98,14.28,14.14,16.7,11.38,10.83,10.36,12.87,8.39,8.03,7.56,9.21,6.12,6.0,5.78,6.34
fragment_03031,15,29.62,29.69,29.32,29.7,22.72,22.72,22.63,22.81,17.34,17.28,17.08,17.69,13.19,13.11,13.05,13.6,9.97,9.94,9.92,10.19,7.05,7.05,7.05,7.06,4.86,4.86,4.86,4.86
fragment_03032,11,32.98,33.66,30.31,37.72,29.92,30.31,27.79,35.06,24.57,24.83,22.32,29.32,19.28,19.48,18.2,21.75,14.36,14.44,13.95,15.27,10.03,10.04,9.94,10.11,6.94,6.94,6.94,6.95
fragment_03033,1,35.21,35.21,35.21,35.21,29.19,29.19,29.19,29.19,22.11,22.11,22.11,22.11,14.8,14.8,14.8,14.8,9.82,9.82,9.82,9.82,6.8,6.8,6.8,6.8,4.69,4.69,4.69,4.69
fragment_03034,2,29.75,29.75,29.75,29.75,22.15,22.15,22.15,22.15,15.29,15.29,15.29,15.29,11.0,11.0,11.0,11.0,7.98,7.98,7.98,7.98,5.72,5.72,5.72,5.72,3.96,3.96,3.96,3.96
fragment_03035,4,33.44,33.47,31.86,33.47,27.19,27.29,26.08,27.29,18.05,18.13,17.75,18.19,11.09,11.12,11.02,11.41,6.95,6.95,6.95,6.96,4.53,4.52,4.52,4.53,3.11,3.11,3.11,3.11
fragment_03036,34,31.02,31.01,29.15,31.52,21.47,21.51,20.19,21.72,14.21,14.21,12.83,14.78,9.68,9.63,8.38,10.11,6.95,6.95,6.06,7.21,5.47,5.46,4.74,5.69,4.43,4.44,3.88,4.56
fragment_03037,9,31.52,31.87,30.88,33.45,28.79,30.21,27.65,32.38,20.34,21.36,19.17,23.84,13.49,13.63,12.74,14.62,8.79,8.86,8.6,8.86,5.77,5.77,5.76,5.77,3.96,3.96,3.96,3.96
fragment_03038,9,31.39,30.27,30.27,34.74,23.91,22.78,22.54,29.43,17.94,17.47,16.16,22.44,12.72,12.75,11.7,13.78,8.3,8.32,8.14,8.35,5.43,5.43,5.43,5.44,3.73,3.73,3.73,3.73
fragment_03039,5,35.0,35.21,33.99,36.71,30.42,30.25,29.89,34.06,23.76,23.52,23.1,27.6,17.33,17.12,17.12,19.31,11.9,11.82,11.82,12.14,7.89,7.89,7.89,7.9,5.42,5.42,5.42,5.43
fragment_03040,19,30.09,29.66,28.79,32.23,25.22,24.42,20.83,29.97,19.48,18.88,14.41,25.55,15.15,14.95,11.68,19.94,11.46,11.55,9.17,13.1,8.28,8.38,7.1,8.53,5.84,5.85,5.54,5.86
fragment_03041,8,30.4,29.73,29.2,32.93,25.69,24.66,23.81,29.61,19.55,18.64,17.79,22.85,14.69,14.12,13.91,16.46,10.72,10.39,10.39,11.6,7.68,7.65,7.61,7.74,5.32,5.32,5.31,5.32
fragment_03042,2,32.89,32.89,32.89,32.9,27.28,27.27,27.27,27.29,20.93,20.93,20.93,20.93,14.82,14.82,14.82,14.82,10.5,10.5,10.5,10.5,7.61,7.61,7.61,7.61,5.42,5.42,5.42,5.42
fragment_03043,4,30.72,30.7,30.7,30.73,26.19,26.18,26.18,26.2,19.87,19.87,19.86,19.87,13.64,13.64,13.64,13.64,9.25,9.25,9.24,9.25,6.66,6.66,6.66,6.66,5.04,5.04,5.04,5.04
fragment_03044,19,31.03,31.32,28.83,31.32,23.83,24.61,19.27,24.69,16.77,17.57,12.3,17.86,11.7,12.09,8.96,12.34,8.09,8.18,6.89,8.31,5.43,5.44,5.19,5.44,3.73,3.73,3.73,3.74
fragment_03045,2,32.29,32.28,32.28,32.29,25.98,25.98,25.98,25.98,19.56,19.56,19.56,19.56,13.87,13.87,13.87,13.87,9.85,9.85,9.85,9.85,7.25,7.25,7.25,7.25,5.29,5.29,5.29,5.29
fragment_03046,7,31.7,31.69,31.55,31.78,25.41,25.4,25.14,25.61,18.05,18.04,17.7,18.42,12.12,12.12,11.86,12.64,9.18,9.07,8.87,9.79,7.21,7.07,6.97,7.67,5.55,5.5,5.45,5.66
fragment_03047,1,27.97,27.97,27.97,27.97,18.92,18.92,18.92,18.92,12.59,12.59,12.59,12.59,8.45,8.45,8.45,8.45,5.53,5.53,5.53,5.53,3.6,3.6,3.6,3.6,2.48,2.48,2.48,2.48
fragment_03048,2,30.5,30.51,30.5,30.51,23.64,23.64,23.64,23.64,17.61,17.61,17.61,17.61,13.58,13.58,13.58,13.58,9.32,9.32,9.32,9.32,6.08,6.08,6.08,6.08,4.18,4.18,4.18,4.18
fragment_03049,29,31.46,31.86,29.01,31.86,22.08,22.31,20.24,22.68,15.77,16.29,12.94,16.6,11.33,11.71,8.7,11.71,8.35,8.5,6.78,8.5,6.45,6.53,5.56,6.56,5.1,5.13,4.54,5.17
fragment_03050,2,32.11,32.13,29.51,32.13,29.09,29.11,27.38,29.11,23.63,23.63,23.34,23.63,18.57,18.57,18.44,18.57,14.37,14.37,14.37,14.46,10.87,10.87,10.87,10.87,8.24,8.24,8.24,8.25
fragment_03051,3,29.42,29.39,29.39,31.26,25.04,24.98,24.98,28.24,18.95,18.9,18.9,21.43,13.92,13.91,13.91,14.46,8.79,8.79,8.79,8.79,5.72,5.72,5.72,5.72,3.93,3.93,3.93,3.93
fragment_03052,8,35.99,36.82,33.22,36.82,32.0,32.84,27.91,32.84,25.85,26.63,22.07,26.63,19.06,19.53,16.04,19.53,13.1,13.35,11.55,13.35,8.75,8.79,8.46,8.79,6.03,6.04,6.02,6.04
fragment_03053,1,38.03,38.03,38.03,38.03,34.73,34.73,34.73,34.73,26.75,26.75,26.75,26.75,16.6,16.6,16.6,16.6,10.09,10.09,10.09,10.09,6.57,6.57,6.57,6.57,4.51,4.51,4.51,4.51
fragment_03055,1,28.76,28.76,28.76,28.76,20.73,20.73,20.73,20.73,14.71,14.71,14.71,14.71,10.61,10.61,10.61,10.61,8.09,8.09,8.09,8.09,6.15,6.15,6.15,6.15,4.71,4.71,4.71,4.71
fragment_03056,14,30.29,29.84,28.78,32.06,25.56,24.3,20.81,29.08,19.37,18.19,14.03,23.07,14.48,13.6,11.17,17.37,10.87,10.38,8.86,12.47,7.98,7.77,6.84,8.63,5.84,5.81,5.37,5.95
fragment_03057,2,30.61,30.61,30.6,30.61,23.54,23.55,23.54,23.55,16.52,16.52,16.52,16.52,11.5,11.5,11.5,11.5,8.48,8.48,8.47,8.48,6.36,6.36,6.36,6.36,4.53,4.53,4.53,4.53
fragment_03058,27,31.16,31.09,29.35,31.52,21.52,21.52,20.23,21.71,14.25,14.2,12.84,14.77,9.72,9.65,8.38,10.09,7.12,7.05,6.09,7.51,5.8,5.72,4.81,6.17,4.87,4.82,4.08,5.08
fragment_03059,2,34.57,34.58,34.57,34.58,28.86,28.86,28.86,28.86,22.65,22.65,22.65,22.65,16.7,16.7,16.7,16.7,11.36,11.36,11.36,11.36,7.56,7.56,7.56,7.56,5.19,5.19,5.19,5.19
fragment_03060,7,29.11,29.11,29.07,29.14,21.76,21.76,21.73,21.78,15.28,15.28,15.27,15.29,10.48,10.48,10.48,10.49,7.25,7.25,7.25,7.26,5.29,5.26,5.25,5.34,4.16,4.12,4.11,4.21
fragment_03061,35,34.15,34.17,32.12,36.06,28.54,28.45,25.98,32.7,20.51,20.24,18.71,24.14,14.4,14.05,13.74,15.43,9.36,9.29,9.29,9.42,6.12,6.12,6.11,6.13,4.2,4.2,4.2,4.21
fragment_03062,12,27.24,27.28,26.13,29.76,22.13,22.81,20.07,24.61,18.46,19.72,16.47,20.03,15.38,16.47,13.58,16.47,12.57,13.04,11.54,13.04,9.39,9.44,9.0,9.54,6.61,6.61,6.57,6.62
fragment_03063,11,38.5,38.95,35.0,38.95,35.98,36.63,30.3,36.63,25.91,26.3,22.46,26.3,15.39,15.4,15.34,15.42,9.34,9.34,9.33,9.34,6.08,6.08,6.08,6.08,4.18,4.18,4.17,4.18
fragment_03064,1,28.6,28.6,28.6,28.6,19.67,19.67,19.67,19.67,13.93,13.93,13.93,13.93,9.81,9.81,9.81,9.81,6.9,6.9,6.9,6.9,4.98,4.98,4.98,4.98,3.46,3.46,3.46,3.46
fragment_03065,5,31.11,31.13,29.73,34.29,24.35,24.42,20.73,26.05,18.58,18.66,14.31,18.67,13.39,13.43,11.23,13.44,9.45,9.47,8.68,9.47,6.34,6.34,6.26,6.34,4.36,4.36,4.35,4.36
fragment_03066,27,33.77,33.86,31.78,34.28,27.09,27.21,25.71,27.28,18.29,18.27,17.02,18.79,11.9,11.83,10.68,12.33,8.3,8.29,7.5,8.56,6.35,6.33,5.68,6.58,5.03,5.03,4.54,5.15
fragment_03067,2,29.67,29.67,29.66,29.67,22.06,22.07,22.05,22.07,15.21,15.22,15.21,15.22,10.88,10.88,10.88,10.88,7.54,7.54,7.54,7.54,5.18,5.18,5.18,5.18,3.56,3.56,3.56,3.56
fragment_03068,5,31.78,31.77,31.7,32.75,25.13,25.09,25.06,28.29,17.59,17.55,17.55,20.69,12.68,12.68,12.68,13.34,8.15,8.15,8.15,8.16,5.3,5.3,5.3,5.31,3.64,3.64,3.64,3.65
fragment_03069,2,29.88,29.88,29.88,29.88,22.22,22.22,22.22,22.23,15.96,15.96,15.96,15.96,11.2,11.2,11.2,11.2,8.07,8.07,8.07,8.07,5.74,5.74,5.74,5.74,3.96,3.96,3.96,3.96
fragment_03070,5,33.18,33.99,31.5,33.99,27.7,29.1,24.83,29.1,19.86,21.22,17.05,21.22,13.54,14.22,12.14,14.22,9.24,9.52,8.68,9.52,6.24,6.26,6.2,6.27,4.3,4.3,4.3,4.31
fragment_03071,5,31.04,31.34,30.57,31.34,22.66,23.13,21.88,23.13,15.81,15.83,15.18,15.98,11.34,11.28,11.28,11.73,8.44,8.41,8.38,8.77,6.57,6.55,6.53,6.84,5.15,5.13,5.09,5.46
fragment_03072,7,31.0,30.7,29.96,32.67,22.69,22.44,21.12,25.47,15.37,15.22,14.11,17.4,10.08,10.15,9.54,10.56,6.36,6.36,6.32,6.4,4.14,4.14,4.14,4.17,2.85,2.84,2.84,2.86
fragment_03073,3,28.26,28.26,28.25,28.3,23.4,23.4,23.39,23.46,17.35,17.35,17.34,17.38,13.34,13.34,13.33,13.36,10.02,10.02,10.02,10.02,6.95,6.95,6.95,6.95,4.77,4.77,4.77,4.77
fragment_03074,10,24.12,24.09,24.08,24.2,15.24,15.23,15.22,15.36,11.48,11.47,11.46,11.74,9.72,9.74,9.39,9.81,7.89,7.9,7.66,8.29,6.18,6.19,6.06,6.71,4.85,4.86,4.75,5.29
fragment_03075,22,31.31,31.02,30.77,33.2,23.49,22.62,22.6,26.54,17.06,16.36,15.78,20.56,12.07,12.22,10.7,14.21,8.26,8.43,7.55,8.69,5.62,5.65,5.48,5.66,3.88,3.88,3.88,3.89
fragment_03076,1,29.89,29.89,29.89,29.89,29.26,29.26,29.26,29.26,23.02,23.02,23.02,23.02,16.91,16.91,16.91,16.91,11.72,11.72,11.72,11.72,8.18,8.18,8.18,8.18,5.91,5.91,5.91,5.91
fragment_03077,2,32.72,32.72,32.72,32.83,29.02,29.01,29.01,33.24,23.25,23.23,23.23,31.15,16.96,16.95,16.95,23.73,12.07,12.06,12.06,16.28,8.89,8.88,8.88,11.33,6.85,6.85,6.85,7.88
fragment_03078,2,29.14,29.15,29.14,29.15,22.41,22.42,22.41,22.42,16.76,16.76,16.75,16.76,11.53,11.53,11.53,11.53,7.59,7.59,7.59,7.59,4.95,4.95,4.95,4.95,3.4,3.4,3.4,3.4
fragment_03079,1,28.2,28.2,28.2,28.2,22.82,22.82,22.82,22.82,16.12,16.12,16.12,16.12,11.5,11.5,11.5,11.5,8.58,8.58,8.58,8.58,5.89,5.89,5.89,5.89,4.05,4.05,4.05,4.05
fragment_03080,21,32.62,33.94,31.34,33.94,27.3,29.34,24.95,29.34,20.85,22.3,18.51,22.3,16.05,16.63,14.74,16.85,11.5,11.95,10.51,12.27,8.09,8.29,7.65,8.31,5.68,5.71,5.62,5.72
fragment_03081,2,29.88,29.88,29.88,29.88,22.25,22.25,22.25,22.26,16.12,16.12,16.12,16.12,11.5,11.5,11.5,11.5,7.41,7.41,7.41,7.41,4.83,4.83,4.83,4.83,3.32,3.32,3.32,3.32
fragment_03082,6,29.12,29.13,29.01,31.2,22.55,22.73,20.83,25.49,16.19,16.44,13.67,17.99,11.22,11.36,9.81,11.67,7.17,7.19,6.98,7.2,4.68,4.68,4.65,4.68,3.21,3.22,3.19,3.22
fragment_03083,22,31.99,32.66,30.2,32.66,25.42,27.03,22.35,27.03,19.38,21.15,16.05,21.15,13.92,15.01,11.02,15.01,9.82,10.17,8.24,10.17,6.66,6.67,6.34,6.69,4.59,4.58,4.58,4.59
fragment_03084,2,31.08,31.18,30.96,31.18,24.43,24.97,23.79,24.97,17.08,17.58,16.48,17.58,12.15,12.31,11.96,12.31,8.9,9.04,8.72,9.04,6.8,6.87,6.7,6.87,5.27,5.33,5.2,5.33
fragment_03085,2,31.79,31.92,31.49,31.92,26.45,27.07,25.0,27.07,20.32,21.13,18.39,21.13,14.31,14.79,13.18,14.79,9.35,9.4,9.25,9.4,6.12,6.12,6.12,6.12,4.2,4.2,4.2,4.2
fragment_03086,2,29.71,29.71,29.7,29.71,22.11,22.11,22.11,22.11,15.62,15.62,15.62,15.62,11.83,11.83,11.83,11.83,8.91,8.92,8.91,8.92,6.73,6.73,6.73,6.73,5.38,5.38,5.38,5.38
fragment_03087,5,27.13,26.65,26.65,28.73,20.59,19.8,19.8,23.36,16.16,15.86,15.47,18.7,12.47,12.33,11.81,14.13,9.44,9.26,9.08,10.41,7.04,7.04,6.89,7.31,5.04,5.04,5.04,5.04
fragment_03088,8,30.77,30.77,30.72,30.78,26.21,26.21,26.17,26.22,19.89,19.89,19.85,19.89,13.7,13.68,13.68,14.01,9.61,9.57,9.57,10.0,7.34,7.32,7.32,7.64,5.82,5.8,5.8,5.95
fragment_03089,2,30.91,30.93,30.9,30.93,23.84,23.85,23.83,23.85,17.83,17.83,17.82,17.83,11.8,11.8,11.8,11.8,7.33,7.33,7.33,7.33,4.77,4.77,4.77,4.77,3.28,3.28,3.28,3.28
fragment_03090,2,28.51,28.51,28.51,28.51,19.64,19.64,19.62,19.64,14.76,14.91,14.24,14.91,11.36,11.58,10.58,11.58,7.78,7.91,7.32,7.91,5.15,5.16,5.14,5.16,3.54,3.54,3.54,3.54
fragment_03091,2,29.79,29.79,29.79,29.79,22.18,22.18,22.18,22.18,15.41,15.41,15.41,15.41,11.49,11.49,11.49,11.49,8.68,8.68,8.68,8.68,6.3,6.3,6.3,6.3,4.33,4.33,4.33,4.33
fragment_03092,20,30.42,30.26,30.04,33.24,23.2,22.4,22.21,27.76,16.91,16.35,15.94,20.34,12.54,12.19,11.96,14.27,9.16,8.98,8.74,9.84,6.48,6.48,6.45,6.5,4.47,4.47,4.47,4.47
fragment_03093,22,29.67,29.35,28.48,31.29,24.16,23.59,23.59,26.98,17.13,16.64,16.53,19.77,11.9,11.53,11.49,13.8,8.79,8.48,8.45,10.28,6.94,6.72,6.71,8.04,5.57,5.4,5.4,6.31
fragment_03094,8,35.97,36.75,33.24,36.75,31.97,32.77,27.91,32.77,25.82,26.56,22.08,26.56,19.05,19.49,16.04,19.49,13.1,13.34,11.55,13.34,8.75,8.79,8.46,8.79,6.03,6.04,6.02,6.04
fragment_03095,25,35.37,35.66,31.92,36.26,34.81,35.6,28.62,35.6,30.88,31.87,23.95,31.87,24.45,25.26,18.38,25.26,16.03,16.34,13.21,16.34,10.55,10.63,9.67,10.63,7.3,7.3,7.16,7.31
fragment_03096,2,31.15,31.17,30.83,31.17,23.85,23.86,23.65,23.86,17.14,17.14,17.12,17.14,13.12,13.12,13.11,13.12,9.76,9.76,9.76,9.77,7.42,7.42,7.42,7.42,5.32,5.32,5.32,5.32
fragment_03097,15,32.27,32.35,31.96,34.42,25.94,26.06,25.32,29.56,18.61,18.72,17.97,21.38,13.3,13.34,13.05,14.09,8.8,8.8,8.79,8.84,5.74,5.74,5.73,5.75,3.94,3.94,3.93,3.95
fragment_03098,21,30.33,30.76,29.54,32.23,26.05,27.57,23.77,30.02,20.02,21.42,17.34,25.13,15.06,15.61,13.68,18.53,11.46,11.69,10.83,13.3,8.72,8.79,8.56,9.7,6.64,6.66,6.6,6.99
fragment_03099,2,27.9,27.89,27.89,27.91,21.83,21.83,21.83,21.83,16.06,16.06,16.06,16.07,12.31,12.31,12.31,12.32,9.36,9.36,9.36,9.36,6.88,6.88,6.88,6.88,4.81,4.81,4.81,4.81
fragment_03100,2,29.79,29.78,29.78,29.79,22.19,22.19,22.19,22.19,15.44,15.45,15.44,15.45,11.21,11.21,11.21,11.21,7.98,7.98,7.98,7.98,5.63,5.63,5.63,5.63,4.01,4.01,4.01,4.01
fragment_03101,3,29.69,29.67,29.67,30.17,23.94,23.94,23.42,25.31,17.58,17.61,16.23,19.52,13.01,13.06,11.54,14.19,9.47,9.5,8.65,10.08,6.72,6.73,6.5,6.79,4.66,4.66,4.66,4.67
fragment_03102,2,30.71,30.71,30.71,30.71,23.68,23.68,23.68,23.68,16.72,16.72,16.72,16.72,11.83,11.83,11.83,11.83,8.19,8.19,8.19,8.19,5.59,5.59,5.59,5.59,3.84,3.84,3.84,3.84
fragment_03103,6,32.54,31.31,31.29,35.22,26.12,24.16,23.16,30.36,21.05,18.86,17.01,25.7,16.01,14.64,13.17,18.25,11.37,10.61,10.3,12.27,7.96,7.84,7.72,8.1,5.56,5.56,5.55,5.56
fragment_03104,2,29.89,29.89,29.89,29.89,22.26,22.26,22.25,22.26,15.43,15.43,15.43,15.43,11.35,11.35,11.35,11.35,8.43,8.43,8.43,8.43,6.11,6.11,6.11,6.11,4.21,4.21,4.21,4.21
fragment_03105,2,23.94,23.93,23.93,23.95,14.35,14.34,14.34,14.35,10.33,10.31,10.31,10.37,7.86,7.81,7.81,7.93,6.43,6.24,6.24,6.69,5.39,5.14,5.14,5.73,4.44,4.24,4.24,4.7
fragment_03106,2,29.78,29.79,29.78,29.79,22.17,22.17,22.17,22.17,15.88,15.88,15.88,15.88,12.48,12.48,12.48,12.48,9.25,9.25,9.24,9.25,6.3,6.3,6.3,6.3,4.33,4.33,4.33,4.33
fragment_03107,10,31.4,31.42,30.72,34.28,23.3,22.45,22.45,27.3,16.63,15.73,15.73,19.59,11.65,11.18,11.18,12.7,7.64,7.59,7.59,7.71,5.0,5.0,5.0,5.02,3.44,3.44,3.43,3.45
fragment_03108,2,32.06,32.06,32.06,32.06,25.55,25.55,25.54,25.55,18.93,18.93,18.93,18.93,13.32,13.32,13.32,13.32,9.66,9.66,9.66,9.66,7.23,7.23,7.23,7.23,5.3,5.3,5.3,5.3
fragment_03109,2,32.35,32.36,32.34,32.36,25.1,25.11,25.1,25.11,18.0,18.0,18.0,18.0,12.74,12.74,12.74,12.74,9.28,9.28,9.28,9.28,6.89,6.89,6.89,6.89,4.89,4.89,4.89,4.89
fragment_03110,20,31.68,31.84,29.22,36.17,28.84,29.41,25.86,34.03,23.05,23.6,20.48,26.61,16.86,17.22,15.53,18.05,11.79,11.98,11.02,12.32,8.26,8.3,8.03,8.33,5.72,5.72,5.72,5.73
fragment_03111,5,31.19,31.85,29.26,32.67,25.52,25.8,23.56,28.24,19.44,19.16,17.71,21.56,15.37,15.07,13.51,16.38,11.98,11.84,10.87,12.6,8.58,8.6,8.31,8.65,5.93,5.93,5.93,5.94
fragment_03112,11,27.49,26.64,26.64,31.4,21.99,21.48,20.53,25.48,17.85,17.56,16.55,20.44,14.21,13.96,13.17,16.21,11.22,11.13,10.8,12.79,8.51,8.55,8.22,8.85,6.07,6.08,6.05,6.09
fragment_03113,9,34.36,34.47,31.81,35.81,28.94,29.42,24.93,30.5,19.28,19.76,16.11,20.45,11.42,11.53,10.66,11.55,6.99,6.99,6.99,7.0,4.55,4.55,4.55,4.56,3.13,3.12,3.12,3.13
fragment_03114,8,28.68,28.7,28.49,28.7,19.68,19.7,19.48,19.7,12.58,12.64,12.01,12.64,8.45,8.48,8.24,8.48,6.44,6.47,6.2,6.47,5.17,5.19,5.0,5.19,4.27,4.28,4.11,4.28
fragment_03115,2,32.89,32.91,32.82,32.91,27.6,27.65,27.43,27.65,20.5,20.54,20.37,20.54,13.35,13.36,13.34,13.36,8.15,8.15,8.15,8.15,5.31,5.31,5.3,5.31,3.64,3.64,3.64,3.64
fragment_03116,6,32.84,33.1,31.81,34.38,27.03,27.51,24.78,29.42,19.38,19.81,17.56,21.24,12.29,12.36,12.04,12.4,7.5,7.5,7.5,7.51,4.88,4.88,4.88,4.89,3.35,3.35,3.35,3.36
fragment_03117,12,29.76,29.78,29.74,29.78,22.15,22.16,22.14,22.16,16.13,16.16,15.85,16.26,13.16,13.21,12.75,13.23,10.34,10.39,9.97,10.4,7.65,7.68,7.49,7.68,5.33,5.33,5.33,5.33
fragment_03118,2,29.21,29.21,29.2,29.21,26.44,26.44,26.43,26.44,19.12,19.12,19.12,19.12,13.34,13.34,13.34,13.34,9.86,9.86,9.86,9.86,7.4,7.4,7.4,7.4,5.73,5.72,5.72,5.73
fragment_03119,2,29.39,29.39,29.39,29.4,26.61,26.61,26.61,26.62,19.27,19.27,19.27,19.27,13.8,13.8,13.8,13.8,10.49,10.49,10.49,10.49,7.98,7.98,7.98,7.98,6.08,6.08,6.08,6.08
fragment_03120,2,32.63,32.63,32.63,32.63,25.66,25.66,25.66,25.66,18.89,18.89,18.89,18.89,14.44,14.44,14.44,14.44,10.39,10.39,10.39,10.39,7.46,7.46,7.46,7.46,5.36,5.36,5.36,5.36
fragment_03121,4,30.76,30.83,29.66,30.83,24.72,24.72,23.6,24.8,18.34,18.5,17.53,18.5,13.19,13.3,12.65,13.3,9.84,9.8,9.68,9.9,7.42,7.4,7.32,7.46,5.64,5.63,5.61,5.66
fragment_03122,4,30.51,30.49,30.27,31.37,22.56,22.39,22.34,26.04,15.76,15.59,15.57,19.8,12.06,11.93,11.93,14.87,9.3,9.23,9.23,11.07,7.17,7.12,7.12,8.43,5.75,5.72,5.72,6.39
fragment_03123,4,29.71,29.71,29.7,29.72,24.53,24.53,24.52,24.53,18.11,18.12,18.09,18.12,13.4,13.4,13.4,13.41,10.03,10.02,10.02,10.06,7.75,7.74,7.74,7.78,5.97,5.96,5.96,5.98
fragment_03124,6,36.08,36.41,34.33,36.41,32.49,32.97,29.83,32.97,22.36,22.64,20.64,22.76,13.22,13.22,13.17,13.24,8.02,8.02,8.01,8.02,5.22,5.22,5.22,5.22,3.59,3.58,3.58,3.59
fragment_03125,2,31.29,31.59,30.97,31.59,24.64,25.21,24.01,25.21,17.1,17.66,16.5,17.66,10.69,10.78,10.6,10.78,6.53,6.53,6.53,6.53,4.25,4.25,4.25,4.25,2.92,2.92,2.92,2.92
fragment_03126,3,30.41,30.48,30.32,30.51,22.8,23.02,22.48,23.67,15.27,15.48,14.97,16.4,10.62,10.79,10.38,11.48,7.98,8.1,7.81,8.56,6.18,6.27,6.06,6.58,4.86,4.9,4.8,5.02
fragment_03127,2,32.18,32.18,32.18,32.18,25.61,25.6,25.6,25.61,18.96,18.96,18.96,18.96,13.45,13.45,13.45,13.45,9.71,9.71,9.71,9.71,6.82,6.82,6.82,6.82,4.7,4.7,4.7,4.7
fragment_03128,4,29.57,29.58,29.55,29.58,21.98,21.99,21.97,21.99,15.03,15.03,15.02,15.03,10.28,10.29,10.24,10.29,7.28,7.32,7.17,7.32,5.29,5.31,5.21,5.31,3.7,3.7,3.69,3.7
fragment_03129,23,30.38,29.78,28.6,31.33,25.23,23.85,23.69,27.3,18.49,17.41,17.31,20.08,13.58,13.1,12.74,14.22,10.44,10.2,9.66,10.75,8.22,8.16,7.57,8.31,6.45,6.45,5.95,6.53
fragment_03130,11,33.32,33.88,29.67,33.9,26.46,27.21,21.06,27.24,20.22,20.93,15.41,20.93,14.84,15.23,11.3,15.23,10.65,10.84,8.66,10.84,7.43,7.46,6.79,7.46,5.13,5.13,5.09,5.13
fragment_03131,4,28.46,28.48,28.41,28.5,21.78,21.87,21.63,21.92,16.5,16.53,16.44,16.57,13.65,13.6,13.6,13.7,11.75,11.69,11.69,11.81,9.54,9.51,9.51,9.59,7.21,7.2,7.2,7.22
fragment_03132,6,30.86,30.92,29.63,34.37,24.06,24.17,20.55,26.1,17.99,18.09,14.19,18.52,12.8,12.86,10.93,12.86,9.16,9.19,8.35,9.19,6.9,6.91,6.47,6.91,5.48,5.5,5.12,5.5
fragment_03133,33,29.93,29.71,28.91,31.33,24.51,23.93,23.66,28.84,18.22,17.7,17.41,22.71,13.77,13.46,13.22,17.08,10.73,10.54,10.22,12.68,8.75,8.61,8.33,9.65,7.2,7.13,6.94,7.67
fragment_03134,2,29.14,29.15,29.12,29.15,22.45,22.47,22.44,22.47,16.81,16.82,16.8,16.82,11.03,11.03,11.03,11.03,6.71,6.71,6.71,6.71,4.37,4.37,4.37,4.37,3.0,3.0,3.0,3.0
fragment_03135,1,27.91,27.91,27.91,27.91,21.55,21.55,21.55,21.55,14.53,14.53,14.53,14.53,10.27,10.27,10.27,10.27,7.13,7.13,7.13,7.13,4.64,4.64,4.64,4.64,3.19,3.19,3.19,3.19
fragment_03136,11,30.21,30.95,28.9,30.95,25.47,27.15,23.61,27.22,19.1,20.55,17.43,20.72,13.97,14.39,13.44,15.61,9.99,10.1,9.65,10.44,6.79,6.79,6.7,6.8,4.67,4.67,4.67,4.67
fragment_03137,3,29.61,29.6,29.6,29.69,22.35,22.34,22.34,22.45,16.25,16.25,16.25,16.32,12.17,12.17,12.17,12.25,9.55,9.55,9.55,9.58,7.1,7.1,7.1,7.1,4.95,4.95,4.95,4.95
fragment_03138,6,28.18,28.18,28.18,28.19,19.18,19.18,19.17,19.18,13.03,13.03,13.02,13.03,9.82,9.82,9.82,9.82,7.65,7.59,7.59,7.76,6.16,6.14,5.99,6.34,5.21,5.22,4.97,5.41
fragment_03139,2,34.57,34.57,34.57,34.58,28.86,28.86,28.86,28.86,22.82,22.82,22.82,22.82,17.32,17.32,17.32,17.33,12.4,12.4,12.4,12.4,8.39,8.39,8.39,8.39,5.76,5.76,5.76,5.76
fragment_03140,6,28.6,28.65,28.4,31.6,24.5,25.12,23.33,28.61,18.74,19.19,17.8,21.79,14.55,14.9,13.87,16.04,11.24,11.58,10.28,12.21,8.47,8.66,7.83,8.87,6.2,6.25,6.01,6.26
fragment_03141,22,34.01,34.4,31.54,36.62,28.95,29.83,24.81,33.31,20.01,21.05,16.22,24.03,12.92,13.49,11.05,13.91,8.34,8.42,7.76,8.43,5.48,5.48,5.43,5.48,3.76,3.76,3.76,3.77
fragment_03142,7,27.01,26.72,25.93,30.19,21.22,21.04,20.51,25.83,17.08,17.13,16.21,21.26,13.32,13.32,12.63,15.81,10.18,10.09,9.98,11.43,7.58,7.57,7.51,7.79,5.34,5.34,5.34,5.35
fragment_03143,5,32.56,32.94,31.79,32.94,27.07,27.42,26.03,27.59,20.02,20.23,19.4,20.35,12.95,12.93,12.93,13.0,7.9,7.89,7.89,7.9,5.14,5.14,5.14,5.14,3.53,3.53,3.53,3.53
fragment_03144,4,32.15,31.28,31.28,33.19,26.33,24.64,24.64,28.33,18.8,16.84,16.84,21.11,12.75,12.13,12.13,13.47,8.18,8.18,8.18,8.18,5.32,5.32,5.32,5.33,3.66,3.66,3.66,3.66
fragment_03145,9,30.21,30.0,30.0,33.36,25.26,25.35,24.06,30.04,19.23,19.28,17.74,23.36,14.09,14.05,13.0,15.87,9.87,9.9,9.43,10.08,6.54,6.54,6.52,6.56,4.5,4.49,4.48,4.51
fragment_03146,20,31.75,31.69,30.05,33.82,23.2,22.58,22.44,28.16,16.64,16.0,15.62,22.3,12.4,12.26,11.53,15.46,8.83,9.0,8.25,9.42,6.08,6.11,5.95,6.13,4.2,4.2,4.2,4.21
fragment_03147,8,29.08,29.09,29.02,29.12,21.75,21.76,21.71,21.79,15.21,15.21,15.19,15.22,10.26,10.26,10.25,10.26,7.04,7.04,7.03,7.05,5.1,5.08,5.08,5.14,3.99,3.96,3.96,4.04
fragment_03148,1,28.44,28.44,28.44,28.44,20.09,20.09,20.09,20.09,14.14,14.14,14.14,14.14,11.02,11.02,11.02,11.02,9.01,9.01,9.01,9.01,6.75,6.75,6.75,6.75,4.72,4.72,4.72,4.72
fragment_03149,1,28.81,28.81,28.81,28.81,20.18,20.18,20.18,20.18,14.59,14.59,14.59,14.59,11.45,11.45,11.45,11.45,8.72,8.72,8.72,8.72,6.52,6.52,6.52,6.52,4.65,4.65,4.65,4.65
fragment_03150,1,28.77,28.77,28.77,28.77,20.73,20.73,20.73,20.73,15.08,15.08,15.08,15.08,11.41,11.41,11.41,11.41,9.14,9.14,9.14,9.14,6.94,6.94,6.94,6.94,5.2,5.2,5.2,5.2
fragment_03151,30,31.43,31.81,29.07,31.81,22.15,22.34,20.23,22.61,15.95,16.33,12.85,16.6,11.44,11.73,8.6,11.73,8.38,8.47,6.68,8.49,6.47,6.51,5.49,6.56,5.1,5.11,4.51,5.17
fragment_03152,2,32.3,32.3,32.29,32.3,24.75,24.75,24.75,24.75,17.37,17.37,17.37,17.37,11.84,11.84,11.84,11.84,7.95,7.95,7.95,7.95,5.42,5.43,5.42,5.43,3.73,3.73,3.73,3.73
fragment_03153,2,29.32,29.32,29.32,29.32,26.52,26.52,26.52,26.52,19.18,19.18,19.18,19.18,13.66,13.65,13.65,13.66,10.34,10.34,10.34,10.34,7.8,7.8,7.8,7.81,5.87,5.87,5.87,5.87
fragment_03154,1,29.14,29.14,29.14,29.14,21.83,21.83,21.83,21.83,15.29,15.29,15.29,15.29,10.87,10.87,10.87,10.87,8.85,8.85,8.85,8.85,6.92,6.92,6.92,6.92,4.84,4.84,4.84,4.84
fragment_03155,14,31.71,31.92,29.14,33.44,28.65,28.94,24.17,29.86,21.92,22.15,17.97,22.38,14.36,14.41,13.34,14.41,8.76,8.77,8.74,8.77,5.7,5.7,5.69,5.71,3.92,3.92,3.91,3.92
fragment_03156,19,31.64,31.41,31.26,33.96,25.74,25.33,24.71,29.89,19.27,18.8,17.57,23.67,14.91,14.53,13.4,18.4,11.45,11.17,10.01,13.59,9.08,8.89,8.09,10.46,7.0,6.83,6.66,7.76
fragment_03157,6,29.18,29.2,29.13,29.2,21.84,21.85,21.79,21.85,15.25,15.26,15.23,15.26,10.68,10.71,10.61,10.71,8.2,8.3,8.08,8.3,6.33,6.35,6.24,6.35,4.41,4.41,4.41,4.41
fragment_03158,17,38.15,38.65,35.44,38.65,35.84,36.57,31.04,36.57,24.25,24.68,21.18,24.68,13.71,13.71,13.63,13.72,8.31,8.31,8.29,8.31,5.41,5.41,5.4,5.41,3.71,3.71,3.71,3.72
fragment_03159,2,32.43,32.42,32.42,32.44,25.55,25.55,25.55,25.56,18.83,18.83,18.83,18.83,14.4,14.39,14.39,14.4,10.46,10.46,10.46,10.46,7.08,7.08,7.08,7.08,4.86,4.86,4.86,4.86
fragment_03160,13,34.42,33.91,32.68,35.49,28.32,28.13,26.93,30.33,20.77,20.89,20.39,23.88,14.85,14.91,14.69,16.02,9.85,9.86,9.83,9.89,6.43,6.42,6.42,6.44,4.41,4.41,4.41,4.42
fragment_03161,11,29.89,29.6,28.94,32.67,24.49,23.72,23.69,31.35,17.97,17.33,17.3,25.8,13.37,13.09,12.96,17.99,10.09,9.94,9.87,11.83,7.54,7.5,7.47,7.75,5.32,5.32,5.31,5.32
fragment_03162,12,28.69,28.71,28.65,28.71,21.35,22.24,19.75,22.33,16.22,17.3,13.93,18.06,13.54,14.45,11.41,15.59,10.94,11.4,9.72,12.15,8.19,8.38,7.77,8.44,5.8,5.79,5.79,5.81
fragment_03163,16,29.59,29.57,28.95,30.85,23.75,23.73,23.65,26.78,17.19,17.32,16.84,19.33,12.77,13.16,11.84,13.29,9.69,9.77,9.22,10.44,7.78,7.6,7.47,8.65,6.13,5.91,5.91,6.92
fragment_03164,2,33.24,33.24,33.23,33.24,27.56,27.56,27.56,27.56,20.55,20.55,20.55,20.55,15.93,15.93,15.92,15.93,12.14,12.14,12.14,12.14,8.53,8.53,8.53,8.53,5.9,5.9,5.9,5.9
fragment_03165,2,28.73,28.74,28.71,28.74,24.37,24.38,24.36,24.38,18.12,18.12,18.12,18.13,12.81,12.81,12.81,12.82,10.12,10.12,10.12,10.12,7.52,7.52,7.52,7.52,5.19,5.19,5.19,5.19
fragment_03166,14,29.51,29.57,29.22,29.57,23.05,23.05,22.93,23.15,17.67,17.61,17.3,17.99,13.29,13.23,13.05,13.66,10.02,9.98,9.92,10.21,7.06,7.05,7.05,7.06,4.86,4.86,4.86,4.86
fragment_03167,4,28.99,28.98,28.98,29.71,21.22,21.22,21.22,22.66,14.35,14.35,14.35,15.54,10.47,10.46,10.46,11.33,7.61,7.61,7.51,8.7,5.9,5.9,5.8,6.43,4.51,4.51,4.46,4.57
fragment_03168,2,29.36,29.36,29.36,29.36,23.14,23.13,23.13,23.14,16.97,16.96,16.96,16.97,12.55,12.55,12.55,12.55,9.32,9.32,9.32,9.32,6.41,6.41,6.41,6.41,4.41,4.41,4.41,4.41
fragment_03169,4,30.2,30.94,29.78,32.72,23.49,24.51,22.93,24.51,17.7,18.45,17.29,18.45,12.39,12.6,12.26,12.6,8.14,8.16,8.13,8.16,5.31,5.31,5.31,5.32,3.65,3.65,3.65,3.66
fragment_03170,3,27.32,27.29,27.29,27.43,21.97,21.93,21.93,22.1,16.17,16.16,16.16,16.23,9.93,9.93,9.93,9.93,6.02,6.02,6.02,6.02,3.92,3.92,3.92,3.92,2.69,2.69,2.69,2.69
fragment_03171,2,24.01,24.01,24.01,24.01,15.15,15.15,15.15,15.15,11.37,11.37,11.37,11.37,9.08,9.08,9.08,9.08,6.83,6.82,6.82,6.83,4.58,4.58,4.58,4.58,3.15,3.15,3.15,3.15
fragment_03172,6,34.28,34.25,34.21,36.69,29.95,29.84,29.84,34.46,22.21,22.13,22.13,25.77,15.65,15.66,15.62,16.2,9.81,9.81,9.8,9.83,6.38,6.38,6.38,6.4,4.38,4.39,4.38,4.39
fragment_03173,1,34.95,34.95,34.95,34.95,28.73,28.73,28.73,28.73,21.46,21.46,21.46,21.46,14.28,14.28,14.28,14.28,9.51,9.51,9.51,9.51,6.6,6.6,6.6,6.6,4.55,4.55,4.55,4.55
fragment_03174,3,26.77,26.78,26.73,26.78,21.35,21.36,21.34,21.42,15.86,15.86,15.86,15.89,11.43,11.43,11.42,11.46,8.22,8.22,8.22,8.22,5.73,5.73,5.73,5.73,3.99,3.99,3.99,3.99
fragment_03175,3,28.05,28.06,27.95,28.06,23.24,23.25,23.22,23.25,17.13,17.13,17.12,17.13,12.39,12.39,12.39,12.39,8.58,8.58,8.58,8.58,5.72,5.72,5.72,5.72,3.93,3.93,3.93,3.93
fragment_03176,2,29.7,29.7,29.7,29.7,23.54,23.54,23.54,23.54,16.52,16.52,16.52,16.52,11.68,11.68,11.68,11.68,8.57,8.57,8.57,8.57,6.31,6.31,6.31,6.31,4.48,4.48,4.48,4.48
fragment_03177,2,29.72,29.72,29.72,29.72,22.08,22.08,22.08,22.08,15.2,15.2,15.2,15.2,11.03,11.03,11.03,11.03,7.89,7.89,7.89,7.89,5.51,5.51,5.51,5.51,3.81,3.81,3.81,3.81
fragment_03178,4,26.29,25.98,25.91,27.94,19.5,18.53,18.53,22.11,15.1,14.07,14.07,18.08,11.83,11.18,11.18,13.88,9.17,8.81,8.81,10.19,6.73,6.66,6.66,6.88,4.73,4.72,4.72,4.73
fragment_03179,2,29.68,29.69,29.68,29.69,22.08,22.08,22.08,22.08,15.47,15.47,15.47,15.47,11.5,11.5,11.5,11.5,8.34,8.34,8.34,8.34,5.86,5.86,5.86,5.86,4.03,4.03,4.03,4.03
fragment_03180,3,31.18,30.69,30.42,33.42,23.83,22.89,22.68,27.94,17.11,16.36,16.36,20.26,12.62,12.24,12.24,14.23,9.18,8.97,8.97,10.04,6.72,6.67,6.67,6.89,4.73,4.73,4.73,4.73
fragment_03181,2,29.56,29.55,29.55,29.57,22.52,22.51,22.51,22.53,16.87,16.86,16.86,16.87,12.83,12.82,12.82,12.83,9.4,9.4,9.4,9.4,7.14,7.14,7.14,7.14,5.38,5.38,5.38,5.38
fragment_03182,5,28.14,28.13,28.12,28.87,23.25,23.39,22.98,23.83,17.29,17.64,16.55,18.62,12.93,13.27,12.21,14.28,9.58,9.73,9.26,10.16,6.68,6.7,6.63,6.71,4.61,4.61,4.61,4.61
fragment_03183,2,29.83,29.88,29.55,29.88,22.44,22.48,22.21,22.48,15.24,15.25,15.18,15.25,11.16,11.16,11.12,11.16,8.38,8.38,8.36,8.38,6.09,6.09,6.08,6.09,4.34,4.34,4.34,4.34
fragment_03184,12,31.9,31.89,31.22,33.22,29.46,29.42,26.38,32.07,24.4,24.38,21.46,28.55,18.61,18.6,16.3,23.09,13.51,13.54,11.51,16.05,9.78,9.81,8.5,10.9,7.22,7.25,6.51,7.52
fragment_03185,3,29.45,29.44,29.43,31.37,26.37,26.36,26.36,27.19,18.99,19.0,18.32,19.0,13.12,13.12,13.12,13.16,9.56,9.56,9.56,9.69,7.21,7.21,7.11,7.21,5.11,5.11,5.11,5.11
fragment_03186,3,31.05,31.04,30.83,33.43,24.84,24.83,24.83,26.69,19.11,19.11,19.11,19.25,14.67,14.67,14.67,14.95,10.44,10.44,10.44,10.58,6.95,6.95,6.95,6.96,4.78,4.78,4.78,4.78
fragment_03187,5,28.63,28.68,28.55,28.68,24.3,24.59,23.89,24.59,19.45,19.71,19.04,19.71,14.87,15.21,14.56,15.21,11.52,11.89,11.11,11.89,9.0,9.19,8.82,9.19,6.65,6.67,6.63,6.67
fragment_03188,1,28.33,28.33,28.33,28.33,20.65,20.65,20.65,20.65,14.07,14.07,14.07,14.07,9.99,9.99,9.99,9.99,7.43,7.43,7.43,7.43,5.43,5.43,5.43,5.43,3.79,3.79,3.79,3.79
fragment_03189,9,31.69,31.64,31.58,33.13,25.06,24.96,24.9,28.58,17.38,17.27,17.25,20.62,12.32,12.23,12.21,14.05,8.98,8.92,8.91,10.31,7.0,6.98,6.98,7.33,5.03,5.03,5.03,5.03
fragment_03190,3,28.31,28.31,28.25,28.32,23.44,23.44,23.44,23.44,17.29,17.28,17.28,17.29,12.7,12.7,12.7,12.71,9.3,9.3,9.3,9.3,6.75,6.75,6.74,6.75,4.79,4.79,4.79,4.79
fragment_03191,4,29.82,29.82,29.81,29.82,22.2,22.2,22.19,22.2,15.41,15.41,15.41,15.41,11.37,11.37,11.37,11.37,8.71,8.71,8.71,8.71,6.8,6.8,6.8,6.8,5.47,5.47,5.47,5.48
fragment_03192,4,25.34,25.22,25.2,26.49,18.92,18.83,18.81,19.76,14.33,14.34,14.29,14.36,8.59,8.59,8.59,8.6,5.2,5.2,5.2,5.21,3.39,3.39,3.39,3.39,2.33,2.33,2.33,2.33
fragment_03193,30,29.78,29.8,29.74,30.31,22.21,22.17,22.14,24.97,16.37,16.55,15.82,20.68,13.54,13.75,12.77,17.62,10.88,10.98,10.19,14.39,8.73,8.89,8.03,10.89,6.92,7.13,6.39,7.59
fragment_03194,1,33.96,33.96,33.96,33.96,28.39,28.39,28.39,28.39,21.18,21.18,21.18,21.18,14.88,14.88,14.88,14.88,10.46,10.46,10.46,10.46,7.25,7.25,7.25,7.25,4.98,4.98,4.98,4.98
fragment_03195,2,32.08,32.08,32.07,32.08,25.34,25.34,25.33,25.34,18.58,18.58,18.57,18.58,13.98,13.98,13.97,13.98,9.56,9.56,9.56,9.56,6.33,6.33,6.33,6.33,4.35,4.35,4.35,4.35
fragment_03196,3,29.43,29.44,29.07,29.44,21.43,21.44,21.22,21.44,15.05,15.06,14.95,15.06,11.0,11.0,10.95,11.0,7.68,7.68,7.66,7.68,5.42,5.42,5.41,5.42,3.87,3.87,3.86,3.87
fragment_03197,1,25.41,25.41,25.41,25.41,17.32,17.32,17.32,17.32,12.33,12.33,12.33,12.33,9.21,9.21,9.21,9.21,6.4,6.4,6.4,6.4,4.17,4.17,4.17,4.17,2.87,2.87,2.87,2.87
fragment_03198,3,29.96,29.96,29.95,32.12,28.15,28.15,27.47,28.15,21.58,21.59,19.07,21.59,15.62,15.62,14.15,15.62,11.08,11.08,10.59,11.09,7.5,7.5,7.47,7.5,5.15,5.15,5.15,5.16
fragment_03199,53,29.93,29.67,28.92,31.06,24.43,23.74,23.64,26.98,17.59,17.4,16.81,19.82,12.76,13.29,11.78,14.75,9.89,9.81,9.05,12.04,8.07,7.5,7.39,9.56,6.32,5.94,5.91,6.9
fragment_03200,2,31.07,31.08,31.05,31.08,24.04,24.05,24.03,24.05,17.42,17.43,17.42,17.43,13.09,13.09,13.09,13.09,10.14,10.14,10.14,10.14,7.55,7.55,7.55,7.55,5.36,5.36,5.36,5.36
fragment_03201,8,37.12,36.69,34.79,38.43,34.07,33.09,31.05,36.66,27.32,26.5,24.62,29.49,19.14,18.99,18.15,19.54,12.05,12.05,12.01,12.06,7.84,7.84,7.84,7.85,5.39,5.39,5.39,5.39
fragment_03202,1,28.18,28.18,28.18,28.18,22.81,22.81,22.81,22.81,16.12,16.12,16.12,16.12,11.55,11.55,11.55,11.55,8.68,8.68,8.68,8.68,6.11,6.11,6.11,6.11,4.2,4.2,4.2,4.2
fragment_03203,19,31.12,31.48,29.03,33.05,28.33,29.1,24.31,29.49,22.54,23.42,18.53,23.42,16.5,17.12,14.25,17.12,11.52,11.85,10.35,11.85,7.81,7.86,7.58,7.86,5.4,5.4,5.38,5.4
fragment_03204,4,26.29,25.96,25.9,27.81,19.53,18.52,18.52,22.19,15.13,14.07,14.07,18.16,11.85,11.18,11.18,13.93,9.18,8.81,8.81,10.21,6.73,6.66,6.66,6.88,4.73,4.72,4.72,4.73
fragment_03205,13,29.91,29.47,28.73,31.06,24.67,23.65,23.53,26.96,17.84,16.85,16.83,19.97,12.81,12.28,12.28,13.96,9.21,8.93,8.93,9.8,6.63,6.55,6.55,6.79,4.66,4.66,4.66,4.67
fragment_03206,8,28.69,28.74,28.57,28.84,23.82,23.87,23.74,23.94,18.47,18.57,18.25,18.64,13.97,14.24,13.45,14.35,10.45,10.72,9.91,10.82,7.61,7.69,7.46,7.74,5.32,5.33,5.32,5.33
fragment_03207,33,29.94,29.77,29.13,30.88,24.49,23.84,23.65,26.88,17.49,16.97,16.95,19.26,12.31,12.02,11.83,13.54,8.89,8.66,8.5,10.08,6.83,6.74,6.51,7.8,5.47,5.41,5.22,6.07
fragment_03208,2,27.93,27.97,27.83,27.97,21.59,21.61,21.54,21.61,14.77,14.77,14.77,14.78,9.49,9.49,9.49,9.5,5.96,5.96,5.96,5.97,3.88,3.88,3.88,3.88,2.67,2.66,2.66,2.67
fragment_03209,2,31.9,31.89,31.89,31.9,25.4,25.4,25.4,25.4,18.81,18.81,18.81,18.81,12.8,12.8,12.8,12.8,8.75,8.75,8.75,8.75,6.36,6.36,6.36,6.36,4.56,4.56,4.56,4.56
fragment_03210,2,28.73,28.73,28.73,28.74,22.34,22.34,22.34,22.34,16.81,16.81,16.81,16.82,12.1,12.1,12.1,12.1,8.56,8.56,8.56,8.56,5.64,5.64,5.64,5.64,3.87,3.87,3.87,3.87
fragment_03211,6,26.87,26.74,26.74,28.39,19.19,19.08,19.08,20.19,13.89,13.8,13.79,14.43,10.63,10.64,10.51,10.83,8.25,8.36,7.95,8.47,6.19,6.22,6.08,6.27,4.5,4.51,4.47,4.52
fragment_03212,4,28.82,28.83,28.82,28.83,20.2,20.2,20.2,20.2,14.54,14.54,14.54,14.54,11.41,11.41,11.41,11.41,8.9,8.9,8.9,8.9,6.91,6.9,6.9,6.91,5.59,5.59,5.59,5.59
fragment_03213,4,31.1,31.12,30.05,31.41,23.85,24.0,21.9,24.3,17.9,18.27,15.46,18.27,13.65,13.89,12.17,13.89,10.2,10.29,9.32,10.29,6.87,6.87,6.8,6.87,4.72,4.72,4.72,4.72
fragment_03214,12,32.4,32.39,32.38,32.45,24.81,24.81,24.8,24.83,18.27,18.71,17.92,18.72,14.32,14.86,13.75,14.87,11.0,11.47,10.39,11.48,8.14,8.35,7.72,8.35,5.76,5.78,5.7,5.78
fragment_03215,14,33.95,34.86,32.07,35.0,28.78,29.86,26.4,30.32,19.89,20.78,18.06,21.48,12.36,12.54,11.91,12.57,7.61,7.62,7.59,7.62,4.95,4.96,4.94,4.96,3.4,3.41,3.4,3.41
fragment_03216,21,30.18,30.74,28.94,30.94,21.66,22.18,19.3,24.06,14.43,14.38,12.22,17.25,10.07,9.81,8.62,11.82,7.03,6.95,6.19,7.36,4.76,4.79,4.56,4.79,3.29,3.29,3.29,3.29
fragment_03217,1,28.76,28.76,28.76,28.76,20.73,20.73,20.73,20.73,14.71,14.71,14.71,14.71,10.6,10.6,10.6,10.6,8.09,8.09,8.09,8.09,6.06,6.06,6.06,6.06,4.43,4.43,4.43,4.43
fragment_03218,2,29.39,29.39,29.39,29.39,22.2,22.2,22.2,22.21,15.91,15.91,15.91,15.92,9.98,9.98,9.98,9.98,6.08,6.08,6.08,6.08,3.95,3.95,3.95,3.95,2.72,2.72,2.72,2.72
fragment_03219,4,31.11,31.11,30.05,31.43,23.85,23.99,21.9,24.32,17.91,18.26,15.45,18.26,13.66,13.88,12.16,13.88,10.2,10.29,9.32,10.29,6.87,6.87,6.8,6.87,4.72,4.72,4.72,4.72
fragment_03220,9,35.47,36.04,32.49,36.04,31.32,31.77,27.76,33.15,23.36,24.05,20.13,25.23,15.02,15.65,13.35,15.65,9.43,9.6,8.96,9.61,6.24,6.25,6.24,6.26,4.29,4.29,4.29,4.3
fragment_03221,1,28.37,28.37,28.37,28.37,20.66,20.66,20.66,20.66,14.74,14.74,14.74,14.74,11.43,11.43,11.43,11.43,9.11,9.11,9.11,9.11,6.98,6.98,6.98,6.98,4.99,4.99,4.99,4.99
fragment_03222,4,32.54,32.55,31.52,32.55,27.95,28.01,24.89,28.01,20.67,20.72,17.84,20.72,15.11,15.14,13.43,15.14,11.01,11.03,9.99,11.03,7.9,7.9,7.58,7.9,5.49,5.49,5.48,5.49
fragment_03223,2,28.96,28.97,28.96,28.97,22.19,22.2,22.18,22.2,17.08,17.09,17.07,17.09,12.22,12.22,12.22,12.22,8.05,8.05,8.05,8.05,5.25,5.25,5.25,5.25,3.61,3.61,3.61,3.61
fragment_03224,22,29.91,29.07,29.06,31.66,26.27,24.62,24.61,30.46,17.42,15.78,15.78,22.5,11.5,10.63,10.63,14.06,7.96,7.54,7.54,8.52,5.5,5.42,5.42,5.55,3.8,3.8,3.8,3.81
fragment_03225,11,27.38,26.69,26.08,30.88,21.67,21.21,20.81,25.36,17.38,17.31,16.31,20.54,13.92,13.71,12.98,16.26,11.24,10.96,10.6,12.61,8.55,8.45,8.17,8.87,6.09,6.09,6.05,6.1
fragment_03226,2,32.59,32.59,32.58,32.59,25.53,25.53,25.52,25.53,19.66,19.66,19.66,19.66,14.42,14.42,14.42,14.43,9.33,9.33,9.33,9.33,6.08,6.08,6.08,6.08,4.18,4.18,4.18,4.18
fragment_03227,2,29.91,29.91,29.91,29.91,23.85,23.85,23.85,23.86,17.85,17.85,17.85,17.85,12.83,12.83,12.83,12.83,9.09,9.09,9.09,9.09,6.13,6.13,6.13,6.13,4.21,4.21,4.21,4.21
fragment_03228,28,36.38,35.54,32.73,38.41,32.37,31.21,27.48,35.83,23.58,23.1,21.16,26.95,15.07,15.19,14.39,15.93,9.58,9.61,9.49,9.65,6.26,6.26,6.25,6.28,4.3,4.3,4.3,4.31
fragment_03229,1,29.03,29.03,29.03,29.03,20.73,20.73,20.73,20.73,14.62,14.62,14.62,14.62,10.98,10.98,10.98,10.98,7.93,7.93,7.93,7.93,5.52,5.52,5.52,5.52,3.82,3.82,3.82,3.82
fragment_03230,7,32.4,32.07,30.66,33.58,25.61,25.1,22.61,27.53,19.38,19.15,16.17,20.7,13.05,13.18,11.25,13.41,8.25,8.28,7.87,8.28,5.39,5.39,5.38,5.39,3.7,3.7,3.7,3.7
fragment_03231,2,28.76,28.76,28.73,28.76,20.71,20.71,20.67,20.71,14.71,14.71,14.69,14.71,10.79,10.79,10.68,10.79,8.23,8.23,8.07,8.23,5.67,5.67,5.64,5.67,3.89,3.89,3.89,3.89
fragment_03232,8,30.58,30.22,30.2,34.23,27.74,27.28,27.21,34.11,19.55,19.02,19.02,26.04,13.96,13.7,13.61,17.18,10.25,10.27,9.91,10.92,7.11,7.13,7.06,7.13,4.9,4.9,4.89,4.9
fragment_03233,8,32.37,32.36,32.11,32.58,26.85,26.85,25.36,27.37,19.69,19.69,18.31,20.49,14.22,14.22,13.77,14.64,9.7,9.7,9.63,9.73,6.36,6.36,6.35,6.37,4.37,4.37,4.36,4.37
fragment_03234,10,32.77,31.43,30.12,36.14,30.02,29.29,27.95,35.03,24.75,24.04,22.68,29.45,19.4,18.77,18.49,21.96,14.57,14.36,14.23,15.63,10.34,10.29,10.29,10.47,7.19,7.19,7.19,7.2
fragment_03235,2,32.42,32.43,32.41,32.43,25.53,25.53,25.52,25.53,19.41,19.41,19.4,19.41,15.76,15.76,15.75,15.76,11.89,11.89,11.88,11.89,8.27,8.27,8.27,8.27,5.72,5.72,5.72,5.72
fragment_03236,3,31.03,31.15,30.8,31.15,24.62,24.55,24.55,24.78,17.04,16.94,16.94,17.29,10.86,10.82,10.82,10.99,6.76,6.76,6.76,6.76,4.4,4.4,4.4,4.4,3.02,3.02,3.02,3.02
fragment_03237,8,30.85,31.58,28.88,31.58,24.7,25.05,23.21,25.05,18.81,18.74,18.58,19.13,13.12,12.92,12.91,13.67,8.57,8.51,8.5,8.7,5.66,5.65,5.65,5.67,3.89,3.88,3.88,3.89
fragment_03238,3,30.46,30.42,30.42,30.71,24.01,23.95,23.95,24.38,17.57,17.52,17.51,18.1,11.8,11.77,11.77,12.08,7.52,7.52,7.52,7.52,4.89,4.89,4.89,4.89,3.36,3.36,3.36,3.36
fragment_03239,16,29.85,29.66,28.95,30.99,24.22,23.74,23.63,26.97,17.46,16.97,16.97,20.15,12.44,12.07,12.07,14.24,9.1,8.81,8.81,10.34,7.07,6.88,6.88,7.91,5.56,5.45,5.44,6.07
fragment_03240,5,28.9,28.88,28.88,30.98,26.31,26.31,26.3,27.04,19.55,19.56,18.39,19.56,13.5,13.51,12.88,13.51,8.82,8.82,8.79,8.82,5.74,5.74,5.74,5.76,3.95,3.95,3.94,3.95
fragment_03241,4,28.6,28.6,28.6,28.61,19.68,19.67,19.67,19.68,14.47,14.47,14.46,14.47,11.54,11.54,11.54,11.54,9.13,9.13,9.13,9.14,7.21,7.23,7.13,7.24,5.96,5.99,5.85,5.99
fragment_03242,24,30.2,30.17,30.13,32.38,25.52,25.54,25.26,31.25,19.46,19.48,18.94,25.91,14.5,14.53,14.12,20.36,11.06,11.18,10.26,14.99,8.71,8.85,7.85,10.95,7.0,7.12,6.34,7.83
fragment_03243,3,33.32,33.31,31.01,33.33,27.93,27.94,23.65,27.94,22.09,22.1,18.85,22.1,17.55,17.57,16.21,17.57,13.31,13.33,13.26,13.35,9.86,9.89,9.8,10.46,7.42,7.43,7.4,7.88
fragment_03244,2,28.77,28.78,28.77,28.78,20.74,20.75,20.74,20.75,14.71,14.71,14.71,14.71,10.61,10.61,10.61,10.61,8.09,8.09,8.09,8.09,6.14,6.14,6.14,6.14,4.95,4.95,4.95,4.95
fragment_03245,4,32.53,32.57,31.14,32.57,25.66,25.67,25.36,25.67,19.47,19.46,19.46,20.07,13.82,13.81,13.8,14.39,9.27,9.26,9.25,9.8,6.45,6.45,6.45,6.49,4.44,4.44,4.44,4.46
fragment_03246,11,27.33,27.32,25.66,29.91,19.02,18.96,18.95,22.93,13.58,13.45,13.45,15.96,9.8,9.78,9.24,9.95,6.05,6.05,6.02,6.06,3.94,3.94,3.92,3.94,2.7,2.7,2.69,2.71
fragment_03247,4,29.79,29.76,29.75,29.86,22.16,22.14,22.14,22.2,15.61,15.53,15.53,15.84,11.7,11.53,11.53,12.13,8.31,8.14,8.14,8.74,6.2,6.11,6.11,6.44,4.74,4.68,4.68,4.92
fragment_03248,26,34.59,34.26,32.02,36.4,29.03,27.76,26.64,33.55,21.08,20.03,19.29,24.83,14.76,14.65,14.09,15.77,9.58,9.61,9.51,9.63,6.26,6.26,6.26,6.27,4.3,4.3,4.3,4.31
fragment_03249,2,31.68,31.67,31.67,31.68,23.79,23.79,23.79,23.79,17.56,17.56,17.56,17.56,12.8,12.8,12.8,12.8,9.33,9.33,9.33,9.33,6.91,6.91,6.91,6.91,4.9,4.9,4.9,4.9
fragment_03250,14,29.84,29.83,29.82,29.86,22.2,22.2,22.2,22.21,15.5,15.5,15.5,15.51,11.41,11.41,11.4,11.42,8.03,8.01,8.0,8.08,5.94,5.9,5.88,6.03,4.75,4.75,4.7,4.8
fragment_03251,3,33.83,33.88,32.7,33.88,28.44,28.41,28.41,28.95,21.12,21.05,21.05,22.03,14.58,14.55,14.55,14.94,9.14,9.14,9.14,9.15,5.95,5.95,5.95,5.96,4.09,4.09,4.09,4.09
fragment_03252,4,31.44,31.42,31.08,31.45,26.07,26.06,26.06,26.18,19.99,19.99,19.36,19.99,13.08,13.08,12.59,13.08,7.97,7.97,7.97,7.97,5.19,5.19,5.19,5.19,3.56,3.56,3.56,3.56
fragment_03253,9,30.77,30.76,30.67,30.79,26.21,26.2,26.14,26.23,19.89,19.89,19.84,19.9,13.72,13.68,13.68,14.01,9.63,9.57,9.57,9.99,7.37,7.32,7.32,7.65,5.93,5.92,5.88,5.96
fragment_03254,2,28.82,28.84,27.88,28.84,23.92,23.94,23.27,23.94,17.2,17.2,17.09,17.2,11.7,11.71,11.63,11.71,8.47,8.47,8.44,8.47,6.11,6.11,6.1,6.11,4.26,4.26,4.26,4.26
fragment_03255,29,32.1,32.25,28.96,32.25,24.05,24.02,20.24,26.37,18.37,18.26,12.85,20.67,14.01,13.83,8.76,15.24,10.51,10.36,6.84,11.17,7.92,7.92,5.83,8.03,5.56,5.56,4.96,5.57
fragment_03256,11,31.79,31.8,31.03,31.97,27.98,28.07,26.42,28.14,23.38,23.46,20.54,23.88,19.67,19.68,17.54,20.17,15.27,15.26,14.29,15.53,10.47,10.47,10.42,10.48,7.19,7.19,7.19,7.2
fragment_03257,1,30.16,30.16,30.16,30.16,24.11,24.11,24.11,24.11,18.37,18.37,18.37,18.37,13.05,13.05,13.05,13.05,9.85,9.85,9.85,9.85,7.25,7.25,7.25,7.25,5.15,5.15,5.15,5.15
fragment_03258,5,28.65,28.6,28.6,31.58,23.29,23.24,22.98,27.63,17.08,17.01,16.68,20.25,12.76,12.7,12.7,14.27,9.46,9.48,9.27,10.33,6.84,6.86,6.66,6.95,4.77,4.77,4.76,4.77
fragment_03259,8,30.77,30.77,30.75,30.79,26.21,26.21,26.2,26.22,19.89,19.89,19.88,19.89,13.68,13.68,13.68,13.68,9.49,9.48,9.48,9.5,7.13,7.13,7.12,7.14,5.61,5.56,5.56,5.66
fragment_03260,23,35.96,36.43,32.18,38.23,31.58,31.78,25.51,34.49,22.29,22.06,18.28,24.65,13.95,13.79,12.97,14.37,8.69,8.69,8.59,8.71,5.66,5.66,5.66,5.67,3.89,3.89,3.89,3.89
fragment_03261,17,31.08,31.05,29.16,31.53,21.46,21.48,20.24,21.62,14.19,14.16,12.83,14.73,9.68,9.62,8.38,10.11,6.94,6.92,6.06,7.19,5.45,5.42,4.74,5.68,4.41,4.39,3.88,4.54
fragment_03262,3,31.62,31.82,30.92,31.82,26.17,27.0,24.58,27.0,20.03,21.11,18.25,21.11,14.14,14.78,13.08,14.78,9.34,9.4,9.23,9.4,6.12,6.12,6.12,6.12,4.2,4.2,4.2,4.2
fragment_03263,11,30.74,30.74,30.73,31.19,23.43,23.44,23.36,23.44,16.59,16.61,16.24,16.61,11.54,11.53,11.51,12.5,8.49,8.47,8.47,9.45,6.54,6.5,6.5,7.24,5.21,5.16,5.15,5.58
fragment_03264,9,31.74,30.63,30.54,34.56,24.62,22.72,22.72,28.18,18.38,16.59,16.59,21.24,12.72,11.99,11.99,13.71,8.29,8.17,8.17,8.35,5.43,5.43,5.43,5.44,3.73,3.73,3.73,3.73
fragment_03265,12,28.82,29.78,25.9,29.78,25.4,26.4,20.27,26.4,22.51,23.41,16.88,23.41,16.3,16.76,12.48,16.76,11.04,11.12,9.45,11.12,7.27,7.27,7.01,7.27,4.99,4.99,4.99,4.99
fragment_03266,16,29.79,29.79,29.74,29.8,22.17,22.17,22.14,22.18,16.4,16.29,15.84,16.6,13.72,13.8,12.93,13.8,11.16,11.44,10.53,11.44,8.53,8.88,7.87,8.88,6.15,6.27,5.87,6.27
fragment_03267,1,28.16,28.16,28.16,28.16,19.17,19.17,19.17,19.17,13.02,13.02,13.02,13.02,9.81,9.81,9.81,9.81,7.58,7.58,7.58,7.58,5.62,5.62,5.62,5.62,4.07,4.07,4.07,4.07
fragment_03268,9,33.5,32.99,32.67,34.88,26.99,26.9,25.82,28.04,20.43,20.55,19.17,21.07,13.2,13.26,12.52,13.26,8.07,8.07,8.07,8.07,5.25,5.25,5.25,5.25,3.61,3.61,3.61,3.61
fragment_03269,5,31.84,31.32,31.32,32.89,25.74,24.63,24.63,27.87,18.03,16.68,16.68,20.75,12.65,11.78,11.78,14.43,9.26,8.75,8.75,10.3,6.92,6.68,6.68,7.5,5.17,5.1,5.1,5.31
fragment_03270,2,29.5,29.51,29.49,29.51,22.46,22.47,22.46,22.47,16.91,16.91,16.91,16.91,12.7,12.7,12.7,12.7,8.47,8.47,8.47,8.47,5.51,5.51,5.51,5.51,3.79,3.79,3.79,3.79
fragment_03271,3,29.95,29.93,29.63,30.84,23.55,23.5,23.15,25.69,16.83,16.8,16.25,18.43,11.01,11.01,10.77,11.1,6.71,6.71,6.7,6.73,4.37,4.37,4.36,4.38,3.0,3.0,3.0,3.01
fragment_03272,8,28.74,28.71,28.71,31.06,21.08,20.87,20.87,26.77,14.39,14.08,14.08,20.87,10.99,10.72,10.72,16.02,8.8,8.59,8.59,11.67,7.1,6.97,6.97,8.31,5.55,5.5,5.5,5.76
fragment_03273,2,30.74,30.74,30.74,30.74,23.71,23.71,23.71,23.71,16.66,16.66,16.66,16.66,11.46,11.46,11.46,11.46,7.65,7.65,7.65,7.65,5.15,5.15,5.15,5.15,3.54,3.54,3.54,3.54
fragment_03274,2,32.33,32.33,32.33,32.34,25.47,25.46,25.46,25.48,19.81,19.8,19.8,19.81,14.57,14.57,14.57,14.57,9.69,9.69,9.69,9.69,6.33,6.33,6.33,6.33,4.35,4.35,4.35,4.35
fragment_03275,1,28.32,28.32,28.32,28.32,20.57,20.57,20.57,20.57,14.11,14.11,14.11,14.11,10.35,10.35,10.35,10.35,7.75,7.75,7.75,7.75,5.22,5.22,5.22,5.22,3.59,3.59,3.59,3.59
fragment_03276,4,31.06,31.04,30.82,34.33,24.85,24.82,24.82,31.19,19.13,19.11,19.11,24.18,14.68,14.67,14.67,17.07,10.45,10.44,10.44,10.69,6.95,6.95,6.95,6.96,4.78,4.78,4.78,4.78
fragment_03277,4,29.46,29.44,29.44,30.18,20.98,21.0,20.66,21.0,14.71,14.75,14.19,14.75,11.32,11.35,10.77,11.35,9.12,9.19,8.31,9.19,7.33,7.49,6.78,7.49,5.97,6.11,5.7,6.11
fragment_03278,5,28.92,28.91,28.27,29.03,23.85,24.02,23.43,24.02,17.97,18.22,17.21,18.22,13.51,13.77,12.79,13.77,9.29,9.37,9.08,9.37,6.11,6.11,6.11,6.12,4.2,4.2,4.2,4.2
fragment_03279,2,28.8,28.71,28.71,29.18,25.48,25.41,25.41,25.79,20.17,20.13,20.13,20.34,13.7,13.69,13.69,13.73,8.42,8.42,8.42,8.42,5.48,5.48,5.48,5.48,3.77,3.77,3.77,3.77
fragment_03280,13,33.46,33.48,31.31,35.22,29.54,29.64,26.79,31.41,23.54,23.64,21.36,24.86,17.01,17.21,15.74,17.36,10.78,10.79,10.63,10.8,7.03,7.03,7.03,7.03,4.83,4.83,4.83,4.83
fragment_03281,1,34.91,34.91,34.91,34.91,29.79,29.79,29.79,29.79,21.23,21.23,21.23,21.23,13.25,13.25,13.25,13.25,8.06,8.06,8.06,8.06,5.25,5.25,5.25,5.25,3.6,3.6,3.6,3.6
fragment_03282,8,30.51,30.47,30.45,30.57,26.88,26.88,26.79,26.91,22.45,22.49,22.39,22.49,18.97,19.24,18.68,19.24,15.02,15.37,14.44,15.37,10.97,11.15,10.59,11.15,7.98,8.06,7.78,8.06
fragment_03283,2,30.64,30.65,30.64,30.65,23.59,23.59,23.59,23.59,17.04,17.04,17.04,17.04,12.42,12.42,12.42,12.42,8.72,8.72,8.72,8.72,5.94,5.94,5.94,5.94,4.08,4.08,4.08,4.08
fragment_03284,19,30.26,30.88,29.2,32.32,26.82,28.25,24.71,30.74,18.87,20.24,16.51,22.61,13.58,14.3,11.94,15.58,9.65,9.81,8.77,10.18,6.58,6.62,6.34,6.63,4.55,4.55,4.54,4.55
fragment_03285,8,29.83,29.85,29.82,29.85,22.19,22.2,22.19,22.21,15.5,15.51,15.5,15.51,11.42,11.42,11.41,11.43,8.03,8.01,8.01,8.08,5.89,5.86,5.79,6.05,4.6,4.58,4.48,4.72
fragment_03286,8,29.65,29.65,29.64,29.72,22.06,22.06,22.05,22.12,15.75,15.76,15.67,15.78,12.4,12.4,12.4,12.52,10.07,10.04,10.04,10.61,8.45,8.43,8.43,9.06,7.09,7.08,7.08,7.56
fragment_03287,2,31.37,31.37,31.36,31.37,24.03,24.03,24.03,24.03,18.03,18.03,18.03,18.03,14.16,14.16,14.16,14.16,10.71,10.71,10.71,10.71,7.79,7.79,7.79,7.79,5.48,5.48,5.48,5.48
fragment_03288,1,29.13,29.13,29.13,29.13,21.8,21.8,21.8,21.8,15.31,15.31,15.31,15.31,10.85,10.85,10.85,10.85,8.28,8.28,8.28,8.28,6.19,6.19,6.19,6.19,4.56,4.56,4.56,4.56
fragment_03289,1,33.92,33.92,33.92,33.92,28.38,28.38,28.38,28.38,21.19,21.19,21.19,21.19,14.89,14.89,14.89,14.89,10.48,10.48,10.48,10.48,7.43,7.43,7.43,7.43,5.2,5.2,5.2,5.2
fragment_03290,2,32.41,32.41,32.41,32.41,25.53,25.53,25.53,25.54,18.88,18.88,18.88,18.88,14.9,14.9,14.9,14.9,10.95,10.95,10.95,10.95,7.31,7.31,7.31,7.31,5.02,5.02,5.02,5.02
fragment_03291,4,27.89,27.87,27.87,28.01,22.13,22.12,22.12,22.17,15.89,15.89,15.89,15.93,11.55,11.54,11.54,11.59,8.92,8.92,8.92,8.94,6.56,6.56,6.56,6.56,4.55,4.55,4.55,4.55
fragment_03292,15,32.89,33.42,30.74,35.12,26.86,28.05,23.73,30.48,18.41,19.37,15.89,21.55,12.7,13.13,11.66,13.63,8.27,8.3,8.19,8.32,5.4,5.4,5.4,5.41,3.71,3.71,3.71,3.72
fragment_03293,11,30.26,30.12,29.53,32.68,24.78,24.36,23.89,28.01,19.09,18.27,17.45,21.92,14.97,14.27,13.39,16.6,11.41,11.1,10.68,12.14,8.09,8.08,7.89,8.13,5.58,5.58,5.58,5.59
fragment_03294,19,29.75,29.74,29.72,29.77,22.14,22.14,22.13,22.15,15.29,15.29,15.29,15.3,10.72,10.71,10.71,10.72,7.31,7.31,7.31,7.31,5.32,5.32,5.26,5.36,4.2,4.2,4.03,4.25
fragment_03295,8,30.89,31.35,28.92,33.41,27.55,27.63,25.97,30.98,20.93,20.66,19.9,23.94,15.56,15.44,14.66,17.73,12.07,12.02,11.58,13.16,8.79,8.83,8.66,8.92,6.12,6.12,6.12,6.13
fragment_03296,12,29.72,29.71,29.71,29.73,22.11,22.1,22.1,22.11,15.61,15.61,15.59,15.61,12.18,12.18,12.16,12.19,10.19,10.24,9.99,10.24,8.4,8.49,8.07,8.49,6.76,6.84,6.45,6.84
fragment_03297,12,28.63,28.61,28.57,28.67,22.08,22.08,22.05,22.11,16.54,16.54,16.52,16.66,12.71,12.71,12.43,13.18,9.97,9.98,9.67,10.37,7.63,7.64,7.49,7.85,5.56,5.56,5.55,5.56
fragment_03298,3,29.71,29.7,29.7,32.36,22.63,22.62,22.62,24.3,16.83,16.82,16.82,17.55,11.24,11.24,11.24,11.29,6.92,6.92,6.92,6.93,4.5,4.5,4.5,4.51,3.09,3.09,3.09,3.1
fragment_03299,2,29.72,29.73,29.72,29.73,22.14,22.14,22.14,22.14,15.15,15.15,15.15,15.15,10.67,10.67,10.67,10.67,7.73,7.73,7.73,7.73,5.57,5.57,5.57,5.57,3.86,3.86,3.86,3.86
fragment_03300,6,28.62,28.69,28.52,28.69,19.61,19.69,19.48,19.69,12.4,12.64,12.02,12.64,8.39,8.47,8.26,8.47,6.31,6.37,6.2,6.37,4.99,5.05,4.91,5.05,4.08,4.12,4.02,4.12
fragment_03301,5,30.64,30.63,30.63,30.69,23.61,23.6,23.6,23.66,18.62,18.59,18.59,18.74,14.18,14.12,14.12,14.41,10.38,10.33,10.33,10.55,7.37,7.33,7.33,7.48,5.15,5.15,5.15,5.15
fragment_03302,6,28.26,28.26,28.24,28.27,21.63,21.63,21.63,21.64,15.68,15.67,15.64,15.68,11.92,11.92,11.9,11.92,8.7,8.7,8.69,8.71,5.93,5.93,5.93,5.93,4.07,4.07,4.07,4.07
fragment_03303,1,26.82,26.82,26.82,26.82,24.2,24.2,24.2,24.2,19.45,19.45,19.45,19.45,13.37,13.37,13.37,13.37,8.53,8.53,8.53,8.53,5.55,5.55,5.55,5.55,3.81,3.81,3.81,3.81
fragment_03304,9,30.59,30.6,30.55,30.64,23.54,23.55,23.51,23.58,16.84,16.84,16.84,16.89,12.47,12.48,12.31,12.78,9.84,9.85,9.6,10.21,7.66,7.67,7.49,7.98,5.71,5.71,5.66,5.72
fragment_03305,4,29.78,29.79,29.77,29.81,22.17,22.17,22.17,22.19,15.38,15.38,15.38,15.4,11.36,11.36,11.36,11.37,8.66,8.63,8.63,8.77,6.66,6.62,6.62,6.84,4.92,4.9,4.9,5.02
fragment_03306,2,26.52,26.52,26.52,26.68,21.79,21.79,21.79,21.84,17.3,17.3,17.22,17.3,12.2,12.2,12.19,12.2,8.51,8.51,8.51,8.51,5.57,5.57,5.57,5.58,3.83,3.83,3.83,3.83
fragment_03307,3,29.1,29.11,29.03,29.11,21.76,21.76,21.7,21.76,15.27,15.27,15.26,15.27,11.45,11.45,11.33,11.45,9.54,9.54,9.12,9.54,7.75,7.75,7.51,7.75,6.29,6.29,6.29,6.32
fragment_03308,12,27.57,27.44,26.23,31.9,21.94,21.8,20.62,25.72,17.73,17.79,16.48,20.39,13.98,13.93,12.97,16.1,10.84,10.71,10.44,11.84,7.87,7.85,7.75,8.04,5.52,5.52,5.51,5.52
fragment_03309,25,31.47,31.55,31.31,33.56,24.85,24.9,24.76,28.91,17.52,17.7,17.18,22.78,13.28,13.7,12.46,17.19,10.12,10.49,9.37,13.12,8.25,8.53,7.64,10.16,6.78,6.94,6.39,7.63
fragment_03310,2,33.07,33.07,33.07,33.08,26.36,26.35,26.35,26.36,19.5,19.5,19.5,19.51,13.27,13.27,13.27,13.27,8.3,8.3,8.3,8.3,5.4,5.4,5.4,5.4,3.71,3.71,3.71,3.71
fragment_03311,1,28.4,28.4,28.4,28.4,20.67,20.67,20.67,20.67,14.09,14.09,14.09,14.09,10.29,10.29,10.29,10.29,7.92,7.92,7.92,7.92,5.94,5.94,5.94,5.94,4.53,4.53,4.53,4.53
fragment_03312,4,28.59,28.56,28.56,30.74,20.19,20.17,20.17,23.0,13.0,12.98,12.98,14.72,9.38,9.36,9.36,10.56,7.12,7.11,7.11,7.95,5.32,5.32,5.32,5.42,3.73,3.72,3.72,3.73
fragment_03313,2,29.12,29.12,29.12,29.13,22.19,22.19,22.19,22.2,16.66,16.66,16.66,16.67,12.2,12.2,12.2,12.2,9.01,9.01,9.01,9.01,6.5,6.49,6.49,6.5,4.53,4.53,4.53,4.53
fragment_03314,3,30.96,30.9,30.9,33.49,24.79,24.74,24.74,26.69,19.03,19.03,19.03,19.31,14.51,14.51,14.47,14.71,10.09,10.09,10.09,10.11,6.6,6.6,6.6,6.6,4.53,4.53,4.53,4.53
fragment_03315,6,34.6,34.67,32.06,35.22,29.83,29.92,26.74,31.95,24.14,24.26,21.67,26.33,18.16,18.22,17.05,18.76,11.64,11.64,11.52,11.67,7.58,7.58,7.58,7.59,5.21,5.21,5.21,5.22
fragment_03316,3,30.36,30.35,30.35,31.26,22.29,22.28,22.28,23.62,13.19,13.18,13.18,13.61,7.39,7.39,7.39,7.46,4.48,4.48,4.48,4.52,2.91,2.91,2.91,2.94,2.0,2.0,2.0,2.02
fragment_03317,2,31.48,31.48,31.48,31.49,26.1,26.1,26.1,26.1,19.98,19.98,19.98,19.98,14.27,14.27,14.27,14.27,10.05,10.05,10.05,10.05,6.79,6.79,6.79,6.79,4.66,4.66,4.66,4.66
fragment_03318,1,28.7,28.7,28.7,28.7,20.68,20.68,20.68,20.68,14.95,14.95,14.95,14.95,11.23,11.23,11.23,11.23,9.03,9.03,9.03,9.03,7.14,7.14,7.14,7.14,5.53,5.53,5.53,5.53
fragment_03319,19,29.78,29.79,29.74,29.8,22.17,22.17,22.14,22.22,16.34,16.52,15.82,16.85,13.58,13.7,12.78,14.62,10.94,10.9,10.13,12.29,8.65,8.63,8.01,9.69,6.6,6.66,6.29,6.9
fragment_03320,3,35.19,35.38,33.52,35.38,30.5,30.82,27.77,30.82,23.23,23.54,20.48,23.54,16.28,16.43,14.91,16.43,11.61,11.71,10.71,11.71,8.4,8.45,7.99,8.45,5.98,5.99,5.92,5.99
fragment_03321,29,29.72,29.67,28.57,31.15,23.99,23.86,23.58,27.56,17.7,17.61,17.27,21.25,13.18,13.14,12.73,15.58,9.94,9.97,9.46,11.36,7.84,7.88,7.51,8.82,6.3,6.39,6.07,6.9
fragment_03322,1,28.47,28.47,28.47,28.47,19.58,19.58,19.58,19.58,13.88,13.88,13.88,13.88,9.74,9.74,9.74,9.74,6.65,6.65,6.65,6.65,4.53,4.53,4.53,4.53,3.11,3.11,3.11,3.11
fragment_03323,1,35.28,35.28,35.28,35.28,30.21,30.21,30.21,30.21,23.82,23.82,23.82,23.82,15.89,15.89,15.89,15.89,9.9,9.9,9.9,9.9,6.45,6.45,6.45,6.45,4.43,4.43,4.43,4.43
fragment_03324,9,39.98,40.13,38.5,40.45,39.92,40.27,36.69,40.36,31.04,31.36,28.12,31.54,18.97,18.98,18.76,18.99,11.5,11.5,11.5,11.52,7.49,7.48,7.48,7.49,5.14,5.14,5.14,5.15
fragment_03325,16,29.15,28.74,28.7,32.27,22.8,22.5,20.96,27.09,16.41,16.31,14.19,20.39,12.5,12.37,10.8,15.24,9.86,9.74,8.98,11.43,7.82,7.85,7.3,8.33,5.76,5.78,5.65,5.81
fragment_03326,2,34.17,34.18,34.17,34.18,28.59,28.59,28.59,28.59,22.32,22.32,22.32,22.32,16.19,16.19,16.19,16.19,11.04,11.04,11.04,11.04,7.35,7.35,7.35,7.35,5.05,5.05,5.05,5.05
fragment_03327,7,30.55,30.18,30.18,34.19,27.69,27.24,27.24,34.09,19.52,19.01,19.01,26.04,13.95,13.69,13.62,17.18,10.25,10.27,9.92,10.92,7.11,7.13,7.06,7.13,4.9,4.9,4.89,4.9
fragment_03328,10,30.69,28.98,28.98,36.4,27.33,25.44,25.37,33.88,20.93,19.47,19.47,26.27,14.94,13.98,13.95,18.0,10.94,10.54,10.42,12.27,7.88,7.7,7.69,8.47,5.71,5.66,5.63,5.85
fragment_03329,9,30.87,30.6,30.6,35.84,26.61,26.33,26.32,34.46,20.74,20.53,20.51,28.31,16.11,15.99,15.98,19.44,11.59,11.57,11.57,11.9,7.73,7.73,7.73,7.74,5.31,5.31,5.31,5.32
fragment_03330,13,30.03,29.57,28.46,31.19,24.95,23.76,23.76,27.19,18.33,17.27,17.26,19.84,13.23,12.71,12.66,14.37,8.82,8.7,8.66,9.03,5.88,5.88,5.87,5.88,4.04,4.04,4.03,4.04
fragment_03331,22,36.8,38.02,35.22,39.77,33.95,35.4,32.08,38.26,24.19,25.2,22.75,27.74,15.18,15.55,14.63,16.07,9.68,9.73,9.6,9.74,6.33,6.33,6.32,6.34,4.35,4.35,4.34,4.35
fragment_03332,6,29.98,29.95,29.95,31.89,24.49,24.72,23.59,28.54,18.63,19.01,17.17,22.09,13.22,13.52,12.06,14.65,8.8,8.91,8.39,9.08,5.88,5.89,5.85,5.92,4.05,4.05,4.05,4.06
fragment_03333,2,27.6,27.6,27.59,27.6,22.48,22.48,22.47,22.48,16.97,16.97,16.97,16.97,11.47,11.47,11.47,11.47,7.76,7.76,7.76,7.76,5.15,5.15,5.15,5.15,3.54,3.54,3.54,3.54
fragment_03334,21,30.41,30.26,29.62,32.54,24.1,23.73,22.67,29.48,17.79,17.88,15.79,22.05,12.63,12.9,10.64,14.29,8.49,8.62,7.52,8.69,5.65,5.65,5.47,5.66,3.88,3.88,3.88,3.89
fragment_03335,7,31.84,31.75,31.07,33.41,25.42,24.75,24.17,27.47,18.16,17.46,17.15,20.21,11.97,11.88,11.74,12.52,7.64,7.64,7.64,7.65,4.97,4.97,4.97,4.98,3.42,3.42,3.42,3.42
fragment_03336,10,33.47,33.28,32.78,35.13,27.36,27.21,26.27,29.91,21.29,21.12,20.0,23.89,14.75,14.79,13.67,15.42,9.36,9.38,9.24,9.39,6.1,6.1,6.09,6.11,4.19,4.19,4.18,4.2
fragment_03337,4,29.32,29.26,29.26,29.42,21.4,21.34,21.34,21.51,13.94,13.89,13.89,14.03,9.1,8.93,8.93,9.43,6.49,6.38,6.38,6.71,5.01,4.92,4.92,5.2,4.09,4.01,4.01,4.25
fragment_03338,4,29.73,29.73,29.73,29.74,22.14,22.13,22.13,22.14,15.29,15.29,15.29,15.29,10.74,10.75,10.74,10.75,7.86,7.87,7.85,7.87,6.17,6.18,6.16,6.18,4.85,4.85,4.85,4.85
fragment_03339,2,30.54,30.52,30.52,30.56,24.52,24.52,24.52,24.53,18.49,18.48,18.48,18.51,13.9,13.9,13.9,13.91,9.75,9.75,9.75,9.75,6.49,6.49,6.49,6.49,4.46,4.46,4.46,4.46
fragment_03340,1,28.09,28.09,28.09,28.09,19.21,19.21,19.21,19.21,13.01,13.01,13.01,13.01,10.22,10.22,10.22,10.22,8.18,8.18,8.18,8.18,6.4,6.4,6.4,6.4,5.04,5.04,5.04,5.04
fragment_03341,2,29.15,29.15,29.15,29.15,21.4,21.41,21.38,21.41,14.22,14.23,14.21,14.23,8.99,8.99,8.99,8.99,5.49,5.49,5.49,5.49,3.57,3.57,3.57,3.57,2.45,2.45,2.45,2.45
fragment_03342,2,29.17,29.17,29.17,29.18,22.25,22.25,22.25,22.25,16.68,16.68,16.68,16.68,12.06,12.06,12.06,12.06,8.76,8.77,8.76,8.77,6.3,6.3,6.3,6.3,4.38,4.38,4.38,4.38
fragment_03343,1,28.51,28.51,28.51,28.51,19.62,19.62,19.62,19.62,14.21,14.21,14.21,14.21,10.45,10.45,10.45,10.45,6.73,6.73,6.73,6.73,4.38,4.38,4.38,4.38,3.01,3.01,3.01,3.01
fragment_03344,2,32.89,32.91,32.83,32.91,30.82,30.84,30.76,30.84,25.06,25.06,25.04,25.06,16.96,16.95,16.95,16.98,10.3,10.29,10.29,10.31,6.7,6.7,6.7,6.71,4.6,4.6,4.6,4.61
fragment_03345,6,35.26,37.01,33.39,37.01,32.12,34.05,30.16,34.05,23.67,24.64,22.75,24.64,14.55,14.58,14.52,14.58,8.83,8.83,8.83,8.84,5.75,5.75,5.75,5.75,3.95,3.95,3.95,3.95
fragment_03346,16,29.9,32.72,28.74,32.72,24.17,29.44,20.76,29.44,17.95,24.05,13.76,24.05,13.67,18.56,10.7,18.56,10.29,12.5,8.45,12.5,7.56,8.14,6.64,8.14,5.5,5.59,5.26,5.59
fragment_03347,24,29.51,29.78,28.83,30.87,23.18,23.83,20.82,28.0,17.19,17.64,14.27,22.82,13.6,13.45,11.23,17.98,10.76,10.34,8.82,13.8,8.38,8.02,6.96,10.07,6.49,6.28,5.61,7.13
fragment_03348,23,30.79,30.58,29.73,32.56,24.3,25.01,20.52,26.84,18.46,19.37,14.37,20.65,13.4,14.03,10.83,14.42,8.92,9.04,7.9,9.05,5.88,5.88,5.72,5.89,4.04,4.04,4.04,4.05
fragment_03349,10,29.0,28.98,28.98,29.02,21.73,21.69,21.69,21.76,16.71,16.59,16.58,17.05,12.01,11.83,11.82,12.54,8.48,8.2,8.2,9.2,6.48,6.18,6.18,7.2,5.25,5.04,5.04,5.75
fragment_03350,8,30.9,30.35,30.26,34.66,24.34,23.7,23.02,28.58,17.29,16.87,15.81,19.95,11.46,11.45,10.92,11.54,6.98,6.98,6.98,6.99,4.54,4.54,4.54,4.55,3.12,3.12,3.12,3.13
fragment_03351,21,30.62,31.29,28.84,31.29,22.58,24.4,19.25,24.4,15.47,17.27,12.34,17.27,11.12,12.1,9.24,12.22,8.13,8.39,7.2,8.46,5.52,5.54,5.35,5.55,3.81,3.81,3.8,3.81
fragment_03352,4,32.07,32.07,32.06,32.09,25.55,25.55,25.54,25.56,19.27,19.28,19.27,19.28,13.33,13.33,13.33,13.33,9.49,9.49,9.49,9.49,7.37,7.37,7.37,7.38,5.39,5.39,5.39,5.39
fragment_03353,12,25.23,25.27,24.75,29.53,16.08,16.08,15.85,21.85,11.39,11.39,11.21,15.4,8.93,8.95,8.65,10.97,6.82,6.82,6.79,7.76,5.07,5.07,5.07,5.18,3.55,3.55,3.55,3.56
fragment_03354,2,30.78,30.78,30.78,30.78,23.73,23.73,23.73,23.73,16.75,16.75,16.75,16.75,11.86,11.86,11.86,11.86,8.32,8.32,8.32,8.32,5.93,5.93,5.93,5.93,4.14,4.14,4.14,4.14
fragment_03355,12,33.87,34.64,31.44,35.1,28.89,30.05,24.87,30.05,19.83,20.64,16.51,20.94,11.91,12.06,11.09,12.07,7.3,7.31,7.25,7.31,4.75,4.76,4.75,4.76,3.27,3.27,3.26,3.27
fragment_03356,14,31.32,31.31,31.29,34.57,24.81,24.79,24.73,30.19,18.19,18.11,17.73,24.87,14.17,14.07,13.46,19.67,10.88,10.83,9.91,13.96,8.63,8.61,7.81,9.63,6.57,6.57,6.11,6.65
fragment_03357,10,31.09,32.0,28.94,32.0,23.9,25.39,19.44,25.39,17.47,18.89,12.83,18.89,12.5,13.33,9.53,13.33,8.61,8.86,7.37,8.86,5.77,5.78,5.64,5.79,3.97,3.97,3.97,3.98
fragment_03358,1,31.85,31.85,31.85,31.85,24.99,24.99,24.99,24.99,18.69,18.69,18.69,18.69,11.89,11.89,11.89,11.89,7.28,7.28,7.28,7.28,4.74,4.74,4.74,4.74,3.26,3.26,3.26,3.26
fragment_03359,2,31.3,31.3,31.3,31.3,24.2,24.21,24.2,24.21,17.5,17.5,17.5,17.5,13.31,13.31,13.31,13.31,9.89,9.89,9.89,9.89,6.67,6.67,6.67,6.67,4.58,4.58,4.58,4.58
fragment_03360,12,31.47,31.37,29.36,33.86,26.51,25.83,24.1,30.09,20.61,19.97,17.81,24.05,15.8,15.71,13.37,17.53,11.67,11.71,10.38,12.2,8.09,8.12,7.8,8.14,5.59,5.58,5.58,5.59
fragment_03361,5,28.79,29.15,28.12,29.33,24.95,25.88,23.32,25.88,20.04,21.0,18.36,21.0,15.69,16.62,14.05,16.62,11.21,11.67,10.4,11.67,7.66,7.71,7.57,7.72,5.3,5.29,5.29,5.3
fragment_03362,4,26.06,26.09,25.83,26.25,20.4,20.39,20.24,20.65,16.23,16.22,16.13,16.44,11.58,11.57,11.51,11.67,7.67,7.67,7.67,7.67,4.99,4.99,4.99,4.99,3.43,3.43,3.43,3.43
fragment_03363,27,35.77,36.74,34.54,36.74,36.17,37.02,34.16,38.6,31.51,32.44,29.33,34.49,24.67,25.41,22.86,26.54,18.09,18.36,16.98,18.44,12.18,12.19,11.86,12.19,8.37,8.37,8.37,8.38
fragment_03364,2,28.71,28.7,28.7,28.72,21.28,21.27,21.27,21.29,16.29,16.28,16.28,16.31,13.61,13.6,13.6,13.62,11.43,11.42,11.42,11.44,8.88,8.87,8.87,8.88,6.5,6.49,6.49,6.5
fragment_03365,4,30.91,30.89,30.19,30.94,27.59,27.59,26.36,27.61,21.4,21.39,20.27,21.4,14.86,14.86,14.81,14.86,10.23,10.23,10.23,10.24,6.81,6.81,6.8,6.81,4.68,4.68,4.67,4.68
fragment_03366,31,33.05,33.23,32.64,35.84,27.09,28.23,25.88,30.5,21.47,22.84,19.26,24.25,15.51,16.49,12.98,17.36,10.55,10.91,9.42,10.93,7.1,7.11,6.94,7.12,4.88,4.89,4.88,4.89
fragment_03367,7,31.07,31.0,31.0,31.18,23.49,23.32,23.32,23.93,16.47,16.45,16.45,16.58,12.29,12.64,11.22,12.64,8.97,9.19,8.27,9.2,6.83,6.97,6.38,6.97,5.23,5.3,5.03,5.3
fragment_03368,15,32.9,33.12,28.91,33.12,26.24,26.59,20.44,26.59,19.51,19.81,13.73,19.81,13.28,13.42,9.9,13.57,8.7,8.73,7.72,8.73,5.68,5.68,5.62,5.69,3.9,3.9,3.9,3.91
fragment_03369,9,28.68,28.7,28.52,28.7,19.64,19.66,19.49,19.66,12.59,12.6,12.01,12.61,8.43,8.44,8.19,8.44,6.36,6.37,6.14,6.37,5.2,5.21,4.95,5.21,4.2,4.2,4.08,4.2
fragment_03370,1,29.2,29.2,29.2,29.2,26.38,26.38,26.38,26.38,19.09,19.09,19.09,19.09,13.35,13.35,13.35,13.35,9.92,9.92,9.92,9.92,7.06,7.06,7.06,7.06,4.89,4.89,4.89,4.89
fragment_03371,21,30.0,29.97,28.69,30.47,24.71,25.6,20.81,25.6,18.49,19.38,14.04,19.38,13.83,14.54,11.2,15.87,10.57,11.0,8.87,12.95,8.06,8.24,6.96,9.72,6.3,6.45,5.55,7.21
fragment_03372,28,40.5,41.59,35.74,41.59,38.44,39.66,33.11,39.66,26.86,27.61,23.36,27.61,15.51,15.55,14.84,15.55,9.42,9.42,9.4,9.43,6.13,6.13,6.12,6.13,4.21,4.21,4.21,4.21
fragment_03373,7,33.53,33.62,29.29,33.62,32.79,32.9,24.37,32.9,25.76,25.87,16.28,25.87,17.98,18.05,11.44,18.05,11.78,11.81,8.51,11.81,7.68,7.69,6.65,7.69,5.28,5.28,5.09,5.28
fragment_03374,2,28.95,28.94,28.94,28.95,22.64,22.63,22.63,22.65,17.15,17.14,17.14,17.15,12.37,12.37,12.37,12.37,8.49,8.48,8.48,8.49,5.6,5.6,5.6,5.6,3.85,3.85,3.85,3.85
fragment_03375,2,31.24,31.23,31.23,31.27,23.57,23.56,23.56,23.57,17.17,17.15,17.15,17.23,12.01,12.01,12.01,12.01,7.83,7.83,7.82,7.83,5.11,5.11,5.11,5.11,3.51,3.51,3.51,3.51
fragment_03376,2,30.49,30.5,30.25,30.5,22.45,22.38,22.38,24.63,15.75,15.68,15.68,18.04,12.09,12.04,12.04,13.7,9.12,9.1,9.1,9.95,6.78,6.77,6.77,7.18,5.06,5.05,5.05,5.28
fragment_03377,7,27.0,26.73,25.97,30.6,21.18,21.01,20.53,26.12,17.05,17.09,16.21,21.57,13.38,13.33,12.71,16.11,10.44,10.3,10.23,12.09,8.02,7.97,7.96,8.5,5.84,5.84,5.83,5.85
fragment_03378,4,34.68,35.18,32.31,35.18,29.16,30.51,27.03,30.51,19.5,20.39,18.62,20.39,11.52,11.54,11.48,11.55,6.99,6.99,6.98,7.0,4.55,4.55,4.54,4.55,3.12,3.13,3.12,3.13
fragment_03379,1,34.02,34.02,34.02,34.02,28.41,28.41,28.41,28.41,21.2,21.2,21.2,21.2,14.9,14.9,14.9,14.9,10.46,10.46,10.46,10.46,7.25,7.25,7.25,7.25,4.98,4.98,4.98,4.98
fragment_03380,3,29.71,29.71,29.7,29.71,25.7,25.69,25.69,25.7,19.3,19.3,19.28,19.3,13.54,13.54,13.54,13.54,9.44,9.45,9.44,9.45,6.29,6.29,6.29,6.29,4.32,4.32,4.32,4.32
fragment_03381,1,28.95,28.95,28.95,28.95,21.2,21.2,21.2,21.2,14.49,14.49,14.49,14.49,10.53,10.53,10.53,10.53,7.36,7.36,7.36,7.36,5.38,5.38,5.38,5.38,3.93,3.93,3.93,3.93
fragment_03382,2,31.8,31.8,31.8,31.8,24.7,24.7,24.69,24.7,18.89,18.89,18.89,18.89,14.93,14.93,14.93,14.93,10.88,10.88,10.88,10.88,7.27,7.27,7.27,7.27,4.99,4.99,4.99,4.99
fragment_03383,10,31.39,31.27,29.77,32.75,25.58,25.32,24.39,28.13,19.86,19.85,18.85,20.46,15.14,15.18,14.5,15.41,10.55,10.56,10.39,10.66,6.96,6.96,6.95,6.96,4.78,4.78,4.77,4.78
fragment_03384,5,28.73,27.91,27.91,30.05,25.36,24.24,24.24,27.43,19.7,18.68,18.68,21.81,13.04,12.64,12.64,13.88,8.38,8.36,8.36,8.41,5.46,5.46,5.46,5.47,3.75,3.75,3.75,3.76
fragment_03385,4,25.23,25.21,25.21,26.32,17.35,17.33,17.33,18.14,12.97,12.95,12.95,14.59,11.01,10.99,10.99,12.63,8.84,8.83,8.83,9.99,6.88,6.87,6.87,7.39,5.19,5.18,5.18,5.26
fragment_03386,2,33.98,33.97,33.97,34.0,27.4,27.39,27.39,27.41,20.14,20.14,20.14,20.14,14.87,14.87,14.87,14.87,10.45,10.45,10.45,10.45,7.18,7.19,7.18,7.19,4.97,4.97,4.97,4.97
fragment_03387,11,29.86,29.59,28.85,31.27,24.49,23.72,23.68,27.2,17.97,17.32,17.32,20.11,13.37,13.11,12.96,15.42,10.09,9.98,9.88,11.07,7.54,7.51,7.47,7.73,5.32,5.32,5.31,5.32
fragment_03388,4,29.73,29.73,29.72,29.74,22.13,22.14,22.13,22.14,15.29,15.29,15.28,15.29,10.71,10.71,10.71,10.71,7.31,7.31,7.31,7.31,5.26,5.26,5.26,5.26,4.01,4.01,4.01,4.01
fragment_03389,2,31.83,31.87,31.78,31.87,26.0,26.03,25.96,26.03,19.71,19.73,19.7,19.73,14.39,14.4,14.38,14.4,9.86,9.86,9.86,9.86,6.43,6.43,6.43,6.43,4.42,4.42,4.42,4.42
fragment_03390,4,28.68,28.69,28.53,28.69,19.68,19.69,19.48,19.69,12.62,12.63,12.02,12.64,8.46,8.47,8.25,8.47,6.45,6.46,6.21,6.46,5.18,5.19,5.0,5.19,4.21,4.21,4.11,4.21
fragment_03391,12,34.1,34.16,31.52,34.4,30.02,30.47,25.96,30.47,22.39,22.91,17.94,22.91,16.17,16.65,12.09,16.65,11.98,12.37,8.88,12.37,8.75,8.95,7.02,8.95,6.48,6.56,5.79,6.56
fragment_03392,6,30.42,30.58,29.51,30.58,26.27,26.82,23.87,26.82,19.1,19.56,17.13,19.56,13.19,13.37,12.47,13.37,9.5,9.61,9.01,9.79,7.26,7.33,6.93,7.47,5.62,5.65,5.46,5.74
fragment_03393,2,31.95,31.95,31.94,31.95,25.47,25.46,25.46,25.47,18.91,18.91,18.91,18.91,13.42,13.42,13.42,13.42,9.65,9.65,9.65,9.65,6.88,6.88,6.88,6.88,4.96,4.96,4.96,4.96
fragment_03394,12,27.99,28.0,27.98,28.04,19.16,19.16,19.15,19.21,12.68,12.68,12.68,13.58,8.75,8.74,8.74,10.27,6.15,6.14,6.14,8.07,4.63,4.62,4.62,6.23,3.74,3.74,3.71,4.97
fragment_03395,1,26.07,26.07,26.07,26.07,19.39,19.39,19.39,19.39,13.06,13.06,13.06,13.06,8.68,8.68,8.68,8.68,5.67,5.67,5.67,5.67,3.69,3.69,3.69,3.69,2.54,2.54,2.54,2.54
fragment_03396,22,29.78,29.77,29.74,29.84,22.18,22.16,22.14,22.65,15.93,15.81,15.8,17.58,12.73,12.41,12.4,14.81,10.01,9.5,9.44,12.14,7.86,7.4,7.24,9.5,6.1,5.82,5.68,6.94
fragment_03397,21,30.74,30.73,29.55,30.95,23.4,23.37,22.23,23.95,17.07,17.07,16.15,18.23,12.74,12.71,11.99,13.98,9.69,9.64,9.21,10.83,7.61,7.57,7.38,8.34,6.07,6.06,5.97,6.28
fragment_03398,4,25.97,26.1,25.88,26.1,17.81,17.88,17.74,17.88,13.15,13.21,13.1,13.21,10.32,10.36,10.29,10.36,7.52,7.54,7.51,7.54,5.14,5.14,5.14,5.14,3.53,3.53,3.53,3.53
fragment_03399,1,31.38,31.38,31.38,31.38,24.35,24.35,24.35,24.35,15.07,15.07,15.07,15.07,8.31,8.31,8.31,8.31,5.03,5.03,5.03,5.03,3.28,3.28,3.28,3.28,2.25,2.25,2.25,2.25
fragment_03400,4,34.19,35.53,32.66,35.53,28.73,30.55,26.96,30.55,20.69,22.2,19.07,22.2,13.88,14.2,13.53,14.2,8.86,8.87,8.82,8.87,5.77,5.77,5.74,5.77,3.96,3.96,3.95,3.96
fragment_03401,6,28.39,28.68,26.9,29.08,20.48,20.66,19.42,20.99,13.98,14.09,13.23,14.48,10.66,10.71,10.15,11.23,8.22,8.21,7.93,8.94,6.68,6.68,6.42,7.24,5.65,5.66,5.47,5.92
fragment_03402,11,30.38,29.1,29.08,33.6,22.16,20.03,19.99,27.19,16.19,14.52,14.52,20.21,12.53,12.03,11.75,13.84,8.82,8.81,8.58,8.92,5.8,5.8,5.8,5.81,3.98,3.98,3.98,3.99
fragment_03403,2,28.79,28.78,28.78,28.8,21.88,21.86,21.86,21.9,15.58,15.56,15.56,15.6,11.92,11.9,11.9,11.93,9.63,9.62,9.62,9.63,7.78,7.77,7.77,7.79,5.83,5.83,5.83,5.83
fragment_03404,1,34.63,34.63,34.63,34.63,29.16,29.16,29.16,29.16,22.46,22.46,22.46,22.46,14.85,14.85,14.85,14.85,9.78,9.78,9.78,9.78,6.63,6.63,6.63,6.63,4.55,4.55,4.55,4.55
fragment_03405,1,29.15,29.15,29.15,29.15,20.71,20.71,20.71,20.71,15.07,15.07,15.07,15.07,11.74,11.74,11.74,11.74,9.01,9.01,9.01,9.01,6.94,6.94,6.94,6.94,5.28,5.28,5.28,5.28
fragment_03406,3,30.93,31.18,30.15,31.18,21.95,21.91,21.91,22.13,15.2,15.04,15.04,15.72,11.54,11.55,11.41,11.62,8.83,8.89,8.4,8.89,6.57,6.61,6.34,6.61,4.72,4.72,4.69,4.72
fragment_03407,7,29.65,29.65,29.64,29.71,22.06,22.06,22.04,22.11,15.75,15.76,15.67,15.78,12.4,12.4,12.4,12.51,10.05,10.03,10.03,10.61,8.44,8.42,8.42,9.06,7.09,7.07,7.07,7.56
fragment_03408,19,32.68,33.86,29.33,33.86,29.95,31.75,23.95,31.75,22.62,23.98,17.93,23.98,14.53,14.77,13.4,14.77,8.94,8.95,8.92,8.95,5.82,5.82,5.8,5.82,4.0,4.0,3.99,4.0
fragment_03409,12,34.45,34.86,31.52,35.55,29.34,29.78,24.89,30.19,20.31,20.54,16.6,21.53,12.8,12.87,11.25,13.5,8.23,8.26,7.81,8.3,5.39,5.39,5.39,5.4,3.71,3.7,3.7,3.71
fragment_03410,4,29.65,29.63,29.63,29.69,22.07,22.06,22.05,22.1,15.39,15.3,15.3,15.66,11.28,11.08,11.08,11.87,7.76,7.62,7.62,8.19,5.37,5.37,5.37,5.38,3.7,3.7,3.7,3.7
fragment_03411,2,30.12,30.12,30.11,30.12,22.41,22.41,22.41,22.41,15.54,15.54,15.54,15.54,11.27,11.27,11.27,11.27,8.07,8.07,8.07,8.07,5.76,5.76,5.76,5.76,4.14,4.14,4.14,4.14
fragment_03412,5,30.91,30.83,30.81,32.03,22.05,21.89,21.89,25.1,16.12,16.06,16.05,17.4,12.04,12.01,12.01,12.86,8.6,8.59,8.59,8.8,5.75,5.75,5.75,5.76,3.95,3.95,3.95,3.96
fragment_03413,13,30.77,30.72,30.09,31.46,22.48,22.46,21.94,23.62,16.1,16.32,15.24,17.62,11.91,11.92,11.73,12.76,8.6,8.59,8.5,8.77,5.73,5.73,5.73,5.74,3.94,3.94,3.94,3.94
fragment_03414,5,30.18,30.78,28.34,30.78,25.17,26.33,23.37,26.33,18.39,19.65,16.39,19.65,12.44,12.82,11.84,12.82,7.8,7.81,7.8,7.81,5.08,5.08,5.08,5.08,3.49,3.49,3.49,3.49
fragment_03415,4,36.63,36.65,35.36,36.65,32.87,32.87,32.05,32.87,21.99,21.98,21.98,22.07,13.24,13.23,13.23,13.55,8.26,8.26,8.26,8.26,5.37,5.37,5.37,5.37,3.69,3.69,3.69,3.69
fragment_03416,9,29.9,29.44,29.42,31.25,24.62,23.67,23.64,26.98,17.62,16.7,16.7,19.77,12.43,11.95,11.95,13.55,8.82,8.64,8.64,9.21,6.02,6.02,6.02,6.02,4.13,4.13,4.13,4.14
fragment_03417,17,32.18,30.98,30.46,34.38,25.58,22.96,22.58,28.64,17.49,15.47,15.02,19.86,11.88,11.24,10.8,12.72,7.71,7.69,7.61,7.74,5.03,5.03,5.02,5.04,3.46,3.46,3.45,3.46
fragment_03418,15,32.23,32.95,30.6,34.81,25.79,27.38,23.13,30.28,17.36,18.59,15.14,21.17,12.19,12.75,11.23,13.31,8.04,8.09,7.97,8.1,5.26,5.26,5.25,5.27,3.61,3.62,3.61,3.62
fragment_03419,2,32.47,32.46,32.46,32.47,26.48,26.48,26.48,26.48,20.57,20.57,20.57,20.57,15.16,15.16,15.16,15.16,10.29,10.29,10.29,10.29,6.84,6.84,6.84,6.84,4.7,4.7,4.7,4.7
fragment_03420,4,30.76,30.75,30.75,30.78,26.2,26.2,26.2,26.21,19.88,19.88,19.88,19.88,13.67,13.67,13.67,13.68,9.48,9.48,9.48,9.49,7.12,7.12,7.12,7.13,5.55,5.55,5.55,5.56
fragment_03421,2,29.33,29.34,29.33,29.34,23.11,23.11,23.11,23.11,16.94,16.94,16.94,16.94,12.3,12.3,12.3,12.3,8.84,8.84,8.84,8.84,6.47,6.47,6.47,6.47,4.92,4.92,4.92,4.92
fragment_03422,1,31.9,31.9,31.9,31.9,26.29,26.29,26.29,26.29,19.13,19.13,19.13,19.13,13.4,13.4,13.4,13.4,9.77,9.77,9.77,9.77,7.05,7.05,7.05,7.05,5.05,5.05,5.05,5.05
fragment_03423,4,31.86,31.97,31.31,31.97,25.41,25.47,25.17,26.55,18.99,18.98,18.98,19.83,14.73,14.71,14.46,14.79,10.84,10.82,10.5,10.92,8.06,8.05,7.89,8.11,5.91,5.91,5.87,5.92
fragment_03424,6,30.77,30.79,30.75,30.79,26.22,26.23,26.2,26.23,19.89,19.9,19.89,19.9,13.68,13.68,13.68,13.68,9.49,9.48,9.48,9.5,7.13,7.13,7.13,7.15,5.58,5.57,5.57,5.59
fragment_03425,22,30.78,31.59,28.75,31.59,26.13,28.05,21.16,28.05,19.75,21.53,14.52,21.53,15.34,16.57,10.88,16.57,11.49,12.17,8.36,12.36,8.23,8.45,6.85,8.45,5.79,5.81,5.56,5.81
fragment_03426,8,29.83,29.82,29.81,29.85,22.19,22.19,22.18,22.2,15.5,15.49,15.49,15.51,11.42,11.4,11.4,11.43,8.02,8.0,8.0,8.05,5.87,5.8,5.8,5.97,4.55,4.49,4.49,4.63
fragment_03427,7,28.65,28.7,28.58,28.75,24.27,24.44,23.9,24.44,19.42,19.59,19.04,19.59,14.85,15.13,14.55,15.13,11.51,11.82,11.1,11.82,9.0,9.16,8.81,9.16,6.65,6.67,6.63,6.67
fragment_03428,1,34.32,34.32,34.32,34.32,27.0,27.0,27.0,27.0,21.26,21.26,21.26,21.26,17.47,17.47,17.47,17.47,13.63,13.63,13.63,13.63,10.08,10.08,10.08,10.08,7.08,7.08,7.08,7.08
fragment_03429,1,29.2,29.2,29.2,29.2,21.87,21.87,21.87,21.87,15.32,15.32,15.32,15.32,10.63,10.63,10.63,10.63,8.01,8.01,8.01,8.01,5.73,5.73,5.73,5.73,3.94,3.94,3.94,3.94
fragment_03430,14,31.55,31.57,28.76,31.63,25.7,25.69,19.34,26.23,19.46,19.46,12.52,19.93,13.31,13.31,8.99,14.07,9.79,9.79,6.82,10.92,7.5,7.49,5.54,8.54,5.82,5.81,4.5,6.5
fragment_03431,7,39.55,39.66,38.31,39.67,38.39,38.7,37.27,38.71,29.04,29.5,27.23,29.51,17.95,18.09,17.22,18.09,11.0,11.0,10.97,11.01,7.16,7.16,7.14,7.16,4.92,4.92,4.91,4.92
fragment_03432,6,25.24,25.2,25.2,26.33,17.37,17.34,17.34,18.3,13.01,12.95,12.95,14.87,11.06,10.98,10.98,12.87,8.87,8.82,8.82,10.13,6.89,6.86,6.86,7.44,5.19,5.18,5.18,5.26
fragment_03433,6,34.44,34.38,32.45,35.27,29.42,29.37,28.14,30.34,22.47,22.46,21.77,22.93,14.92,14.96,14.49,14.96,9.1,9.1,9.09,9.11,5.92,5.92,5.92,5.93,4.07,4.07,4.07,4.07
fragment_03434,3,31.4,31.45,30.83,31.45,26.71,26.81,25.99,26.81,20.89,21.04,20.16,21.04,14.92,14.98,14.61,14.98,10.65,10.68,10.5,10.68,7.97,7.98,7.89,7.98,5.91,5.91,5.88,5.91
fragment_03435,20,31.85,33.37,29.34,33.37,28.43,30.34,23.94,30.54,21.34,22.57,17.95,23.38,14.29,14.49,13.4,14.76,8.93,8.94,8.92,8.94,5.81,5.82,5.8,5.82,3.99,4.0,3.99,4.0
fragment_03436,32,29.65,29.69,28.99,30.94,23.94,23.78,23.61,26.97,17.05,16.83,16.8,19.28,12.18,12.09,11.82,13.01,9.06,8.95,8.71,9.75,7.22,7.04,6.87,7.9,6.07,5.93,5.81,6.56
fragment_03437,2,31.73,31.65,31.65,32.04,26.1,25.99,25.99,26.52,18.69,18.57,18.57,19.13,11.62,11.59,11.59,11.75,7.16,7.16,7.16,7.17,4.66,4.66,4.66,4.66,3.2,3.2,3.2,3.2
fragment_03438,10,34.89,34.53,32.64,37.23,30.17,28.92,27.33,33.23,21.42,20.39,19.73,23.65,13.42,13.29,12.68,13.71,8.3,8.3,8.24,8.31,5.4,5.4,5.4,5.41,3.71,3.71,3.71,3.72
fragment_03439,7,33.32,32.55,31.44,36.69,27.33,26.04,25.96,33.11,19.33,17.97,17.97,25.2,13.83,13.01,13.01,17.31,10.07,9.73,9.73,11.53,7.29,7.23,7.23,7.55,5.16,5.16,5.16,5.19
fragment_03440,3,30.24,30.22,30.22,32.27,27.68,27.69,27.61,27.69,20.12,20.15,19.19,20.15,14.18,14.2,14.15,14.26,10.76,10.78,10.55,10.78,7.86,7.87,7.62,7.87,5.44,5.44,5.44,5.44
fragment_03441,2,30.95,30.94,30.94,30.95,23.8,23.8,23.8,23.8,17.06,17.06,17.06,17.07,13.16,13.16,13.16,13.16,10.53,10.53,10.53,10.53,8.37,8.37,8.37,8.37,6.2,6.2,6.2,6.2
fragment_03442,4,32.94,32.95,32.73,34.53,26.93,26.64,26.64,29.33,19.87,19.56,19.56,21.35,14.59,14.53,13.66,14.75,10.73,10.74,9.94,10.77,7.83,7.83,7.45,7.84,5.55,5.55,5.51,5.55
fragment_03443,9,29.88,29.88,29.85,29.89,22.23,22.23,22.21,22.24,15.34,15.35,15.34,15.35,10.81,10.79,10.78,10.84,8.17,8.0,7.99,8.41,6.91,6.63,6.61,7.3,5.58,5.4,5.38,5.82
fragment_03444,20,24.2,24.15,24.15,25.58,16.13,15.98,15.29,19.78,12.81,12.73,11.69,17.11,10.78,10.66,10.21,14.43,8.65,8.66,8.23,10.07,6.41,6.46,6.24,6.59,4.52,4.52,4.51,4.53
fragment_03445,1,28.68,28.68,28.68,28.68,21.45,21.45,21.45,21.45,15.98,15.98,15.98,15.98,10.81,10.81,10.81,10.81,7.14,7.14,7.14,7.14,4.66,4.66,4.66,4.66,3.2,3.2,3.2,3.2
fragment_03446,3,28.36,28.36,28.34,28.36,21.68,21.68,21.68,21.68,15.05,15.05,15.04,15.05,10.48,10.48,10.47,10.48,6.94,6.94,6.94,6.94,4.6,4.6,4.6,4.6,3.16,3.16,3.16,3.16
fragment_03447,4,34.31,34.33,33.51,34.33,29.12,29.13,28.74,29.13,23.65,23.66,23.18,23.66,16.78,16.78,16.77,16.78,10.59,10.59,10.59,10.59,6.89,6.89,6.89,6.89,4.73,4.73,4.73,4.73
fragment_03448,2,29.06,29.06,29.06,29.06,22.75,22.75,22.75,22.75,16.72,16.71,16.71,16.72,12.18,12.17,12.17,12.18,9.24,9.24,9.24,9.24,6.96,6.96,6.96,6.96,5.32,5.31,5.31,5.32
fragment_03449,4,31.87,31.98,31.38,31.98,25.44,25.5,25.18,26.55,19.03,19.03,19.0,19.83,14.76,14.76,14.47,14.78,10.87,10.86,10.5,10.9,8.08,8.07,7.89,8.1,5.91,5.91,5.87,5.92
fragment_03450,17,36.57,37.05,32.11,37.79,33.19,34.04,25.76,34.6,24.5,25.12,18.74,25.96,15.34,15.45,13.75,15.63,9.47,9.47,9.33,9.48,6.16,6.16,6.16,6.17,4.24,4.23,4.23,4.24
fragment_03451,7,33.17,33.84,30.8,33.84,29.16,30.65,26.87,30.65,22.51,24.02,20.98,24.02,16.98,17.65,16.3,17.65,11.71,11.81,11.57,11.81,7.73,7.73,7.73,7.73,5.31,5.31,5.31,5.31
fragment_03452,58,29.67,29.73,29.16,30.72,22.51,23.35,20.4,23.92,16.87,17.73,13.18,18.95,13.23,13.62,9.58,15.95,10.67,10.94,7.98,12.77,8.02,8.27,6.35,8.64,5.85,5.93,5.12,5.94
fragment_03453,6,32.95,33.94,31.59,33.94,27.27,28.98,24.88,28.98,19.41,21.09,17.08,21.09,13.41,14.25,12.24,14.25,9.29,9.6,8.86,9.6,6.26,6.27,6.26,6.27,4.3,4.3,4.3,4.31
fragment_03454,3,30.06,30.06,30.04,32.11,27.53,27.53,27.51,27.53,20.04,20.05,18.86,20.05,13.94,13.94,13.58,13.94,10.06,10.06,9.67,10.06,6.82,6.82,6.78,6.82,4.68,4.68,4.68,4.69
fragment_03455,6,32.59,32.44,32.44,32.92,26.6,26.23,26.06,28.35,19.09,18.82,18.19,21.4,13.59,13.73,12.5,15.31,10.04,10.21,9.18,10.98,7.38,7.47,6.98,7.7,5.29,5.3,5.22,5.31
fragment_03456,2,30.21,30.21,30.21,30.21,23.47,23.46,23.46,23.47,17.42,17.42,17.42,17.43,13.1,13.1,13.1,13.1,8.78,8.78,8.78,8.78,5.73,5.73,5.73,5.73,3.94,3.94,3.94,3.94
fragment_03457,9,29.23,30.23,26.54,30.23,21.58,22.66,19.17,22.66,14.52,15.14,13.09,15.14,10.69,10.76,10.12,10.76,8.0,8.05,7.69,8.05,6.17,6.24,5.91,6.24,4.9,4.97,4.73,4.97
fragment_03458,2,28.69,28.69,28.69,28.69,21.15,21.15,21.15,21.15,14.44,14.44,14.44,14.44,10.55,10.55,10.55,10.55,8.14,8.14,8.14,8.14,6.04,6.04,6.04,6.04,4.42,4.41,4.41,4.42
fragment_03459,10,34.84,34.6,32.28,36.71,29.04,27.84,26.98,32.87,19.68,18.39,18.39,23.07,12.61,12.02,12.02,13.37,8.06,7.99,7.99,8.1,5.26,5.26,5.26,5.27,3.62,3.61,3.61,3.62
fragment_03460,11,30.75,30.72,30.72,31.22,23.43,23.42,23.38,23.46,16.58,16.57,16.24,16.59,11.52,11.51,11.49,12.49,8.48,8.46,8.45,9.45,6.53,6.55,6.49,7.24,5.21,5.25,5.15,5.6
fragment_03461,5,34.66,35.65,33.54,35.65,30.77,32.47,29.0,32.59,22.15,23.54,20.71,23.78,13.85,13.95,13.73,13.95,8.45,8.45,8.44,8.45,5.5,5.5,5.49,5.5,3.78,3.78,3.77,3.78
fragment_03462,12,38.22,39.54,35.86,39.54,34.57,36.51,32.84,36.51,25.54,26.76,24.25,27.86,16.42,16.41,16.41,16.51,10.01,10.01,9.99,10.01,6.51,6.52,6.5,6.52,4.48,4.48,4.47,4.48
fragment_03463,2,32.24,32.25,32.24,32.25,25.43,25.44,25.42,25.44,18.85,18.86,18.84,18.86,14.95,14.95,14.94,14.95,10.99,10.99,10.99,10.99,7.67,7.67,7.67,7.67,5.33,5.33,5.33,5.33
fragment_03464,19,28.33,27.69,26.26,31.19,23.13,23.82,20.32,25.42,20.03,21.59,16.9,21.59,16.8,18.31,13.88,18.31,12.73,13.33,11.35,13.33,8.83,8.88,8.62,8.88,6.1,6.1,6.09,6.11
fragment_03465,1,28.76,28.76,28.76,28.76,20.73,20.73,20.73,20.73,14.69,14.69,14.69,14.69,10.56,10.56,10.56,10.56,8.0,8.0,8.0,8.0,5.82,5.82,5.82,5.82,4.07,4.07,4.07,4.07
fragment_03466,5,30.09,29.65,29.37,31.09,24.8,23.77,23.76,27.04,18.16,17.29,17.27,20.02,13.58,13.05,13.03,14.73,10.08,9.77,9.75,10.75,7.47,7.38,7.38,7.67,5.31,5.31,5.31,5.31
fragment_03467,4,34.24,34.49,32.17,34.69,28.82,28.68,26.89,30.57,20.71,20.46,19.96,22.07,12.62,12.61,12.61,12.66,7.67,7.67,7.67,7.67,4.99,4.99,4.99,4.99,3.43,3.43,3.43,3.43
fragment_03468,7,32.14,32.32,30.6,33.38,24.9,24.89,22.8,27.42,18.6,18.64,16.35,20.54,12.25,12.36,11.32,12.41,7.51,7.52,7.47,7.52,4.89,4.89,4.88,4.9,3.36,3.36,3.35,3.36
fragment_03469,3,29.96,29.95,29.95,30.11,23.72,23.71,23.71,23.82,16.83,16.82,16.82,16.85,12.18,12.18,12.18,12.2,8.87,8.87,8.87,8.88,6.52,6.52,6.52,6.52,4.64,4.64,4.64,4.64
fragment_03470,2,30.04,30.12,29.63,30.12,22.47,22.54,22.08,22.54,14.93,14.97,14.74,14.97,10.28,10.31,10.13,10.31,7.72,7.74,7.61,7.74,6.02,6.03,5.94,6.03,4.69,4.69,4.66,4.69
fragment_03471,2,29.17,29.19,29.15,29.19,20.91,20.93,20.89,20.93,14.9,14.9,14.89,14.9,11.75,11.75,11.75,11.76,9.5,9.5,9.5,9.5,6.94,6.94,6.94,6.94,4.81,4.81,4.81,4.81
fragment_03472,6,33.33,33.27,33.27,33.75,28.62,28.79,28.35,29.84,22.9,23.13,22.53,24.15,17.12,17.28,16.85,17.86,11.81,11.88,11.69,12.06,7.96,7.96,7.96,7.97,5.47,5.47,5.47,5.47
fragment_03473,10,34.16,34.39,31.79,35.57,29.03,29.6,24.93,31.12,19.58,20.17,16.18,21.19,11.93,12.13,10.71,12.15,7.35,7.35,7.22,7.36,4.79,4.79,4.78,4.79,3.29,3.29,3.29,3.29
fragment_03474,5,32.5,32.16,32.16,32.96,26.0,25.76,25.71,26.51,17.57,17.69,16.84,17.75,10.59,10.6,10.56,10.61,6.42,6.42,6.4,6.43,4.18,4.18,4.17,4.18,2.87,2.87,2.86,2.87
fragment_03475,11,30.11,29.05,28.97,32.23,22.04,19.62,19.55,24.65,15.41,13.0,13.0,17.52,10.71,9.7,9.7,11.54,6.98,6.9,6.9,7.02,4.57,4.56,4.56,4.57,3.14,3.13,3.13,3.14
fragment_03476,9,25.22,25.23,24.74,29.09,16.17,16.2,16.07,21.13,11.52,11.54,11.47,15.02,8.86,8.88,8.83,11.16,7.07,7.18,6.92,8.16,5.75,5.89,5.55,6.02,4.36,4.4,4.29,4.4
fragment_03477,21,28.71,28.76,28.59,28.81,24.1,23.94,23.9,25.34,19.37,19.21,18.97,20.23,15.39,15.66,14.55,15.84,12.42,12.75,11.73,13.03,9.94,10.14,9.49,10.38,7.47,7.5,7.38,7.51
fragment_03478,2,29.91,29.9,29.9,29.92,23.17,23.16,23.16,23.17,17.13,17.12,17.12,17.13,12.9,12.89,12.89,12.9,8.43,8.43,8.43,8.43,5.49,5.49,5.49,5.49,3.77,3.77,3.77,3.77
fragment_03479,2,28.61,28.6,28.6,28.61,21.84,21.83,21.83,21.84,16.17,16.17,16.17,16.17,12.89,12.89,12.89,12.89,9.94,9.94,9.93,9.94,7.24,7.24,7.23,7.24,5.03,5.03,5.03,5.03
fragment_03480,3,29.76,29.76,29.76,29.82,23.59,23.58,23.58,23.63,16.39,16.39,16.39,16.39,10.81,10.8,10.8,10.81,6.72,6.72,6.72,6.72,4.37,4.37,4.37,4.37,3.0,3.0,3.0,3.0
fragment_03481,3,30.38,30.4,30.31,30.4,26.89,26.89,26.87,26.89,21.33,21.33,21.3,21.33,17.13,17.13,17.12,17.13,13.08,13.08,13.08,13.08,8.81,8.81,8.81,8.81,6.05,6.05,6.05,6.05
fragment_03482,2,29.03,29.03,29.03,29.04,22.29,22.29,22.29,22.29,16.74,16.74,16.74,16.75,11.07,11.07,11.07,11.07,6.74,6.74,6.74,6.74,4.39,4.39,4.39,4.39,3.01,3.01,3.01,3.01
fragment_03483,2,28.34,28.33,28.33,28.35,19.97,19.96,19.96,19.97,13.96,13.88,13.88,14.06,10.02,9.77,9.77,10.38,7.15,6.76,6.76,7.71,5.39,5.01,5.01,5.91,4.19,3.94,3.94,4.53
fragment_03484,5,30.76,30.76,30.76,30.78,26.2,26.2,26.2,26.21,19.89,19.88,19.88,19.89,13.68,13.68,13.68,13.68,9.48,9.47,9.47,9.49,7.12,7.12,7.12,7.13,5.58,5.56,5.56,5.61
fragment_03485,2,32.51,32.52,32.51,32.52,28.16,28.16,28.16,28.16,22.11,22.11,22.11,22.12,16.27,16.27,16.27,16.27,11.1,11.1,11.1,11.1,7.45,7.45,7.45,7.45,5.12,5.12,5.12,5.12
fragment_03486,9,33.15,33.21,32.92,34.97,26.97,27.21,26.32,29.98,21.11,21.39,20.26,24.01,14.88,15.16,13.94,15.78,9.57,9.6,9.45,9.6,6.24,6.25,6.23,6.25,4.29,4.29,4.28,4.29
fragment_03487,18,30.9,31.34,28.91,33.58,23.57,24.61,19.53,28.12,17.35,18.4,13.61,21.28,13.14,13.78,10.82,14.65,9.32,9.51,8.33,9.65,6.27,6.29,6.05,6.3,4.32,4.32,4.32,4.32
fragment_03488,2,30.5,30.78,30.05,30.78,23.74,23.97,23.37,23.97,17.33,17.44,17.15,17.44,13.39,13.47,13.27,13.47,10.77,10.82,10.7,10.82,8.43,8.44,8.41,8.44,6.34,6.34,6.33,6.34
fragment_03489,2,32.49,32.41,32.41,32.59,26.72,27.49,25.92,27.49,19.18,20.62,17.68,20.62,13.04,13.85,12.21,13.85,8.89,9.16,8.61,9.16,6.0,6.02,5.99,6.02,4.14,4.14,4.14,4.14
fragment_03490,2,28.78,28.79,28.77,28.79,21.79,21.8,21.77,21.8,16.42,16.42,16.41,16.42,12.09,12.09,12.08,12.09,9.05,9.05,9.05,9.05,6.12,6.12,6.12,6.12,4.21,4.21,4.21,4.21
fragment_03491,2,26.33,26.33,26.33,26.33,19.61,19.62,19.61,19.62,13.51,13.51,13.51,13.51,10.37,10.37,10.37,10.37,8.32,8.32,8.32,8.32,6.11,6.11,6.11,6.11,4.27,4.27,4.27,4.27
fragment_03492,4,28.67,28.67,28.56,28.67,20.72,20.75,19.51,20.75,14.28,14.31,12.8,14.31,10.16,10.17,9.36,10.17,7.29,7.3,7.01,7.3,5.16,5.16,5.13,5.17,3.55,3.55,3.55,3.56
fragment_03493,4,31.44,31.45,31.36,31.45,26.94,26.96,26.72,26.96,20.9,20.91,20.75,20.91,16.3,16.28,16.28,16.54,11.93,11.93,11.93,11.94,8.01,8.01,8.01,8.01,5.5,5.5,5.5,5.5
fragment_03494,23,29.67,30.44,28.75,31.55,23.29,25.19,21.08,26.13,17.12,19.07,14.53,19.57,13.4,14.88,10.89,15.42,10.3,11.05,8.36,11.86,7.81,8.11,6.85,8.42,5.77,5.81,5.55,5.81
fragment_03495,20,30.1,29.76,28.62,31.18,24.77,23.83,23.73,27.14,18.19,17.43,17.34,20.32,13.58,13.19,12.82,14.79,10.45,10.17,9.93,11.2,8.08,7.98,7.87,8.32,5.96,5.96,5.91,5.98
fragment_03496,3,30.4,30.41,29.99,30.58,22.46,22.34,22.34,25.37,15.73,15.6,15.6,18.68,11.86,11.78,11.78,13.86,8.91,8.87,8.87,9.91,6.59,6.59,6.59,6.77,4.66,4.66,4.66,4.66
fragment_03497,2,32.23,32.24,32.23,32.24,25.02,25.02,25.01,25.02,17.82,17.82,17.82,17.82,12.18,12.18,12.18,12.18,8.15,8.15,8.15,8.15,5.56,5.56,5.56,5.56,3.82,3.82,3.82,3.82
fragment_03498,4,30.82,30.78,29.48,31.04,25.7,25.78,23.79,25.78,19.02,19.12,17.91,19.12,11.71,11.72,11.7,11.73,7.1,7.1,7.1,7.14,4.62,4.62,4.62,4.65,3.18,3.17,3.17,3.19
fragment_03499,7,26.96,26.7,25.95,30.2,21.21,21.03,20.53,25.9,17.13,17.13,16.2,21.32,13.34,13.32,12.59,15.78,10.04,9.98,9.8,11.25,7.43,7.42,7.3,7.79,5.34,5.34,5.33,5.35
fragment_03500,2,29.54,29.54,29.54,29.54,22.3,22.3,22.3,22.3,16.19,16.19,16.19,16.19,11.76,11.76,11.76,11.76,8.7,8.7,8.7,8.7,6.28,6.28,6.28,6.28,4.39,4.39,4.39,4.39
fragment_03501,2,29.08,29.08,29.08,29.08,26.2,26.2,26.19,26.2,18.91,18.91,18.91,18.91,13.17,13.16,13.16,13.17,9.72,9.71,9.71,9.72,7.38,7.38,7.38,7.38,5.37,5.37,5.37,5.37
fragment_03502,9,33.73,33.99,29.62,36.85,30.14,30.25,27.12,34.8,24.39,24.47,22.44,28.56,18.98,19.05,17.72,21.38,14.14,14.15,13.85,15.68,10.37,10.34,10.34,11.35,7.82,7.81,7.81,8.29
fragment_03503,4,38.53,38.6,36.35,38.6,34.47,34.52,31.94,34.52,25.18,25.19,23.98,25.19,15.45,15.45,15.44,15.47,9.39,9.39,9.39,9.4,6.11,6.11,6.11,6.12,4.2,4.2,4.2,4.2
fragment_03504,1,27.85,27.85,27.85,27.85,19.4,19.4,19.4,19.4,12.88,12.88,12.88,12.88,8.46,8.46,8.46,8.46,5.51,5.51,5.51,5.51,3.59,3.59,3.59,3.59,2.46,2.46,2.46,2.46
fragment_03505,18,27.82,27.74,25.94,29.34,24.4,24.43,20.29,25.34,21.7,21.86,16.21,22.51,16.48,16.63,11.81,16.89,11.54,11.62,9.44,11.62,7.68,7.69,7.35,7.69,5.28,5.28,5.27,5.28
fragment_03506,6,31.77,31.35,30.76,32.37,23.81,22.67,22.67,26.45,18.39,17.51,17.51,20.14,14.56,13.73,13.73,16.2,11.11,10.48,10.48,12.09,8.07,7.91,7.91,8.27,5.67,5.66,5.66,5.68
fragment_03507,5,28.94,28.9,28.73,31.72,20.52,20.43,20.23,25.0,14.22,14.16,13.96,17.08,11.04,11.02,10.8,11.97,8.56,8.56,8.4,8.81,6.66,6.66,6.56,6.7,5.13,5.13,5.07,5.21
fragment_03508,10,34.94,34.93,33.86,36.43,29.99,30.48,28.61,32.15,22.27,22.9,21.42,24.49,15.06,15.32,14.32,15.82,9.62,9.63,9.49,9.63,6.27,6.27,6.26,6.27,4.31,4.31,4.3,4.31
fragment_03509,3,32.09,33.74,29.81,33.74,25.48,28.42,21.49,28.42,19.54,21.65,16.61,21.65,14.03,14.74,12.84,14.74,9.56,9.66,9.39,9.66,6.29,6.29,6.28,6.29,4.32,4.32,4.32,4.32
fragment_03510,6,29.11,27.79,27.76,31.46,24.54,23.06,22.91,27.19,19.9,18.25,18.25,22.72,16.15,14.86,14.86,18.31,12.92,12.31,12.31,13.93,9.45,9.36,9.36,9.61,6.6,6.6,6.6,6.6
fragment_03511,45,32.75,33.3,29.64,33.91,30.63,30.74,25.52,36.43,24.73,24.8,19.2,30.93,18.21,18.26,14.13,21.87,13.0,13.04,10.78,13.69,8.88,8.9,8.34,8.91,6.12,6.12,6.11,6.12
fragment_03512,6,31.42,31.39,30.79,32.74,24.86,24.72,24.05,26.91,17.71,17.79,16.56,18.82,12.27,12.39,11.59,12.44,8.15,8.19,7.92,8.2,5.35,5.34,5.34,5.35,3.67,3.67,3.67,3.67
fragment_03513,6,33.39,33.02,32.17,34.43,27.1,26.51,25.94,28.97,18.44,18.17,17.36,19.77,11.4,11.53,10.99,11.6,7.02,7.02,7.02,7.03,4.57,4.57,4.57,4.57,3.14,3.14,3.14,3.14
fragment_03514,19,30.27,30.23,29.38,30.53,26.02,26.37,24.55,26.83,20.93,21.47,19.35,22.16,16.78,17.41,15.21,17.58,12.28,12.68,11.11,12.74,8.53,8.59,8.27,8.59,5.9,5.9,5.89,5.9
fragment_03515,4,29.7,29.69,29.69,29.71,24.52,24.52,24.52,24.53,18.11,18.11,18.09,18.13,13.4,13.4,13.39,13.41,10.02,10.01,10.01,10.03,7.73,7.73,7.72,7.75,5.98,5.98,5.98,5.99
fragment_03516,3,31.86,31.82,31.82,31.93,26.73,26.68,26.68,27.04,20.78,20.76,20.76,21.0,14.49,14.49,14.49,14.52,9.6,9.59,9.59,9.6,6.32,6.32,6.32,6.32,4.34,4.34,4.34,4.35
fragment_03517,5,30.18,30.0,29.39,31.85,22.5,22.18,21.59,25.26,15.42,15.11,14.78,17.99,11.07,10.96,10.8,12.0,7.77,7.75,7.71,7.86,5.1,5.1,5.09,5.12,3.5,3.5,3.5,3.51
fragment_03518,27,29.82,29.64,28.84,30.92,24.18,23.69,23.61,26.83,17.24,16.77,16.76,19.35,12.18,11.76,11.68,13.8,9.22,8.91,8.64,10.3,7.47,7.29,7.05,8.05,6.04,6.0,5.79,6.25
fragment_03519,6,28.0,28.0,28.0,28.04,19.16,19.16,19.16,19.18,12.68,12.68,12.68,13.56,8.75,8.74,8.74,10.44,6.15,6.14,6.14,8.32,4.71,4.7,4.7,6.5,3.82,3.81,3.81,5.24
fragment_03520,1,28.94,28.94,28.94,28.94,25.98,25.98,25.98,25.98,18.72,18.72,18.72,18.72,12.76,12.76,12.76,12.76,8.79,8.79,8.79,8.79,6.26,6.26,6.26,6.26,4.52,4.52,4.52,4.52
fragment_03521,3,29.41,29.39,29.39,30.09,21.0,21.0,20.61,21.0,14.73,14.75,14.14,14.75,11.32,11.32,10.73,11.34,9.09,9.09,8.27,9.12,7.19,7.13,6.68,7.28,5.73,5.67,5.5,5.81
fragment_03522,2,27.84,27.84,27.84,27.84,21.63,21.63,21.63,21.63,15.65,15.65,15.65,15.65,11.77,11.77,11.77,11.77,8.75,8.75,8.75,8.76,6.19,6.19,6.19,6.19,4.26,4.26,4.26,4.26
fragment_03523,1,29.96,29.96,29.96,29.96,23.36,23.36,23.36,23.36,17.11,17.11,17.11,17.11,11.98,11.98,11.98,11.98,8.97,8.97,8.97,8.97,6.58,6.58,6.58,6.58,4.69,4.69,4.69,4.69
fragment_03524,26,30.4,31.34,28.69,31.4,25.46,27.28,23.66,27.34,19.0,20.53,17.43,20.57,14.08,14.78,13.15,15.6,10.63,11.06,9.97,11.79,8.29,8.64,7.83,8.86,6.37,6.51,6.19,6.51
fragment_03525,3,31.11,31.2,30.71,31.2,23.86,23.91,23.6,23.91,15.09,15.09,15.07,15.16,8.89,8.89,8.89,8.89,5.39,5.39,5.39,5.39,3.51,3.51,3.51,3.51,2.41,2.41,2.41,2.41
fragment_03526,2,33.52,33.52,33.52,33.52,26.85,26.86,26.85,26.86,19.33,19.34,19.33,19.34,13.34,13.35,13.34,13.35,8.6,8.6,8.59,8.6,5.59,5.6,5.59,5.6,3.84,3.84,3.84,3.84
fragment_03527,3,31.2,31.81,28.61,31.81,24.05,24.95,20.17,24.95,16.13,16.79,13.24,16.79,9.88,10.02,9.29,10.02,6.06,6.07,6.03,6.07,3.95,3.95,3.93,3.95,2.71,2.71,2.7,2.71
fragment_03528,7,26.96,26.7,25.97,30.34,21.21,21.04,20.54,25.96,17.13,17.13,16.21,21.35,13.34,13.32,12.6,15.78,10.04,9.98,9.81,11.25,7.43,7.42,7.3,7.79,5.34,5.34,5.33,5.35
fragment_03529,6,30.72,30.71,30.7,31.19,23.41,23.41,23.38,23.42,16.58,16.59,16.24,16.59,11.54,11.52,11.52,12.49,8.48,8.46,8.46,9.43,6.51,6.49,6.49,7.13,5.12,5.12,5.12,5.42
fragment_03530,2,26.83,26.83,26.83,26.83,20.79,20.79,20.79,20.79,15.01,15.01,15.01,15.01,11.69,11.69,11.69,11.69,9.45,9.45,9.45,9.45,7.47,7.47,7.47,7.47,5.79,5.79,5.79,5.79
fragment_03531,6,25.26,25.27,25.17,25.3,16.14,16.14,16.13,16.19,11.5,11.5,11.49,11.52,8.88,8.83,8.83,9.05,7.12,7.0,7.0,7.48,5.82,5.72,5.72,6.13,4.53,4.49,4.49,4.65
fragment_03532,2,29.78,29.79,29.77,29.79,26.12,26.13,26.12,26.13,20.5,20.51,20.5,20.51,16.31,16.31,16.31,16.31,12.42,12.42,12.42,12.42,9.21,9.21,9.21,9.21,6.84,6.84,6.84,6.84
fragment_03533,6,31.32,31.12,31.06,32.16,24.91,24.71,24.53,25.35,15.92,15.97,15.27,15.97,8.91,8.91,8.9,8.92,5.4,5.4,5.39,5.4,3.51,3.51,3.51,3.52,2.41,2.41,2.41,2.42
fragment_03534,2,28.61,28.61,28.61,28.61,21.78,21.79,21.78,21.79,16.07,16.08,16.07,16.08,12.78,12.78,12.77,12.78,9.91,9.91,9.91,9.91,7.37,7.37,7.37,7.37,5.24,5.24,5.24,5.24
fragment_03535,9,34.13,34.33,31.8,35.56,29.0,29.55,24.94,31.12,19.55,20.13,16.18,21.19,11.93,12.13,10.71,12.15,7.35,7.35,7.23,7.36,4.79,4.79,4.78,4.79,3.29,3.29,3.29,3.29
fragment_03536,48,31.42,31.91,29.01,31.91,22.1,22.31,20.19,22.73,15.75,16.27,12.92,16.58,11.31,11.7,8.63,11.79,8.37,8.53,6.73,8.57,6.47,6.56,5.57,6.61,5.12,5.17,4.56,5.24
fragment_03537,1,33.66,33.66,33.66,33.66,27.85,27.85,27.85,27.85,20.94,20.94,20.94,20.94,14.09,14.09,14.09,14.09,9.62,9.62,9.62,9.62,6.95,6.95,6.95,6.95,4.85,4.85,4.85,4.85
fragment_03538,13,35.01,35.51,32.28,37.42,29.76,30.7,26.81,33.68,21.69,22.66,19.69,25.05,14.89,15.49,13.77,15.9,9.58,9.63,9.5,9.64,6.26,6.27,6.25,6.27,4.3,4.31,4.29,4.31
fragment_03539,4,33.16,33.15,33.15,33.7,26.91,26.91,26.84,26.91,20.2,20.21,19.69,20.21,14.06,14.07,13.98,14.07,9.23,9.23,9.22,9.23,6.18,6.18,6.17,6.18,4.24,4.24,4.24,4.24
fragment_03540,5,32.23,32.15,31.37,33.12,27.93,27.74,27.29,29.44,23.51,23.34,23.22,24.8,17.52,17.47,17.29,17.87,11.33,11.33,11.3,11.35,7.38,7.38,7.38,7.39,5.07,5.07,5.07,5.08
fragment_03541,2,29.93,30.23,28.72,30.23,21.47,21.65,20.72,21.65,13.73,13.67,13.67,13.97,9.34,9.14,9.14,10.18,6.36,6.33,6.33,6.45,4.2,4.2,4.2,4.2,2.89,2.89,2.89,2.89
fragment_03542,4,33.8,33.32,32.21,34.82,28.61,27.82,26.95,30.53,19.84,19.31,18.92,21.15,12.05,12.02,12.0,12.13,7.35,7.35,7.34,7.35,4.78,4.78,4.78,4.78,3.29,3.29,3.28,3.29
fragment_03543,5,33.69,33.7,30.64,34.05,28.87,28.92,26.83,28.92,23.76,23.83,20.93,24.52,18.27,18.33,16.02,19.07,13.03,13.05,12.22,13.15,8.62,8.62,8.62,8.63,5.92,5.92,5.92,5.93
fragment_03544,2,31.06,31.16,30.96,31.16,24.37,24.89,23.79,24.89,17.04,17.56,16.47,17.56,12.13,12.29,11.96,12.29,8.88,9.02,8.72,9.02,6.78,6.86,6.7,6.86,5.26,5.31,5.2,5.31
fragment_03545,1,28.67,28.67,28.67,28.67,19.46,19.46,19.46,19.46,14.34,14.34,14.34,14.34,11.32,11.32,11.32,11.32,8.6,8.6,8.6,8.6,6.44,6.44,6.44,6.44,4.84,4.84,4.84,4.84
fragment_03546,1,28.44,28.44,28.44,28.44,20.71,20.71,20.71,20.71,14.05,14.05,14.05,14.05,10.08,10.08,10.08,10.08,7.74,7.74,7.74,7.74,5.51,5.51,5.51,5.51,3.82,3.82,3.82,3.82
fragment_03547,6,28.6,28.58,28.58,28.98,22.41,22.4,22.4,22.64,17.75,17.75,17.75,17.78,13.71,13.71,13.69,13.72,10.04,10.04,10.01,10.06,7.6,7.59,7.58,7.6,5.75,5.75,5.74,5.76
fragment_03548,3,30.84,30.83,30.05,30.85,24.74,24.74,24.03,24.75,18.73,18.73,18.39,18.73,13.59,13.59,13.56,13.59,10.45,10.45,10.44,10.45,7.93,7.93,7.92,7.93,5.82,5.82,5.82,5.83
fragment_03549,2,36.28,36.33,36.24,36.33,31.13,31.13,31.13,31.14,24.44,24.41,24.41,24.48,16.69,16.68,16.68,16.69,11.01,11.0,11.0,11.01,7.69,7.69,7.69,7.69,5.35,5.35,5.35,5.35
fragment_03550,2,33.26,33.26,33.26,33.26,27.59,27.59,27.58,27.59,20.87,20.87,20.87,20.87,16.79,16.79,16.79,16.79,13.45,13.45,13.45,13.45,9.56,9.56,9.56,9.56,6.61,6.61,6.61,6.61
fragment_03551,3,30.92,30.9,30.9,32.24,28.88,28.9,27.57,28.9,21.56,21.59,19.15,21.59,15.0,15.03,14.16,15.03,10.5,10.51,10.41,10.51,7.35,7.35,7.34,7.38,5.22,5.22,5.22,5.23
fragment_03552,3,29.95,29.95,29.94,30.07,23.74,23.74,23.73,23.81,16.9,16.9,16.9,16.91,12.2,12.2,12.2,12.2,8.27,8.27,8.26,8.27,5.42,5.42,5.42,5.42,3.72,3.72,3.72,3.72
fragment_03553,6,28.57,28.54,28.54,28.72,23.71,23.69,23.69,23.84,18.09,18.08,18.08,18.35,13.31,13.3,13.3,13.84,9.68,9.67,9.67,10.35,7.16,7.16,7.16,7.33,5.05,5.05,5.05,5.05
fragment_03554,2,29.16,29.15,29.15,29.29,25.66,25.66,25.66,25.71,20.16,20.17,20.15,20.17,14.8,14.8,14.8,14.81,10.81,10.81,10.81,10.81,7.34,7.34,7.34,7.34,5.04,5.04,5.04,5.04
fragment_03555,6,31.77,31.72,30.23,32.59,26.49,26.54,22.78,27.18,21.94,22.14,17.31,22.14,16.12,16.3,12.46,16.3,11.13,11.23,9.17,11.23,7.4,7.42,6.95,7.42,5.1,5.1,5.08,5.1
fragment_03556,13,28.96,28.76,28.75,31.71,22.03,21.74,21.3,27.25,16.42,16.23,15.67,21.12,13.29,13.29,12.66,15.11,9.79,9.84,9.37,10.06,6.53,6.53,6.49,6.56,4.49,4.48,4.48,4.51
fragment_03557,3,32.17,32.3,31.24,32.3,30.37,30.76,27.81,30.76,21.95,22.2,19.4,22.2,13.81,13.84,12.99,13.95,8.58,8.58,8.57,8.59,5.59,5.59,5.59,5.59,3.84,3.84,3.84,3.84
fragment_03558,6,36.3,36.89,32.31,37.04,32.47,33.43,27.6,33.43,25.9,26.51,22.09,26.51,19.43,19.48,16.87,20.52,14.25,14.27,12.82,14.87,10.29,10.39,9.53,10.46,7.21,7.22,7.11,7.22
fragment_03559,25,30.99,30.7,30.66,33.68,22.22,21.8,21.79,28.59,16.18,16.09,15.8,22.83,11.96,11.77,11.73,16.28,8.72,8.57,8.53,11.48,6.64,6.52,6.52,8.54,5.23,5.14,5.14,6.34
fragment_03560,9,32.41,32.05,31.48,35.69,26.42,25.35,25.35,31.49,19.42,18.35,18.35,24.01,14.03,13.73,13.73,15.08,9.12,9.12,9.11,9.15,5.94,5.94,5.94,5.95,4.08,4.08,4.08,4.09
fragment_03561,4,29.85,29.85,29.81,29.86,22.21,22.2,22.18,22.21,15.33,15.33,15.31,15.34,10.83,10.82,10.77,10.96,8.42,8.41,8.22,8.57,7.45,7.47,7.19,7.47,6.24,6.26,6.03,6.26
fragment_03562,13,32.74,32.02,28.61,35.07,27.21,27.14,20.44,28.97,20.49,20.73,13.99,21.82,14.85,15.11,10.23,15.75,10.42,10.58,7.76,10.9,7.18,7.25,6.11,7.27,4.98,4.99,4.69,5.0
fragment_03563,20,31.22,31.24,29.37,31.56,21.52,21.54,20.25,21.71,14.27,14.19,12.87,14.75,9.74,9.66,8.4,10.14,7.16,7.06,6.12,7.63,5.87,5.76,4.84,6.28,4.97,4.9,4.13,5.2
fragment_03564,24,37.17,37.79,34.76,38.92,33.99,34.83,30.61,35.64,22.08,22.45,20.37,22.57,12.31,12.3,12.29,12.37,7.46,7.45,7.44,7.5,4.86,4.85,4.84,4.88,3.34,3.33,3.33,3.35
fragment_03565,12,28.7,28.82,28.55,28.84,21.2,22.49,19.55,22.5,15.06,16.33,13.12,16.34,11.66,12.62,10.21,12.62,9.33,9.94,8.39,9.94,7.05,7.22,6.76,7.23,4.97,4.97,4.96,4.99
fragment_03566,1,28.94,28.94,28.94,28.94,20.76,20.76,20.76,20.76,14.82,14.82,14.82,14.82,11.31,11.31,11.31,11.31,7.78,7.78,7.78,7.78,5.09,5.09,5.09,5.09,3.5,3.5,3.5,3.5
fragment_03567,8,30.75,30.74,30.72,30.79,26.2,26.19,26.17,26.23,19.88,19.88,19.88,19.89,13.68,13.68,13.67,13.68,9.49,9.48,9.47,9.5,7.13,7.13,7.12,7.14,5.59,5.56,5.56,5.67
fragment_03568,3,30.32,30.26,29.77,31.05,23.61,23.42,23.26,25.47,16.82,16.69,16.09,18.27,10.93,10.94,10.44,11.04,6.67,6.67,6.67,6.69,4.34,4.34,4.34,4.35,2.98,2.98,2.98,2.99
fragment_03569,8,29.9,29.9,29.87,29.9,22.26,22.26,22.24,22.27,16.29,16.29,16.27,16.41,13.3,13.29,13.26,13.44,10.74,10.73,10.72,10.94,8.34,8.34,8.33,8.37,5.95,5.95,5.95,5.95
fragment_03570,24,30.21,30.13,30.1,32.27,25.41,25.4,25.28,29.11,19.37,19.37,18.99,24.06,14.49,14.49,14.26,19.12,10.95,11.03,10.38,14.29,8.52,8.63,7.86,10.6,6.83,6.95,6.28,7.75
fragment_03571,3,28.34,28.34,28.34,28.35,19.98,19.98,19.97,19.98,14.8,14.8,14.12,14.8,12.18,12.2,10.7,12.2,10.42,10.44,8.63,10.44,8.42,8.43,6.84,8.43,6.28,6.28,5.47,6.29
fragment_03572,33,28.66,28.65,26.76,29.22,20.69,20.64,19.41,21.27,14.29,14.01,13.19,15.99,11.18,10.75,10.11,13.31,9.12,8.81,8.11,10.9,7.07,6.98,6.32,7.97,5.28,5.36,4.83,5.48
fragment_03573,2,32.45,32.44,32.44,32.45,25.17,25.17,25.17,25.17,17.89,17.89,17.89,17.89,12.22,12.22,12.22,12.22,8.49,8.5,8.49,8.5,6.21,6.21,6.21,6.21,4.33,4.33,4.33,4.33
fragment_03574,24,29.94,29.94,26.58,31.02,23.62,23.65,20.13,23.95,19.46,19.53,15.67,20.22,15.44,15.49,11.78,16.23,11.25,11.27,9.17,12.21,8.28,8.29,7.05,9.02,6.25,6.26,5.45,6.38
fragment_03575,2,32.82,32.88,32.63,32.88,27.64,27.75,27.32,27.75,20.81,20.88,20.57,20.88,13.85,13.86,13.81,13.86,8.47,8.47,8.47,8.47,5.51,5.51,5.51,5.51,3.79,3.79,3.79,3.79
fragment_03576,3,29.92,30.48,26.73,30.48,21.54,21.75,19.29,21.75,14.71,13.93,13.93,16.12,11.44,10.31,10.31,13.5,9.04,8.47,8.47,10.07,6.65,6.58,6.58,6.77,4.65,4.65,4.65,4.65
fragment_03577,4,33.57,34.66,32.23,34.67,28.77,29.4,27.97,29.41,21.97,21.52,21.52,22.53,16.12,15.81,15.81,16.51,11.3,11.37,11.19,11.37,8.26,8.33,8.11,8.33,6.18,6.21,6.11,6.21
fragment_03578,7,30.38,30.33,30.33,33.19,23.75,23.72,23.22,26.83,16.9,16.89,16.18,18.76,11.45,11.45,11.01,11.54,6.98,6.98,6.98,7.0,4.54,4.54,4.54,4.55,3.12,3.12,3.12,3.13
fragment_03579,2,30.74,30.73,30.73,30.74,26.19,26.19,26.19,26.19,19.88,19.88,19.88,19.88,13.67,13.67,13.67,13.67,9.47,9.47,9.47,9.47,7.12,7.12,7.12,7.12,5.56,5.56,5.56,5.56
fragment_03580,4,32.81,33.72,31.6,33.72,26.6,27.91,24.74,27.91,17.93,18.7,16.79,18.7,10.47,10.49,10.45,10.5,6.36,6.35,6.35,6.36,4.14,4.14,4.14,4.14,2.84,2.84,2.84,2.84
fragment_03581,10,30.82,30.79,30.48,31.97,22.96,22.72,21.89,25.21,16.39,16.04,14.7,18.64,11.06,10.95,10.04,11.59,7.0,7.0,6.88,7.02,4.56,4.56,4.56,4.57,3.13,3.13,3.13,3.14
fragment_03582,8,29.72,29.72,29.71,29.73,22.1,22.1,22.09,22.11,15.44,15.44,15.44,15.44,11.64,11.6,11.6,11.72,9.4,9.36,9.35,9.53,7.63,7.59,7.58,7.75,6.01,5.99,5.99,6.04
fragment_03583,24,33.75,33.61,31.93,34.63,28.61,29.83,25.76,30.31,20.38,21.71,17.44,23.03,14.05,15.13,11.87,16.58,10.25,10.96,8.81,12.66,7.94,8.33,7.07,8.98,6.07,6.17,5.76,6.2
fragment_03584,2,30.34,30.33,30.33,30.36,23.52,23.51,23.51,23.52,17.26,17.25,17.25,17.26,11.62,11.62,11.62,11.62,7.21,7.21,7.21,7.21,4.69,4.69,4.69,4.69,3.22,3.22,3.22,3.22
fragment_03585,11,28.76,28.76,28.72,30.23,20.89,20.86,20.68,23.99,13.85,13.83,13.16,15.98,9.35,9.35,8.8,9.62,5.79,5.79,5.78,5.83,3.77,3.77,3.77,3.8,2.59,2.59,2.59,2.61
fragment_03586,3,29.98,29.96,29.7,30.86,23.58,23.53,23.2,25.69,16.84,16.81,16.27,18.43,11.01,11.01,10.76,11.1,6.71,6.71,6.7,6.73,4.37,4.37,4.36,4.38,3.0,3.0,3.0,3.01
fragment_03587,8,30.29,29.48,29.48,31.26,25.23,23.66,23.66,27.08,18.28,16.84,16.83,19.97,13.05,12.25,12.25,13.98,9.4,8.95,8.95,9.92,6.84,6.64,6.64,7.07,4.93,4.89,4.89,4.98
fragment_03588,5,31.35,31.35,31.19,31.6,26.34,26.33,26.16,26.53,20.14,20.14,19.53,20.14,13.15,13.15,12.83,13.15,8.02,8.02,8.02,8.02,5.22,5.22,5.22,5.22,3.59,3.59,3.59,3.59
fragment_03589,9,33.42,34.21,31.48,34.21,29.4,31.08,24.82,31.08,23.1,25.01,17.56,25.01,16.41,17.49,13.36,17.49,11.06,11.45,9.84,11.45,7.43,7.47,7.19,7.48,5.13,5.13,5.13,5.14
fragment_03590,2,30.93,30.92,30.92,30.93,23.77,23.77,23.77,23.78,18.75,18.75,18.75,18.75,13.88,13.88,13.88,13.88,10.0,10.0,10.0,10.0,7.45,7.45,7.45,7.45,5.65,5.66,5.65,5.66
fragment_03591,9,30.41,30.22,29.59,32.24,24.13,23.48,22.63,27.39,17.39,16.78,15.79,20.1,11.69,11.48,10.63,12.17,7.35,7.36,7.24,7.37,4.79,4.79,4.79,4.8,3.29,3.29,3.29,3.3
fragment_03592,5,26.26,26.26,26.14,26.27,19.58,19.57,19.55,19.59,13.41,13.42,13.36,13.42,9.36,9.43,9.24,9.43,6.58,6.65,6.45,6.65,4.42,4.42,4.42,4.42,3.04,3.04,3.04,3.04
fragment_03593,6,31.17,31.29,30.85,31.67,25.77,25.69,25.69,26.1,19.11,18.99,18.88,19.43,12.07,12.04,12.04,12.14,7.35,7.34,7.33,7.36,4.78,4.78,4.77,4.79,3.29,3.28,3.28,3.29
fragment_03594,3,30.99,30.97,30.97,31.3,29.17,29.27,27.01,29.27,20.12,20.19,18.64,20.19,11.82,11.83,11.78,11.83,7.17,7.17,7.17,7.17,4.66,4.66,4.66,4.67,3.2,3.2,3.2,3.21
fragment_03595,4,30.85,30.85,30.84,30.87,23.78,23.77,23.77,23.78,16.68,16.68,16.68,16.68,11.55,11.54,11.54,11.55,8.28,8.28,8.28,8.28,6.21,6.21,6.21,6.21,4.47,4.47,4.47,4.47
fragment_03596,11,29.8,29.81,29.73,29.81,22.17,22.17,22.11,22.17,15.3,15.3,15.26,15.3,11.09,11.16,10.79,11.17,8.54,8.68,8.23,8.68,6.91,7.08,6.49,7.08,5.25,5.36,4.98,5.36
fragment_03597,6,28.79,28.56,28.56,30.59,20.43,20.12,20.12,22.83,13.02,12.82,12.82,14.58,9.25,9.11,9.11,10.36,7.05,6.95,6.95,7.79,5.7,5.55,5.55,6.2,4.68,4.5,4.5,5.05
fragment_03598,9,33.35,33.66,31.72,34.16,30.0,30.19,28.61,31.1,24.0,24.16,22.89,24.77,16.82,16.93,16.5,16.96,10.57,10.57,10.56,10.57,6.88,6.88,6.87,6.88,4.72,4.73,4.72,4.73
fragment_03599,20,31.41,31.44,30.17,32.48,25.84,26.15,22.3,27.3,20.18,20.55,15.98,22.79,14.18,14.51,10.65,15.79,9.51,9.67,7.57,9.91,6.4,6.44,5.58,6.46,4.43,4.43,4.24,4.44
fragment_03600,5,30.97,31.11,29.62,31.52,26.11,26.39,22.89,26.39,20.24,20.53,16.54,20.53,15.53,15.78,12.82,15.78,11.18,11.32,9.73,11.32,7.6,7.63,7.27,7.63,5.24,5.24,5.22,5.24
fragment_03601,4,34.54,34.57,33.5,34.57,29.17,29.2,27.78,29.2,23.05,23.06,22.68,23.06,16.6,16.59,16.59,16.96,11.03,11.03,11.03,11.03,7.27,7.27,7.27,7.27,4.99,4.99,4.99,4.99
fragment_03602,4,29.94,29.94,29.93,29.95,22.3,22.3,22.29,22.3,15.44,15.44,15.44,15.44,11.17,11.17,11.17,11.17,8.32,8.32,8.31,8.32,6.66,6.66,6.65,6.66,5.4,5.42,5.38,5.42
fragment_03603,2,29.71,29.71,29.7,29.71,22.12,22.12,22.12,22.12,15.41,15.41,15.41,15.41,11.22,11.22,11.21,11.22,8.53,8.53,8.53,8.53,6.88,6.88,6.88,6.88,5.55,5.55,5.55,5.55
fragment_03604,1,28.56,28.56,28.56,28.56,19.56,19.56,19.56,19.56,13.89,13.89,13.89,13.89,9.95,9.95,9.95,9.95,6.41,6.41,6.41,6.41,4.17,4.17,4.17,4.17,2.87,2.87,2.87,2.87
fragment_03605,1,28.74,28.74,28.74,28.74,20.61,20.61,20.61,20.61,14.78,14.78,14.78,14.78,10.9,10.9,10.9,10.9,8.35,8.35,8.35,8.35,6.39,6.39,6.39,6.39,5.14,5.14,5.14,5.14
fragment_03606,6,30.77,30.77,30.74,30.8,26.22,26.22,26.2,26.23,19.89,19.9,19.88,19.9,13.68,13.68,13.68,13.69,9.49,9.48,9.48,9.5,7.13,7.12,7.12,7.14,5.61,5.56,5.56,5.65
fragment_03607,4,29.93,29.94,29.93,29.94,22.3,22.3,22.29,22.3,15.44,15.44,15.44,15.44,11.17,11.17,11.17,11.17,8.32,8.33,8.31,8.33,6.73,6.76,6.66,6.76,5.44,5.47,5.37,5.47
fragment_03608,2,32.73,32.85,31.9,32.85,27.8,27.92,27.03,27.92,21.41,21.48,20.94,21.48,14.84,14.88,14.6,14.88,9.66,9.67,9.62,9.67,6.31,6.31,6.31,6.31,4.33,4.33,4.33,4.33
fragment_03609,32,29.9,30.84,28.69,31.15,24.22,26.62,20.67,26.77,17.83,20.56,13.33,20.57,13.35,15.3,9.47,15.33,10.12,11.4,7.12,11.58,7.95,8.87,5.76,9.09,6.38,6.94,4.69,7.23
fragment_03610,2,30.5,30.56,29.88,30.56,24.18,24.23,23.55,24.23,18.4,18.43,18.01,18.43,14.0,14.01,13.83,14.01,9.48,9.48,9.48,9.48,6.17,6.17,6.17,6.17,4.24,4.24,4.24,4.24
fragment_03611,8,30.76,30.74,30.74,30.78,26.21,26.2,26.19,26.23,19.89,19.89,19.88,19.9,13.68,13.68,13.67,13.68,9.49,9.48,9.47,9.5,7.13,7.13,7.12,7.14,5.59,5.56,5.56,5.68
fragment_03612,6,31.02,31.07,30.79,32.29,28.89,29.0,27.65,29.12,21.56,21.65,20.28,21.66,15.27,15.25,15.21,16.38,11.45,11.36,11.36,13.11,8.74,8.68,8.68,9.63,6.58,6.57,6.57,6.7
fragment_03613,2,31.87,31.87,31.87,31.87,25.39,25.39,25.38,25.39,18.98,18.98,18.98,18.98,13.38,13.38,13.38,13.38,8.7,8.7,8.7,8.7,5.66,5.66,5.66,5.66,3.89,3.89,3.89,3.89
fragment_03614,4,31.31,31.31,31.3,32.62,24.18,24.19,24.18,24.91,17.32,17.32,17.31,17.55,12.73,12.73,12.6,12.73,8.88,8.88,8.65,8.88,5.86,5.86,5.86,5.92,4.03,4.03,4.03,4.07
fragment_03615,3,31.15,31.14,31.13,32.27,29.02,29.04,27.59,29.04,21.63,21.67,19.3,21.67,15.06,15.07,14.53,15.07,10.66,10.66,10.66,10.84,7.33,7.33,7.33,7.33,5.03,5.03,5.03,5.04
fragment_03616,2,29.84,29.84,29.84,29.84,22.21,22.21,22.2,22.21,15.41,15.41,15.41,15.41,11.33,11.33,11.33,11.33,8.37,8.37,8.37,8.37,6.1,6.1,6.1,6.1,4.22,4.22,4.21,4.22
fragment_03617,2,28.21,28.2,28.2,28.21,20.39,20.39,20.39,20.4,13.65,13.64,13.64,13.65,8.95,8.95,8.95,8.96,5.85,5.85,5.85,5.85,3.81,3.81,3.81,3.81,2.61,2.61,2.61,2.61
fragment_03618,9,24.17,24.07,24.07,27.66,16.47,16.45,15.41,21.88,13.21,13.11,12.69,18.18,11.43,11.37,11.16,14.56,9.16,9.24,8.91,10.59,6.85,6.91,6.68,7.29,4.99,4.99,4.99,5.01
fragment_03619,2,28.74,28.75,28.74,28.75,21.19,21.19,21.19,21.19,14.36,14.36,14.36,14.36,10.24,10.24,10.24,10.24,7.75,7.75,7.75,7.75,5.68,5.68,5.68,5.68,3.97,3.97,3.97,3.97
fragment_03620,2,28.96,28.95,28.95,28.96,21.5,21.5,21.5,21.5,14.84,14.84,14.84,14.84,10.6,10.61,10.6,10.61,7.33,7.33,7.33,7.33,5.06,5.06,5.06,5.06,3.48,3.48,3.48,3.48
fragment_03621,2,29.74,29.74,29.73,29.74,22.14,22.14,22.14,22.14,15.41,15.41,15.41,15.41,11.22,11.22,11.22,11.22,8.59,8.59,8.58,8.59,6.98,6.98,6.98,6.98,5.72,5.72,5.72,5.72
fragment_03622,14,30.83,31.13,28.92,34.96,22.98,23.39,19.56,29.79,16.29,16.51,13.15,22.21,11.6,11.6,10.12,13.27,7.9,7.92,7.39,8.05,5.23,5.23,5.18,5.24,3.59,3.59,3.58,3.6
fragment_03623,6,25.23,25.3,24.76,29.58,16.15,16.15,16.03,21.24,11.5,11.5,11.45,14.98,8.83,8.83,8.79,11.13,6.89,6.89,6.88,8.12,5.35,5.35,5.34,5.98,4.07,4.07,4.07,4.39
fragment_03624,2,29.82,29.86,29.55,29.86,22.43,22.47,22.21,22.47,15.24,15.25,15.18,15.25,11.15,11.16,11.12,11.16,8.37,8.38,8.36,8.38,6.09,6.09,6.08,6.09,4.34,4.34,4.34,4.34
fragment_03625,28,31.04,31.08,29.14,31.49,21.48,21.5,20.27,21.69,14.27,14.19,12.85,14.73,9.74,9.63,8.39,10.09,6.97,6.94,6.09,7.18,5.48,5.43,4.76,5.67,4.46,4.46,3.93,4.55
fragment_03626,7,28.26,28.26,28.26,28.29,20.02,19.92,19.92,20.54,14.31,13.95,13.9,16.6,10.37,9.89,9.89,13.49,7.71,7.34,7.34,9.97,6.06,5.89,5.89,7.0,4.78,4.71,4.71,5.1
fragment_03627,1,28.33,28.33,28.33,28.33,20.11,20.11,20.11,20.11,13.69,13.69,13.69,13.69,10.0,10.0,10.0,10.0,7.52,7.52,7.52,7.52,5.69,5.69,5.69,5.69,4.34,4.34,4.34,4.34
fragment_03628,6,30.04,30.03,29.7,30.18,22.47,22.44,22.14,22.61,15.26,15.38,14.97,15.38,11.08,11.36,10.71,11.36,8.45,8.64,8.23,8.64,5.94,5.96,5.92,5.96,4.1,4.1,4.1,4.1
fragment_03629,8,29.82,29.82,29.81,29.83,22.19,22.18,22.18,22.2,16.57,16.49,16.48,16.69,13.24,13.18,13.17,13.34,10.62,10.58,10.57,10.67,8.12,8.12,8.11,8.12,5.9,5.9,5.9,5.9
fragment_03630,3,28.94,28.67,28.67,31.3,21.12,20.71,20.71,24.75,14.78,14.47,14.47,17.43,11.74,11.58,11.58,13.14,8.89,8.81,8.81,9.57,6.31,6.31,6.31,6.33,4.35,4.35,4.35,4.35
fragment_03631,7,34.49,34.58,31.59,34.79,30.13,30.4,25.01,30.93,21.2,21.46,17.01,22.3,13.17,13.26,11.75,13.47,8.15,8.15,8.07,8.17,5.31,5.31,5.3,5.31,3.65,3.64,3.64,3.65
fragment_03632,6,32.88,34.16,31.43,34.16,27.22,29.33,24.81,29.33,19.56,21.57,17.24,21.57,13.89,14.97,12.61,14.97,9.96,10.57,9.24,10.57,7.29,7.6,6.91,7.6,5.41,5.6,5.18,5.6
fragment_03633,1,30.47,30.47,30.47,30.47,22.8,22.8,22.8,22.8,15.17,15.17,15.17,15.17,9.39,9.39,9.39,9.39,5.7,5.7,5.7,5.7,3.71,3.71,3.71,3.71,2.55,2.55,2.55,2.55
fragment_03634,6,29.34,29.42,29.14,29.42,21.43,21.51,21.23,21.51,14.02,14.06,13.87,14.1,9.33,9.48,8.96,9.54,6.94,7.08,6.61,7.13,5.67,5.82,5.29,5.88,4.89,5.07,4.44,5.12
fragment_03635,11,28.69,28.7,28.6,28.7,21.17,21.13,19.59,22.66,16.47,16.66,13.38,17.49,13.89,14.21,10.86,14.31,10.89,11.09,9.31,11.14,7.69,7.73,7.33,7.75,5.31,5.31,5.31,5.34
fragment_03636,14,30.92,30.61,30.32,32.4,22.22,21.78,21.78,25.26,16.48,16.15,15.88,19.21,12.47,11.91,11.91,15.56,9.48,9.0,9.0,11.58,7.42,7.21,7.21,8.42,5.7,5.63,5.63,5.85
fragment_03637,19,31.01,31.32,28.87,31.32,23.8,24.6,19.25,24.6,16.75,17.57,12.3,17.85,11.7,12.09,8.96,12.38,8.09,8.18,6.89,8.32,5.43,5.44,5.19,5.44,3.73,3.74,3.73,3.74
fragment_03638,11,27.5,26.9,26.76,29.46,22.24,22.4,20.47,24.27,18.29,19.01,16.69,21.29,15.24,15.62,14.15,18.08,12.78,13.19,11.99,14.53,10.05,10.34,9.49,10.64,7.43,7.45,7.23,7.45
fragment_03639,22,30.34,30.83,28.86,31.35,21.83,22.25,19.26,25.04,14.69,14.54,12.5,18.03,10.64,10.41,9.22,12.45,7.79,7.83,6.97,8.3,5.38,5.41,5.24,5.42,3.71,3.72,3.71,3.72
fragment_03640,2,34.7,34.71,34.69,34.71,30.17,30.18,30.16,30.18,23.49,23.49,23.48,23.49,16.51,16.51,16.51,16.51,10.54,10.54,10.54,10.54,6.86,6.86,6.86,6.86,4.71,4.71,4.71,4.71
fragment_03641,2,31.85,31.86,31.84,31.86,25.38,25.39,25.38,25.39,18.93,18.94,18.93,18.94,13.32,13.32,13.31,13.32,9.86,9.86,9.86,9.86,7.81,7.81,7.81,7.81,6.29,6.29,6.29,6.29
fragment_03642,2,28.84,28.84,28.84,28.84,24.28,24.28,24.28,24.28,18.12,18.12,18.12,18.12,13.75,13.75,13.75,13.75,10.25,10.25,10.25,10.25,7.21,7.21,7.21,7.21,4.96,4.96,4.96,4.96
fragment_03643,36,34.05,33.57,32.02,35.86,30.64,29.46,25.34,35.17,24.17,23.04,18.46,29.2,18.62,17.97,14.46,22.34,13.93,13.55,11.32,15.68,10.1,10.11,9.04,10.26,7.04,7.04,6.91,7.05
fragment_03644,10,34.88,35.89,31.92,35.89,29.56,30.95,26.72,30.95,21.0,21.81,19.68,21.81,13.28,13.32,13.06,13.59,8.27,8.27,8.27,8.29,5.39,5.38,5.38,5.39,3.7,3.7,3.7,3.71
fragment_03645,2,30.9,30.86,30.86,30.94,23.74,23.71,23.71,23.78,18.72,18.71,18.71,18.74,13.87,13.87,13.86,13.87,9.97,9.97,9.97,9.97,7.34,7.34,7.34,7.34,5.2,5.2,5.2,5.2
fragment_03646,3,30.67,31.11,30.02,31.11,23.62,24.28,22.63,24.28,15.8,16.29,15.07,16.29,10.13,10.3,9.88,10.3,6.45,6.45,6.44,6.45,4.2,4.2,4.2,4.2,2.88,2.88,2.88,2.89
fragment_03647,11,30.73,30.83,30.23,32.29,24.02,24.25,23.03,26.13,16.78,16.92,15.8,17.93,11.22,11.28,10.93,11.29,6.98,6.98,6.97,7.0,4.54,4.54,4.54,4.56,3.12,3.12,3.12,3.13
fragment_03648,14,33.28,32.79,31.84,34.31,27.37,26.44,25.79,29.25,18.83,17.69,17.51,20.82,11.92,11.67,11.58,12.23,7.39,7.38,7.38,7.41,4.81,4.81,4.8,4.82,3.31,3.3,3.3,3.31
fragment_03649,2,33.78,33.78,32.39,33.78,29.43,29.43,28.15,29.43,22.92,22.92,22.15,22.92,17.24,17.24,16.81,17.24,12.49,12.49,12.31,12.49,8.95,8.95,8.83,8.95,6.66,6.66,6.58,6.66
fragment_03650,4,34.85,34.85,34.26,34.85,31.17,31.17,29.16,31.17,25.41,25.41,22.92,25.42,19.03,19.03,17.17,19.03,12.72,12.72,12.44,12.72,8.37,8.37,8.37,8.37,5.75,5.75,5.75,5.75
fragment_03651,2,28.86,28.87,28.86,28.87,25.38,25.38,25.38,25.38,18.07,18.08,18.07,18.08,12.12,12.12,12.12,12.12,7.78,7.78,7.78,7.78,5.06,5.07,5.06,5.07,3.48,3.48,3.48,3.48
fragment_03652,33,32.81,33.31,30.68,34.41,26.2,26.72,23.71,30.26,17.21,17.33,14.96,21.08,11.55,11.54,10.12,13.53,7.95,8.0,7.15,8.33,5.39,5.41,5.23,5.42,3.72,3.71,3.71,3.72
fragment_03653,4,29.74,29.74,29.73,29.75,22.11,22.11,22.11,22.11,15.64,15.64,15.64,15.64,12.47,12.47,12.47,12.47,10.37,10.37,10.37,10.37,8.31,8.3,8.3,8.31,6.26,6.26,6.26,6.27
fragment_03654,6,28.68,28.69,28.57,28.69,20.6,20.74,19.53,20.74,14.12,14.3,12.83,14.3,10.19,10.27,9.57,10.27,7.74,7.78,7.47,7.78,6.04,6.06,5.87,6.06,4.82,4.83,4.74,4.83
fragment_03655,3,29.84,29.83,29.83,29.92,23.63,23.63,23.63,23.69,16.58,16.58,16.58,16.6,11.76,11.76,11.76,11.77,8.74,8.74,8.74,8.74,6.64,6.64,6.64,6.64,4.97,4.97,4.97,4.97
fragment_03656,3,31.04,31.02,31.02,32.32,28.95,28.97,27.6,28.98,21.62,21.66,19.53,21.66,15.13,15.13,15.06,15.13,10.92,10.9,10.9,11.66,7.83,7.83,7.83,8.05,5.53,5.53,5.53,5.53
fragment_03657,1,34.76,34.76,34.76,34.76,29.26,29.26,29.26,29.26,22.51,22.51,22.51,22.51,14.88,14.88,14.88,14.88,9.91,9.91,9.91,9.91,6.97,6.97,6.97,6.97,4.85,4.85,4.85,4.85
fragment_03658,6,33.9,33.94,31.64,36.44,28.81,28.84,26.94,30.97,23.1,23.13,21.78,24.05,18.16,18.19,17.05,18.19,12.6,12.62,12.18,12.62,8.23,8.23,8.2,8.24,5.65,5.65,5.63,5.66
fragment_03659,2,29.69,29.69,29.69,29.69,22.12,22.12,22.12,22.12,15.41,15.41,15.41,15.41,11.23,11.23,11.23,11.24,8.24,8.24,8.24,8.24,6.47,6.46,6.46,6.48,5.48,5.47,5.47,5.48
fragment_03660,3,31.68,31.51,31.51,32.04,25.53,25.27,25.27,25.96,18.77,18.67,18.67,18.93,12.94,12.96,12.89,12.96,8.15,8.15,8.15,8.15,5.3,5.3,5.3,5.3,3.64,3.64,3.64,3.64
fragment_03661,1,28.58,28.58,28.58,28.58,19.67,19.67,19.67,19.67,14.41,14.41,14.41,14.41,11.37,11.37,11.37,11.37,8.63,8.63,8.63,8.63,6.29,6.29,6.29,6.29,4.37,4.37,4.37,4.37
fragment_03662,3,31.03,31.14,30.82,31.14,24.62,24.54,24.54,24.78,17.05,16.94,16.94,17.31,10.86,10.82,10.82,11.0,6.76,6.76,6.76,6.76,4.4,4.4,4.4,4.4,3.02,3.02,3.02,3.02
fragment_03663,1,29.05,29.05,29.05,29.05,20.72,20.72,20.72,20.72,14.31,14.31,14.31,14.31,9.77,9.77,9.77,9.77,6.69,6.69,6.69,6.69,4.53,4.53,4.53,4.53,3.11,3.11,3.11,3.11
fragment_03664,4,32.65,32.64,32.19,32.66,26.18,26.17,25.62,26.2,19.48,19.47,19.47,19.92,15.02,15.01,15.01,15.3,10.69,10.69,10.69,10.73,7.04,7.04,7.04,7.04,4.84,4.84,4.84,4.84
fragment_03665,2,31.91,31.9,31.9,31.92,24.5,24.5,24.5,24.5,17.05,17.05,17.05,17.05,11.89,11.89,11.89,11.89,8.54,8.54,8.54,8.54,5.95,5.95,5.95,5.95,4.12,4.12,4.12,4.12
fragment_03666,1,33.55,33.55,33.55,33.55,27.36,27.36,27.36,27.36,20.04,20.04,20.04,20.04,15.05,15.05,15.05,15.05,10.85,10.85,10.85,10.85,7.29,7.29,7.29,7.29,5.01,5.01,5.01,5.01
fragment_03667,6,32.96,33.04,29.76,33.56,27.82,28.3,21.27,28.85,22.8,23.42,16.1,23.42,16.53,16.95,12.17,16.95,11.14,11.26,9.39,11.26,7.33,7.34,7.06,7.34,5.04,5.04,5.04,5.04
fragment_03668,3,26.01,25.98,25.23,26.04,18.13,18.1,16.34,18.16,11.72,11.72,10.47,11.74,6.73,6.73,6.7,6.73,4.08,4.08,4.07,4.08,2.66,2.66,2.65,2.66,1.82,1.82,1.82,1.82
fragment_03669,9,28.94,28.94,28.77,28.98,24.49,24.5,24.03,24.69,19.88,19.94,18.54,19.94,15.95,16.06,13.74,16.06,11.85,11.94,9.9,11.94,7.93,7.95,7.24,7.95,5.46,5.46,5.36,5.47
fragment_03671,1,28.41,28.41,28.41,28.41,19.47,19.47,19.47,19.47,11.68,11.68,11.68,11.68,6.78,6.78,6.78,6.78,4.11,4.11,4.11,4.11,2.68,2.68,2.68,2.68,1.84,1.84,1.84,1.84
fragment_03672,5,32.74,32.73,31.51,36.34,27.07,27.05,26.05,33.67,20.2,20.18,19.93,27.38,15.72,15.71,15.59,20.18,11.83,11.83,11.83,13.64,8.61,8.61,8.61,9.17,6.21,6.21,6.21,6.31
fragment_03673,2,28.98,28.97,28.97,29.03,21.7,21.69,21.69,21.79,16.65,16.58,16.58,17.04,11.92,11.82,11.82,12.46,8.27,8.18,8.18,8.78,6.18,6.1,6.1,6.61,4.88,4.82,4.82,5.2
fragment_03674,1,28.03,28.03,28.03,28.03,19.63,19.63,19.63,19.63,13.32,13.32,13.32,13.32,10.14,10.14,10.14,10.14,8.17,8.17,8.17,8.17,5.95,5.95,5.95,5.95,4.13,4.13,4.13,4.13
fragment_03675,2,27.99,27.99,27.99,28.11,22.91,22.91,22.91,23.05,16.2,16.2,16.2,16.2,11.3,11.3,11.3,11.31,8.38,8.38,8.38,8.38,6.08,6.08,6.08,6.08,4.25,4.25,4.25,4.25
fragment_03676,8,32.14,32.14,31.74,36.16,28.33,28.36,27.17,32.26,22.64,22.67,21.41,25.59,16.25,16.27,15.54,17.09,10.61,10.61,10.49,10.61,6.91,6.91,6.9,6.91,4.75,4.75,4.74,4.75
fragment_03677,2,29.23,29.13,29.13,29.45,21.48,21.4,21.4,21.66,14.54,14.48,14.48,14.64,10.83,10.8,10.8,10.91,8.14,8.13,8.13,8.17,5.92,5.91,5.91,5.93,4.19,4.19,4.19,4.19
fragment_03678,2,29.77,29.78,29.77,29.78,22.17,22.17,22.17,22.17,15.55,15.55,15.55,15.55,11.76,11.76,11.76,11.76,8.37,8.37,8.37,8.37,5.7,5.7,5.7,5.7,3.92,3.92,3.92,3.92
fragment_03679,31,30.02,30.88,28.51,31.09,24.48,26.74,20.67,26.8,18.07,20.74,13.22,20.8,13.46,15.55,9.46,15.57,10.29,12.12,7.14,12.12,8.17,9.73,5.76,9.73,6.59,7.81,4.7,7.81
fragment_03680,11,28.8,28.69,28.68,30.55,20.36,20.21,20.2,22.82,13.02,12.93,12.82,14.54,9.33,9.27,9.08,10.38,7.19,7.15,6.95,7.89,5.67,5.63,5.63,6.22,4.52,4.49,4.49,4.97
fragment_03681,4,30.42,30.81,29.68,30.81,24.8,25.13,24.14,25.13,19.22,19.19,19.19,19.28,14.58,14.48,14.47,14.8,10.73,10.7,10.7,10.8,7.12,7.12,7.12,7.12,4.89,4.89,4.89,4.89
fragment_03682,25,34.8,35.19,32.41,36.85,30.37,32.8,27.18,34.12,21.9,24.8,19.78,26.17,14.31,15.77,12.89,15.96,9.38,9.66,8.85,9.67,6.28,6.29,6.21,6.29,4.32,4.32,4.31,4.32
fragment_03683,6,30.08,29.65,28.69,31.11,24.81,23.76,23.73,27.05,18.17,17.29,17.27,20.07,13.59,13.04,13.03,14.79,10.08,9.77,9.75,10.77,7.47,7.38,7.38,7.68,5.31,5.31,5.31,5.31
fragment_03684,7,28.38,28.32,28.32,28.9,23.54,23.55,23.43,25.8,17.59,17.62,17.31,20.08,13.44,13.46,13.06,15.91,10.11,10.12,9.84,11.68,7.52,7.53,7.52,7.86,5.39,5.39,5.38,5.4
fragment_03685,16,30.77,30.31,29.63,33.14,26.93,26.02,23.61,30.87,22.15,20.95,17.57,27.34,17.46,16.25,13.41,22.11,12.7,12.0,10.09,14.81,9.08,8.77,7.7,9.68,6.58,6.53,6.01,6.66
fragment_03686,2,33.84,33.85,31.11,33.85,28.47,28.48,26.14,28.48,22.83,22.84,21.75,22.84,15.93,15.93,15.53,15.93,10.63,10.63,10.58,10.63,6.95,6.95,6.95,6.96,4.77,4.77,4.77,4.78
fragment_03687,9,31.1,31.42,28.89,31.42,23.92,24.36,19.36,24.36,17.18,17.5,12.69,17.5,11.98,12.18,9.38,12.18,7.81,7.86,7.07,7.86,5.11,5.11,5.08,5.11,3.51,3.51,3.51,3.51
fragment_03688,15,35.3,35.77,31.76,35.77,29.95,30.61,25.96,30.61,21.39,21.83,18.42,21.83,13.02,13.12,12.01,13.12,7.95,7.96,7.85,7.96,5.18,5.18,5.16,5.19,3.56,3.56,3.54,3.56
fragment_03689,7,30.78,30.97,30.37,32.73,23.9,24.17,23.07,27.96,16.69,17.0,16.02,19.24,11.08,11.15,10.8,11.17,6.76,6.77,6.75,6.77,4.4,4.41,4.4,4.41,3.02,3.03,3.02,3.03
fragment_03690,4,30.82,30.69,30.69,31.03,23.33,23.21,23.21,23.55,16.01,15.93,15.93,16.21,11.84,11.88,11.69,11.88,9.0,9.13,8.68,9.17,6.69,6.74,6.56,6.77,4.86,4.87,4.83,4.88
fragment_03691,7,30.13,28.84,28.77,33.63,24.54,22.47,21.02,31.06,19.25,16.57,15.66,26.98,15.59,12.76,12.76,22.14,12.67,10.7,10.7,16.29,10.24,9.29,9.29,11.57,8.03,7.81,7.81,8.32
fragment_03692,1,28.12,28.12,28.12,28.12,19.24,19.24,19.24,19.24,12.98,12.98,12.98,12.98,10.5,10.5,10.5,10.5,8.82,8.82,8.82,8.82,7.14,7.14,7.14,7.14,5.85,5.85,5.85,5.85
fragment_03693,2,29.92,29.95,29.7,29.95,22.35,22.38,22.17,22.38,14.91,14.92,14.84,14.92,10.42,10.43,10.37,10.43,7.86,7.87,7.84,7.87,6.1,6.1,6.08,6.1,4.8,4.8,4.8,4.8
fragment_03694,26,36.67,36.8,34.7,40.45,33.58,33.73,30.53,39.9,22.9,23.0,20.22,29.36,15.38,15.42,13.71,18.39,11.06,11.09,9.97,11.57,7.51,7.52,7.23,7.53,5.17,5.17,5.16,5.17
fragment_03695,21,31.74,31.67,29.11,36.59,28.95,29.33,25.94,34.47,23.27,24.06,20.53,27.07,17.04,17.74,15.84,18.28,11.77,12.02,11.31,12.12,7.94,7.96,7.88,7.96,5.47,5.47,5.46,5.47
fragment_03696,7,29.99,30.58,28.95,32.15,21.63,22.81,19.53,25.34,14.83,15.73,13.04,18.15,10.58,10.9,9.83,11.56,6.96,6.99,6.89,7.0,4.55,4.55,4.54,4.56,3.12,3.13,3.12,3.13
fragment_03697,4,30.73,30.73,30.72,30.75,26.18,26.18,26.18,26.19,19.87,19.87,19.87,19.88,13.67,13.67,13.67,13.68,9.49,9.49,9.49,9.49,7.13,7.13,7.13,7.13,5.57,5.57,5.57,5.57
fragment_03698,2,32.89,32.81,32.81,34.13,28.45,28.34,28.34,30.31,19.9,19.85,19.85,20.74,11.61,11.61,11.61,11.61,7.03,7.03,7.03,7.03,4.58,4.58,4.58,4.58,3.14,3.14,3.14,3.14
fragment_03699,13,30.34,30.65,28.88,31.59,22.1,22.02,20.28,23.19,15.85,15.72,12.87,17.63,11.5,11.5,9.14,13.55,8.75,8.72,7.28,10.43,6.84,6.83,5.96,7.47,5.09,5.09,4.81,5.14
fragment_03700,17,30.61,30.6,29.64,33.47,24.99,25.09,22.89,29.8,19.51,19.85,16.77,22.7,14.74,15.07,12.67,15.51,9.85,9.94,9.03,9.99,6.5,6.5,6.43,6.51,4.47,4.47,4.46,4.47
fragment_03701,2,29.79,29.79,29.78,29.79,22.16,22.17,22.16,22.17,15.47,15.47,15.47,15.47,11.47,11.47,11.47,11.47,8.46,8.46,8.46,8.46,6.29,6.29,6.29,6.29,4.74,4.74,4.74,4.74
fragment_03702,50,29.7,29.62,29.05,30.65,24.0,23.72,23.61,26.6,17.29,17.38,16.78,19.15,12.68,13.64,11.67,13.64,9.36,10.32,8.39,10.32,7.22,7.86,6.52,7.86,5.64,5.94,5.2,6.04
fragment_03703,10,27.48,26.64,26.64,31.66,22.0,21.54,20.58,25.5,17.82,17.64,16.54,20.15,14.09,13.89,13.01,15.6,10.88,10.75,10.36,11.95,8.15,8.07,7.9,8.54,5.99,5.97,5.89,6.07
fragment_03704,6,29.66,29.66,29.64,29.66,22.06,22.06,22.06,22.06,15.99,15.98,15.97,16.02,13.1,13.09,13.09,13.11,10.81,10.82,10.8,10.82,7.84,7.84,7.84,7.84,5.41,5.41,5.41,5.41
fragment_03705,4,33.36,33.36,32.4,33.82,28.32,28.32,27.43,28.57,21.89,21.9,20.95,21.97,16.35,16.35,15.73,16.35,10.47,10.47,10.41,10.47,6.81,6.81,6.81,6.82,4.68,4.68,4.68,4.68
fragment_03706,5,32.07,31.54,31.54,33.23,25.97,24.77,24.77,28.59,17.97,16.59,16.59,20.9,12.38,11.68,11.68,13.86,8.65,8.37,8.37,9.21,6.01,5.99,5.99,6.04,4.15,4.15,4.15,4.15
fragment_03707,16,28.89,28.67,28.56,30.47,20.52,20.18,20.12,22.77,13.09,12.61,12.61,15.63,9.62,9.04,9.04,12.35,7.63,7.22,7.22,10.03,6.15,5.86,5.86,7.58,4.96,4.8,4.8,5.28
fragment_03708,6,28.68,28.7,28.53,28.73,19.68,19.71,19.49,19.71,12.59,12.65,12.02,12.65,8.66,8.69,8.29,8.69,6.93,6.98,6.43,6.98,5.79,5.83,5.4,5.83,4.76,4.78,4.63,4.78
fragment_03709,14,29.85,29.86,29.81,29.86,22.21,22.22,22.19,22.22,15.34,15.34,15.32,15.65,11.23,11.28,10.78,11.95,9.03,9.12,8.19,9.53,7.72,7.84,6.6,7.89,5.92,6.01,5.16,6.01
fragment_03710,8,32.75,32.8,32.3,32.8,26.22,26.26,25.71,26.26,19.56,19.57,19.52,20.07,15.28,15.23,15.16,15.73,11.23,11.18,11.1,11.52,7.72,7.72,7.71,7.73,5.31,5.31,5.31,5.31
fragment_03711,2,29.82,29.83,29.8,29.83,22.2,22.21,22.2,22.21,15.41,15.42,15.41,15.42,11.2,11.2,11.19,11.2,8.21,8.21,8.2,8.21,6.19,6.19,6.19,6.19,4.57,4.57,4.57,4.57
fragment_03712,2,28.61,28.61,28.61,28.61,20.49,20.49,20.49,20.5,14.22,14.22,14.22,14.22,9.39,9.33,9.33,9.49,6.75,6.71,6.71,6.82,4.76,4.76,4.76,4.76,3.28,3.28,3.27,3.28
fragment_03713,14,27.34,26.79,26.67,29.8,22.16,22.48,20.54,24.69,18.3,19.14,16.58,20.3,15.2,15.71,13.97,17.2,12.69,13.05,11.85,13.92,9.83,10.06,9.3,10.2,7.13,7.14,6.99,7.14
fragment_03714,10,33.4,33.25,32.12,35.04,28.05,27.77,25.93,30.91,19.53,19.3,17.31,21.62,12.27,12.19,11.44,12.78,7.72,7.72,7.64,7.75,5.03,5.02,5.02,5.04,3.45,3.45,3.45,3.46
fragment_03715,7,34.51,34.85,33.32,34.85,30.44,31.05,28.69,31.05,22.71,23.55,20.38,23.55,15.62,16.24,13.87,16.24,10.86,11.11,10.11,11.11,7.42,7.46,7.27,7.46,5.13,5.13,5.12,5.13
fragment_03716,2,32.42,32.41,32.41,32.42,26.46,26.45,26.45,26.46,20.43,20.43,20.43,20.43,14.69,14.68,14.68,14.69,9.4,9.4,9.4,9.4,6.12,6.12,6.12,6.12,4.2,4.2,4.2,4.2
fragment_03717,1,28.04,28.04,28.04,28.04,19.18,19.18,19.18,19.18,12.7,12.7,12.7,12.7,8.71,8.71,8.71,8.71,5.98,5.98,5.98,5.98,3.95,3.95,3.95,3.95,2.71,2.71,2.71,2.71
fragment_03718,1,28.43,28.43,28.43,28.43,20.12,20.12,20.12,20.12,13.79,13.79,13.79,13.79,9.98,9.98,9.98,9.98,7.61,7.61,7.61,7.61,5.94,5.94,5.94,5.94,4.81,4.81,4.81,4.81
fragment_03719,2,29.29,29.16,29.16,29.59,21.55,21.43,21.43,21.81,14.58,14.5,14.5,14.75,10.86,10.81,10.81,10.99,8.17,8.14,8.14,8.22,6.08,6.07,6.07,6.12,4.57,4.56,4.56,4.58
fragment_03720,16,28.49,28.5,28.33,28.6,20.16,20.03,19.66,21.87,13.88,13.74,13.52,15.69,10.25,10.07,9.79,11.74,8.1,7.97,7.67,8.97,6.42,6.37,6.19,6.75,4.87,4.84,4.77,4.99
fragment_03721,7,29.06,28.95,28.95,31.22,19.89,19.51,19.51,26.04,14.13,13.22,13.22,19.86,11.86,10.75,10.75,14.96,9.6,8.54,8.54,11.14,7.38,6.69,6.69,8.13,5.61,5.29,5.29,5.95
fragment_03722,14,30.02,29.68,29.04,31.19,24.72,23.86,23.77,27.67,18.33,17.66,17.43,21.6,13.59,13.28,13.0,15.9,10.32,10.13,9.93,11.53,7.82,7.74,7.61,8.26,5.73,5.71,5.69,5.75
fragment_03723,4,28.73,28.74,28.72,28.75,20.72,20.87,20.65,20.87,15.49,15.85,14.91,15.85,11.6,11.97,11.4,11.97,8.78,9.33,8.49,9.33,6.99,7.57,6.69,7.57,5.5,5.96,5.26,5.96
fragment_03724,4,30.03,30.01,30.01,30.08,25.18,25.18,25.18,25.19,19.18,19.18,19.18,19.18,15.69,15.67,15.67,15.72,13.48,13.45,13.45,13.52,11.36,11.32,11.32,11.4,9.09,9.06,9.06,9.11
fragment_03725,8,29.93,28.92,28.67,32.69,22.1,20.43,20.2,27.2,15.12,13.58,13.39,20.0,11.31,10.27,10.2,14.02,8.6,8.27,8.23,9.49,6.14,6.13,6.1,6.17,4.22,4.22,4.22,4.24
fragment_03726,4,32.0,32.02,31.64,32.02,26.83,26.84,26.37,26.84,20.14,20.15,19.65,20.15,14.49,14.49,14.07,14.5,9.43,9.43,9.42,9.43,6.14,6.14,6.14,6.16,4.22,4.22,4.22,4.23
fragment_03727,2,30.02,30.02,30.01,30.02,22.88,22.88,22.88,22.88,17.09,17.09,17.09,17.09,12.58,12.58,12.58,12.58,9.27,9.27,9.27,9.27,7.07,7.07,7.07,7.07,5.15,5.15,5.15,5.15
fragment_03728,2,29.79,29.8,29.78,29.8,22.18,22.19,22.18,22.19,15.43,15.44,15.43,15.44,11.22,11.22,11.22,11.22,8.42,8.42,8.42,8.42,6.55,6.55,6.54,6.55,4.93,4.93,4.93,4.93
fragment_03729,5,34.47,34.63,32.15,34.69,28.78,28.79,26.87,30.45,19.57,19.45,19.06,21.24,12.01,11.99,11.99,12.13,7.35,7.35,7.34,7.35,4.78,4.78,4.78,4.78,3.28,3.28,3.28,3.29
fragment_03730,4,25.39,25.38,25.37,26.81,17.65,17.65,17.64,18.53,13.09,13.09,13.08,13.7,10.56,10.56,10.55,10.97,7.88,7.88,7.88,8.0,5.4,5.4,5.4,5.41,3.71,3.71,3.71,3.72
fragment_03731,4,33.93,34.42,33.13,34.43,28.16,28.51,27.57,28.52,22.41,22.45,22.32,22.46,16.54,16.35,16.35,16.83,10.75,10.75,10.75,10.76,7.0,7.0,7.0,7.0,4.81,4.81,4.81,4.81
fragment_03732,2,30.74,30.73,30.73,30.75,23.63,23.63,23.63,23.64,16.71,16.72,16.71,16.72,11.88,11.88,11.88,11.88,9.07,9.07,9.07,9.07,7.28,7.28,7.28,7.28,5.68,5.68,5.68,5.68
fragment_03733,4,28.12,28.11,28.07,28.19,23.08,23.03,23.02,23.22,16.91,16.8,16.73,17.29,11.66,11.56,11.56,11.99,7.46,7.45,7.45,7.49,4.87,4.87,4.87,4.87,3.34,3.34,3.34,3.35
fragment_03734,9,30.53,30.4,29.23,33.03,26.07,25.94,25.18,30.17,20.43,20.38,19.86,23.3,14.48,14.48,14.33,14.9,9.03,9.04,9.03,9.04,5.88,5.88,5.88,5.89,4.04,4.04,4.04,4.04
fragment_03735,4,32.05,32.04,31.98,32.45,25.97,26.04,25.57,26.04,15.98,16.05,15.38,16.05,8.99,8.99,8.99,9.0,5.45,5.45,5.45,5.45,3.54,3.54,3.54,3.55,2.44,2.43,2.43,2.44
fragment_03736,6,33.04,32.26,31.95,34.82,27.79,26.88,26.58,30.34,20.74,20.06,19.89,22.67,13.44,13.42,13.4,13.5,8.17,8.17,8.16,8.18,5.32,5.31,5.31,5.32,3.65,3.65,3.65,3.66
fragment_03737,17,30.85,31.94,29.38,33.22,26.67,29.09,23.5,31.95,21.8,23.83,17.66,27.97,16.99,18.25,13.7,22.21,12.47,13.18,10.6,15.18,9.11,9.48,8.38,9.89,6.67,6.79,6.47,6.8
fragment_03738,4,33.25,33.26,33.05,34.12,27.44,27.38,27.38,30.6,20.67,20.61,20.54,24.14,14.95,14.98,14.59,15.88,9.68,9.68,9.67,9.7,6.3,6.3,6.3,6.31,4.33,4.33,4.33,4.34
fragment_03739,1,29.4,29.4,29.4,29.4,21.78,21.78,21.78,21.78,15.93,15.93,15.93,15.93,12.13,12.13,12.13,12.13,8.98,8.98,8.98,8.98,6.72,6.72,6.72,6.72,4.77,4.77,4.77,4.77
fragment_03740,6,32.5,34.12,29.95,34.12,31.24,33.86,26.84,33.86,24.26,26.67,19.34,26.84,17.33,18.59,13.69,19.32,12.04,12.49,10.11,12.88,8.34,8.44,7.48,8.44,5.79,5.8,5.62,5.8
fragment_03741,3,28.43,28.42,28.42,28.58,24.06,24.06,24.06,24.18,18.3,18.29,18.29,18.32,13.87,13.86,13.86,13.88,12.14,12.14,12.14,12.15,10.92,10.91,10.9,10.92,9.06,9.06,9.05,9.06
fragment_03742,2,31.65,31.65,31.65,31.65,23.42,23.42,23.42,23.42,16.58,16.58,16.58,16.58,11.72,11.72,11.72,11.72,8.74,8.74,8.74,8.74,6.51,6.51,6.51,6.51,4.66,4.66,4.66,4.66
fragment_03743,9,28.89,28.81,28.77,33.06,21.5,21.26,21.25,28.48,16.0,15.77,15.6,20.45,13.34,13.01,12.65,17.89,11.04,10.83,9.85,14.25,8.69,8.69,7.66,9.65,6.54,6.58,6.04,6.63
fragment_03744,1,30.11,30.11,30.11,30.11,24.97,24.97,24.97,24.97,19.37,19.37,19.37,19.37,15.06,15.06,15.06,15.06,11.47,11.47,11.47,11.47,8.18,8.18,8.18,8.18,5.63,5.63,5.63,5.63
fragment_03745,2,29.76,29.76,29.75,29.76,22.16,22.16,22.15,22.16,15.85,15.85,15.84,15.85,12.31,12.31,12.31,12.31,9.06,9.06,9.06,9.06,6.16,6.17,6.16,6.17,4.24,4.24,4.24,4.24
fragment_03746,4,30.6,30.54,30.54,30.73,23.18,23.09,23.08,23.4,15.87,15.78,15.78,16.05,11.48,11.52,11.39,11.52,8.24,8.25,8.23,8.25,5.72,5.71,5.71,5.72,3.95,3.95,3.95,3.95
fragment_03747,7,24.1,24.09,24.07,24.15,15.31,15.32,15.29,15.33,11.76,11.78,11.74,11.78,9.23,9.23,9.23,9.23,7.14,7.16,7.12,7.16,5.64,5.67,5.59,5.67,4.32,4.33,4.3,4.33
fragment_03748,10,28.85,28.69,28.63,30.52,20.45,20.2,20.16,22.79,12.98,12.62,12.6,14.77,9.47,9.05,9.03,11.01,7.46,7.2,7.19,8.27,5.57,5.54,5.54,5.66,3.89,3.89,3.88,3.89
fragment_03749,1,28.69,28.69,28.69,28.69,20.66,20.66,20.66,20.66,14.51,14.51,14.51,14.51,9.77,9.77,9.77,9.77,6.74,6.74,6.74,6.74,4.58,4.58,4.58,4.58,3.15,3.15,3.15,3.15
fragment_03750,8,29.2,29.53,28.71,32.0,22.71,23.92,20.98,28.05,16.63,17.92,14.76,21.47,12.96,13.59,12.03,16.29,10.19,10.36,9.92,11.84,7.88,7.99,7.71,8.54,5.84,5.86,5.81,5.91
fragment_03751,21,31.29,31.1,28.95,33.4,23.1,23.28,19.5,27.07,15.81,15.95,12.95,20.31,11.14,11.16,9.58,13.26,7.76,7.77,6.94,8.1,5.25,5.26,5.09,5.27,3.62,3.61,3.61,3.62
fragment_03752,1,33.1,33.1,33.1,33.1,27.8,27.8,27.8,27.8,20.6,20.6,20.6,20.6,14.25,14.25,14.25,14.25,10.25,10.25,10.25,10.25,7.57,7.57,7.57,7.57,5.74,5.74,5.74,5.74
fragment_03753,3,27.2,27.2,27.2,27.23,21.82,21.82,21.82,21.91,16.35,16.35,16.35,16.39,12.02,12.02,12.02,12.06,8.58,8.58,8.58,8.59,6.14,6.14,6.14,6.16,4.48,4.49,4.48,4.49
fragment_03754,1,28.3,28.3,28.3,28.3,19.07,19.07,19.07,19.07,12.75,12.75,12.75,12.75,9.38,9.38,9.38,9.38,7.38,7.38,7.38,7.38,5.81,5.81,5.81,5.81,4.68,4.68,4.68,4.68
fragment_03755,7,26.74,26.57,26.28,28.92,20.2,19.9,19.81,23.34,15.7,15.32,15.2,19.0,12.15,11.86,11.86,14.5,9.38,9.3,9.3,10.14,6.61,6.61,6.61,6.62,4.54,4.54,4.54,4.55
fragment_03756,4,29.77,29.77,29.76,29.77,22.17,22.17,22.16,22.17,15.85,15.85,15.84,15.85,12.73,12.73,12.72,12.74,9.88,9.89,9.88,9.89,7.09,7.09,7.09,7.09,4.9,4.9,4.9,4.9
fragment_03757,2,29.73,29.74,29.72,29.74,28.54,28.54,28.54,28.55,22.03,22.03,22.03,22.04,16.05,16.04,16.04,16.05,11.28,11.28,11.28,11.28,7.73,7.73,7.73,7.73,5.38,5.38,5.38,5.38
fragment_03758,4,34.38,34.45,32.68,34.45,28.29,28.34,27.16,28.34,22.16,22.17,22.01,22.17,15.92,15.91,15.9,16.41,10.27,10.27,10.27,10.28,6.69,6.69,6.69,6.69,4.6,4.6,4.59,4.6
fragment_03759,4,31.13,30.94,30.1,31.47,25.5,25.12,23.67,27.26,18.84,18.32,17.09,21.26,14.27,13.89,12.68,15.82,10.7,10.49,9.75,11.53,7.71,7.7,7.41,7.78,5.34,5.34,5.33,5.35
fragment_03760,10,31.7,31.51,29.56,33.78,22.96,22.47,21.78,28.22,16.14,15.59,15.59,21.02,11.77,11.47,11.47,13.32,8.01,7.98,7.97,8.1,5.26,5.26,5.25,5.27,3.61,3.61,3.61,3.62
fragment_03761,2,28.06,28.06,28.01,28.06,18.96,18.96,18.94,18.96,12.92,12.91,12.91,13.07,9.22,9.21,9.21,9.44,7.08,7.08,7.05,7.08,5.73,5.74,5.58,5.74,4.45,4.45,4.41,4.45
fragment_03762,2,31.07,31.06,31.06,31.09,25.27,25.27,25.27,25.27,20.01,20.01,20.01,20.01,13.75,13.75,13.75,13.75,8.81,8.81,8.81,8.81,5.73,5.74,5.73,5.74,3.94,3.94,3.94,3.94
fragment_03763,2,30.9,30.91,30.9,30.91,26.31,26.31,26.31,26.31,20.0,20.0,20.0,20.0,14.12,14.12,14.12,14.12,9.87,9.87,9.87,9.87,7.31,7.31,7.31,7.31,5.69,5.69,5.69,5.69
fragment_03764,22,31.39,31.08,29.96,32.83,23.07,22.24,21.37,26.91,16.25,15.09,15.09,20.38,11.69,10.88,10.74,14.11,8.51,8.21,7.89,9.27,5.99,5.98,5.86,6.04,4.14,4.14,4.14,4.15
fragment_03765,40,30.64,32.13,26.09,32.93,24.77,27.32,20.05,28.06,20.17,22.9,15.82,22.9,16.06,17.88,11.9,17.88,11.46,12.14,9.35,12.14,7.89,7.94,7.23,7.94,5.45,5.45,5.4,5.45
fragment_03766,3,26.72,26.72,26.71,26.76,21.32,21.32,21.31,21.45,15.94,15.94,15.93,16.02,12.04,12.05,12.04,12.14,9.27,9.27,9.26,9.32,6.66,6.66,6.66,6.68,4.69,4.69,4.69,4.69
fragment_03767,25,31.11,31.11,29.31,31.51,21.52,21.54,20.23,21.73,14.27,14.21,12.85,14.8,9.74,9.66,8.39,10.13,7.13,7.06,6.11,7.55,5.81,5.72,4.82,6.19,4.88,4.83,4.09,5.09
fragment_03768,2,29.28,29.27,29.27,29.29,22.23,22.22,22.22,22.24,17.35,17.35,17.35,17.35,13.29,13.28,13.28,13.29,8.98,8.98,8.98,8.98,5.87,5.87,5.87,5.87,4.03,4.03,4.03,4.03
fragment_03769,3,35.41,35.37,35.37,35.56,29.73,29.77,29.39,29.78,23.31,23.35,23.05,23.35,17.84,17.86,17.72,17.86,12.03,12.03,12.01,12.03,7.94,7.94,7.94,7.94,5.45,5.45,5.45,5.45
fragment_03770,4,28.81,28.84,28.76,28.84,24.26,24.28,24.23,24.28,18.28,18.3,18.26,18.3,14.38,14.37,14.36,14.41,11.26,11.24,11.24,11.3,8.33,8.32,8.32,8.34,5.93,5.93,5.93,5.93
fragment_03771,27,29.83,29.68,28.94,30.65,24.29,23.78,23.67,26.62,17.35,16.86,16.85,19.1,12.51,11.97,11.82,13.85,10.01,9.47,9.2,11.32,8.45,7.98,7.47,9.5,6.67,6.32,6.0,7.17
fragment_03772,8,29.54,29.51,29.51,29.56,24.41,24.4,24.4,24.43,17.64,17.63,17.63,17.65,12.25,12.24,12.24,12.25,8.62,8.62,8.62,8.63,6.57,6.56,6.56,6.57,5.19,5.18,5.18,5.22
fragment_03773,29,31.21,31.11,29.13,31.6,21.48,21.54,20.2,21.74,14.17,14.22,13.02,14.84,9.94,10.08,8.98,10.5,7.76,7.83,6.94,8.19,6.57,6.57,5.93,6.9,5.48,5.45,5.07,5.64
fragment_03774,12,33.68,33.96,29.65,36.86,30.11,30.24,27.17,34.8,24.37,24.46,22.47,28.56,18.96,19.05,17.72,21.37,14.14,14.15,13.82,15.68,10.38,10.34,10.32,11.35,7.83,7.8,7.79,8.29
fragment_03775,6,31.56,31.58,31.52,31.58,26.47,26.54,26.4,26.54,20.06,20.03,19.94,20.19,14.81,14.85,14.76,14.86,10.73,10.8,10.61,10.8,7.98,8.0,7.94,8.0,5.65,5.65,5.64,5.65
fragment_03776,17,29.37,28.83,28.7,33.31,23.23,21.26,20.76,30.95,16.88,15.24,13.78,25.91,12.83,12.55,10.67,19.36,9.91,10.39,8.43,12.52,7.47,7.87,6.65,8.15,5.49,5.58,5.27,5.6
fragment_03777,2,28.74,28.73,28.73,28.74,20.68,20.68,20.68,20.68,15.22,15.23,15.22,15.23,12.42,12.43,12.42,12.43,10.91,10.92,10.91,10.92,8.95,8.96,8.95,8.96,6.84,6.84,6.83,6.84
fragment_03778,5,30.48,30.49,30.12,30.56,23.05,23.08,22.22,23.66,15.43,15.44,14.63,16.32,10.69,10.69,10.03,11.38,8.09,8.08,7.66,8.6,6.22,6.23,5.98,6.48,4.79,4.78,4.65,4.99
fragment_03779,5,36.14,37.59,33.05,38.17,33.8,36.18,28.92,36.66,30.84,33.81,25.21,34.05,25.11,27.61,20.77,27.61,17.8,19.12,15.41,19.12,12.7,13.21,11.62,13.21,9.13,9.23,8.71,9.23
fragment_03780,24,26.74,26.9,25.13,27.03,19.4,19.52,16.42,19.78,13.77,13.84,11.56,14.6,10.4,10.65,9.58,10.88,8.3,8.44,7.8,8.98,6.76,6.87,6.39,7.34,5.47,5.55,5.21,5.83
fragment_03781,3,29.63,29.61,29.61,31.78,27.77,27.77,27.4,27.77,20.84,20.85,18.72,20.85,15.61,15.62,13.66,15.62,12.12,12.13,10.17,12.13,8.91,8.92,7.8,8.92,6.18,6.18,6.02,6.18
fragment_03782,14,29.95,30.49,28.81,30.49,21.6,22.16,20.18,22.16,15.47,16.23,12.83,16.23,11.08,11.67,8.77,11.67,8.13,8.45,6.73,8.45,6.43,6.66,5.48,6.66,5.13,5.26,4.55,5.26
fragment_03783,2,30.54,30.54,30.53,30.54,23.59,23.59,23.59,23.59,16.7,16.7,16.7,16.7,11.63,11.64,11.63,11.64,8.23,8.23,8.23,8.23,5.72,5.72,5.72,5.72,3.95,3.95,3.95,3.95
fragment_03784,7,39.57,39.59,38.44,39.59,38.98,39.01,36.68,39.01,28.95,28.97,26.92,29.06,16.85,16.85,16.78,16.88,10.21,10.21,10.21,10.22,6.64,6.64,6.64,6.65,4.56,4.56,4.56,4.57
fragment_03785,2,28.99,28.99,28.99,29.0,24.01,24.0,24.0,24.01,17.07,17.07,17.07,17.07,12.22,12.22,12.22,12.22,9.05,9.05,9.05,9.05,7.05,7.05,7.05,7.05,5.57,5.57,5.57,5.57
fragment_03786,2,30.48,30.48,30.26,30.48,22.46,22.37,22.37,24.64,15.77,15.68,15.68,18.05,12.11,12.05,12.05,13.7,9.15,9.11,9.11,10.08,6.96,6.94,6.94,7.41,5.25,5.25,5.25,5.37
fragment_03787,8,30.77,30.73,29.24,31.92,23.1,23.33,20.55,25.08,16.25,16.6,14.25,17.57,10.54,10.68,10.19,10.69,6.54,6.54,6.54,6.54,4.26,4.26,4.26,4.26,2.93,2.93,2.92,2.93
fragment_03788,13,31.01,30.87,30.39,35.77,24.21,23.99,23.72,29.37,15.61,15.43,14.91,18.85,10.24,10.21,9.78,10.57,6.35,6.35,6.34,6.41,4.13,4.13,4.13,4.17,2.84,2.84,2.84,2.87
fragment_03789,2,29.07,29.07,29.06,29.07,22.77,22.78,22.77,22.78,16.76,16.76,16.75,16.76,12.06,12.06,12.06,12.06,8.93,8.93,8.93,8.93,6.15,6.15,6.15,6.15,4.22,4.22,4.22,4.22
fragment_03790,10,28.92,28.79,28.76,30.67,21.36,21.02,21.02,25.16,14.5,14.18,14.18,18.0,10.48,10.3,10.3,11.95,7.24,7.21,7.21,7.36,4.77,4.77,4.77,4.79,3.28,3.28,3.28,3.29
fragment_03791,5,36.68,36.31,34.81,37.33,33.14,32.26,30.66,34.89,22.27,21.73,21.27,23.5,13.31,13.3,13.27,13.34,8.08,8.08,8.07,8.08,5.26,5.26,5.25,5.26,3.61,3.61,3.61,3.61
fragment_03792,14,31.86,32.44,30.69,32.62,29.17,30.58,26.2,31.9,25.41,27.45,21.48,29.83,20.19,22.11,16.46,23.49,15.42,16.57,13.14,16.67,11.23,11.66,10.33,11.67,8.1,8.18,7.92,8.18
fragment_03793,8,33.66,33.23,33.19,34.69,28.99,28.28,28.28,30.88,19.21,18.62,18.62,20.54,11.53,11.53,11.53,11.55,6.99,6.99,6.99,7.0,4.55,4.55,4.55,4.56,3.13,3.12,3.12,3.13
fragment_03794,16,33.71,33.73,32.34,35.66,27.81,26.95,26.06,31.37,19.26,18.02,18.02,22.26,12.66,11.88,11.88,13.35,8.05,7.97,7.97,8.1,5.26,5.26,5.26,5.27,3.62,3.61,3.61,3.62
fragment_03795,4,32.01,31.94,31.94,32.59,26.98,27.45,24.7,28.21,20.3,20.96,17.27,21.79,14.36,14.79,12.38,15.27,10.11,10.35,9.08,10.51,6.96,7.0,6.75,7.0,4.81,4.81,4.81,4.81
fragment_03796,14,33.93,34.87,32.08,34.99,28.75,29.86,26.4,30.34,19.87,20.78,18.06,21.48,12.36,12.54,11.91,12.58,7.61,7.62,7.59,7.62,4.95,4.96,4.94,4.96,3.4,3.41,3.4,3.41
fragment_03797,8,31.4,31.39,31.36,31.43,25.65,25.63,25.63,25.67,18.18,18.18,18.18,18.2,12.7,12.69,12.68,12.83,9.44,9.42,9.4,9.76,7.38,7.37,7.35,7.63,5.88,5.86,5.85,6.16
fragment_03798,3,29.64,29.64,29.64,29.66,22.39,22.39,22.38,22.46,16.27,16.27,16.27,16.32,12.09,12.09,12.09,12.15,8.99,8.99,8.99,9.02,6.15,6.15,6.15,6.15,4.23,4.23,4.23,4.23
fragment_03799,7,33.75,33.48,32.04,34.19,28.89,28.81,26.05,29.32,21.56,21.4,18.52,22.09,13.39,13.39,12.75,13.44,8.14,8.14,8.14,8.15,5.3,5.3,5.3,5.31,3.64,3.64,3.64,3.65
fragment_03800,14,36.62,36.84,33.92,38.8,32.49,32.26,28.93,37.01,26.07,25.73,23.07,30.56,19.69,19.56,17.79,20.7,12.76,12.78,12.2,12.8,8.32,8.32,8.3,8.33,5.71,5.71,5.71,5.72
fragment_03801,11,31.05,30.62,29.81,35.81,26.82,26.33,25.83,34.45,21.12,20.54,20.51,28.3,16.29,15.99,15.98,19.43,11.59,11.57,11.52,11.9,7.73,7.73,7.73,7.74,5.31,5.31,5.31,5.32
fragment_03802,2,31.87,31.87,31.87,31.88,25.4,25.4,25.4,25.41,18.95,18.95,18.95,18.95,13.32,13.32,13.32,13.32,9.74,9.74,9.74,9.74,7.72,7.72,7.72,7.72,6.12,6.12,6.12,6.12
fragment_03803,3,29.75,29.75,29.35,29.75,22.16,22.15,21.91,22.16,15.44,15.44,15.32,15.44,11.27,11.27,11.21,11.27,8.34,8.34,8.3,8.34,6.3,6.3,6.28,6.3,4.5,4.49,4.49,4.5
fragment_03804,5,31.04,31.57,29.27,32.82,25.41,25.62,23.58,28.32,19.35,19.03,17.71,21.56,15.28,14.94,13.51,16.37,11.94,11.78,10.87,12.58,8.57,8.59,8.31,8.65,5.93,5.93,5.93,5.94
fragment_03805,11,31.7,30.99,30.51,33.08,25.06,22.88,22.59,27.32,16.28,14.56,14.45,18.07,10.02,9.74,9.69,10.26,6.2,6.19,6.18,6.22,4.03,4.03,4.02,4.05,2.77,2.77,2.76,2.78
fragment_03806,5,26.28,26.11,25.51,26.87,18.65,18.39,18.26,19.37,13.34,13.2,13.18,13.66,9.45,9.42,9.36,9.53,6.08,6.08,6.08,6.08,3.96,3.96,3.96,3.96,2.72,2.72,2.72,2.72
fragment_03807,1,31.78,31.78,31.78,31.78,25.56,25.56,25.56,25.56,18.21,18.21,18.21,18.21,12.78,12.78,12.78,12.78,9.34,9.34,9.34,9.34,6.63,6.63,6.63,6.63,4.59,4.59,4.59,4.59
fragment_03808,10,30.43,31.4,29.73,31.44,21.99,21.89,21.89,22.19,15.69,15.39,15.39,16.22,11.4,12.03,10.94,12.03,8.45,8.85,8.18,8.85,6.5,6.75,6.32,6.75,5.02,5.11,4.95,5.11
fragment_03809,9,29.75,28.88,28.85,30.57,21.24,19.37,19.27,22.25,13.69,12.31,12.01,14.57,8.35,8.26,7.99,8.42,5.1,5.1,5.1,5.11,3.32,3.32,3.32,3.32,2.28,2.28,2.28,2.28
fragment_03810,30,30.62,30.38,28.93,31.41,22.56,22.13,20.23,25.08,15.75,15.35,13.26,19.3,11.28,10.91,9.21,13.54,8.24,8.08,6.84,9.04,5.86,5.85,5.37,5.97,4.09,4.09,4.07,4.1
fragment_03811,4,24.05,24.06,24.05,24.09,15.2,15.19,15.19,15.27,11.47,11.47,11.46,11.64,9.74,9.75,9.41,9.75,7.8,7.8,7.77,7.81,5.84,5.85,5.84,5.86,4.09,4.09,4.09,4.09
fragment_03812,5,30.66,30.8,29.97,30.8,23.85,24.36,22.71,24.81,16.78,17.32,15.79,18.15,11.98,12.41,11.2,13.0,8.86,9.09,8.45,9.4,6.6,6.75,6.33,6.95,5.04,5.13,4.88,5.22
fragment_03813,10,30.77,28.92,28.78,33.63,25.82,22.76,21.08,31.32,20.58,16.74,15.66,26.98,16.75,12.73,12.73,22.13,13.56,10.78,10.57,16.43,10.7,9.39,9.04,11.81,8.12,7.86,7.55,8.32
fragment_03814,2,30.49,30.5,30.23,30.5,22.44,22.38,22.38,24.57,15.74,15.67,15.67,17.98,12.09,12.04,12.04,13.66,9.12,9.1,9.1,9.93,6.78,6.77,6.77,7.17,5.06,5.05,5.05,5.28
fragment_03815,2,31.7,31.83,31.47,31.83,26.95,27.01,26.84,27.01,22.36,22.37,22.33,22.37,16.9,16.9,16.89,16.9,11.3,11.3,11.3,11.3,7.4,7.4,7.4,7.4,5.08,5.08,5.08,5.08
fragment_03816,1,29.38,29.38,29.38,29.38,21.86,21.86,21.86,21.86,16.28,16.28,16.28,16.28,12.28,12.28,12.28,12.28,8.49,8.49,8.49,8.49,5.78,5.78,5.78,5.78,3.97,3.97,3.97,3.97
fragment_03817,7,30.22,30.48,28.78,30.48,21.66,21.81,20.77,21.81,15.16,15.25,14.58,15.25,11.97,12.0,11.71,12.0,9.71,9.78,9.29,9.78,7.76,7.87,7.11,7.87,5.77,5.81,5.5,5.81
fragment_03818,2,30.38,30.39,30.38,30.39,23.3,23.3,23.29,23.3,17.23,17.23,17.23,17.23,12.76,12.76,12.76,12.76,8.18,8.18,8.18,8.18,5.33,5.33,5.32,5.33,3.66,3.66,3.66,3.66
fragment_03819,13,32.32,31.97,31.05,33.84,25.5,24.46,23.84,29.22,17.07,16.02,15.9,20.1,10.94,10.68,10.62,11.57,6.95,6.94,6.93,7.01,4.53,4.53,4.53,4.56,3.11,3.11,3.11,3.13
fragment_03820,2,32.18,32.19,32.17,32.19,25.9,25.91,25.89,25.91,19.5,19.51,19.5,19.51,13.84,13.84,13.84,13.84,10.05,10.06,10.05,10.06,7.54,7.54,7.54,7.54,5.53,5.53,5.53,5.53
fragment_03821,6,29.94,30.0,29.66,30.0,22.37,22.42,22.11,22.42,15.17,15.34,14.96,15.34,11.02,11.34,10.69,11.34,8.43,8.63,8.22,8.63,5.94,5.96,5.92,5.96,4.1,4.1,4.09,4.1
fragment_03822,1,29.18,29.18,29.18,29.18,22.51,22.51,22.51,22.51,16.93,16.93,16.93,16.93,12.24,12.24,12.24,12.24,8.18,8.18,8.18,8.18,5.32,5.32,5.32,5.32,3.66,3.66,3.66,3.66
fragment_03823,9,29.86,29.86,29.8,29.88,22.21,22.21,22.17,22.23,15.35,15.34,15.31,15.6,10.95,10.91,10.81,11.74,8.44,8.39,8.22,9.36,7.01,6.98,6.84,7.75,5.45,5.44,5.36,5.67
fragment_03824,9,30.73,30.73,30.7,30.76,26.18,26.18,26.16,26.2,19.87,19.87,19.85,19.88,13.7,13.7,13.68,14.09,9.69,9.69,9.63,10.25,7.51,7.51,7.47,7.96,6.06,6.06,6.03,6.26
fragment_03825,4,29.79,29.79,29.79,29.8,22.17,22.17,22.16,22.17,15.84,15.88,15.8,15.88,12.14,12.21,12.07,12.21,8.85,8.87,8.82,8.88,6.17,6.19,6.16,6.19,4.26,4.26,4.26,4.26
fragment_03826,3,31.2,31.07,31.07,32.3,28.97,29.13,27.53,29.15,21.56,21.83,19.19,21.84,15.94,16.15,14.1,16.16,11.91,12.07,10.51,12.07,8.3,8.35,7.9,8.35,5.74,5.74,5.71,5.74
fragment_03827,17,30.25,29.88,29.63,32.75,25.57,24.71,23.59,31.44,20.48,19.65,17.79,26.64,15.82,15.31,13.5,19.02,11.19,11.06,9.64,12.04,7.74,7.77,7.12,7.84,5.37,5.38,5.28,5.38
fragment_03828,41,32.26,33.0,30.53,34.89,25.37,26.26,22.99,30.29,16.31,16.65,14.29,20.97,11.07,11.16,9.75,13.29,7.68,7.78,6.92,8.11,5.24,5.27,5.09,5.28,3.62,3.62,3.62,3.63
fragment_03829,4,28.97,28.98,28.93,28.98,20.77,20.78,20.74,20.78,15.21,15.4,14.74,15.43,11.47,11.75,10.77,11.77,7.75,7.91,7.31,7.91,5.16,5.16,5.15,5.16,3.54,3.54,3.54,3.54
fragment_03830,3,34.57,34.63,34.19,34.63,30.93,30.96,29.57,30.96,23.93,23.95,22.27,24.08,16.63,16.64,16.21,16.67,10.48,10.48,10.48,10.48,6.82,6.82,6.82,6.82,4.69,4.69,4.68,4.69
fragment_03831,6,32.2,32.22,32.14,32.22,25.91,25.93,25.86,25.93,19.51,19.52,19.49,19.52,14.07,14.11,13.85,14.11,10.51,10.56,10.08,10.56,8.14,8.19,7.58,8.19,6.11,6.13,5.8,6.13
fragment_03832,2,29.23,29.24,29.22,29.24,26.47,26.49,26.46,26.49,19.16,19.17,19.15,19.17,13.37,13.38,13.36,13.38,9.83,9.84,9.82,9.84,7.02,7.02,7.02,7.02,4.87,4.87,4.87,4.87
fragment_03833,9,31.09,30.99,29.73,33.58,23.19,23.55,21.06,27.34,16.29,16.99,14.22,19.31,10.77,11.1,9.66,11.14,6.74,6.75,6.6,6.75,4.39,4.39,4.38,4.39,3.02,3.02,3.01,3.02
fragment_03834,2,31.36,31.37,31.36,31.37,25.63,25.63,25.62,25.63,18.36,18.37,18.36,18.37,13.72,13.72,13.72,13.72,10.68,10.68,10.67,10.68,7.87,7.87,7.87,7.87,5.44,5.44,5.44,5.44
fragment_03835,2,29.32,29.31,29.31,29.32,26.53,26.53,26.52,26.53,19.18,19.18,19.17,19.18,13.37,13.37,13.37,13.37,10.03,10.03,10.02,10.03,7.65,7.65,7.65,7.65,5.74,5.74,5.74,5.74
fragment_03836,9,29.84,29.84,29.82,29.87,22.21,22.2,22.19,22.26,16.21,16.0,15.98,16.71,13.11,12.76,12.75,13.81,11.57,11.29,11.26,12.09,10.37,10.31,10.25,10.5,8.33,8.34,8.26,8.35
fragment_03837,4,30.89,30.89,30.87,30.91,26.28,26.28,26.27,26.3,20.32,20.34,20.27,20.36,14.81,14.81,14.76,14.89,10.86,10.83,10.8,10.99,8.28,8.24,8.24,8.39,6.39,6.36,6.36,6.47
fragment_03838,2,29.38,29.52,29.21,29.52,26.5,26.61,26.36,26.61,19.06,19.1,19.01,19.1,13.22,13.24,13.19,13.24,9.68,9.67,9.67,9.7,7.11,7.11,7.11,7.12,5.06,5.06,5.06,5.06
fragment_03839,5,30.01,30.21,26.82,30.21,23.05,23.23,20.26,23.23,17.49,17.58,15.85,17.58,12.38,12.42,11.33,12.42,7.77,7.77,7.72,7.77,5.06,5.06,5.04,5.06,3.47,3.47,3.46,3.47
fragment_03840,3,30.03,30.15,29.45,30.15,23.65,23.78,22.93,23.78,17.58,17.67,17.08,17.67,12.33,12.39,11.95,12.39,8.4,8.4,8.38,8.4,5.47,5.47,5.47,5.48,3.76,3.76,3.76,3.76
fragment_03841,23,29.06,28.75,28.7,31.95,21.47,20.7,20.68,27.04,14.18,13.33,13.33,19.8,10.11,9.45,9.45,14.22,7.84,7.33,7.29,10.32,6.28,6.01,5.87,7.33,4.87,4.76,4.74,5.07
fragment_03842,6,31.94,32.0,30.19,32.0,26.11,26.22,22.32,26.22,20.86,20.98,16.09,20.98,14.89,14.98,11.05,14.98,10.88,10.95,8.07,10.95,8.03,8.07,6.23,8.07,5.8,5.81,5.02,5.81
fragment_03843,7,31.33,28.59,28.59,33.55,24.46,20.09,20.09,27.52,17.37,13.61,13.61,20.36,12.44,10.18,9.96,14.35,8.87,7.59,7.45,9.9,6.28,5.9,5.9,6.55,4.47,4.41,4.41,4.5
fragment_03844,4,32.23,32.55,29.71,33.14,28.63,29.48,23.88,29.48,23.13,23.88,18.89,23.88,18.27,18.7,15.35,19.09,13.81,14.04,12.21,14.22,9.64,9.72,9.11,9.72,6.68,6.68,6.65,6.68
fragment_03845,4,29.29,29.29,29.28,29.32,26.51,26.5,26.49,26.53,19.17,19.17,19.16,19.18,13.5,13.53,13.47,13.53,10.25,10.45,10.0,10.45,7.96,8.17,7.7,8.17,6.29,6.42,6.12,6.42
fragment_03846,26,31.22,31.79,28.92,31.79,21.92,22.3,20.23,22.43,15.61,16.36,12.83,16.67,11.24,11.77,8.53,11.77,8.27,8.64,6.47,8.75,6.54,6.81,5.16,6.81,4.91,4.96,4.31,4.96
fragment_03847,2,31.8,31.8,31.8,31.8,25.33,25.33,25.33,25.33,18.78,18.78,18.78,18.78,12.77,12.77,12.77,12.77,8.45,8.45,8.45,8.45,5.66,5.66,5.66,5.66,3.89,3.89,3.89,3.89
fragment_03848,2,29.32,29.32,29.32,29.32,26.56,26.56,26.55,26.56,19.19,19.19,19.19,19.19,13.35,13.34,13.34,13.35,9.92,9.92,9.92,9.93,7.46,7.46,7.46,7.46,5.43,5.43,5.43,5.43
fragment_03849,7,26.86,26.67,26.06,30.99,21.23,21.1,20.62,26.3,17.21,17.2,16.26,21.88,13.4,13.36,12.64,16.06,10.17,10.09,9.95,11.73,7.7,7.65,7.59,8.51,5.8,5.78,5.78,6.04
fragment_03850,25,31.28,31.09,30.77,34.66,23.62,23.61,22.62,28.44,17.31,17.58,16.11,20.69,11.95,12.11,11.47,12.39,7.46,7.45,7.45,7.51,4.86,4.85,4.85,4.89,3.34,3.33,3.33,3.36
fragment_03851,3,32.69,32.92,29.79,32.92,26.45,27.3,20.98,27.3,20.76,21.58,15.24,21.58,14.86,15.06,11.14,15.06,10.42,10.53,8.35,10.53,7.34,7.38,6.41,7.38,5.18,5.19,4.82,5.19
fragment_03852,9,36.18,36.2,33.41,37.59,31.6,31.65,29.37,33.89,23.69,23.7,22.65,25.16,15.43,15.48,15.26,15.75,9.58,9.58,9.58,9.6,6.24,6.24,6.24,6.25,4.29,4.28,4.28,4.29
fragment_03853,2,29.92,29.93,29.91,29.93,22.28,22.29,22.28,22.29,15.44,15.44,15.43,15.44,11.31,11.31,11.31,11.31,8.33,8.33,8.33,8.33,5.91,5.91,5.91,5.91,4.07,4.07,4.07,4.07
fragment_03854,3,29.7,29.65,29.65,30.0,25.39,25.34,25.34,25.62,19.13,19.11,19.11,19.23,12.15,12.15,12.15,12.15,7.36,7.36,7.36,7.36,4.79,4.79,4.79,4.79,3.29,3.29,3.29,3.29
fragment_03855,2,32.86,33.87,31.5,33.87,27.25,29.07,24.8,29.07,19.37,21.16,16.96,21.16,13.24,14.03,12.17,14.03,8.94,9.2,8.59,9.2,6.02,6.04,6.0,6.04,4.15,4.15,4.15,4.15
fragment_03856,15,34.23,34.74,31.37,36.5,28.49,29.93,26.16,32.32,20.01,20.49,18.42,23.11,13.15,13.03,12.23,13.71,8.29,8.31,8.19,8.31,5.4,5.41,5.4,5.41,3.71,3.71,3.71,3.72
fragment_03857,3,31.15,31.12,31.12,32.36,29.24,29.29,27.61,29.29,22.05,22.12,19.58,22.12,15.63,15.65,15.2,15.65,11.24,11.22,11.22,11.92,8.05,8.04,8.04,8.26,5.67,5.67,5.67,5.68
fragment_03858,38,31.0,30.98,29.02,31.57,22.11,21.62,20.14,24.06,15.42,14.63,12.9,17.61,11.14,10.38,9.03,12.86,8.19,7.6,6.82,9.42,6.3,5.91,5.45,6.96,4.82,4.68,4.43,5.03
fragment_03859,8,30.81,30.77,30.77,30.86,26.22,26.19,26.18,26.26,20.26,20.27,20.25,20.28,14.64,14.66,14.62,14.66,10.74,10.75,10.73,10.75,8.34,8.34,8.33,8.35,6.93,6.93,6.92,6.94
fragment_03860,2,28.31,28.31,28.31,28.31,20.09,19.93,19.93,20.38,14.62,13.91,13.91,15.98,10.75,9.87,9.87,12.42,7.86,7.28,7.28,8.96,6.18,5.94,5.94,6.62,4.94,4.85,4.85,5.11
fragment_03861,8,31.18,31.08,30.44,33.71,28.2,27.75,27.14,33.09,20.02,19.42,19.29,25.49,14.14,13.85,13.7,16.87,9.93,9.82,9.75,10.33,6.71,6.71,6.71,6.72,4.61,4.61,4.61,4.62
fragment_03862,8,31.6,31.78,30.15,32.27,25.6,25.99,22.48,26.21,20.59,21.09,16.46,21.7,15.09,15.5,11.47,16.49,11.18,11.44,8.91,12.11,8.35,8.5,7.02,8.91,6.24,6.31,5.6,6.37
fragment_03863,9,31.38,31.2,30.87,33.29,24.13,24.08,22.61,27.77,17.74,17.98,15.77,20.78,12.15,12.47,10.67,12.65,7.64,7.66,7.35,7.66,4.98,4.98,4.98,4.99,3.42,3.42,3.42,3.43
fragment_03864,2,31.49,31.49,31.49,31.49,25.05,25.05,25.05,25.05,18.5,18.5,18.5,18.5,12.75,12.75,12.75,12.75,8.5,8.5,8.5,8.5,5.6,5.6,5.6,5.6,3.85,3.85,3.85,3.85
fragment_03865,6,28.94,28.93,28.93,29.01,24.02,24.01,24.01,24.2,18.46,18.43,18.43,18.92,13.93,13.88,13.88,14.57,10.04,9.98,9.98,10.82,7.39,7.38,7.38,7.58,5.22,5.22,5.21,5.22
fragment_03866,2,29.07,29.07,29.07,29.07,20.83,20.83,20.83,20.83,14.95,14.95,14.95,14.95,11.2,11.2,11.2,11.2,8.57,8.57,8.57,8.57,6.77,6.77,6.77,6.77,4.95,4.95,4.95,4.95
fragment_03867,2,30.76,30.77,30.76,30.77,26.21,26.21,26.21,26.21,19.89,19.89,19.89,19.89,13.68,13.68,13.68,13.68,9.48,9.48,9.48,9.48,7.12,7.12,7.12,7.12,5.56,5.56,5.56,5.56
fragment_03868,4,31.54,31.81,30.67,31.87,25.0,25.47,23.7,25.47,16.92,17.36,15.71,17.36,10.35,10.47,10.01,10.47,6.39,6.39,6.39,6.4,4.16,4.16,4.16,4.16,2.86,2.86,2.86,2.86
fragment_03869,1,28.26,28.26,28.26,28.26,22.58,22.58,22.58,22.58,15.48,15.48,15.48,15.48,11.49,11.49,11.49,11.49,8.97,8.97,8.97,8.97,6.65,6.65,6.65,6.65,4.66,4.66,4.66,4.66
fragment_03870,4,28.69,28.71,28.54,28.71,19.69,19.7,19.49,19.7,12.61,12.64,12.02,12.64,8.46,8.47,8.26,8.47,6.45,6.46,6.21,6.47,5.18,5.19,5.01,5.19,4.21,4.21,4.12,4.21
fragment_03871,11,34.16,33.9,32.67,36.03,28.32,27.57,26.54,31.92,19.76,19.46,18.65,22.94,12.98,13.01,12.24,13.72,8.28,8.29,8.18,8.31,5.4,5.4,5.4,5.41,3.71,3.71,3.71,3.72
fragment_03872,2,30.76,30.76,30.76,30.76,23.66,23.66,23.66,23.66,16.7,16.7,16.7,16.7,11.99,11.99,11.99,11.99,8.87,8.87,8.87,8.87,6.66,6.66,6.66,6.66,5.0,5.0,5.0,5.0
fragment_03873,1,33.06,33.06,33.06,33.06,27.25,27.25,27.25,27.25,21.17,21.17,21.17,21.17,15.48,15.48,15.48,15.48,10.31,10.31,10.31,10.31,6.71,6.71,6.71,6.71,4.61,4.61,4.61,4.61
fragment_03874,29,29.62,29.66,28.96,30.86,24.05,23.73,23.55,26.8,17.17,16.79,16.79,19.21,12.02,11.78,11.73,13.62,8.74,8.53,8.51,9.92,6.66,6.53,6.52,7.54,5.12,5.09,5.06,5.31
fragment_03875,11,33.91,33.89,32.21,35.99,27.17,26.83,26.71,32.9,19.26,18.74,18.73,25.77,14.41,14.08,14.08,18.94,10.96,10.81,10.81,12.77,8.04,8.01,8.0,8.36,5.71,5.71,5.71,5.75
fragment_03876,16,31.09,31.03,29.21,31.55,21.47,21.48,20.25,21.59,14.2,14.17,12.84,14.69,9.68,9.62,8.38,10.1,6.95,6.93,6.07,7.18,5.46,5.43,4.75,5.67,4.41,4.4,3.89,4.52
fragment_03877,37,32.19,32.92,30.53,34.79,25.28,26.19,22.99,29.99,16.31,16.62,14.29,20.92,11.09,11.14,9.75,13.29,7.68,7.77,6.92,8.11,5.24,5.27,5.08,5.28,3.62,3.62,3.62,3.63
fragment_03878,2,32.7,32.7,32.69,32.7,27.18,27.18,27.18,27.18,20.06,20.06,20.06,20.06,14.74,14.74,14.74,14.74,10.69,10.69,10.69,10.69,7.59,7.59,7.59,7.59,5.42,5.42,5.42,5.42
fragment_03879,5,29.68,29.67,29.67,29.77,24.52,24.51,24.51,24.59,18.11,18.11,18.09,18.17,13.42,13.42,13.41,13.48,10.07,10.07,10.07,10.13,7.79,7.79,7.79,7.83,6.05,6.05,6.05,6.08
fragment_03880,36,34.09,34.12,32.16,36.2,28.43,28.41,26.01,32.29,20.41,20.21,18.69,24.18,14.37,14.05,13.72,15.43,9.36,9.29,9.29,9.43,6.12,6.12,6.11,6.14,4.2,4.2,4.2,4.22
fragment_03881,14,30.64,30.59,30.59,30.73,23.7,23.57,23.57,24.2,19.07,18.57,18.57,20.48,14.81,14.26,14.12,16.17,11.13,10.81,10.34,12.14,8.05,7.98,7.46,8.35,5.71,5.74,5.54,5.75
fragment_03882,11,30.07,29.84,29.84,32.8,26.44,26.1,26.1,31.78,21.06,20.72,20.72,26.79,15.84,15.61,15.61,19.04,11.07,10.99,10.99,11.69,7.6,7.6,7.6,7.62,5.23,5.23,5.23,5.24
fragment_03883,2,33.5,33.53,32.63,33.53,28.75,28.77,27.97,28.77,22.53,22.54,22.06,22.54,15.85,15.85,15.77,15.85,9.8,9.8,9.8,9.8,6.38,6.38,6.38,6.38,4.38,4.38,4.38,4.38
fragment_03884,2,30.7,30.7,30.7,30.7,23.61,23.61,23.61,23.61,16.63,16.62,16.62,16.63,12.13,12.12,12.12,12.13,9.44,9.44,9.44,9.44,7.37,7.37,7.37,7.38,5.67,5.67,5.67,5.67
fragment_03885,4,31.66,31.67,31.64,32.63,25.04,25.07,24.97,28.18,17.81,18.09,17.42,20.53,13.08,13.56,12.46,13.73,8.81,9.12,8.41,9.12,5.93,5.95,5.91,5.96,4.09,4.09,4.09,4.09
fragment_03886,8,30.27,31.17,29.41,31.17,25.29,26.95,23.64,26.95,18.25,19.83,16.64,19.83,12.78,13.71,11.86,13.71,9.3,9.96,8.63,9.96,7.09,7.53,6.64,7.53,5.49,5.72,5.25,5.72
fragment_03887,4,38.55,38.62,36.25,38.62,34.47,34.52,31.87,34.52,25.18,25.19,23.85,25.19,15.45,15.45,15.44,15.45,9.39,9.39,9.38,9.4,6.11,6.11,6.1,6.12,4.2,4.2,4.19,4.2
fragment_03888,11,39.47,40.11,35.79,40.11,36.02,36.67,33.37,37.13,25.36,25.68,23.87,26.81,15.5,15.5,15.47,15.6,9.46,9.46,9.43,9.46,6.16,6.16,6.14,6.16,4.23,4.23,4.22,4.23
fragment_03889,5,27.47,27.47,27.42,28.98,20.76,20.75,20.75,22.72,16.08,16.07,16.07,17.7,11.25,11.24,11.24,12.15,7.55,7.55,7.55,7.56,4.91,4.91,4.91,4.92,3.38,3.38,3.38,3.38
fragment_03890,36,40.58,41.47,36.6,43.52,37.82,38.74,34.05,42.04,29.12,29.78,26.35,33.08,19.9,20.11,19.04,20.69,12.56,12.56,12.49,12.58,8.18,8.17,8.15,8.19,5.62,5.62,5.6,5.62
fragment_03891,1,28.48,28.48,28.48,28.48,20.75,20.75,20.75,20.75,14.06,14.06,14.06,14.06,9.83,9.83,9.83,9.83,7.25,7.25,7.25,7.25,5.02,5.02,5.02,5.02,3.46,3.46,3.46,3.46
fragment_03892,7,26.98,26.9,26.9,28.41,19.28,19.13,19.13,20.02,13.99,13.82,13.82,14.38,10.75,10.78,10.64,10.81,8.33,8.46,7.97,8.46,6.25,6.31,6.06,6.31,4.52,4.52,4.49,4.52
fragment_03893,12,31.36,32.02,30.71,32.02,25.15,27.17,23.89,27.17,17.99,19.72,16.64,19.72,12.97,13.82,12.23,13.82,9.53,9.97,9.07,9.97,6.8,6.86,6.72,6.86,4.72,4.72,4.71,4.72
fragment_03894,4,35.86,35.85,35.85,36.3,30.08,30.08,29.86,30.09,24.4,24.4,23.78,24.4,19.72,19.72,19.54,19.72,14.94,14.94,14.87,14.94,10.26,10.26,10.26,10.26,7.05,7.06,7.05,7.06
fragment_03895,1,28.82,28.82,28.82,28.82,20.78,20.78,20.78,20.78,14.63,14.63,14.63,14.63,10.58,10.58,10.58,10.58,8.54,8.54,8.54,8.54,6.99,6.99,6.99,6.99,5.8,5.8,5.8,5.8
fragment_03896,1,28.8,28.8,28.8,28.8,20.2,20.2,20.2,20.2,14.47,14.47,14.47,14.47,11.26,11.26,11.26,11.26,8.58,8.58,8.58,8.58,6.28,6.28,6.28,6.28,4.37,4.37,4.37,4.37
fragment_03897,2,30.6,30.6,30.59,30.6,24.58,24.58,24.58,24.58,18.98,18.98,18.98,18.98,13.72,13.72,13.72,13.72,9.72,9.72,9.72,9.72,6.56,6.56,6.56,6.56,4.51,4.51,4.51,4.51
fragment_03898,12,30.6,29.74,28.98,33.79,27.21,26.19,25.94,32.79,20.78,19.91,19.86,26.52,15.64,14.73,14.71,19.23,12.52,11.91,11.91,14.19,9.46,9.26,9.0,9.74,6.69,6.68,6.63,6.7
fragment_03899,2,32.12,32.12,32.12,32.13,27.7,27.69,27.69,27.7,20.37,20.37,20.37,20.38,14.24,14.23,14.23,14.25,9.66,9.65,9.65,9.66,6.29,6.29,6.29,6.29,4.32,4.32,4.32,4.32
fragment_03900,40,30.23,29.65,28.67,32.48,25.28,23.83,23.7,29.26,19.07,17.71,17.38,23.24,14.43,13.59,13.34,17.13,11.17,10.61,10.49,12.2,8.71,8.28,8.26,9.56,6.68,6.42,6.38,7.1
fragment_03901,2,30.73,30.74,30.73,30.74,26.18,26.19,26.18,26.19,19.84,19.84,19.84,19.85,13.63,13.63,13.63,13.63,9.39,9.39,9.39,9.39,6.89,6.89,6.89,6.89,5.39,5.39,5.39,5.39
fragment_03902,2,29.78,29.8,29.77,29.8,22.18,22.19,22.18,22.19,15.43,15.43,15.43,15.43,11.52,11.52,11.52,11.52,8.73,8.73,8.73,8.73,6.37,6.37,6.37,6.37,4.42,4.42,4.42,4.42
fragment_03903,4,29.37,29.68,28.38,29.73,20.18,20.9,18.02,20.94,11.61,11.83,10.96,11.84,6.63,6.63,6.63,6.64,4.02,4.01,4.01,4.02,2.61,2.61,2.61,2.62,1.8,1.79,1.79,1.8
fragment_03904,2,29.75,29.76,29.75,29.76,22.14,22.14,22.14,22.14,15.29,15.29,15.29,15.29,10.72,10.72,10.72,10.72,7.68,7.68,7.68,7.68,5.95,5.95,5.95,5.95,4.61,4.61,4.61,4.61
fragment_03905,22,31.59,31.52,30.31,34.05,22.89,22.5,22.39,29.16,16.39,16.09,15.64,23.08,12.25,12.36,11.51,15.41,8.78,9.05,8.28,9.42,6.08,6.11,5.96,6.13,4.2,4.2,4.2,4.21
fragment_03906,16,30.52,31.3,29.09,31.3,22.18,22.97,20.15,22.97,16.04,16.87,12.84,16.87,11.49,12.04,8.77,12.07,8.36,8.67,6.73,8.67,6.58,6.79,5.48,6.79,5.21,5.33,4.56,5.33
fragment_03907,8,28.68,28.68,28.54,28.7,19.68,19.69,19.49,19.69,12.62,12.64,12.02,12.64,8.47,8.48,8.25,8.48,6.46,6.48,6.21,6.48,5.19,5.2,5.0,5.2,4.29,4.3,4.12,4.3
fragment_03908,10,34.37,34.43,34.25,36.53,29.76,29.77,29.66,34.16,21.77,21.77,21.71,25.35,15.21,15.24,15.16,15.85,9.7,9.71,9.7,9.72,6.32,6.32,6.31,6.33,4.34,4.34,4.34,4.35
fragment_03909,1,35.44,35.44,35.44,35.44,29.1,29.1,29.1,29.1,21.21,21.21,21.21,21.21,14.42,14.42,14.42,14.42,10.34,10.34,10.34,10.34,7.54,7.54,7.54,7.54,5.33,5.33,5.33,5.33
fragment_03910,1,28.6,28.6,28.6,28.6,19.69,19.69,19.69,19.69,14.32,14.32,14.32,14.32,11.13,11.13,11.13,11.13,8.18,8.18,8.18,8.18,5.69,5.69,5.69,5.69,3.93,3.93,3.93,3.93
fragment_03911,1,28.24,28.24,28.24,28.24,20.4,20.4,20.4,20.4,13.78,13.78,13.78,13.78,9.46,9.46,9.46,9.46,6.53,6.53,6.53,6.53,4.35,4.35,4.35,4.35,2.99,2.99,2.99,2.99
fragment_03912,7,29.05,29.06,29.02,29.06,20.82,20.83,20.81,20.83,14.6,14.6,14.59,14.6,10.26,10.26,10.26,10.26,7.01,7.01,7.01,7.02,5.07,5.07,5.07,5.07,3.89,3.88,3.88,3.89
fragment_03913,6,31.87,31.91,30.17,31.92,26.05,26.14,22.3,26.14,20.84,20.96,16.08,20.96,14.39,14.47,11.07,14.47,9.32,9.35,8.05,9.35,6.08,6.08,5.93,6.08,4.18,4.18,4.18,4.18
fragment_03914,3,28.25,28.25,28.25,28.38,18.94,18.85,18.85,20.04,11.63,11.56,11.56,12.51,7.75,7.7,7.7,8.34,5.45,5.44,5.44,5.56,3.62,3.62,3.62,3.62,2.49,2.49,2.49,2.49
fragment_03915,3,28.75,28.57,28.57,30.6,20.37,20.12,20.12,22.84,13.0,12.84,12.84,14.59,9.24,9.13,9.13,10.37,7.07,7.0,7.0,7.8,5.82,5.77,5.77,6.3,4.92,4.89,4.89,5.32
fragment_03916,3,28.67,28.26,28.26,28.99,23.59,23.21,23.21,23.9,16.77,16.58,16.58,16.92,11.85,11.81,11.81,11.88,8.85,8.84,8.84,8.87,6.41,6.41,6.41,6.42,4.5,4.5,4.5,4.5
fragment_03917,2,29.87,29.87,29.86,29.87,22.23,22.24,22.23,22.24,15.42,15.43,15.42,15.43,11.57,11.57,11.57,11.57,9.14,9.14,9.14,9.14,7.49,7.49,7.48,7.49,6.21,6.21,6.21,6.21
fragment_03918,1,28.71,28.71,28.71,28.71,19.84,19.84,19.84,19.84,12.13,12.13,12.13,12.13,8.06,8.06,8.06,8.06,5.69,5.69,5.69,5.69,3.73,3.73,3.73,3.73,2.57,2.57,2.57,2.57
fragment_03919,4,34.07,34.28,32.14,34.65,28.39,28.14,26.54,30.2,19.9,19.57,19.13,21.24,12.09,12.08,12.08,12.14,7.35,7.35,7.35,7.35,4.78,4.78,4.78,4.79,3.29,3.29,3.29,3.29
fragment_03920,22,30.72,31.01,28.84,32.6,22.66,23.08,19.55,25.85,16.22,16.29,13.41,19.43,12.29,12.2,10.59,14.51,9.02,9.03,8.17,9.63,6.24,6.27,6.09,6.27,4.3,4.3,4.29,4.31
fragment_03921,1,28.25,28.25,28.25,28.25,22.85,22.85,22.85,22.85,16.14,16.14,16.14,16.14,11.51,11.51,11.51,11.51,8.58,8.58,8.58,8.58,5.89,5.89,5.89,5.89,4.05,4.05,4.05,4.05
fragment_03922,1,29.21,29.21,29.21,29.21,21.34,21.34,21.34,21.34,14.02,14.02,14.02,14.02,8.46,8.46,8.46,8.46,5.14,5.14,5.14,5.14,3.34,3.34,3.34,3.34,2.3,2.3,2.3,2.3
fragment_03923,28,27.64,27.67,25.24,30.68,19.6,19.83,18.09,26.47,15.03,15.31,13.39,21.46,11.64,11.79,9.34,14.74,8.02,8.08,6.8,9.06,5.79,5.82,5.18,5.9,4.04,4.05,3.94,4.05
fragment_03924,7,30.48,30.8,29.94,30.8,23.1,23.7,22.04,23.7,16.13,16.84,14.93,16.84,11.64,12.23,10.74,12.23,8.9,9.3,8.36,9.3,6.88,7.12,6.54,7.12,5.3,5.39,5.15,5.39
fragment_03925,2,29.15,29.15,29.15,29.16,20.89,20.89,20.89,20.89,14.64,14.64,14.64,14.64,10.35,10.35,10.35,10.35,7.72,7.72,7.72,7.72,6.22,6.22,6.22,6.22,4.54,4.54,4.54,4.54
fragment_03926,6,29.08,29.09,29.05,29.09,20.84,20.85,20.83,20.85,14.6,14.6,14.6,14.61,10.31,10.32,10.3,10.32,7.49,7.5,7.48,7.5,5.67,5.67,5.67,5.68,4.3,4.28,4.28,4.3
fragment_03927,1,29.85,29.85,29.85,29.85,29.22,29.22,29.22,29.22,22.97,22.97,22.97,22.97,16.87,16.87,16.87,16.87,11.69,11.69,11.69,11.69,8.2,8.2,8.2,8.2,6.0,6.0,6.0,6.0
fragment_03928,4,29.8,29.84,29.75,29.84,22.17,22.2,22.14,22.2,15.68,15.83,15.53,15.83,11.83,12.12,11.53,12.12,8.37,8.66,8.07,8.66,5.81,5.86,5.76,5.86,4.03,4.03,4.03,4.03
fragment_03929,1,29.61,29.61,29.61,29.61,27.93,27.93,27.93,27.93,20.93,20.93,20.93,20.93,14.54,14.54,14.54,14.54,10.22,10.22,10.22,10.22,7.03,7.03,7.03,7.03,4.89,4.89,4.89,4.89
fragment_03930,29,29.89,29.91,29.86,29.91,22.25,22.26,22.21,22.75,15.98,16.46,15.33,17.69,12.17,13.09,10.79,14.52,9.84,11.12,7.99,11.93,8.44,9.75,6.43,10.11,6.79,7.76,5.15,7.88
fragment_03931,10,30.97,30.99,30.84,31.16,26.34,26.35,26.24,26.49,20.26,20.26,20.23,20.51,14.71,14.7,14.66,14.94,10.85,10.84,10.71,11.18,8.34,8.34,8.14,8.68,6.51,6.52,6.27,6.71
fragment_03932,5,33.3,33.8,32.1,34.96,30.7,31.13,28.73,31.13,26.06,26.41,22.39,26.41,20.1,20.24,17.91,20.24,13.93,13.93,13.52,13.95,9.13,9.13,9.13,9.15,6.27,6.27,6.27,6.28
fragment_03933,6,29.06,28.6,28.6,30.56,20.78,20.13,20.13,22.82,13.39,12.87,12.87,15.0,9.76,9.3,9.3,11.17,7.78,7.42,7.42,8.88,6.29,6.11,6.11,6.83,5.14,5.06,5.06,5.39
fragment_03934,24,33.61,34.87,32.13,36.5,27.91,29.59,26.46,33.43,20.97,22.7,18.95,26.3,15.24,16.54,13.62,17.17,10.23,10.39,9.78,10.45,6.77,6.76,6.74,6.8,4.65,4.64,4.64,4.67
fragment_03935,17,30.25,30.07,29.89,32.72,24.93,25.49,23.59,29.71,19.19,20.2,16.83,23.13,14.2,15.06,11.89,15.84,9.94,10.23,8.93,10.6,6.86,6.9,6.66,6.92,4.74,4.74,4.74,4.76
fragment_03936,11,28.8,28.69,28.68,30.55,20.36,20.21,20.21,22.81,13.02,12.93,12.83,14.53,9.34,9.28,9.08,10.37,7.19,7.15,6.96,7.89,5.67,5.63,5.63,6.21,4.52,4.49,4.49,4.97
fragment_03937,2,29.27,29.27,29.27,29.27,23.04,23.05,23.04,23.05,16.9,16.91,16.9,16.91,12.27,12.27,12.27,12.27,8.82,8.82,8.82,8.82,6.34,6.34,6.34,6.34,4.72,4.72,4.72,4.72
fragment_03938,8,28.48,28.48,28.47,28.66,21.96,21.5,20.19,23.14,17.86,17.23,14.26,19.46,15.53,14.95,11.25,16.98,12.78,12.49,9.23,13.49,9.28,9.24,7.48,9.39,6.45,6.45,5.82,6.46
fragment_03939,6,24.09,24.1,24.03,24.1,16.89,17.18,15.1,17.18,13.52,13.83,12.45,13.83,10.97,11.14,10.54,11.29,8.73,8.81,8.52,9.07,6.37,6.37,6.34,6.5,4.46,4.45,4.45,4.48
fragment_03940,11,30.43,30.71,30.09,30.71,23.33,23.87,22.19,24.73,16.6,17.4,14.97,18.18,12.22,12.95,11.19,13.07,9.47,9.99,8.87,9.99,7.36,7.56,7.08,7.67,5.65,5.73,5.53,5.75
fragment_03941,4,31.46,31.47,31.45,31.47,24.98,24.98,24.98,24.98,18.5,18.5,18.49,18.5,14.17,14.17,14.16,14.17,10.91,10.9,10.9,10.92,8.49,8.48,8.48,8.5,6.55,6.55,6.55,6.56
fragment_03942,1,27.96,27.96,27.96,27.96,19.61,19.61,19.61,19.61,13.31,13.31,13.31,13.31,9.92,9.92,9.92,9.92,7.75,7.75,7.75,7.75,5.85,5.85,5.85,5.85,4.31,4.31,4.31,4.31
fragment_03943,1,25.66,25.66,25.66,25.66,18.37,18.37,18.37,18.37,12.49,12.49,12.49,12.49,7.88,7.88,7.88,7.88,4.78,4.78,4.78,4.78,3.11,3.11,3.11,3.11,2.14,2.14,2.14,2.14
fragment_03944,5,31.7,32.07,29.56,32.22,28.91,29.07,27.46,29.15,23.81,23.6,23.42,24.07,18.86,18.56,18.56,19.4,14.82,14.48,14.48,15.44,11.28,11.16,11.16,11.45,8.6,8.6,8.6,8.6
fragment_03945,17,31.21,31.21,28.95,31.73,21.82,21.61,20.26,22.25,15.23,14.63,12.83,16.29,10.89,10.37,8.57,11.7,7.92,7.75,6.52,8.19,5.85,5.82,5.2,5.92,4.14,4.14,4.05,4.14
fragment_03946,6,29.4,30.2,28.84,30.35,23.37,26.37,21.24,26.59,17.91,21.62,15.28,21.88,14.18,17.08,12.08,17.36,11.59,13.55,10.05,13.76,9.63,10.7,8.55,10.91,7.64,7.96,7.07,8.06
fragment_03947,13,28.61,28.58,26.21,30.77,22.78,22.39,21.06,25.26,18.6,18.12,17.02,20.25,15.22,15.15,13.55,16.95,11.83,12.16,10.96,12.76,8.49,8.62,8.25,8.63,5.92,5.92,5.91,5.93
fragment_03948,2,28.92,28.92,28.92,30.93,23.06,23.06,23.06,27.65,16.69,16.68,16.68,21.53,12.62,12.62,12.62,14.93,9.3,9.3,9.3,10.44,6.86,6.86,6.86,6.97,4.79,4.79,4.79,4.79
fragment_03949,2,29.91,29.95,29.63,29.95,22.5,22.54,22.27,22.54,14.96,14.97,14.89,14.97,9.17,9.17,9.16,9.17,5.55,5.55,5.55,5.55,3.62,3.62,3.61,3.62,2.48,2.48,2.48,2.48
fragment_03950,8,28.49,28.5,28.4,28.52,19.94,20.3,19.46,20.39,13.35,13.81,12.54,13.88,9.66,10.11,8.86,10.18,7.42,7.75,6.77,7.79,5.72,5.86,5.38,5.88,4.27,4.3,4.17,4.3
fragment_03951,7,29.33,29.38,29.2,29.41,21.41,21.47,21.28,21.49,13.99,14.04,13.88,14.06,9.28,9.45,8.92,9.47,6.58,6.7,6.32,6.71,4.97,5.05,4.79,5.05,4.0,4.07,3.83,4.07
fragment_03952,7,31.41,31.35,31.3,32.73,25.6,25.6,25.58,25.75,20.17,20.22,19.44,20.22,14.69,14.76,13.8,14.76,10.74,10.81,9.55,10.81,7.99,8.03,7.27,8.03,5.66,5.67,5.57,5.67
fragment_03953,7,29.65,29.38,29.33,30.56,20.73,20.85,20.51,20.86,13.91,13.96,13.28,14.09,9.9,9.76,9.13,10.46,7.45,7.38,6.87,7.78,5.68,5.68,5.43,5.77,4.12,4.12,4.08,4.13
fragment_03954,9,30.34,30.26,29.97,31.66,23.93,23.4,23.38,26.94,17.59,16.8,16.54,20.52,12.18,11.63,11.63,13.19,7.93,7.84,7.84,8.0,5.2,5.19,5.19,5.21,3.57,3.57,3.57,3.58
fragment_03955,2,30.79,30.79,30.79,30.79,23.69,23.69,23.69,23.69,16.72,16.72,16.72,16.72,12.01,12.01,12.01,12.01,9.02,9.02,9.02,9.02,6.92,6.92,6.92,6.92,5.02,5.02,5.02,5.02
fragment_03956,2,29.74,29.74,29.74,29.75,22.13,22.13,22.13,22.13,15.4,15.4,15.4,15.41,11.34,11.34,11.34,11.34,8.46,8.46,8.46,8.46,6.5,6.5,6.5,6.5,4.81,4.81,4.81,4.81
fragment_03957,2,31.37,31.37,31.36,31.37,27.49,27.49,27.49,27.49,21.55,21.55,21.55,21.55,15.2,15.2,15.2,15.2,10.8,10.8,10.8,10.8,7.92,7.92,7.92,7.92,5.64,5.64,5.64,5.64
fragment_03958,1,28.31,28.31,28.31,28.31,20.6,20.6,20.6,20.6,14.19,14.19,14.19,14.19,10.66,10.66,10.66,10.66,8.52,8.52,8.52,8.52,6.82,6.82,6.82,6.82,5.33,5.33,5.33,5.33
fragment_03959,23,33.85,33.92,31.76,36.22,28.31,28.1,24.92,31.84,19.02,18.49,16.2,22.82,12.4,12.1,10.83,13.71,8.21,8.21,7.5,8.32,5.41,5.41,5.36,5.42,3.72,3.72,3.71,3.72
fragment_03960,1,27.83,27.83,27.83,27.83,19.39,19.39,19.39,19.39,12.94,12.94,12.94,12.94,8.83,8.83,8.83,8.83,6.22,6.22,6.22,6.22,4.15,4.15,4.15,4.15,2.85,2.85,2.85,2.85
fragment_03961,1,28.83,28.83,28.83,28.83,20.77,20.77,20.77,20.77,14.68,14.68,14.68,14.68,10.6,10.6,10.6,10.6,8.24,8.24,8.24,8.24,6.4,6.4,6.4,6.4,4.68,4.68,4.68,4.68
fragment_03962,3,28.03,28.02,28.02,28.29,22.24,22.24,22.24,22.42,15.79,15.79,15.79,15.81,9.94,9.94,9.94,9.94,6.03,6.03,6.03,6.03,3.93,3.93,3.93,3.93,2.7,2.7,2.7,2.7
fragment_03963,1,28.52,28.52,28.52,28.52,19.62,19.62,19.62,19.62,14.0,14.0,14.0,14.0,10.18,10.18,10.18,10.18,6.57,6.57,6.57,6.57,4.29,4.29,4.29,4.29,2.94,2.94,2.94,2.94
fragment_03964,4,31.48,31.85,30.47,31.86,26.02,26.64,24.31,26.65,18.57,19.01,17.38,19.01,13.67,13.81,13.29,13.81,10.14,10.19,10.02,10.19,7.6,7.61,7.56,7.61,5.83,5.85,5.78,5.85
fragment_03965,2,29.82,29.83,29.82,29.83,22.22,22.22,22.22,22.22,15.39,15.39,15.39,15.39,11.15,11.15,11.15,11.15,8.16,8.16,8.16,8.16,6.04,6.04,6.04,6.04,4.18,4.18,4.18,4.18
fragment_03966,6,26.92,27.56,25.66,27.56,20.0,20.9,18.69,20.91,15.18,16.11,14.37,16.11,11.67,12.55,10.92,12.56,8.7,9.3,8.19,9.3,6.39,6.54,6.27,6.54,4.5,4.51,4.5,4.51
fragment_03967,16,33.67,33.14,31.93,36.03,27.76,27.0,25.87,31.74,19.17,19.0,17.77,22.42,12.69,12.76,11.83,13.36,8.06,8.08,7.96,8.1,5.26,5.26,5.26,5.27,3.62,3.61,3.61,3.62
fragment_03968,2,31.85,31.85,31.85,31.86,25.34,25.33,25.33,25.34,18.03,18.03,18.03,18.03,12.23,12.23,12.23,12.23,8.18,8.18,8.18,8.18,5.59,5.59,5.59,5.59,3.84,3.84,3.84,3.84
fragment_03969,2,29.73,29.74,29.72,29.74,22.13,22.13,22.12,22.13,15.62,15.62,15.62,15.62,11.82,11.82,11.82,11.82,8.91,8.91,8.91,8.91,6.54,6.54,6.54,6.54,4.65,4.65,4.65,4.65
fragment_03970,28,29.06,29.1,29.02,29.11,21.74,21.76,21.71,21.78,15.2,15.21,15.19,15.22,10.25,10.26,10.25,10.26,7.05,7.04,7.03,7.1,5.23,5.15,5.09,5.4,4.24,4.16,4.0,4.42
fragment_03971,1,39.44,39.44,39.44,39.44,39.05,39.05,39.05,39.05,29.1,29.1,29.1,29.1,17.01,17.01,17.01,17.01,10.3,10.3,10.3,10.3,6.71,6.71,6.71,6.71,4.61,4.61,4.61,4.61
fragment_03972,11,30.0,29.91,28.79,31.67,24.52,24.56,20.81,28.55,18.36,18.42,14.03,23.8,13.7,13.74,11.18,19.02,10.38,10.47,8.88,13.39,7.78,7.84,6.93,9.2,5.87,5.93,5.41,6.35
fragment_03973,24,31.44,31.17,29.96,33.23,23.12,22.28,21.37,27.6,16.3,15.11,15.11,22.27,11.73,10.9,10.72,15.28,8.52,8.23,7.88,9.27,5.99,5.98,5.85,6.04,4.14,4.14,4.13,4.15
fragment_03974,5,29.61,29.61,29.51,29.8,22.66,22.66,22.33,22.96,16.75,16.75,16.74,16.99,12.25,12.25,12.24,12.52,8.87,8.88,8.79,8.91,5.83,5.83,5.83,5.84,4.01,4.01,4.0,4.01
fragment_03975,2,29.68,29.68,29.68,29.68,22.04,22.04,22.04,22.04,15.05,15.05,15.05,15.05,10.39,10.39,10.39,10.39,6.75,6.75,6.75,6.75,4.4,4.4,4.4,4.4,3.02,3.02,3.02,3.02
fragment_03976,6,28.67,28.68,28.53,28.69,19.68,19.7,19.49,19.7,12.59,12.65,12.01,12.65,8.54,8.57,8.26,8.57,6.66,6.7,6.3,6.7,5.44,5.47,5.18,5.47,4.41,4.42,4.33,4.42
fragment_03977,49,29.76,29.76,29.31,30.77,22.01,22.87,20.39,23.52,16.21,17.47,13.15,18.51,12.73,13.75,9.52,15.13,10.38,11.01,8.05,12.04,7.8,8.15,6.45,8.31,5.62,5.71,5.16,5.71
fragment_03978,3,24.81,24.82,24.79,25.07,16.93,16.93,16.92,16.94,12.73,12.73,12.71,12.73,10.08,10.09,10.08,10.14,7.78,7.78,7.78,7.78,5.85,5.85,5.85,5.85,4.32,4.32,4.32,4.32
fragment_03979,6,35.15,35.08,35.02,35.42,32.34,32.33,32.14,32.42,26.48,26.54,26.22,26.54,18.12,18.21,17.75,18.21,12.28,12.36,11.94,12.36,8.84,8.88,8.68,8.89,6.28,6.29,6.26,6.29
fragment_03980,1,28.62,28.62,28.62,28.62,19.6,19.6,19.6,19.6,13.93,13.93,13.93,13.93,10.32,10.32,10.32,10.32,7.85,7.85,7.85,7.85,5.91,5.91,5.91,5.91,4.2,4.2,4.2,4.2
fragment_03981,1,28.91,28.91,28.91,28.91,22.64,22.64,22.64,22.64,17.29,17.29,17.29,17.29,12.86,12.86,12.86,12.86,9.48,9.48,9.48,9.48,6.84,6.84,6.84,6.84,4.8,4.8,4.8,4.8
fragment_03982,2,25.26,25.26,25.26,26.25,17.54,17.54,17.54,18.15,13.41,13.41,13.41,13.9,11.29,11.29,11.29,11.7,9.31,9.31,9.31,9.42,6.72,6.72,6.71,6.72,4.62,4.62,4.62,4.62
fragment_03983,9,29.32,29.28,29.24,29.43,21.41,21.35,21.32,21.52,13.96,13.9,13.89,14.05,9.18,8.97,8.93,9.46,6.71,6.63,6.4,6.95,5.36,5.34,5.0,5.58,4.59,4.63,4.19,4.78
fragment_03984,6,30.75,30.74,30.74,30.8,26.21,26.21,26.21,26.25,19.88,19.88,19.88,19.9,13.66,13.66,13.66,13.75,9.46,9.45,9.45,9.75,7.23,7.22,7.22,7.53,5.74,5.73,5.73,6.11
fragment_03985,1,28.08,28.08,28.08,28.08,19.22,19.22,19.22,19.22,12.91,12.91,12.91,12.91,9.6,9.6,9.6,9.6,7.26,7.26,7.26,7.26,5.49,5.49,5.49,5.49,4.19,4.19,4.19,4.19
fragment_03986,6,31.07,31.02,31.02,31.19,23.45,23.33,23.33,23.89,16.47,16.46,16.45,16.52,12.39,12.64,11.23,12.64,9.02,9.19,8.27,9.19,6.86,6.97,6.39,6.97,5.26,5.31,5.03,5.31
fragment_03987,1,28.66,28.66,28.66,28.66,19.69,19.69,19.69,19.69,14.32,14.32,14.32,14.32,11.23,11.23,11.23,11.23,8.59,8.59,8.59,8.59,6.37,6.37,6.37,6.37,4.51,4.51,4.51,4.51
fragment_03988,2,29.23,29.12,29.12,29.44,21.47,21.39,21.39,21.64,14.52,14.47,14.47,14.63,10.82,10.79,10.79,10.89,8.15,8.13,8.13,8.18,6.04,6.03,6.03,6.06,4.48,4.48,4.48,4.49
fragment_03989,1,28.61,28.61,28.61,28.61,19.67,19.67,19.67,19.67,14.28,14.28,14.28,14.28,10.98,10.98,10.98,10.98,8.58,8.58,8.58,8.58,6.73,6.73,6.73,6.73,4.84,4.84,4.84,4.84
fragment_03990,4,30.07,30.3,29.07,30.33,24.04,24.17,23.46,24.19,18.56,18.64,18.24,18.64,14.62,14.75,14.06,14.76,11.28,11.38,10.86,11.38,8.1,8.12,8.04,8.12,5.59,5.59,5.59,5.59
fragment_03991,5,30.06,30.66,28.91,30.66,25.13,25.98,23.1,25.98,17.61,18.2,16.01,18.2,10.74,10.76,10.66,10.76,6.52,6.52,6.51,6.52,4.24,4.24,4.23,4.24,2.91,2.92,2.91,2.92
fragment_03992,11,31.11,31.09,29.66,32.52,25.23,25.16,24.09,27.83,19.66,19.68,18.73,20.23,14.91,14.95,14.22,15.05,10.12,10.13,10.04,10.14,6.6,6.6,6.59,6.6,4.53,4.53,4.53,4.54
fragment_03993,11,30.25,30.3,29.69,30.3,21.88,21.94,20.32,21.94,15.07,15.12,13.73,15.12,10.44,10.42,9.91,10.96,7.66,7.63,7.09,8.34,5.89,5.86,5.61,6.29,4.43,4.43,4.35,4.45
fragment_03994,8,29.57,29.35,29.35,30.96,23.97,23.57,23.57,26.71,16.93,16.62,16.56,19.12,11.44,11.4,11.39,11.74,7.11,7.11,7.11,7.12,4.63,4.63,4.63,4.63,3.18,3.18,3.18,3.18
fragment_03995,2,30.42,30.38,30.38,30.78,23.97,23.91,23.91,24.46,17.57,17.5,17.5,18.15,11.8,11.76,11.76,12.1,7.52,7.52,7.52,7.52,4.89,4.89,4.89,4.89,3.36,3.36,3.36,3.36
fragment_03996,4,33.02,33.11,32.41,33.11,29.31,29.45,28.33,29.46,22.46,22.55,21.91,22.55,16.41,16.42,16.35,16.42,11.52,11.52,11.49,11.52,8.05,8.06,8.05,8.06,5.59,5.59,5.59,5.59
fragment_03997,2,30.33,30.36,30.15,30.36,23.04,23.08,22.87,23.08,16.03,16.06,15.9,16.06,10.21,10.21,10.2,10.21,6.21,6.21,6.21,6.21,4.04,4.04,4.04,4.04,2.78,2.78,2.77,2.78
fragment_03998,7,29.23,28.55,28.55,30.56,21.12,20.11,20.11,23.03,14.14,12.87,12.87,15.73,10.45,9.27,9.27,11.76,8.17,7.39,7.39,9.03,6.55,6.18,6.18,7.01,5.31,5.05,5.05,5.59
fragment_03999,10,33.95,33.46,30.94,36.47,28.46,27.45,26.24,33.72,20.1,18.83,18.83,25.74,14.32,13.52,13.52,17.6,10.34,9.97,9.97,11.74,7.47,7.4,7.4,7.69,5.27,5.27,5.27,5.28
fragment_04000,12,29.65,29.96,28.75,30.52,24.48,25.64,23.49,26.47,18.04,19.26,17.01,19.59,13.32,14.13,12.67,14.96,9.16,9.37,8.9,9.69,6.28,6.31,6.24,6.31,4.33,4.33,4.32,4.34
fragment_04001,2,29.24,29.12,29.12,29.44,21.47,21.38,21.38,21.64,14.52,14.46,14.46,14.62,10.82,10.77,10.77,10.89,8.18,8.16,8.16,8.22,6.18,6.17,6.17,6.21,4.73,4.73,4.73,4.75
fragment_04002,2,31.77,31.76,31.76,31.78,26.3,26.3,26.3,26.31,20.06,20.05,20.05,20.06,14.48,14.48,14.48,14.49,10.71,10.71,10.71,10.71,7.72,7.72,7.72,7.72,5.37,5.36,5.36,5.37
fragment_04003,1,29.06,29.06,29.06,29.06,20.85,20.85,20.85,20.85,14.88,14.88,14.88,14.88,11.18,11.18,11.18,11.18,7.63,7.63,7.63,7.63,4.97,4.97,4.97,4.97,3.41,3.41,3.41,3.41
fragment_04004,3,26.82,26.82,26.79,26.82,21.41,21.4,21.4,21.48,15.9,15.9,15.9,15.93,11.74,11.73,11.73,11.79,8.93,8.93,8.93,8.96,6.32,6.32,6.32,6.32,4.34,4.34,4.34,4.34
fragment_04005,11,34.33,34.22,32.0,36.04,30.98,30.78,28.97,33.96,26.05,25.75,24.42,29.33,19.1,18.99,18.26,20.38,12.53,12.53,12.5,12.55,8.16,8.15,8.15,8.17,5.6,5.6,5.6,5.61
fragment_04006,1,28.19,28.19,28.19,28.19,19.18,19.18,19.18,19.18,13.02,13.02,13.02,13.02,9.81,9.81,9.81,9.81,7.58,7.58,7.58,7.58,5.7,5.7,5.7,5.7,4.35,4.35,4.35,4.35
fragment_04007,6,27.0,27.04,25.82,27.2,19.15,19.01,19.01,19.53,14.12,13.94,13.94,14.55,10.89,10.91,10.7,11.05,8.39,8.48,7.95,8.58,6.48,6.54,6.17,6.67,5.22,5.28,4.94,5.36
fragment_04008,6,28.43,28.5,28.23,31.83,23.5,23.26,23.01,28.13,17.6,17.37,16.92,20.94,13.26,13.1,13.1,14.67,9.7,9.63,9.61,10.6,7.0,6.99,6.85,7.18,4.93,4.93,4.92,4.94
fragment_04009,2,34.56,34.56,34.48,34.56,32.35,32.37,31.19,32.37,25.77,25.78,25.34,25.78,18.36,18.35,18.35,18.96,12.79,12.78,12.78,13.18,9.09,9.09,9.09,9.26,6.53,6.53,6.53,6.55
fragment_04010,6,28.63,28.63,28.63,28.71,20.13,19.75,19.75,21.32,14.43,13.81,13.81,16.37,12.05,11.47,11.45,14.04,10.59,10.24,10.22,11.9,8.72,8.61,8.6,9.12,6.82,6.79,6.79,6.95
fragment_04011,6,28.52,28.52,28.51,28.53,20.95,20.94,20.94,20.95,14.18,14.18,14.17,14.21,9.87,9.87,9.87,9.94,7.79,7.79,7.79,7.84,5.89,5.89,5.88,5.9,4.05,4.05,4.05,4.06
fragment_04012,1,35.47,35.47,35.47,35.47,30.38,30.38,30.38,30.38,21.89,21.89,21.89,21.89,13.61,13.61,13.61,13.61,8.28,8.28,8.28,8.28,5.39,5.39,5.39,5.39,3.7,3.7,3.7,3.7
fragment_04013,1,28.01,28.01,28.01,28.01,19.67,19.67,19.67,19.67,13.32,13.32,13.32,13.32,9.77,9.77,9.77,9.77,7.43,7.43,7.43,7.43,5.43,5.43,5.43,5.43,3.78,3.78,3.78,3.78
fragment_04014,1,35.23,35.23,35.23,35.23,29.22,29.22,29.22,29.22,22.12,22.12,22.12,22.12,14.78,14.78,14.78,14.78,9.22,9.22,9.22,9.22,6.0,6.0,6.0,6.0,4.12,4.12,4.12,4.12
fragment_04015,4,36.34,36.27,33.69,36.46,32.3,33.29,29.61,33.29,23.39,24.34,22.34,24.34,13.88,13.91,13.84,13.92,8.42,8.43,8.41,8.44,5.48,5.48,5.47,5.49,3.76,3.77,3.76,3.77
fragment_04016,6,34.1,33.53,33.39,35.52,29.43,28.3,28.16,32.09,20.0,19.2,19.11,21.89,12.94,12.83,12.79,13.23,8.01,8.01,8.01,8.02,5.21,5.21,5.21,5.22,3.58,3.58,3.58,3.59
fragment_04017,1,33.9,33.9,33.9,33.9,28.4,28.4,28.4,28.4,21.2,21.2,21.2,21.2,14.88,14.88,14.88,14.88,10.5,10.5,10.5,10.5,7.58,7.58,7.58,7.58,5.51,5.51,5.51,5.51
fragment_04018,6,28.79,28.58,28.58,30.58,20.41,20.11,20.11,22.84,12.95,12.75,12.75,14.47,9.08,8.94,8.94,10.12,6.87,6.78,6.78,7.51,5.49,5.46,5.34,5.81,4.29,4.28,4.22,4.4
fragment_04019,6,36.09,36.35,33.31,36.35,34.81,35.32,28.88,35.32,29.28,29.88,22.94,29.88,21.83,22.22,17.22,22.22,14.9,15.11,12.07,15.11,9.98,10.04,8.84,10.04,6.89,6.9,6.7,6.9
fragment_04020,3,28.21,28.2,28.2,28.25,23.42,23.4,23.4,23.49,17.15,17.14,17.14,17.18,11.2,11.2,11.2,11.2,7.52,7.52,7.52,7.52,4.97,4.97,4.97,4.97,3.41,3.41,3.41,3.41
fragment_04021,18,30.49,30.85,28.95,32.63,22.33,23.0,19.55,25.29,15.56,16.0,13.08,18.37,11.34,11.52,9.88,12.52,7.93,7.99,7.16,8.31,5.39,5.41,5.24,5.42,3.71,3.72,3.71,3.72
fragment_04022,3,32.34,32.38,30.21,32.38,26.59,26.66,22.35,26.66,21.49,21.57,16.64,21.57,15.65,15.71,11.89,15.71,10.83,10.87,8.81,10.87,7.4,7.41,6.71,7.41,5.1,5.1,4.97,5.1
fragment_04023,19,33.4,32.24,32.24,36.95,28.17,26.62,26.22,32.22,20.37,19.42,18.9,22.76,12.72,12.64,12.22,12.95,7.8,7.79,7.79,7.84,5.08,5.07,5.07,5.1,3.49,3.48,3.48,3.51
fragment_04024,2,31.99,31.64,31.64,33.18,27.01,27.09,26.76,27.09,20.31,20.56,19.47,20.56,13.09,13.16,12.84,13.16,7.99,7.99,7.99,7.99,5.2,5.2,5.2,5.2,3.57,3.57,3.57,3.57
fragment_04025,10,26.94,26.05,24.83,28.49,20.61,19.69,18.79,23.28,16.48,15.34,15.34,18.83,12.92,11.76,11.76,15.01,9.99,9.28,9.28,11.24,7.43,7.24,7.17,7.73,5.3,5.3,5.29,5.31
fragment_04026,1,31.86,31.86,31.86,31.86,26.43,26.43,26.43,26.43,20.48,20.48,20.48,20.48,15.93,15.93,15.93,15.93,12.05,12.05,12.05,12.05,8.74,8.74,8.74,8.74,6.51,6.51,6.51,6.51
fragment_04027,10,27.42,26.7,26.06,30.86,21.69,21.21,20.61,25.36,17.38,17.32,16.32,20.53,13.88,13.69,12.96,16.18,11.13,10.89,10.55,12.46,8.4,8.34,8.19,8.67,5.95,5.95,5.95,5.96
fragment_04028,2,29.87,29.87,29.87,29.87,22.26,22.26,22.26,22.27,15.43,15.43,15.43,15.43,11.17,11.17,11.17,11.17,8.14,8.14,8.14,8.14,6.15,6.15,6.15,6.15,4.33,4.33,4.33,4.33
fragment_04029,1,29.2,29.2,29.2,29.2,21.9,21.9,21.9,21.9,15.35,15.35,15.35,15.35,10.5,10.5,10.5,10.5,7.72,7.72,7.72,7.72,5.4,5.4,5.4,5.4,3.74,3.74,3.74,3.74
fragment_04030,16,28.68,28.69,28.51,28.71,19.67,19.67,19.48,19.71,12.6,12.61,12.02,12.64,8.5,8.5,8.25,8.51,6.55,6.55,6.22,6.56,5.3,5.29,5.1,5.31,4.33,4.33,4.12,4.4
fragment_04031,2,33.52,33.52,33.52,33.52,26.46,26.46,26.45,26.46,18.84,18.84,18.84,18.84,13.13,13.13,13.13,13.13,9.56,9.56,9.56,9.56,6.92,6.92,6.92,6.92,4.84,4.84,4.84,4.84
fragment_04032,8,31.7,31.9,29.95,33.33,27.29,27.77,23.93,30.01,21.36,21.88,17.64,25.0,16.15,16.53,13.41,18.46,11.79,11.99,10.39,12.21,7.93,7.95,7.76,7.95,5.46,5.46,5.45,5.46
fragment_04033,2,28.67,28.67,28.67,28.67,22.1,22.1,22.1,22.1,16.28,16.28,16.28,16.28,11.71,11.71,11.71,11.72,8.48,8.48,8.48,8.48,5.74,5.74,5.74,5.74,3.94,3.94,3.94,3.94
fragment_04034,1,28.21,28.21,28.21,28.21,22.56,22.56,22.56,22.56,15.34,15.34,15.34,15.34,10.99,10.99,10.99,10.99,8.31,8.31,8.31,8.31,6.17,6.17,6.17,6.17,4.6,4.6,4.6,4.6
fragment_04035,2,29.75,29.76,29.74,29.76,22.15,22.16,22.15,22.16,15.46,15.46,15.46,15.46,11.49,11.49,11.48,11.49,8.41,8.41,8.41,8.41,6.14,6.14,6.14,6.14,4.41,4.41,4.41,4.41
fragment_04036,5,30.23,30.18,30.16,31.95,21.7,21.6,21.58,24.53,15.47,15.38,15.38,16.92,11.14,11.1,11.09,11.91,7.59,7.58,7.58,7.6,4.95,4.95,4.94,4.95,3.4,3.4,3.4,3.4
fragment_04037,3,31.07,31.07,31.05,32.3,29.28,29.29,27.6,29.29,22.09,22.11,19.2,22.11,15.56,15.57,14.29,15.57,10.84,10.84,10.66,10.84,7.56,7.56,7.56,7.59,5.36,5.36,5.36,5.37
fragment_04038,3,26.33,26.32,26.32,26.41,20.46,20.45,20.45,20.59,15.11,15.1,15.1,15.2,11.04,11.04,11.04,11.11,7.88,7.88,7.88,7.9,5.27,5.27,5.27,5.27,3.62,3.62,3.62,3.62
fragment_04039,6,28.69,28.74,28.49,28.74,20.52,20.76,19.5,20.76,13.99,14.27,12.86,14.27,10.41,10.52,9.91,10.52,8.13,8.15,8.0,8.15,6.4,6.43,6.26,6.43,5.07,5.08,5.02,5.09
fragment_04040,4,29.53,29.52,29.52,32.05,27.6,27.6,27.55,27.61,20.72,20.73,19.23,20.73,14.59,14.59,13.99,14.59,10.28,10.28,10.08,10.28,7.28,7.28,7.24,7.28,5.32,5.32,5.31,5.32
fragment_04041,30,30.02,29.97,29.93,34.22,22.46,22.42,22.41,29.49,16.91,17.24,16.03,23.09,13.34,13.77,11.7,17.61,10.72,11.03,9.16,12.39,8.09,8.17,7.19,8.35,5.73,5.74,5.56,5.74
fragment_04042,17,35.24,35.16,33.68,37.07,30.43,29.7,29.7,33.15,23.03,22.04,22.04,25.41,16.14,15.7,15.45,16.87,10.27,10.26,10.18,10.32,6.68,6.68,6.68,6.72,4.59,4.59,4.59,4.62
fragment_04043,11,30.01,29.97,29.29,32.75,25.84,26.25,24.35,29.46,19.92,20.28,18.64,23.03,15.67,15.99,14.55,17.86,11.78,12.1,10.82,13.49,8.86,9.11,8.31,9.55,6.52,6.57,6.34,6.57
fragment_04044,9,30.87,30.84,30.79,30.9,23.72,23.68,23.64,23.75,18.83,18.81,18.81,18.87,14.39,14.4,14.16,14.81,10.98,10.99,10.69,11.36,8.35,8.35,8.2,8.56,6.11,6.11,6.08,6.11
fragment_04045,12,28.67,28.69,28.58,29.0,20.62,20.85,19.64,22.04,14.59,14.87,13.63,15.98,11.3,11.53,10.61,12.09,8.98,9.09,8.69,9.12,6.88,6.93,6.73,6.95,5.42,5.45,5.33,5.45
fragment_04046,7,29.65,29.63,29.2,29.85,24.19,24.18,23.78,24.29,17.5,17.52,17.07,17.52,12.29,12.3,12.09,12.3,7.8,7.8,7.79,7.8,5.07,5.07,5.07,5.07,3.49,3.49,3.49,3.49
fragment_04047,6,33.51,33.9,31.49,34.63,28.77,29.72,24.89,30.45,20.38,21.42,16.5,21.8,12.81,13.27,11.09,13.42,8.14,8.29,7.57,8.3,5.39,5.39,5.37,5.4,3.71,3.71,3.7,3.71
fragment_04048,15,30.93,30.57,29.93,34.8,22.23,21.75,21.75,29.88,16.32,16.13,15.98,24.12,12.19,11.85,11.84,17.25,9.04,8.66,8.65,11.48,6.86,6.69,6.68,7.51,5.1,5.07,5.07,5.16
fragment_04049,4,28.54,28.55,28.51,28.55,20.47,20.52,20.3,20.52,14.65,14.69,14.49,14.69,11.21,11.23,11.13,11.23,8.18,8.19,8.16,8.19,5.87,5.87,5.87,5.87,4.12,4.12,4.12,4.12
fragment_04050,43,29.9,29.78,29.08,31.16,24.19,23.86,23.76,27.16,17.67,17.44,17.3,19.87,12.9,12.75,12.57,13.91,9.59,9.55,9.38,10.33,7.51,7.46,7.26,8.25,6.03,5.96,5.76,7.08
fragment_04051,3,36.56,36.56,36.54,36.57,32.45,32.45,32.16,33.02,23.64,23.64,23.64,24.91,17.78,17.78,17.78,18.05,12.4,12.4,12.31,12.43,8.23,8.23,8.23,8.25,5.65,5.65,5.65,5.67
fragment_04052,7,31.03,31.14,29.67,31.76,26.24,26.45,23.06,27.54,20.53,20.76,16.76,21.2,15.98,16.19,13.17,16.19,11.71,11.82,10.21,11.85,7.97,8.0,7.66,8.0,5.49,5.49,5.48,5.49
fragment_04053,2,30.13,30.14,30.12,30.14,23.5,23.5,23.5,23.5,17.17,17.17,17.16,17.17,12.74,12.74,12.73,12.74,9.54,9.55,9.54,9.55,6.6,6.6,6.6,6.6,4.53,4.53,4.53,4.53
fragment_04054,5,31.64,31.61,31.61,31.85,25.67,25.68,25.54,25.69,20.08,20.12,19.53,20.12,16.92,16.95,16.54,16.95,13.24,13.24,13.24,13.27,9.07,9.07,9.07,9.07,6.23,6.23,6.23,6.23
fragment_04055,10,29.82,30.03,28.82,30.04,22.28,22.61,19.58,22.81,15.79,15.99,13.69,16.24,11.67,11.67,10.44,12.06,8.75,8.7,8.15,8.99,6.48,6.46,6.26,6.57,4.61,4.61,4.6,4.61
fragment_04056,1,29.02,29.02,29.02,29.02,25.83,25.83,25.83,25.83,19.85,19.85,19.85,19.85,15.17,15.17,15.17,15.17,10.63,10.63,10.63,10.63,6.98,6.98,6.98,6.98,4.79,4.79,4.79,4.79
fragment_04057,3,33.68,33.59,33.59,33.99,30.95,30.89,30.89,31.13,27.17,27.41,26.72,27.41,22.01,22.29,21.44,22.29,16.39,16.51,16.14,16.51,11.37,11.38,11.36,11.38,7.87,7.87,7.86,7.87
fragment_04058,4,33.79,33.73,31.83,34.03,27.13,27.2,26.19,27.2,18.23,18.28,17.72,18.28,11.38,11.37,11.06,11.42,6.97,6.97,6.96,6.97,4.54,4.53,4.53,4.54,3.12,3.12,3.11,3.12
fragment_04059,4,29.7,29.69,29.69,29.71,22.12,22.11,22.11,22.12,15.27,15.27,15.27,15.28,10.85,10.85,10.85,10.86,8.04,8.04,8.03,8.04,6.24,6.24,6.24,6.24,4.9,4.9,4.9,4.9
fragment_04060,4,33.45,33.48,31.85,33.48,27.19,27.29,26.1,27.29,18.05,18.13,17.75,18.18,11.09,11.12,11.01,11.41,6.95,6.95,6.95,6.96,4.53,4.52,4.52,4.53,3.11,3.11,3.11,3.11
fragment_04061,16,31.85,32.06,28.54,32.08,27.08,27.49,20.16,27.49,21.34,21.66,13.89,22.0,17.06,17.14,11.64,17.74,12.68,12.67,10.09,13.05,8.62,8.64,8.08,8.67,5.95,5.95,5.93,5.96
fragment_04062,5,30.74,30.78,30.37,33.36,22.99,23.0,22.75,27.46,16.32,16.28,16.19,19.66,12.2,12.18,12.1,14.03,8.98,8.98,8.95,9.88,6.55,6.54,6.54,6.62,4.54,4.54,4.54,4.55
fragment_04063,1,29.26,29.26,29.26,29.26,21.36,21.36,21.36,21.36,15.91,15.91,15.91,15.91,12.89,12.89,12.89,12.89,10.2,10.2,10.2,10.2,7.55,7.55,7.55,7.55,5.36,5.36,5.36,5.36
fragment_04064,4,30.1,30.17,29.69,30.17,22.56,22.63,22.19,22.63,15.07,15.11,14.85,15.11,10.56,10.6,10.38,10.6,7.97,7.99,7.85,7.99,6.26,6.24,6.14,6.33,5.09,5.06,5.0,5.17
fragment_04065,33,32.59,32.51,31.9,32.76,27.95,27.84,25.61,28.34,22.97,22.86,19.79,23.43,17.65,17.63,14.93,17.9,11.94,11.95,10.43,12.0,7.83,7.83,7.42,7.83,5.38,5.38,5.36,5.38
fragment_04066,2,32.55,32.54,32.54,32.55,25.16,25.16,25.16,25.17,18.09,18.09,18.09,18.09,12.93,12.93,12.93,12.93,9.35,9.35,9.35,9.35,6.86,6.86,6.86,6.86,4.9,4.9,4.9,4.9
fragment_04067,25,31.49,31.54,28.79,31.88,24.97,25.25,19.29,25.36,18.7,18.93,12.49,19.0,13.31,13.38,8.93,13.52,9.96,9.82,6.87,10.16,8.01,7.74,5.83,8.3,6.37,6.2,4.94,6.52
fragment_04068,11,31.7,30.8,30.4,33.25,24.65,23.0,22.58,26.94,16.56,15.61,14.9,18.14,11.48,11.29,10.83,11.99,7.71,7.71,7.68,7.73,5.03,5.03,5.02,5.03,3.46,3.46,3.45,3.46
fragment_04069,3,28.77,28.55,28.55,30.59,20.41,20.13,20.13,22.83,13.01,12.83,12.83,14.57,9.24,9.11,9.11,10.35,7.04,6.95,6.95,7.77,5.61,5.55,5.55,6.04,4.47,4.44,4.44,4.69
fragment_04070,4,33.93,33.69,33.69,36.37,28.67,28.2,28.2,33.17,21.86,21.25,21.25,27.59,16.98,16.47,16.47,21.67,13.7,13.37,13.37,16.69,10.96,10.77,10.77,12.6,8.55,8.5,8.5,8.97
fragment_04071,18,31.33,31.64,29.22,31.64,21.56,21.58,20.22,21.74,14.45,14.7,12.83,14.8,9.88,10.13,8.38,10.13,7.04,7.14,6.07,7.16,5.47,5.56,4.75,5.57,4.37,4.43,3.85,4.44
fragment_04072,1,28.99,28.99,28.99,28.99,20.78,20.78,20.78,20.78,15.25,15.25,15.25,15.25,11.76,11.76,11.76,11.76,8.87,8.87,8.87,8.87,6.63,6.63,6.63,6.63,4.71,4.71,4.71,4.71
fragment_04073,8,30.81,30.8,30.8,31.13,23.46,23.44,23.34,23.48,16.61,16.64,16.17,16.65,11.56,11.57,11.51,12.47,8.5,8.48,8.48,9.42,6.52,6.52,6.51,7.12,5.13,5.12,5.12,5.42
fragment_04074,6,31.48,30.85,30.61,33.08,23.93,23.07,22.9,25.23,14.09,13.71,13.7,14.65,8.01,8.01,8.0,8.03,4.85,4.85,4.85,4.87,3.16,3.16,3.15,3.17,2.17,2.17,2.17,2.18
fragment_04075,2,32.13,32.13,32.13,32.13,25.36,25.36,25.36,25.36,18.8,18.8,18.8,18.8,14.87,14.87,14.87,14.87,10.96,10.97,10.96,10.97,7.37,7.37,7.37,7.37,5.06,5.06,5.06,5.06
fragment_04076,1,33.73,33.73,33.73,33.73,28.33,28.33,28.33,28.33,20.85,20.85,20.85,20.85,14.35,14.35,14.35,14.35,10.3,10.3,10.3,10.3,7.52,7.52,7.52,7.52,5.34,5.34,5.34,5.34
fragment_04077,11,34.55,34.88,31.52,35.48,29.31,29.8,24.89,30.17,20.18,20.54,16.6,21.46,12.73,12.87,11.25,13.5,8.22,8.26,7.81,8.3,5.39,5.39,5.38,5.4,3.71,3.7,3.7,3.71
fragment_04078,10,32.43,34.49,29.76,34.49,28.55,30.78,25.71,30.78,22.75,24.37,20.91,24.37,17.15,18.02,16.31,18.02,11.59,11.65,11.54,11.65,7.58,7.58,7.57,7.59,5.21,5.21,5.2,5.21
fragment_04079,32,30.8,30.79,30.78,30.81,23.74,23.74,23.73,23.75,16.67,16.67,16.67,16.68,11.49,11.49,11.48,11.49,7.78,7.78,7.78,7.78,5.62,5.63,5.56,5.64,4.39,4.41,4.24,4.43
fragment_04080,9,33.54,33.32,32.91,35.14,27.43,27.3,26.24,29.94,21.32,21.18,19.99,23.91,14.73,14.79,13.67,15.42,9.36,9.38,9.24,9.39,6.1,6.1,6.09,6.11,4.19,4.19,4.18,4.2
fragment_04081,8,28.67,28.68,28.56,28.68,20.6,20.69,19.51,20.7,14.05,14.14,12.8,14.28,10.1,10.14,9.37,10.26,7.38,7.4,7.04,7.59,5.48,5.49,5.28,5.65,4.3,4.3,4.17,4.47
fragment_04082,5,32.0,32.48,30.92,32.48,26.17,26.75,25.06,26.75,18.58,18.89,17.96,18.89,11.18,11.18,11.15,11.19,6.77,6.77,6.77,6.78,4.41,4.41,4.4,4.41,3.03,3.03,3.03,3.03
fragment_04083,16,28.69,28.7,28.56,28.7,20.63,20.77,19.53,20.81,14.11,14.32,12.82,14.34,10.21,10.29,9.55,10.34,7.77,7.79,7.47,7.83,6.07,6.08,5.88,6.13,4.93,4.94,4.74,5.01
fragment_04084,32,33.89,33.61,32.63,35.55,27.83,27.52,26.26,31.32,22.23,21.68,19.94,25.93,16.48,16.16,14.11,18.93,11.49,11.42,10.29,12.02,7.8,7.81,7.59,7.83,5.36,5.37,5.35,5.38
fragment_04085,10,35.44,35.53,32.95,35.59,33.84,34.07,29.66,34.16,28.99,29.29,24.2,29.35,21.15,21.3,19.3,21.34,13.49,13.52,13.26,13.52,8.8,8.8,8.8,8.8,6.04,6.04,6.04,6.05
fragment_04086,18,33.16,32.24,32.24,36.93,27.86,26.62,26.2,32.15,20.16,19.41,18.9,22.72,12.7,12.64,12.22,12.93,7.8,7.79,7.78,7.84,5.08,5.07,5.07,5.1,3.49,3.48,3.48,3.5
fragment_04087,6,31.98,31.89,31.39,32.26,26.36,26.48,25.61,27.45,20.55,20.9,19.35,21.9,15.29,15.44,14.55,16.3,11.43,11.49,11.15,11.66,8.38,8.4,8.27,8.43,5.92,5.92,5.92,5.93
fragment_04088,1,30.29,30.29,30.29,30.29,24.26,24.26,24.26,24.26,18.43,18.43,18.43,18.43,13.19,13.19,13.19,13.19,10.19,10.19,10.19,10.19,7.75,7.75,7.75,7.75,5.51,5.51,5.51,5.51
fragment_04089,7,30.75,31.42,29.94,33.11,25.62,27.04,23.82,29.55,19.64,21.26,17.27,24.23,14.82,15.85,13.22,17.63,10.75,11.15,10.08,11.26,7.32,7.33,7.25,7.33,5.03,5.04,5.03,5.04
fragment_04090,6,29.8,30.04,29.29,30.04,22.19,22.64,21.06,22.64,15.63,15.95,14.54,15.95,11.39,11.65,10.52,11.7,8.95,9.23,8.07,9.28,7.15,7.41,6.41,7.46,5.58,5.74,5.09,5.77
fragment_04091,4,33.77,33.77,32.33,34.86,28.04,28.04,27.03,31.93,20.97,20.97,20.97,24.47,15.93,15.93,15.82,17.35,11.3,11.3,11.18,11.93,7.9,7.9,7.89,7.93,5.44,5.44,5.44,5.45
fragment_04092,18,32.79,32.84,30.33,34.21,26.58,26.36,22.65,29.32,20.99,20.68,17.03,23.95,15.71,15.43,12.47,17.3,11.07,10.97,9.48,11.55,7.52,7.53,7.17,7.54,5.18,5.18,5.16,5.18
fragment_04093,13,32.93,32.02,31.81,34.48,28.01,26.49,25.82,31.04,20.41,19.17,18.82,23.18,12.92,12.59,12.59,13.46,8.12,8.1,8.1,8.15,5.29,5.29,5.28,5.31,3.64,3.63,3.63,3.65
fragment_04094,21,31.6,31.49,30.14,33.95,22.95,22.49,22.12,27.97,16.47,16.11,15.64,20.94,12.34,12.39,11.5,14.56,8.84,9.07,8.28,9.41,6.08,6.11,5.96,6.13,4.2,4.2,4.2,4.21
fragment_04095,2,24.18,24.19,24.17,24.19,15.94,15.95,15.94,15.95,12.68,12.68,12.68,12.68,10.11,10.11,10.11,10.11,7.68,7.68,7.68,7.68,5.68,5.68,5.68,5.68,4.03,4.03,4.03,4.03
fragment_04096,11,32.01,32.11,31.82,32.12,25.92,26.33,25.43,26.34,20.67,21.28,20.0,21.28,15.82,16.16,15.37,16.16,11.38,11.59,11.0,11.59,8.47,8.61,8.23,8.61,6.35,6.39,6.24,6.42
fragment_04097,4,29.39,29.51,29.22,29.51,23.2,23.5,22.76,23.5,17.14,17.59,16.49,17.59,11.15,11.23,11.03,11.23,6.83,6.83,6.83,6.83,4.45,4.45,4.45,4.45,3.06,3.06,3.06,3.06
fragment_04098,4,34.4,34.74,31.3,34.74,30.24,31.17,24.96,31.17,24.78,25.96,18.56,25.96,17.95,18.72,13.82,18.72,12.04,12.36,10.35,12.36,8.01,8.07,7.65,8.07,5.54,5.54,5.54,5.55
fragment_04099,1,28.0,28.0,28.0,28.0,17.86,17.86,17.86,17.86,8.88,8.88,8.88,8.88,4.86,4.86,4.86,4.86,2.95,2.95,2.95,2.95,1.92,1.92,1.92,1.92,1.32,1.32,1.32,1.32
fragment_04100,1,34.49,34.49,34.49,34.49,30.27,30.27,30.27,30.27,24.37,24.37,24.37,24.37,17.89,17.89,17.89,17.89,12.35,12.35,12.35,12.35,8.21,8.21,8.21,8.21,5.64,5.64,5.64,5.64
fragment_04101,2,29.25,29.12,29.12,29.7,21.52,21.39,21.39,21.93,14.49,14.41,14.41,14.76,10.62,10.57,10.57,10.81,7.87,7.85,7.85,7.95,5.56,5.55,5.55,5.57,3.82,3.82,3.82,3.83
fragment_04102,2,33.89,33.9,32.73,33.9,28.42,28.42,28.42,28.51,21.06,21.05,21.05,21.85,14.56,14.55,14.55,14.94,9.14,9.14,9.14,9.15,5.95,5.95,5.95,5.96,4.09,4.09,4.09,4.09
fragment_04103,6,29.8,29.77,29.77,29.84,22.16,22.14,22.14,22.19,15.31,15.28,15.28,15.35,11.1,11.05,11.05,11.18,8.01,7.97,7.96,8.09,6.2,6.15,6.15,6.33,5.24,5.19,5.18,5.33
fragment_04104,11,29.75,29.39,29.26,32.83,24.57,24.81,23.49,29.47,19.67,20.4,17.84,23.4,14.78,15.37,13.76,15.86,9.76,9.81,9.63,9.83,6.38,6.39,6.36,6.4,4.38,4.39,4.37,4.4
fragment_04105,19,30.21,30.17,30.17,31.56,25.57,25.61,25.24,30.55,19.51,19.57,18.95,25.63,14.51,14.48,14.15,20.46,10.94,10.78,10.49,15.49,8.58,8.37,8.07,11.44,6.86,6.7,6.49,8.01
fragment_04106,5,30.26,31.36,29.44,31.36,25.09,27.18,23.67,27.18,18.17,20.18,16.81,20.18,13.25,14.66,12.31,14.66,10.08,11.02,9.43,11.02,7.72,8.3,7.32,8.3,5.93,6.16,5.77,6.16
fragment_04107,2,29.31,29.31,29.3,29.31,26.55,26.55,26.55,26.55,19.21,19.22,19.21,19.22,13.32,13.32,13.32,13.32,9.72,9.72,9.72,9.72,7.09,7.09,7.09,7.09,5.25,5.25,5.25,5.25
fragment_04108,4,32.15,31.91,31.91,32.49,25.04,24.6,24.6,25.65,18.75,18.43,18.43,19.21,13.32,13.33,13.31,13.34,8.86,8.86,8.85,8.86,5.85,5.85,5.85,5.86,4.02,4.02,4.02,4.02
fragment_04109,22,30.56,31.03,28.87,33.27,22.3,23.34,19.27,26.92,14.84,15.93,12.14,19.68,9.93,10.54,8.24,12.6,6.91,7.3,5.75,7.86,4.91,5.11,4.24,5.11,3.5,3.51,3.3,3.51
fragment_04110,7,30.45,30.65,28.93,30.65,26.75,26.85,25.31,27.97,21.22,21.24,19.93,23.12,15.8,15.84,14.66,17.0,11.05,11.07,10.74,11.14,7.33,7.33,7.33,7.34,5.04,5.04,5.04,5.05
fragment_04111,21,31.62,31.26,30.02,34.73,22.88,22.08,21.66,28.08,15.42,14.42,14.42,20.88,10.8,9.84,9.84,14.23,7.9,7.23,7.23,9.47,5.87,5.63,5.63,6.2,4.24,4.23,4.23,4.26
fragment_04112,8,29.64,30.84,27.88,31.37,20.09,21.05,18.13,21.21,13.35,13.55,12.69,13.55,10.08,10.31,9.5,10.31,7.78,7.96,7.26,7.96,6.07,6.18,5.79,6.18,4.64,4.67,4.52,4.67
fragment_04113,18,28.37,28.4,28.19,28.54,19.47,19.46,19.31,20.24,12.65,12.65,12.4,13.65,8.91,8.91,8.72,9.58,6.53,6.51,6.42,6.96,4.92,4.9,4.82,5.25,3.9,3.88,3.82,4.2
fragment_04114,12,29.85,29.86,29.83,29.86,22.22,22.22,22.2,22.22,15.34,15.34,15.33,15.35,11.18,11.18,10.84,11.26,8.86,8.87,8.21,8.93,7.38,7.38,6.61,7.46,5.72,5.72,5.13,5.81
fragment_04115,26,30.72,30.82,29.25,33.28,25.22,25.93,23.73,29.33,19.13,19.78,17.36,22.48,13.58,13.92,12.55,14.33,8.65,8.66,8.53,8.69,5.63,5.63,5.63,5.66,3.87,3.87,3.86,3.89
fragment_04116,6,32.08,32.11,28.92,32.11,25.14,25.18,19.58,25.63,18.08,18.11,13.63,18.71,11.41,11.41,10.26,11.52,6.99,6.99,6.98,6.99,4.55,4.55,4.54,4.55,3.12,3.12,3.12,3.12
fragment_04117,4,30.46,30.5,30.29,30.58,23.59,23.59,23.58,24.2,17.02,17.01,17.01,17.44,12.48,12.48,12.48,12.83,9.43,9.42,9.42,9.69,6.84,6.84,6.84,6.89,4.75,4.75,4.75,4.75
fragment_04118,1,28.41,28.41,28.41,28.41,20.06,20.06,20.06,20.06,13.81,13.81,13.81,13.81,10.55,10.55,10.55,10.55,8.46,8.46,8.46,8.46,6.68,6.68,6.68,6.68,5.29,5.29,5.29,5.29
fragment_04119,9,28.58,28.59,28.21,28.6,20.26,20.3,19.32,20.31,13.54,13.58,12.36,13.63,9.63,9.66,8.69,9.66,7.12,7.14,6.47,7.16,5.47,5.5,4.88,5.51,3.97,3.98,3.71,3.98
fragment_04120,4,28.04,28.03,28.03,28.06,18.93,18.93,18.93,18.94,13.06,13.09,12.86,13.26,10.19,10.33,9.95,10.62,8.57,8.65,8.13,9.11,7.17,7.17,6.74,7.59,5.77,5.8,5.55,5.92
fragment_04121,2,28.81,28.81,28.8,28.81,24.24,24.24,24.24,24.24,18.03,18.03,18.03,18.03,13.26,13.26,13.26,13.26,9.32,9.32,9.32,9.32,6.67,6.67,6.66,6.67,4.91,4.91,4.91,4.91
fragment_04122,2,32.91,32.91,32.91,32.91,25.98,25.98,25.98,25.98,18.38,18.38,18.38,18.38,12.14,12.14,12.14,12.14,7.97,7.97,7.97,7.97,5.28,5.28,5.28,5.28,3.63,3.63,3.63,3.63
fragment_04123,4,29.73,29.73,29.72,29.74,22.13,22.13,22.13,22.13,16.21,16.21,16.2,16.21,13.51,13.51,13.5,13.51,11.05,11.05,11.04,11.05,8.11,8.11,8.11,8.11,5.6,5.6,5.6,5.6
fragment_04124,19,36.02,36.81,32.17,37.59,31.86,33.18,25.79,33.84,23.17,24.26,18.76,24.61,14.37,14.61,13.49,14.61,8.84,8.86,8.8,8.87,5.76,5.76,5.75,5.77,3.96,3.96,3.95,3.97
fragment_04125,5,32.32,31.56,31.56,33.8,26.26,24.86,24.86,28.99,18.4,17.01,17.01,21.09,12.94,12.32,12.32,14.17,8.95,8.78,8.78,9.3,6.05,6.05,6.05,6.06,4.15,4.15,4.15,4.16
fragment_04126,17,29.96,29.64,29.37,32.26,23.36,22.65,22.65,28.44,16.87,15.87,15.85,21.21,11.72,10.88,10.88,13.89,8.0,7.69,7.69,8.41,5.44,5.4,5.4,5.48,3.75,3.75,3.74,3.76
fragment_04127,33,31.1,31.01,28.78,31.59,21.48,21.49,20.23,21.72,14.2,14.18,12.83,14.77,9.68,9.62,8.37,10.11,6.95,6.94,6.06,7.19,5.46,5.44,4.74,5.68,4.46,4.49,3.88,4.59
fragment_04128,4,30.8,30.81,30.78,30.81,23.74,23.74,23.73,23.74,16.95,16.88,16.88,17.02,12.42,12.27,12.27,12.59,8.59,8.44,8.44,8.77,5.78,5.78,5.78,5.78,3.97,3.97,3.97,3.97
fragment_04129,35,31.86,30.74,30.2,37.58,30.39,28.65,26.46,36.93,25.24,24.15,21.67,29.98,19.21,18.69,16.9,20.82,13.49,13.17,11.83,14.41,9.81,9.66,8.62,10.38,7.35,7.26,6.64,7.54
fragment_04130,2,31.57,31.5,31.5,35.66,25.18,25.08,25.08,31.55,18.51,18.42,18.42,24.12,14.48,14.45,14.45,16.64,10.44,10.44,10.44,10.82,7.04,7.04,7.04,7.05,4.84,4.84,4.84,4.84
fragment_04131,19,30.88,30.93,28.94,31.49,22.33,21.6,20.21,24.02,15.66,14.64,12.97,17.64,11.32,10.39,9.15,12.96,8.36,7.66,6.87,9.84,6.48,6.06,5.49,7.36,4.96,4.8,4.5,5.21
fragment_04132,14,28.16,28.16,28.15,28.19,19.81,19.81,19.8,19.83,13.64,13.74,13.24,14.11,10.76,10.93,10.06,11.64,9.18,9.39,8.47,10.74,8.01,8.21,7.27,9.61,6.96,7.0,6.37,8.2
fragment_04133,6,30.85,30.81,30.8,30.98,23.4,23.32,23.32,23.67,16.51,16.45,16.45,16.72,12.69,12.82,12.26,12.82,9.72,9.9,9.12,9.9,7.35,7.46,6.95,7.48,5.59,5.65,5.41,5.65
fragment_04134,12,29.54,29.44,28.85,31.21,23.96,23.6,23.58,27.03,17.43,17.0,16.96,19.7,12.95,12.74,12.66,15.05,9.25,9.18,8.99,10.34,6.66,6.62,6.62,6.8,4.67,4.67,4.66,4.67
fragment_04135,6,32.7,32.9,29.78,33.04,26.44,27.31,20.97,27.43,20.89,21.63,15.26,21.85,15.28,15.23,11.16,15.71,10.94,10.81,8.43,11.3,7.5,7.52,6.68,7.56,5.19,5.19,5.11,5.19
fragment_04136,10,24.19,24.13,24.08,26.54,16.55,16.46,15.11,19.87,12.86,12.81,12.03,15.27,10.23,10.18,10.18,12.69,8.13,8.09,8.09,9.79,6.28,6.25,6.25,7.39,4.99,4.97,4.97,5.52
fragment_04137,2,29.37,29.38,29.24,29.38,22.07,22.07,22.07,22.09,17.24,17.25,16.97,17.25,13.61,13.62,13.19,13.62,10.1,10.1,10.1,10.1,7.5,7.5,7.5,7.51,5.33,5.33,5.33,5.34
fragment_04138,3,30.85,30.76,30.72,31.18,22.54,22.79,21.87,22.79,15.59,15.74,15.18,15.74,11.36,11.24,11.23,11.74,8.6,8.54,8.53,8.78,6.91,6.89,6.88,6.97,5.67,5.63,5.63,5.77
fragment_04139,3,30.81,30.54,30.54,32.66,23.31,22.89,22.89,27.05,17.41,17.17,17.17,20.19,12.27,12.23,12.23,12.68,7.76,7.76,7.76,7.77,5.05,5.05,5.05,5.06,3.47,3.47,3.47,3.47
fragment_04140,4,32.75,33.02,32.28,33.02,28.84,29.26,28.19,29.26,22.17,22.4,21.83,22.4,16.29,16.32,16.25,16.32,11.21,11.23,11.19,11.23,7.9,7.91,7.89,7.91,5.72,5.72,5.71,5.72
fragment_04141,3,30.68,31.12,30.01,31.12,23.61,24.28,22.62,24.28,15.8,16.29,15.06,16.29,10.13,10.3,9.88,10.3,6.45,6.45,6.44,6.45,4.2,4.2,4.2,4.2,2.88,2.88,2.88,2.89
fragment_04142,6,31.6,32.15,30.63,32.98,24.15,25.25,22.56,25.83,14.45,14.96,13.74,15.07,8.33,8.33,8.33,8.38,5.05,5.04,5.04,5.08,3.29,3.28,3.28,3.31,2.26,2.26,2.26,2.27
fragment_04143,18,29.95,29.33,29.06,31.27,24.55,23.6,23.58,26.94,17.46,16.65,16.53,19.81,12.13,11.63,11.51,13.8,8.95,8.59,8.48,10.28,7.06,6.83,6.73,8.07,5.67,5.53,5.43,6.36
fragment_04144,8,30.07,30.02,29.97,31.74,24.3,24.56,23.4,27.31,18.37,18.89,17.01,20.36,12.97,13.42,11.89,13.76,8.48,8.63,8.09,8.64,5.61,5.62,5.59,5.63,3.86,3.86,3.85,3.87
fragment_04145,3,33.79,33.8,32.66,33.8,28.41,28.39,28.39,29.15,21.44,21.42,21.42,22.04,14.98,14.98,14.94,14.98,9.41,9.41,9.41,9.42,6.13,6.13,6.12,6.13,4.21,4.21,4.21,4.21
fragment_04146,7,30.76,31.41,29.95,33.2,25.63,27.03,23.86,29.62,19.65,21.29,17.28,24.29,14.83,15.87,13.23,17.65,10.75,11.15,10.08,11.26,7.32,7.33,7.25,7.33,5.03,5.04,5.03,5.04
fragment_04147,4,34.18,34.18,34.17,35.3,29.0,29.01,28.99,30.29,23.67,23.67,23.66,24.25,17.03,17.02,17.02,17.03,11.03,11.03,11.03,11.03,7.27,7.27,7.27,7.27,4.99,4.99,4.99,4.99
fragment_04148,1,34.87,34.87,34.87,34.87,29.33,29.33,29.33,29.33,22.55,22.55,22.55,22.55,14.89,14.89,14.89,14.89,10.11,10.11,10.11,10.11,7.27,7.27,7.27,7.27,5.06,5.06,5.06,5.06
fragment_04149,27,30.77,30.75,30.05,31.46,22.47,22.51,21.89,23.8,16.16,16.35,15.18,18.14,12.11,11.95,11.72,14.99,9.14,8.96,8.67,11.92,6.94,6.81,6.6,8.06,5.34,5.29,5.21,5.54
fragment_04150,10,32.13,32.18,28.79,34.33,27.25,27.44,20.83,29.52,21.34,21.43,14.64,23.32,16.72,16.68,11.77,17.95,12.08,12.03,9.74,12.45,8.09,8.12,7.38,8.12,5.57,5.58,5.5,5.58
fragment_04151,2,31.11,31.09,31.09,31.14,24.02,24.0,24.0,24.04,18.12,18.11,18.11,18.12,12.36,12.36,12.36,12.36,8.29,8.29,8.29,8.29,5.81,5.81,5.81,5.81,4.12,4.12,4.12,4.12
fragment_04152,5,33.29,33.76,28.96,33.76,26.01,26.67,19.63,26.67,17.78,18.22,13.36,18.22,11.12,11.22,10.13,11.22,6.96,6.96,6.95,6.97,4.53,4.53,4.53,4.53,3.11,3.11,3.11,3.12
fragment_04153,2,32.16,32.17,32.14,32.17,25.4,25.41,25.4,25.41,18.69,18.69,18.68,18.69,14.37,14.38,14.37,14.38,10.39,10.39,10.39,10.39,7.16,7.16,7.16,7.16,4.92,4.92,4.92,4.92
fragment_04154,11,28.38,28.58,26.37,30.83,22.32,22.38,20.45,24.87,18.39,18.33,16.91,20.2,15.32,15.3,13.88,17.07,12.11,12.13,11.18,12.84,8.65,8.67,8.41,8.68,5.96,5.96,5.95,5.97
fragment_04155,3,30.92,30.93,28.95,30.93,24.68,24.7,22.16,24.7,18.03,18.04,16.03,18.04,13.63,13.65,11.82,13.65,10.02,10.03,8.77,10.03,7.05,7.06,6.67,7.06,4.88,4.88,4.85,4.88
fragment_04156,8,28.69,28.69,28.53,28.7,19.69,19.7,19.49,19.7,12.62,12.64,12.02,12.64,8.47,8.48,8.25,8.48,6.46,6.47,6.21,6.47,5.19,5.19,5.01,5.19,4.28,4.29,4.12,4.29
fragment_04157,3,29.24,28.87,28.87,32.2,20.87,20.33,20.33,25.22,13.61,13.18,13.18,17.08,9.35,9.09,9.09,11.4,6.68,6.53,6.53,7.87,5.03,4.98,4.98,5.43,3.71,3.71,3.71,3.73
fragment_04158,1,28.37,28.37,28.37,28.37,20.68,20.68,20.68,20.68,14.03,14.03,14.03,14.03,9.96,9.96,9.96,9.96,7.51,7.51,7.51,7.51,5.3,5.3,5.3,5.3,3.67,3.67,3.67,3.67
fragment_04159,13,31.32,31.53,30.72,33.69,28.8,29.86,27.63,33.56,20.96,22.04,19.53,26.28,15.09,15.62,14.23,18.43,11.04,11.4,10.5,12.11,7.8,7.82,7.7,7.95,5.46,5.46,5.45,5.46
fragment_04160,25,28.85,28.78,28.52,31.43,21.28,21.15,20.7,27.3,14.8,14.99,13.19,20.01,10.9,11.25,9.11,13.12,7.71,7.91,6.54,8.03,5.2,5.22,4.85,5.23,3.59,3.59,3.58,3.59
fragment_04161,36,31.01,30.97,29.18,31.48,21.45,21.45,20.21,21.69,14.21,14.15,12.84,14.73,9.72,9.6,8.38,10.08,7.0,6.83,6.02,7.32,5.64,5.45,4.7,5.94,4.71,4.52,3.89,4.96
fragment_04162,2,32.47,32.47,32.47,32.47,26.63,26.63,26.63,26.63,20.82,20.82,20.82,20.82,16.48,16.48,16.48,16.48,12.34,12.34,12.34,12.34,8.58,8.58,8.58,8.58,5.9,5.9,5.9,5.9
fragment_04163,2,31.31,31.31,31.31,31.31,24.02,24.03,24.02,24.03,17.18,17.18,17.18,17.18,12.75,12.75,12.75,12.75,9.28,9.28,9.28,9.28,6.85,6.85,6.85,6.85,4.94,4.94,4.94,4.94
fragment_04164,2,30.8,30.8,30.8,30.8,23.76,23.76,23.76,23.76,16.84,16.84,16.84,16.84,12.08,12.08,12.08,12.08,8.41,8.41,8.41,8.41,5.59,5.59,5.59,5.59,3.84,3.84,3.84,3.84
fragment_04165,2,32.48,32.48,32.48,32.48,25.55,25.55,25.55,25.55,18.84,18.84,18.84,18.84,14.63,14.63,14.63,14.64,10.75,10.75,10.75,10.75,7.7,7.7,7.7,7.7,5.51,5.51,5.51,5.51
fragment_04166,12,31.12,31.19,29.37,31.63,21.5,21.52,20.22,21.67,14.21,14.19,12.83,14.76,9.67,9.64,8.37,10.12,6.96,6.96,6.06,7.18,5.45,5.44,4.75,5.67,4.41,4.41,3.88,4.52
fragment_04167,4,28.75,28.77,28.62,28.77,22.4,22.43,22.26,22.43,16.8,16.81,16.75,16.81,12.09,12.1,12.07,12.1,8.73,8.73,8.72,8.73,5.87,5.87,5.87,5.87,4.03,4.03,4.03,4.04
fragment_04168,12,29.63,30.22,29.03,31.27,21.32,22.09,20.23,26.87,15.28,16.74,12.86,21.45,11.37,12.73,8.83,16.22,8.76,9.58,6.99,11.81,6.79,7.3,5.73,7.94,5.21,5.4,4.61,5.46
fragment_04169,6,33.53,33.9,31.49,34.73,28.8,29.71,24.88,30.56,20.4,21.41,16.5,21.87,12.82,13.26,11.09,13.44,8.14,8.29,7.57,8.29,5.39,5.39,5.37,5.4,3.71,3.7,3.7,3.71
fragment_04170,17,32.07,32.09,31.95,32.4,25.8,25.82,25.7,26.1,19.41,19.41,19.36,19.54,13.33,13.32,13.32,14.49,9.07,9.07,9.06,10.89,6.52,6.53,6.48,8.47,5.01,5.01,4.92,6.5
fragment_04171,20,31.16,31.15,30.63,33.48,23.64,23.81,22.67,27.3,17.33,17.82,16.17,20.35,12.06,12.18,11.55,12.73,7.65,7.66,7.63,7.71,4.98,4.99,4.97,5.02,3.42,3.42,3.42,3.45
fragment_04172,5,28.65,28.65,28.63,28.69,21.32,21.44,19.75,22.08,15.98,16.07,13.7,17.79,13.18,13.23,11.03,15.25,10.74,10.77,9.44,12.0,8.36,8.41,7.71,8.65,6.12,6.13,5.98,6.16
fragment_04173,4,33.5,33.54,31.76,33.54,26.83,26.86,25.65,26.86,21.35,21.35,21.22,21.35,15.39,15.37,15.37,15.9,9.93,9.93,9.93,9.94,6.47,6.47,6.47,6.47,4.44,4.44,4.44,4.45
fragment_04174,3,31.13,31.19,30.84,31.19,23.88,23.92,23.73,23.92,15.1,15.09,15.09,15.15,8.89,8.89,8.89,8.89,5.39,5.39,5.39,5.39,3.51,3.51,3.51,3.51,2.41,2.41,2.41,2.41
fragment_04175,3,29.96,29.95,29.95,30.07,23.73,23.72,23.72,23.8,16.67,16.66,16.66,16.69,12.19,12.19,12.19,12.21,9.51,9.51,9.51,9.52,7.48,7.48,7.48,7.49,5.92,5.92,5.92,5.92
fragment_04176,2,29.11,29.11,29.11,29.11,26.35,26.35,26.35,26.35,19.21,19.22,19.21,19.22,14.12,14.12,14.12,14.12,11.03,11.04,11.03,11.04,8.59,8.6,8.59,8.6,6.68,6.68,6.68,6.68
fragment_04177,3,30.08,30.08,30.07,30.22,23.81,23.81,23.81,23.91,16.81,16.81,16.81,16.83,12.1,12.1,12.09,12.11,8.88,8.88,8.88,8.89,6.48,6.48,6.48,6.48,4.51,4.51,4.51,4.51
fragment_04178,13,31.93,32.09,29.1,32.09,23.62,23.22,20.24,27.03,19.02,18.74,12.91,22.21,15.68,15.62,8.86,17.4,12.32,12.34,7.06,13.13,8.82,8.85,6.08,8.99,6.18,6.19,5.11,6.19
fragment_04179,19,30.76,30.92,28.9,34.16,23.26,23.56,19.5,28.43,16.96,17.22,13.41,21.96,12.97,13.33,10.52,15.42,9.33,9.59,8.15,9.68,6.28,6.29,6.03,6.3,4.32,4.32,4.32,4.33
fragment_04180,21,30.1,29.63,29.32,33.31,25.83,25.13,24.45,30.2,20.26,19.37,19.07,24.77,16.67,16.06,15.42,19.61,13.21,12.89,12.52,14.59,9.91,9.8,9.75,10.54,7.48,7.4,7.37,7.89
fragment_04181,1,28.17,28.17,28.17,28.17,19.18,19.18,19.18,19.18,13.0,13.0,13.0,13.0,9.75,9.75,9.75,9.75,7.49,7.49,7.49,7.49,5.35,5.35,5.35,5.35,3.7,3.7,3.7,3.7
fragment_04182,8,32.22,32.75,29.5,33.49,24.78,25.01,20.79,26.96,17.47,17.22,14.43,19.28,11.18,11.03,9.73,11.63,7.02,7.04,6.78,7.05,4.58,4.58,4.58,4.59,3.15,3.15,3.15,3.15
fragment_04183,2,28.68,28.68,28.68,28.68,21.7,21.7,21.7,21.7,16.0,16.0,16.0,16.0,11.69,11.69,11.69,11.69,8.48,8.48,8.48,8.48,6.08,6.08,6.08,6.08,4.48,4.48,4.48,4.48
fragment_04184,5,27.33,27.96,26.3,28.32,20.78,21.71,19.38,23.17,16.25,16.67,14.98,18.75,12.74,13.03,11.53,14.31,9.78,10.26,8.91,10.63,7.18,7.42,6.81,7.43,5.1,5.12,5.07,5.12
fragment_04185,6,30.08,30.06,30.06,30.27,23.81,23.81,23.79,23.93,16.97,16.97,16.96,17.0,12.4,12.41,12.4,12.41,8.74,8.75,8.74,8.75,5.93,5.93,5.93,5.93,4.07,4.07,4.07,4.07
fragment_04186,2,30.49,30.49,30.49,30.49,25.97,25.97,25.96,25.97,19.68,19.68,19.68,19.68,14.42,14.42,14.42,14.42,9.7,9.7,9.7,9.7,6.41,6.41,6.41,6.41,4.4,4.4,4.4,4.4
fragment_04187,6,31.05,31.01,31.01,31.13,23.44,23.33,23.33,23.89,16.48,16.46,16.45,16.53,12.43,12.65,11.24,12.66,9.05,9.2,8.27,9.2,6.88,6.97,6.39,6.98,5.24,5.28,5.03,5.28
fragment_04188,5,30.5,30.51,30.14,30.53,23.07,23.11,22.25,23.5,15.45,15.47,14.72,16.08,10.7,10.72,10.14,11.2,8.1,8.1,7.75,8.44,6.23,6.24,6.01,6.42,4.8,4.79,4.7,4.9
fragment_04189,16,28.79,29.34,25.93,29.39,24.84,25.64,19.82,25.64,21.55,22.42,16.43,22.42,15.45,15.88,12.12,15.88,10.77,10.95,8.95,10.95,7.55,7.64,6.74,7.64,5.34,5.35,5.03,5.35
fragment_04190,3,28.86,28.79,28.32,29.13,25.53,25.48,25.13,25.75,20.2,20.17,19.95,20.32,13.71,13.7,13.67,13.72,8.42,8.42,8.42,8.42,5.48,5.48,5.48,5.48,3.77,3.77,3.77,3.77
fragment_04191,2,31.83,31.83,31.83,31.83,25.18,25.18,25.18,25.18,18.41,18.41,18.41,18.42,13.74,13.74,13.74,13.74,9.6,9.6,9.6,9.6,6.33,6.33,6.33,6.33,4.35,4.35,4.35,4.35
fragment_04192,8,32.39,32.06,30.64,33.6,25.6,25.09,22.61,27.54,19.37,19.13,16.17,20.71,13.04,13.18,11.25,13.42,8.25,8.28,7.86,8.28,5.39,5.39,5.38,5.39,3.7,3.7,3.7,3.7
fragment_04193,6,29.77,29.77,29.76,29.81,22.14,22.15,22.14,22.17,15.48,15.48,15.44,15.48,11.59,11.59,11.59,11.59,8.88,8.88,8.88,9.04,6.78,6.78,6.78,6.84,4.83,4.83,4.83,4.84
fragment_04194,2,29.1,29.1,29.1,29.1,21.98,21.97,21.97,21.98,16.49,16.49,16.49,16.49,11.02,11.02,11.02,11.02,6.71,6.71,6.71,6.71,4.37,4.37,4.37,4.37,3.0,3.0,3.0,3.0
fragment_04195,2,30.97,30.97,30.97,30.97,23.94,23.94,23.94,23.94,16.93,16.93,16.93,16.93,11.32,11.32,11.32,11.32,7.08,7.08,7.08,7.08,4.61,4.61,4.61,4.61,3.17,3.17,3.17,3.17
fragment_04196,3,25.13,25.14,25.08,26.22,17.65,17.66,17.62,18.29,13.68,13.69,13.66,14.0,11.22,11.23,11.2,11.39,8.57,8.57,8.56,8.57,5.89,5.89,5.89,5.89,4.04,4.04,4.04,4.05
fragment_04197,6,32.93,33.07,29.78,33.23,26.81,27.51,20.98,27.68,21.24,21.83,15.24,22.17,15.46,15.39,11.15,15.94,11.28,11.17,8.43,11.66,8.15,8.2,6.7,8.23,5.75,5.76,5.31,5.76
fragment_04198,6,28.81,28.59,28.59,30.55,20.42,20.12,20.12,22.81,13.02,12.85,12.74,14.48,9.31,9.21,9.03,10.22,7.16,7.09,6.88,7.84,5.68,5.65,5.49,5.99,4.59,4.59,4.35,4.72
fragment_04199,2,28.95,28.96,28.93,28.96,25.71,25.72,25.69,25.72,18.43,18.44,18.42,18.44,12.42,12.42,12.41,12.42,8.26,8.26,8.26,8.26,5.39,5.39,5.39,5.39,3.7,3.7,3.7,3.7
fragment_04200,24,30.38,30.22,30.04,31.87,24.08,23.37,23.35,27.72,17.8,16.78,16.59,21.67,12.57,11.63,11.63,14.95,8.67,8.11,8.11,9.33,6.0,5.86,5.86,6.07,4.16,4.16,4.15,4.17
fragment_04201,25,30.34,30.13,30.13,32.29,25.69,25.4,25.23,29.69,19.7,19.32,18.97,24.65,14.81,14.47,14.25,19.49,11.19,11.04,10.39,14.62,8.72,8.67,7.91,10.87,6.97,6.98,6.38,7.91
fragment_04202,2,32.15,32.14,32.14,32.16,25.39,25.39,25.39,25.4,18.71,18.71,18.71,18.71,14.23,14.23,14.23,14.23,10.32,10.31,10.31,10.32,6.98,6.98,6.98,6.98,4.8,4.79,4.79,4.8
fragment_04203,18,29.83,29.83,29.81,29.84,22.2,22.2,22.19,22.21,15.38,15.33,15.32,15.85,11.11,10.82,10.82,12.03,8.61,8.17,8.17,9.75,7.19,6.59,6.59,8.09,5.62,5.15,5.15,6.05
fragment_04204,1,28.06,28.06,28.06,28.06,19.68,19.68,19.68,19.68,13.35,13.35,13.35,13.35,9.94,9.94,9.94,9.94,7.69,7.69,7.69,7.69,5.78,5.78,5.78,5.78,4.35,4.35,4.35,4.35
fragment_04205,16,25.95,25.98,25.46,26.43,19.21,19.58,17.77,19.58,16.17,16.75,13.33,16.75,14.22,14.89,11.51,14.89,11.63,12.24,9.17,12.24,9.2,9.66,7.37,9.66,6.82,6.99,6.05,6.99
fragment_04206,4,33.79,33.33,32.26,34.8,28.61,27.83,27.0,30.53,19.84,19.32,18.95,21.16,12.05,12.02,11.99,12.13,7.35,7.35,7.34,7.35,4.78,4.78,4.78,4.78,3.29,3.29,3.28,3.29
fragment_04207,24,28.89,28.79,28.59,30.78,21.35,20.94,20.93,26.65,14.87,14.28,14.28,19.69,11.35,10.82,10.82,14.37,8.53,8.22,8.22,9.7,6.21,6.15,6.14,6.37,4.35,4.35,4.34,4.38
fragment_04208,1,28.29,28.29,28.29,28.29,20.05,20.05,20.05,20.05,13.42,13.42,13.42,13.42,8.98,8.98,8.98,8.98,6.05,6.05,6.05,6.05,3.95,3.95,3.95,3.95,2.71,2.71,2.71,2.71
fragment_04209,5,34.38,34.63,33.68,35.22,30.05,30.09,29.3,31.43,23.29,23.12,22.66,25.56,16.49,16.34,16.3,17.56,10.86,10.84,10.84,10.88,7.08,7.08,7.08,7.08,4.86,4.86,4.86,4.87
fragment_04210,3,29.34,29.28,29.21,31.79,26.44,26.45,26.37,27.37,19.1,19.15,18.82,19.15,13.41,13.43,13.37,13.7,9.98,10.0,9.94,10.31,7.51,7.52,7.49,7.62,5.51,5.51,5.5,5.51
fragment_04211,6,31.85,31.85,31.84,31.95,25.35,25.35,25.35,25.41,19.44,19.44,19.43,19.48,14.51,14.51,14.5,14.66,11.22,11.23,11.22,11.51,8.39,8.39,8.39,8.45,5.82,5.82,5.82,5.82
fragment_04212,15,30.23,30.17,30.1,31.14,25.57,25.5,25.24,28.33,19.51,19.45,18.92,22.65,14.4,14.36,14.1,16.91,10.53,10.5,10.26,12.22,7.88,7.89,7.7,8.43,5.8,5.8,5.77,5.82
fragment_04213,7,35.06,35.12,33.34,35.79,31.31,31.51,28.13,32.37,22.96,23.12,20.24,24.13,13.95,14.02,13.28,14.12,8.53,8.53,8.51,8.55,5.55,5.55,5.55,5.57,3.81,3.81,3.81,3.82
