name,n_conformers,boltz_r2.5,min_E_r2.5,min_r2.5,max_r2.5,boltz_r3.5,min_E_r3.5,min_r3.5,max_r3.5,boltz_r4.5,min_E_r4.5,min_r4.5,max_r4.5,boltz_r5.5,min_E_r5.5,min_r5.5,max_r5.5,boltz_r6.5,min_E_r6.5,min_r6.5,max_r6.5,boltz_r7.5,min_E_r7.5,min_r7.5,max_r7.5,boltz_r8.5,min_E_r8.5,min_r8.5,max_r8.5
fragment_00001,1,25.71,25.71,25.71,25.71,13.39,13.39,13.39,13.39,6.3,6.3,6.3,6.3,3.45,3.45,3.45,3.45,2.09,2.09,2.09,2.09,1.36,1.36,1.36,1.36,0.93,0.93,0.93,0.93
fragment_00002,1,24.23,24.23,24.23,24.23,15.43,15.43,15.43,15.43,8.4,8.4,8.4,8.4,4.6,4.6,4.6,4.6,2.79,2.79,2.79,2.79,1.81,1.81,1.81,1.81,1.25,1.25,1.25,1.25
fragment_00003,1,27.67,27.67,27.67,27.67,18.42,18.42,18.42,18.42,10.27,10.27,10.27,10.27,5.64,5.64,5.64,5.64,3.41,3.41,3.41,3.41,2.22,2.22,2.22,2.22,1.53,1.53,1.53,1.53
fragment_00004,1,28.79,28.79,28.79,28.79,21.67,21.67,21.67,21.67,15.06,15.06,15.06,15.06,10.6,10.6,10.6,10.6,6.73,6.73,6.73,6.73,4.38,4.38,4.38,4.38,3.01,3.01,3.01,3.01
fragment_00005,1,28.17,28.17,28.17,28.17,20.54,20.54,20.54,20.54,12.65,12.65,12.65,12.65,6.95,6.95,6.95,6.95,4.21,4.21,4.21,4.21,2.74,2.74,2.74,2.74,1.88,1.88,1.88,1.88
fragment_00006,1,30.0,30.0,30.0,30.0,23.71,23.71,23.71,23.71,14.23,14.23,14.23,14.23,7.81,7.81,7.81,7.81,4.73,4.73,4.73,4.73,3.08,3.08,3.08,3.08,2.11,2.11,2.11,2.11
fragment_00007,1,28.76,28.76,28.76,28.76,21.64,21.64,21.64,21.64,15.06,15.06,15.06,15.06,10.6,10.6,10.6,10.6,7.05,7.05,7.05,7.05,4.69,4.69,4.69,4.69,3.22,3.22,3.22,3.22
fragment_00008,2,28.06,28.05,28.05,28.07,20.19,20.18,20.18,20.2,11.4,11.4,11.4,11.4,6.25,6.25,6.25,6.25,3.78,3.78,3.78,3.79,2.46,2.46,2.46,2.46,1.69,1.69,1.69,1.69
fragment_00009,3,27.72,27.69,27.69,28.01,18.79,18.67,18.67,19.93,11.95,11.84,11.84,12.97,7.74,7.73,7.73,7.82,4.73,4.73,4.73,4.74,3.08,3.08,3.08,3.09,2.12,2.12,2.12,2.12
fragment_00010,1,29.61,29.61,29.61,29.61,21.33,21.33,21.33,21.33,10.67,10.67,10.67,10.67,5.84,5.84,5.84,5.84,3.54,3.54,3.54,3.54,2.3,2.3,2.3,2.3,1.58,1.58,1.58,1.58
fragment_00011,1,32.5,32.5,32.5,32.5,29.05,29.05,29.05,29.05,18.15,18.15,18.15,18.15,9.96,9.96,9.96,9.96,6.03,6.03,6.03,6.03,3.93,3.93,3.93,3.93,2.7,2.7,2.7,2.7
fragment_00012,1,28.77,28.77,28.77,28.77,21.64,21.64,21.64,21.64,15.06,15.06,15.06,15.06,10.61,10.61,10.61,10.61,7.29,7.29,7.29,7.29,5.17,5.17,5.17,5.17,3.58,3.58,3.58,3.58
fragment_00013,2,28.19,28.21,28.13,28.21,21.29,21.3,21.26,21.3,15.02,15.02,15.01,15.02,9.86,9.86,9.86,9.86,6.11,6.11,6.11,6.11,3.98,3.98,3.98,3.98,2.73,2.73,2.73,2.73
fragment_00014,1,27.56,27.56,27.56,27.56,18.18,18.18,18.18,18.18,9.51,9.51,9.51,9.51,5.21,5.21,5.21,5.21,3.16,3.16,3.16,3.16,2.05,2.05,2.05,2.05,1.41,1.41,1.41,1.41
fragment_00015,2,27.62,27.63,27.48,27.63,19.62,19.63,19.58,19.63,13.46,13.46,13.42,13.46,8.71,8.72,8.71,8.72,5.32,5.32,5.32,5.32,3.46,3.46,3.46,3.46,2.38,2.38,2.38,2.38
fragment_00016,4,28.29,28.29,27.44,28.29,22.93,22.93,22.51,24.79,16.35,16.35,16.3,18.21,11.28,11.28,11.25,11.42,6.91,6.91,6.91,6.92,4.5,4.5,4.5,4.5,3.09,3.09,3.09,3.09
fragment_00017,1,28.36,28.36,28.36,28.36,22.43,22.43,22.43,22.43,13.1,13.1,13.1,13.1,7.17,7.17,7.17,7.17,4.35,4.35,4.35,4.35,2.83,2.83,2.83,2.83,1.94,1.94,1.94,1.94
fragment_00018,1,27.65,27.65,27.65,27.65,18.93,18.93,18.93,18.93,10.09,10.09,10.09,10.09,5.53,5.53,5.53,5.53,3.35,3.35,3.35,3.35,2.18,2.18,2.18,2.18,1.5,1.5,1.5,1.5
fragment_00019,1,29.78,29.78,29.78,29.78,23.23,23.23,23.23,23.23,16.44,16.44,16.44,16.44,11.38,11.38,11.38,11.38,7.21,7.21,7.21,7.21,4.69,4.69,4.69,4.69,3.22,3.22,3.22,3.22
fragment_00020,2,28.32,28.3,28.3,28.35,20.48,20.47,20.47,20.52,14.42,14.43,14.42,14.43,10.14,10.14,10.14,10.14,6.39,6.39,6.39,6.39,4.16,4.16,4.16,4.16,2.86,2.86,2.86,2.86
fragment_00021,2,28.71,28.72,28.69,28.72,21.58,21.59,21.57,21.59,14.85,14.85,14.84,14.85,10.14,10.14,10.14,10.15,6.39,6.39,6.39,6.39,4.16,4.16,4.16,4.16,2.86,2.86,2.86,2.86
fragment_00022,3,30.01,29.78,29.78,30.33,23.85,23.5,23.5,25.26,16.6,16.26,16.26,18.12,10.83,10.8,10.8,10.91,6.6,6.6,6.6,6.61,4.3,4.3,4.3,4.3,2.95,2.95,2.95,2.96
fragment_00023,1,25.57,25.57,25.57,25.57,18.47,18.47,18.47,18.47,10.82,10.82,10.82,10.82,6.0,6.0,6.0,6.0,3.64,3.64,3.64,3.64,2.37,2.37,2.37,2.37,1.63,1.63,1.63,1.63
fragment_00024,6,30.06,30.06,30.06,30.58,24.08,24.08,24.08,26.47,17.08,17.08,17.08,19.57,12.26,12.26,12.26,12.78,7.84,7.84,7.84,7.86,5.11,5.11,5.11,5.11,3.51,3.51,3.51,3.51
fragment_00025,1,30.19,30.19,30.19,30.19,24.38,24.38,24.38,24.38,18.34,18.34,18.34,18.34,12.67,12.67,12.67,12.67,8.01,8.01,8.01,8.01,5.21,5.21,5.21,5.21,3.58,3.58,3.58,3.58
fragment_00026,1,25.04,25.04,25.04,25.04,16.33,16.33,16.33,16.33,9.03,9.03,9.03,9.03,4.95,4.95,4.95,4.95,3.0,3.0,3.0,3.0,1.95,1.95,1.95,1.95,1.34,1.34,1.34,1.34
fragment_00027,4,28.76,28.79,28.71,28.79,21.66,21.67,21.63,21.67,15.13,15.13,15.12,15.14,10.96,10.95,10.95,10.97,7.21,7.21,7.21,7.21,4.69,4.69,4.69,4.69,3.22,3.22,3.22,3.22
fragment_00028,1,28.66,28.66,28.66,28.66,21.55,21.55,21.55,21.55,14.91,14.91,14.91,14.91,10.33,10.33,10.33,10.33,6.39,6.39,6.39,6.39,4.16,4.16,4.16,4.16,2.86,2.86,2.86,2.86
fragment_00029,6,28.22,28.13,28.11,28.93,20.74,20.62,20.61,22.84,14.96,14.91,14.9,16.57,9.94,9.95,9.88,10.0,6.05,6.05,6.04,6.06,3.94,3.94,3.93,3.94,2.7,2.71,2.7,2.71
fragment_00030,4,28.78,28.8,28.72,28.81,21.67,21.68,21.63,21.68,15.22,15.21,15.2,15.24,11.3,11.29,11.29,11.33,7.87,7.86,7.86,7.88,5.21,5.21,5.21,5.21,3.58,3.58,3.58,3.58
fragment_00031,2,27.93,27.92,27.92,28.46,22.44,22.43,22.43,24.02,15.55,15.54,15.54,17.21,10.24,10.24,10.24,10.29,6.22,6.22,6.22,6.23,4.05,4.05,4.05,4.06,2.78,2.78,2.78,2.79
fragment_00032,1,27.25,27.25,27.25,27.25,17.03,17.03,17.03,17.03,8.5,8.5,8.5,8.5,4.65,4.65,4.65,4.65,2.82,2.82,2.82,2.82,1.84,1.84,1.84,1.84,1.26,1.26,1.26,1.26
fragment_00033,2,29.65,29.61,29.61,29.7,22.75,22.75,22.75,22.75,15.7,15.58,15.58,15.83,9.98,9.98,9.98,9.98,6.05,6.05,6.05,6.05,3.94,3.94,3.94,3.94,2.71,2.7,2.7,2.71
fragment_00034,3,27.66,27.66,27.65,28.44,18.8,18.79,18.79,20.08,11.87,11.87,11.87,12.62,7.23,7.23,7.23,7.24,4.38,4.38,4.38,4.39,2.85,2.85,2.85,2.86,1.96,1.96,1.96,1.96
fragment_00035,3,28.86,28.87,28.8,28.87,21.75,21.77,21.72,21.77,15.15,15.16,15.14,15.16,10.99,11.0,10.97,11.0,7.9,7.91,7.89,7.91,5.67,5.67,5.67,5.67,3.93,3.93,3.93,3.93
fragment_00036,1,27.56,27.56,27.56,27.56,23.62,23.62,23.62,23.62,14.63,14.63,14.63,14.63,8.09,8.09,8.09,8.09,4.9,4.9,4.9,4.9,3.19,3.19,3.19,3.19,2.19,2.19,2.19,2.19
fragment_00037,2,29.65,29.59,29.59,29.72,22.75,22.7,22.7,22.8,15.7,15.55,15.55,15.86,9.98,9.98,9.98,9.98,6.05,6.05,6.05,6.05,3.94,3.94,3.94,3.94,2.71,2.71,2.71,2.71
fragment_00038,1,28.77,28.77,28.77,28.77,21.65,21.65,21.65,21.65,15.06,15.06,15.06,15.06,10.62,10.62,10.62,10.62,7.33,7.33,7.33,7.33,5.3,5.3,5.3,5.3,3.72,3.72,3.72,3.72
fragment_00039,4,28.45,28.45,28.43,28.59,23.09,23.08,23.08,25.15,16.65,16.64,16.64,18.66,11.82,11.81,11.81,12.18,7.46,7.46,7.46,7.47,4.86,4.86,4.86,4.86,3.34,3.34,3.34,3.34
fragment_00040,2,25.25,25.25,25.24,25.25,19.06,19.05,19.05,19.1,13.12,13.12,13.1,13.12,8.42,8.42,8.42,8.42,5.12,5.12,5.12,5.12,3.33,3.33,3.33,3.33,2.29,2.29,2.29,2.29
fragment_00041,8,27.76,27.73,27.73,28.02,18.85,18.69,18.69,20.71,12.39,11.97,11.97,14.55,8.79,8.45,8.45,9.69,5.97,5.91,5.91,6.06,3.94,3.94,3.94,3.95,2.71,2.71,2.71,2.71
fragment_00042,2,28.15,28.16,28.09,28.16,21.1,21.11,21.06,21.11,14.62,14.62,14.6,14.62,9.89,9.89,9.88,9.89,6.1,6.11,6.1,6.11,3.97,3.97,3.97,3.97,2.73,2.73,2.73,2.73
fragment_00043,2,28.68,28.68,28.67,28.68,20.96,20.96,20.96,20.96,13.91,13.91,13.91,13.91,8.01,8.01,8.01,8.01,4.85,4.85,4.85,4.85,3.16,3.16,3.16,3.16,2.17,2.17,2.17,2.17
fragment_00044,2,27.9,27.9,27.89,27.9,20.27,20.28,20.27,20.28,14.33,14.33,14.33,14.33,9.37,9.37,9.37,9.37,5.77,5.77,5.77,5.77,3.76,3.76,3.76,3.76,2.58,2.58,2.58,2.58
fragment_00045,3,27.84,27.67,27.67,28.0,19.2,18.59,18.59,19.75,11.9,11.38,11.38,12.36,6.84,6.83,6.83,6.84,4.14,4.14,4.14,4.14,2.7,2.69,2.69,2.7,1.85,1.85,1.85,1.85
fragment_00046,1,29.75,29.75,29.75,29.75,23.21,23.21,23.21,23.21,16.44,16.44,16.44,16.44,11.37,11.37,11.37,11.37,7.52,7.52,7.52,7.52,5.0,5.0,5.0,5.0,3.44,3.44,3.44,3.44
fragment_00047,1,27.09,27.09,27.09,27.09,17.67,17.67,17.67,17.67,9.12,9.12,9.12,9.12,5.0,5.0,5.0,5.0,3.03,3.03,3.03,3.03,1.97,1.97,1.97,1.97,1.35,1.35,1.35,1.35
fragment_00048,3,28.21,28.39,27.92,28.39,19.59,19.49,19.49,19.76,12.52,12.32,12.32,12.84,7.37,7.37,7.37,7.37,4.47,4.47,4.47,4.47,2.91,2.91,2.91,2.91,2.0,2.0,2.0,2.0
fragment_00049,2,28.76,28.75,28.75,28.77,21.65,21.65,21.65,21.66,15.13,15.12,15.12,15.14,10.95,10.94,10.94,10.96,7.52,7.52,7.52,7.52,5.0,5.0,5.0,5.0,3.44,3.44,3.44,3.44
fragment_00050,1,28.81,28.81,28.81,28.81,21.68,21.68,21.68,21.68,15.09,15.09,15.09,15.09,10.62,10.62,10.62,10.62,7.52,7.52,7.52,7.52,5.59,5.59,5.59,5.59,3.92,3.92,3.92,3.92
fragment_00051,3,24.57,24.89,24.34,24.89,17.24,18.0,16.73,18.0,11.07,11.27,10.93,11.27,6.17,6.17,6.16,6.17,3.74,3.74,3.73,3.74,2.43,2.43,2.43,2.43,1.67,1.67,1.67,1.67
fragment_00052,4,28.73,28.76,28.68,28.76,21.63,21.65,21.6,21.65,15.15,15.17,15.14,15.17,11.1,11.11,11.08,11.11,8.27,8.28,8.26,8.28,6.27,6.28,6.26,6.28,4.48,4.48,4.48,4.48
fragment_00053,1,27.23,27.23,27.23,27.23,22.62,22.62,22.62,22.62,16.3,16.3,16.3,16.3,10.77,10.77,10.77,10.77,6.55,6.55,6.55,6.55,4.26,4.26,4.26,4.26,2.93,2.93,2.93,2.93
fragment_00054,1,28.79,28.79,28.79,28.79,21.67,21.67,21.67,21.67,15.07,15.07,15.07,15.07,10.63,10.63,10.63,10.63,7.28,7.28,7.28,7.28,5.16,5.16,5.16,5.16,3.71,3.71,3.71,3.71
fragment_00055,2,28.97,28.68,28.68,29.79,22.41,22.05,22.05,23.42,15.09,14.89,14.89,15.66,8.93,8.93,8.93,8.94,5.41,5.41,5.41,5.41,3.52,3.52,3.52,3.52,2.42,2.42,2.42,2.42
fragment_00056,2,24.95,24.95,24.93,24.95,18.82,18.81,18.81,18.84,12.76,12.76,12.74,12.76,7.88,7.88,7.87,7.88,4.77,4.77,4.77,4.77,3.11,3.11,3.11,3.11,2.13,2.13,2.13,2.13
fragment_00057,3,28.03,28.06,27.97,28.06,20.38,20.4,20.34,20.4,14.54,14.54,14.54,14.55,10.5,10.5,10.5,10.5,8.03,8.03,8.02,8.03,5.95,5.95,5.95,5.95,4.22,4.22,4.22,4.22
fragment_00058,4,28.76,28.81,28.7,28.81,21.65,21.67,21.62,21.67,15.46,15.5,15.42,15.5,11.71,11.75,11.68,11.75,8.35,8.36,8.33,8.36,5.71,5.71,5.71,5.71,3.92,3.92,3.92,3.92
fragment_00059,1,30.17,30.17,30.17,30.17,24.36,24.36,24.36,24.36,18.34,18.34,18.34,18.34,12.67,12.67,12.67,12.67,8.54,8.54,8.54,8.54,6.0,6.0,6.0,6.0,4.15,4.15,4.15,4.15
fragment_00060,1,30.69,30.69,30.69,30.69,24.61,24.61,24.61,24.61,18.28,18.28,18.28,18.28,14.09,14.09,14.09,14.09,10.06,10.06,10.06,10.06,6.77,6.77,6.77,6.77,4.65,4.65,4.65,4.65
fragment_00061,4,28.79,28.82,28.72,28.83,21.67,21.69,21.63,21.7,15.23,15.22,15.22,15.25,11.38,11.36,11.36,11.41,8.05,8.03,8.03,8.06,5.41,5.41,5.41,5.41,3.72,3.72,3.72,3.72
fragment_00062,1,27.9,27.9,27.9,27.9,19.35,19.35,19.35,19.35,13.75,13.75,13.75,13.75,9.66,9.66,9.66,9.66,6.05,6.05,6.05,6.05,3.94,3.94,3.94,3.94,2.7,2.7,2.7,2.7
fragment_00063,5,28.17,28.18,27.97,28.69,20.51,20.5,20.34,22.43,13.0,12.99,12.88,14.54,8.34,8.34,8.31,8.43,5.09,5.09,5.09,5.11,3.32,3.32,3.31,3.32,2.28,2.28,2.28,2.28
fragment_00064,1,27.67,27.67,27.67,27.67,18.03,18.03,18.03,18.03,11.01,11.01,11.01,11.01,6.7,6.7,6.7,6.7,4.07,4.07,4.07,4.07,2.65,2.65,2.65,2.65,1.82,1.82,1.82,1.82
fragment_00065,4,28.09,27.97,27.95,28.63,19.91,20.0,19.6,20.08,13.09,13.24,12.56,13.25,7.7,7.7,7.68,7.71,4.67,4.67,4.67,4.67,3.04,3.04,3.04,3.04,2.09,2.09,2.09,2.09
fragment_00066,3,30.01,29.72,29.72,30.56,24.08,23.6,23.6,24.67,17.21,16.63,16.63,17.91,12.38,12.2,12.2,12.62,8.14,8.14,8.13,8.14,5.3,5.3,5.3,5.3,3.64,3.64,3.64,3.64
fragment_00067,1,30.33,30.33,30.33,30.33,24.47,24.47,24.47,24.47,17.76,17.76,17.76,17.76,12.13,12.13,12.13,12.13,7.69,7.69,7.69,7.69,5.01,5.01,5.01,5.01,3.44,3.44,3.44,3.44
fragment_00068,5,29.94,29.94,29.94,30.4,23.94,23.93,23.93,26.1,16.83,16.83,16.83,19.12,11.77,11.77,11.77,12.05,7.29,7.29,7.29,7.3,4.75,4.75,4.75,4.75,3.26,3.26,3.26,3.27
fragment_00069,5,30.43,30.4,30.33,31.08,24.43,24.21,24.21,26.4,16.11,15.91,15.91,17.58,9.95,9.94,9.94,10.0,6.06,6.06,6.05,6.06,3.94,3.94,3.93,3.94,2.71,2.71,2.7,2.71
fragment_00070,3,30.43,30.4,30.4,30.99,24.39,24.21,24.21,26.22,16.06,15.9,15.9,17.52,9.95,9.94,9.94,10.0,6.05,6.05,6.05,6.06,3.94,3.94,3.94,3.94,2.71,2.71,2.71,2.71
fragment_00071,4,28.77,28.78,28.72,28.82,21.66,21.66,21.62,21.68,15.22,15.21,15.2,15.24,11.26,11.24,11.24,11.29,7.87,7.86,7.86,7.89,5.39,5.39,5.39,5.39,3.71,3.71,3.71,3.71
fragment_00072,1,27.83,27.83,27.83,27.83,18.01,18.01,18.01,18.01,10.59,10.59,10.59,10.59,6.05,6.05,6.05,6.05,3.67,3.67,3.67,3.67,2.39,2.39,2.39,2.39,1.64,1.64,1.64,1.64
fragment_00073,4,28.75,28.78,28.69,28.78,21.64,21.65,21.61,21.65,15.22,15.21,15.2,15.24,11.33,11.31,11.31,11.35,8.42,8.41,8.41,8.43,5.99,5.99,5.99,5.99,4.14,4.14,4.14,4.14
fragment_00074,1,30.11,30.11,30.11,30.11,24.54,24.54,24.54,24.54,18.79,18.79,18.79,18.79,13.18,13.18,13.18,13.18,8.32,8.32,8.32,8.32,5.42,5.42,5.42,5.42,3.72,3.72,3.72,3.72
fragment_00075,1,28.46,28.46,28.46,28.46,22.64,22.64,22.64,22.64,16.74,16.74,16.74,16.74,12.2,12.2,12.2,12.2,8.79,8.79,8.79,8.79,5.96,5.96,5.96,5.96,4.1,4.1,4.1,4.1
fragment_00076,1,28.73,28.73,28.73,28.73,21.62,21.62,21.62,21.62,15.04,15.04,15.04,15.04,10.6,10.6,10.6,10.6,7.14,7.14,7.14,7.14,4.83,4.83,4.83,4.83,3.32,3.32,3.32,3.32
fragment_00077,3,30.02,29.72,29.72,30.56,24.09,23.6,23.6,24.67,17.21,16.63,16.63,17.91,12.38,12.2,12.2,12.63,8.14,8.14,8.13,8.14,5.3,5.3,5.3,5.3,3.64,3.64,3.64,3.64
fragment_00078,9,27.83,27.79,27.78,28.12,19.14,18.95,18.95,20.92,13.32,13.03,13.03,14.97,10.2,10.02,10.02,10.97,7.25,7.22,7.22,7.36,4.79,4.79,4.79,4.8,3.29,3.29,3.29,3.3
fragment_00079,3,25.52,25.54,25.5,25.54,20.01,20.02,19.99,20.02,13.56,13.57,13.56,13.57,8.42,8.43,8.42,8.43,5.12,5.12,5.12,5.12,3.33,3.33,3.33,3.33,2.29,2.29,2.29,2.29
fragment_00080,2,28.83,28.84,28.78,28.84,21.7,21.7,21.67,21.7,15.23,15.23,15.23,15.24,11.36,11.36,11.36,11.39,8.49,8.48,8.48,8.5,6.43,6.42,6.42,6.43,4.64,4.64,4.64,4.64
fragment_00081,12,28.57,28.57,28.45,29.14,24.24,24.29,23.42,25.99,18.51,18.43,17.41,19.68,13.43,13.41,12.82,13.85,8.76,8.77,8.74,8.78,5.71,5.71,5.7,5.71,3.92,3.92,3.91,3.93
fragment_00082,1,29.77,29.77,29.77,29.77,23.23,23.23,23.23,23.23,16.5,16.5,16.5,16.5,11.73,11.73,11.73,11.73,7.69,7.69,7.69,7.69,5.0,5.0,5.0,5.0,3.44,3.44,3.44,3.44
fragment_00083,2,28.24,28.21,28.21,28.28,20.41,20.38,20.38,20.45,14.19,14.2,14.19,14.2,9.68,9.68,9.68,9.68,6.06,6.06,6.06,6.06,3.94,3.94,3.94,3.94,2.71,2.71,2.71,2.71
fragment_00084,5,28.32,28.17,28.17,29.35,22.31,22.18,22.18,24.67,16.11,16.09,16.09,17.73,10.55,10.56,10.5,10.61,6.41,6.41,6.41,6.43,4.17,4.17,4.17,4.19,2.87,2.87,2.86,2.88
fragment_00085,2,27.76,27.77,27.66,27.77,20.56,20.56,20.5,20.56,13.99,14.0,13.97,14.0,8.72,8.72,8.71,8.72,5.32,5.32,5.32,5.32,3.46,3.46,3.46,3.46,2.38,2.38,2.38,2.38
fragment_00086,2,28.22,28.24,28.13,28.24,21.31,21.32,21.27,21.32,15.04,15.04,15.03,15.04,10.18,10.18,10.16,10.18,7.03,7.03,7.02,7.03,4.8,4.8,4.8,4.8,3.3,3.3,3.3,3.3
fragment_00087,1,27.43,27.43,27.43,27.43,19.41,19.41,19.41,19.41,13.21,13.21,13.21,13.21,9.85,9.85,9.85,9.85,7.64,7.64,7.64,7.64,5.61,5.61,5.61,5.61,3.94,3.94,3.94,3.94
fragment_00088,2,30.31,30.29,30.29,30.33,25.34,25.34,25.34,25.35,19.92,19.92,19.91,19.92,13.97,13.97,13.97,13.97,8.8,8.8,8.8,8.8,5.73,5.73,5.73,5.73,3.94,3.94,3.94,3.94
fragment_00089,3,28.07,27.86,27.86,28.32,19.45,18.81,18.81,20.2,12.41,11.66,11.66,13.29,7.88,7.59,7.59,8.21,4.99,4.99,4.99,4.99,3.25,3.24,3.24,3.25,2.23,2.23,2.23,2.23
fragment_00090,1,25.86,25.86,25.86,25.86,20.29,20.29,20.29,20.29,13.9,13.9,13.9,13.9,8.96,8.96,8.96,8.96,5.47,5.47,5.47,5.47,3.56,3.56,3.56,3.56,2.45,2.45,2.45,2.45
fragment_00091,1,30.11,30.11,30.11,30.11,23.59,23.59,23.59,23.59,16.94,16.94,16.94,16.94,11.74,11.74,11.74,11.74,7.43,7.43,7.43,7.43,4.84,4.84,4.84,4.84,3.32,3.32,3.32,3.32
fragment_00092,4,28.76,28.78,28.71,28.78,21.66,21.67,21.64,21.67,15.17,15.18,15.16,15.19,11.07,11.06,11.04,11.16,7.41,7.41,7.4,7.43,4.83,4.83,4.83,4.84,3.32,3.32,3.32,3.32
fragment_00093,3,29.77,29.79,28.95,29.79,25.27,25.28,24.64,25.28,19.33,19.33,19.1,19.33,12.63,12.63,12.62,12.63,7.71,7.71,7.71,7.71,5.02,5.02,5.02,5.02,3.45,3.45,3.45,3.45
fragment_00094,3,24.76,24.79,24.35,24.79,18.16,18.18,17.93,18.18,12.23,12.23,12.2,12.24,6.92,6.92,6.91,6.92,4.19,4.19,4.19,4.19,2.73,2.73,2.73,2.73,1.87,1.87,1.87,1.87
fragment_00095,3,28.17,28.18,26.84,28.18,23.9,23.9,22.93,24.33,17.81,17.8,17.36,18.88,13.22,13.22,12.86,13.45,9.26,9.26,9.16,9.35,6.19,6.19,6.19,6.2,4.25,4.25,4.25,4.26
fragment_00096,2,24.74,24.74,24.71,24.74,18.52,18.52,18.52,18.55,12.37,12.38,12.36,12.38,7.35,7.35,7.35,7.35,4.45,4.45,4.45,4.45,2.9,2.9,2.9,2.9,1.99,1.99,1.99,1.99
fragment_00097,1,32.75,32.75,32.75,32.75,29.49,29.49,29.49,29.49,22.13,22.13,22.13,22.13,17.17,17.17,17.17,17.17,11.43,11.43,11.43,11.43,7.44,7.44,7.44,7.44,5.11,5.11,5.11,5.11
fragment_00098,2,30.47,30.47,29.89,30.47,24.5,24.51,23.79,24.51,18.72,18.73,18.24,18.73,13.15,13.15,13.14,13.15,8.29,8.29,8.29,8.29,5.4,5.4,5.4,5.4,3.71,3.71,3.71,3.71
fragment_00099,1,27.9,27.9,27.9,27.9,25.56,25.56,25.56,25.56,18.82,18.82,18.82,18.82,13.05,13.05,13.05,13.05,9.28,9.28,9.28,9.28,6.2,6.2,6.2,6.2,4.26,4.26,4.26,4.26
fragment_00100,3,30.03,30.22,29.43,30.22,23.75,23.82,23.16,24.06,16.22,16.3,15.59,16.55,9.98,9.99,9.97,9.99,6.05,6.05,6.05,6.05,3.94,3.94,3.94,3.94,2.71,2.71,2.7,2.71
fragment_00101,14,28.19,28.19,28.01,28.79,20.98,21.17,20.51,23.47,14.11,14.54,13.15,16.21,9.77,10.1,9.07,10.45,6.38,6.42,6.28,6.43,4.18,4.18,4.17,4.19,2.87,2.87,2.87,2.88
fragment_00102,1,30.68,30.68,30.68,30.68,25.45,25.45,25.45,25.45,19.42,19.42,19.42,19.42,13.43,13.43,13.43,13.43,8.49,8.49,8.49,8.49,5.53,5.53,5.53,5.53,3.8,3.8,3.8,3.8
fragment_00103,4,28.07,27.99,27.99,28.73,19.79,19.65,19.65,20.92,12.6,12.54,12.54,13.19,7.25,7.25,7.25,7.26,4.39,4.39,4.39,4.4,2.86,2.86,2.86,2.86,1.96,1.96,1.96,1.97
fragment_00104,2,28.77,28.79,28.73,28.79,21.68,21.69,21.65,21.69,15.2,15.21,15.19,15.21,11.32,11.32,11.31,11.32,7.68,7.68,7.68,7.68,5.0,5.0,5.0,5.0,3.44,3.44,3.44,3.44
fragment_00105,1,30.16,30.16,30.16,30.16,24.36,24.36,24.36,24.36,18.34,18.34,18.34,18.34,12.67,12.67,12.67,12.67,8.31,8.31,8.31,8.31,5.52,5.52,5.52,5.52,3.79,3.79,3.79,3.79
fragment_00106,1,27.03,27.03,27.03,27.03,22.83,22.83,22.83,22.83,16.9,16.9,16.9,16.9,11.8,11.8,11.8,11.8,8.86,8.86,8.86,8.86,6.45,6.45,6.45,6.45,4.56,4.56,4.56,4.56
fragment_00107,11,30.74,30.76,30.46,30.8,24.87,24.73,24.56,25.59,18.34,18.25,17.86,18.74,13.5,13.5,13.29,13.75,9.12,9.12,9.1,9.12,5.96,5.96,5.95,5.96,4.09,4.09,4.09,4.09
fragment_00108,3,30.03,30.2,29.45,30.2,23.74,23.8,23.17,24.05,16.22,16.3,15.59,16.54,9.98,9.99,9.97,9.99,6.05,6.05,6.05,6.05,3.94,3.94,3.94,3.94,2.71,2.71,2.71,2.71
fragment_00109,2,27.78,27.78,27.66,27.78,19.79,19.79,19.75,19.79,13.66,13.67,13.62,13.67,10.09,10.09,10.05,10.09,7.77,7.77,7.76,7.77,5.71,5.71,5.7,5.71,4.01,4.01,4.01,4.01
fragment_00110,1,22.19,22.19,22.19,22.19,10.36,10.36,10.36,10.36,4.87,4.87,4.87,4.87,2.67,2.67,2.67,2.67,1.62,1.62,1.62,1.62,1.05,1.05,1.05,1.05,0.72,0.72,0.72,0.72
fragment_00111,1,30.19,30.19,30.19,30.19,24.38,24.38,24.38,24.38,18.51,18.51,18.51,18.51,13.39,13.39,13.39,13.39,9.16,9.16,9.16,9.16,6.04,6.04,6.04,6.04,4.15,4.15,4.15,4.15
fragment_00112,4,28.75,28.77,28.68,28.78,21.64,21.65,21.61,21.66,15.2,15.2,15.19,15.22,11.29,11.27,11.27,11.31,8.17,8.17,8.17,8.18,5.51,5.51,5.51,5.51,3.79,3.79,3.79,3.79
fragment_00113,11,28.68,28.65,28.48,29.32,23.26,23.14,23.02,25.82,16.64,16.49,16.49,20.12,12.23,12.14,12.14,14.43,8.99,8.94,8.94,10.22,6.71,6.69,6.69,7.01,4.81,4.81,4.81,4.82
fragment_00114,1,28.52,28.52,28.52,28.52,18.83,18.83,18.83,18.83,9.28,9.28,9.28,9.28,5.08,5.08,5.08,5.08,3.08,3.08,3.08,3.08,2.0,2.0,2.0,2.0,1.38,1.38,1.38,1.38
fragment_00115,4,28.79,28.82,28.74,28.82,21.69,21.71,21.66,21.71,15.14,15.16,15.13,15.16,11.26,11.28,11.24,11.28,8.54,8.55,8.53,8.55,6.34,6.35,6.34,6.35,4.43,4.43,4.43,4.43
fragment_00116,2,28.81,28.81,28.81,28.81,21.68,21.68,21.68,21.68,15.08,15.08,15.08,15.08,10.7,10.69,10.69,10.7,8.05,8.05,8.05,8.06,6.52,6.52,6.52,6.52,4.86,4.86,4.86,4.86
fragment_00117,1,31.09,31.09,31.09,31.09,26.73,26.73,26.73,26.73,21.47,21.47,21.47,21.47,14.73,14.73,14.73,14.73,9.29,9.29,9.29,9.29,6.05,6.05,6.05,6.05,4.16,4.16,4.16,4.16
fragment_00118,1,30.39,30.39,30.39,30.39,24.55,24.55,24.55,24.55,18.46,18.46,18.46,18.46,13.23,13.23,13.23,13.23,9.08,9.08,9.08,9.08,6.03,6.03,6.03,6.03,4.14,4.14,4.14,4.14
fragment_00119,2,28.81,28.81,28.81,28.82,21.68,21.68,21.68,21.68,15.08,15.08,15.08,15.08,10.66,10.66,10.66,10.66,7.85,7.85,7.85,7.85,6.31,6.31,6.31,6.31,4.69,4.69,4.69,4.69
fragment_00120,14,30.86,30.68,30.68,31.59,25.94,25.62,25.62,28.49,18.8,18.62,18.62,20.73,12.12,12.13,12.09,12.2,7.38,7.38,7.37,7.39,4.8,4.8,4.8,4.81,3.3,3.3,3.29,3.31
fragment_00121,3,29.97,29.97,29.97,30.2,23.99,23.98,23.98,25.97,16.92,16.92,16.92,19.15,11.9,11.9,11.9,12.29,7.5,7.5,7.5,7.52,4.88,4.88,4.88,4.89,3.35,3.35,3.35,3.36
fragment_00122,2,28.5,28.51,27.95,28.51,21.69,21.7,21.19,21.7,15.89,15.89,15.64,15.89,11.54,11.54,11.36,11.54,8.27,8.27,8.23,8.27,5.56,5.56,5.56,5.56,3.82,3.82,3.82,3.82
fragment_00123,2,27.57,27.58,27.51,27.58,18.91,18.92,18.88,18.92,12.89,12.89,12.87,12.89,9.72,9.72,9.71,9.72,7.53,7.53,7.53,7.53,5.51,5.51,5.51,5.51,3.85,3.85,3.85,3.85
fragment_00124,1,29.77,29.77,29.77,29.77,23.24,23.24,23.24,23.24,16.51,16.51,16.51,16.51,11.74,11.74,11.74,11.74,7.69,7.69,7.69,7.69,5.0,5.0,5.0,5.0,3.44,3.44,3.44,3.44
fragment_00125,2,27.89,27.89,27.79,27.89,20.09,20.09,20.06,20.09,13.93,13.94,13.9,13.94,9.4,9.4,9.39,9.4,5.77,5.77,5.76,5.77,3.75,3.75,3.75,3.75,2.58,2.58,2.58,2.58
fragment_00126,5,29.1,29.08,28.95,29.25,22.78,22.78,22.49,23.17,17.25,17.26,16.85,17.69,11.09,11.07,11.07,11.17,6.76,6.76,6.76,6.77,4.4,4.4,4.4,4.4,3.02,3.02,3.02,3.03
fragment_00127,10,27.77,27.74,27.73,28.53,18.98,18.9,18.7,21.74,12.48,12.51,11.93,14.95,8.54,8.62,8.21,9.03,5.45,5.45,5.45,5.47,3.55,3.55,3.55,3.56,2.44,2.44,2.44,2.45
fragment_00128,2,27.51,27.53,27.46,27.53,20.18,20.18,20.17,20.18,13.8,13.81,13.79,13.81,8.99,8.99,8.99,8.99,5.5,5.5,5.5,5.5,3.58,3.58,3.58,3.58,2.46,2.46,2.46,2.46
fragment_00129,2,28.8,28.83,28.74,28.83,21.68,21.7,21.65,21.7,15.37,15.38,15.36,15.38,12.0,12.0,11.99,12.0,9.01,9.01,9.01,9.01,6.03,6.03,6.03,6.03,4.14,4.14,4.14,4.14
fragment_00130,1,27.81,27.81,27.81,27.81,18.08,18.08,18.08,18.08,10.24,10.24,10.24,10.24,5.61,5.61,5.61,5.61,3.4,3.4,3.4,3.4,2.21,2.21,2.21,2.21,1.52,1.52,1.52,1.52
fragment_00131,2,28.32,28.3,28.3,28.35,20.48,20.46,20.46,20.51,14.43,14.43,14.42,14.43,10.18,10.18,10.18,10.18,7.01,7.01,7.01,7.01,4.96,4.96,4.96,4.96,3.43,3.42,3.42,3.43
fragment_00132,3,27.73,27.67,27.67,28.01,18.81,18.58,18.58,19.82,11.78,11.58,11.58,12.59,7.19,7.19,7.19,7.2,4.36,4.35,4.35,4.36,2.83,2.83,2.83,2.84,1.95,1.95,1.95,1.95
fragment_00133,1,27.86,27.86,27.86,27.86,25.49,25.49,25.49,25.49,18.76,18.76,18.76,18.76,13.02,13.02,13.02,13.02,9.3,9.3,9.3,9.3,6.43,6.43,6.43,6.43,4.47,4.47,4.47,4.47
fragment_00134,1,30.1,30.1,30.1,30.1,23.63,23.63,23.63,23.63,17.77,17.77,17.77,17.77,13.83,13.83,13.83,13.83,9.79,9.79,9.79,9.79,6.55,6.55,6.55,6.55,4.5,4.5,4.5,4.5
fragment_00135,2,25.04,25.04,25.04,25.05,18.83,18.82,18.82,18.87,12.74,12.75,12.74,12.75,7.87,7.87,7.87,7.88,4.79,4.79,4.79,4.79,3.12,3.12,3.12,3.12,2.14,2.14,2.14,2.14
fragment_00136,2,27.69,27.69,27.69,27.69,25.0,25.0,25.0,25.0,18.36,18.36,18.36,18.36,12.77,12.78,12.77,12.78,8.76,8.76,8.76,8.76,5.79,5.79,5.79,5.79,3.98,3.98,3.98,3.98
fragment_00137,2,28.76,28.76,28.76,28.76,21.65,21.64,21.64,21.65,15.12,15.12,15.12,15.13,10.97,10.96,10.96,10.98,7.76,7.76,7.75,7.76,5.48,5.48,5.48,5.48,3.79,3.79,3.79,3.79
fragment_00138,2,29.61,29.59,29.59,30.17,22.26,22.17,22.17,24.81,15.71,15.63,15.63,18.23,11.39,11.34,11.34,12.93,8.46,8.43,8.43,9.34,6.32,6.31,6.31,6.51,4.48,4.48,4.48,4.48
fragment_00139,17,28.74,28.76,28.65,28.77,21.64,21.65,21.58,21.65,15.16,15.18,15.13,15.18,11.32,11.27,11.19,11.46,8.7,8.65,8.61,8.86,6.73,6.7,6.68,6.88,5.04,5.03,5.03,5.06
fragment_00140,2,28.67,28.68,28.66,28.68,21.55,21.55,21.55,21.55,14.83,14.83,14.83,14.84,10.17,10.17,10.17,10.17,7.01,7.01,7.01,7.01,4.96,4.96,4.96,4.96,3.43,3.43,3.43,3.43
fragment_00141,2,27.6,27.61,27.58,27.61,19.69,19.71,19.64,19.71,13.23,13.23,13.22,13.23,8.19,8.19,8.19,8.19,4.99,4.99,4.99,4.99,3.25,3.25,3.25,3.25,2.23,2.23,2.23,2.23
fragment_00142,3,27.82,27.81,27.81,28.64,19.03,19.0,19.0,22.29,12.92,12.89,12.89,15.76,9.48,9.48,9.48,9.92,6.16,6.16,6.16,6.17,4.01,4.01,4.01,4.02,2.76,2.76,2.76,2.76
fragment_00143,9,27.81,27.8,27.79,28.35,19.03,19.02,18.89,22.91,13.31,13.43,12.91,17.07,10.44,10.56,10.14,11.85,7.49,7.55,7.36,7.63,4.95,4.95,4.95,4.97,3.4,3.4,3.4,3.41
fragment_00144,2,26.33,26.33,25.96,26.33,22.15,22.15,21.67,22.15,16.47,16.48,16.19,16.48,11.88,11.88,11.66,11.88,8.5,8.5,8.44,8.5,5.71,5.71,5.71,5.71,3.92,3.92,3.92,3.93
fragment_00145,3,27.58,27.6,27.47,27.6,23.87,23.73,23.73,24.9,15.72,15.51,15.51,17.19,10.01,9.97,9.97,10.26,6.23,6.23,6.23,6.23,4.05,4.05,4.05,4.06,2.78,2.78,2.78,2.79
fragment_00146,9,28.94,28.95,28.09,29.12,22.32,22.32,21.57,22.53,17.4,17.4,16.89,18.03,13.15,13.15,12.85,13.67,9.85,9.85,9.73,10.06,6.89,6.88,6.88,6.89,4.74,4.74,4.73,4.74
fragment_00147,1,30.1,30.1,30.1,30.1,24.29,24.29,24.29,24.29,18.14,18.14,18.14,18.14,12.23,12.23,12.23,12.23,7.67,7.67,7.67,7.67,4.99,4.99,4.99,4.99,3.43,3.43,3.43,3.43
fragment_00148,3,29.68,29.68,29.68,30.01,22.44,22.44,22.44,23.38,16.15,16.15,16.15,17.0,11.55,11.55,11.55,11.67,7.3,7.3,7.3,7.31,4.75,4.75,4.75,4.75,3.26,3.26,3.26,3.27
fragment_00149,2,28.23,28.25,28.15,28.25,21.32,21.33,21.28,21.33,15.04,15.05,15.03,15.05,10.2,10.2,10.18,10.2,7.13,7.14,7.12,7.14,5.0,5.01,5.0,5.01,3.44,3.44,3.44,3.44
fragment_00150,2,29.61,29.59,29.59,30.2,22.26,22.18,22.18,24.86,15.71,15.63,15.63,18.28,11.39,11.34,11.34,12.97,8.46,8.43,8.43,9.35,6.32,6.31,6.31,6.52,4.48,4.48,4.48,4.48
fragment_00151,2,27.57,27.57,27.57,27.58,19.71,19.71,19.71,19.72,13.28,13.28,13.28,13.29,8.45,8.45,8.45,8.45,5.16,5.15,5.15,5.16,3.36,3.35,3.35,3.36,2.31,2.3,2.3,2.31
fragment_00152,6,33.39,33.37,33.21,33.8,29.88,29.67,29.67,31.77,19.9,19.71,19.7,21.5,12.08,12.07,12.07,12.15,7.35,7.35,7.35,7.36,4.79,4.79,4.78,4.79,3.29,3.29,3.29,3.29
fragment_00153,7,29.38,29.56,28.58,29.56,25.94,25.24,25.24,26.87,20.31,19.38,19.38,21.4,15.33,15.02,15.02,15.71,10.57,10.5,10.5,10.65,7.0,7.0,7.0,7.01,4.81,4.81,4.81,4.82
fragment_00154,4,28.8,28.83,28.73,28.83,21.69,21.71,21.66,21.71,15.13,15.14,15.12,15.14,11.18,11.2,11.16,11.2,8.33,8.34,8.32,8.34,5.99,6.0,5.99,6.0,4.18,4.18,4.18,4.18
fragment_00155,5,28.0,27.74,27.74,28.32,19.7,18.82,18.82,20.8,13.25,12.24,12.24,14.48,8.98,8.61,8.61,9.4,5.77,5.74,5.74,5.78,3.76,3.76,3.76,3.76,2.58,2.58,2.58,2.59
fragment_00156,3,27.94,27.93,27.93,28.72,20.96,20.97,20.47,20.97,14.99,15.0,14.17,15.0,9.4,9.4,9.31,9.4,5.7,5.7,5.7,5.7,3.71,3.71,3.71,3.71,2.55,2.55,2.55,2.55
fragment_00157,2,28.3,28.29,28.29,28.32,20.47,20.46,20.46,20.5,14.43,14.44,14.42,14.44,10.15,10.15,10.15,10.15,6.74,6.74,6.74,6.74,4.47,4.47,4.47,4.47,3.07,3.07,3.07,3.07
fragment_00158,22,27.76,27.71,27.71,28.24,18.9,18.69,18.69,21.74,12.58,11.98,11.98,15.74,9.14,8.45,8.45,10.95,6.63,6.16,6.16,7.35,4.72,4.59,4.59,4.8,3.3,3.3,3.3,3.3
fragment_00159,3,28.35,28.4,28.3,28.4,20.52,20.55,20.48,20.55,14.78,14.77,14.77,14.81,11.19,11.18,11.18,11.21,8.35,8.34,8.34,8.36,6.3,6.3,6.3,6.31,4.5,4.5,4.5,4.5
fragment_00160,2,30.21,30.21,30.21,30.96,24.15,24.14,24.14,26.8,16.82,16.8,16.8,19.7,11.77,11.76,11.76,12.34,7.49,7.49,7.49,7.5,4.88,4.88,4.88,4.88,3.35,3.35,3.35,3.35
fragment_00161,1,27.88,27.88,27.88,27.88,25.52,25.52,25.52,25.52,18.78,18.78,18.78,18.78,13.03,13.03,13.03,13.03,9.35,9.35,9.35,9.35,6.64,6.64,6.64,6.64,4.82,4.82,4.82,4.82
fragment_00162,1,27.17,27.17,27.17,27.17,22.94,22.94,22.94,22.94,17.03,17.03,17.03,17.03,11.36,11.36,11.36,11.36,6.89,6.89,6.89,6.89,4.48,4.48,4.48,4.48,3.08,3.08,3.08,3.08
fragment_00163,5,28.51,28.51,28.25,28.86,23.18,23.15,23.15,25.19,16.85,16.83,16.83,18.87,12.03,12.02,12.02,12.46,7.77,7.77,7.77,7.78,5.06,5.06,5.06,5.06,3.47,3.47,3.47,3.48
fragment_00164,1,20.94,20.94,20.94,20.94,8.99,8.99,8.99,8.99,4.23,4.23,4.23,4.23,2.32,2.32,2.32,2.32,1.4,1.4,1.4,1.4,0.91,0.91,0.91,0.91,0.63,0.63,0.63,0.63
fragment_00165,2,27.39,27.39,27.37,27.39,18.87,18.88,18.87,18.88,12.52,12.52,12.51,12.52,7.92,7.92,7.92,7.92,4.81,4.81,4.81,4.81,3.13,3.13,3.13,3.13,2.15,2.15,2.15,2.15
fragment_00166,3,28.17,28.19,28.14,28.19,19.9,19.91,19.89,19.91,14.46,14.46,14.46,14.47,11.4,11.39,11.39,11.4,8.7,8.7,8.7,8.71,6.52,6.51,6.51,6.52,4.65,4.65,4.65,4.65
fragment_00167,1,27.3,27.3,27.3,27.3,22.5,22.5,22.5,22.5,15.82,15.82,15.82,15.82,9.86,9.86,9.86,9.86,5.98,5.98,5.98,5.98,3.89,3.89,3.89,3.89,2.68,2.68,2.68,2.68
fragment_00168,11,28.24,28.23,28.02,28.87,21.36,21.37,20.68,23.42,14.85,14.84,14.07,16.57,10.93,10.9,10.58,11.75,7.61,7.6,7.59,7.73,5.03,5.03,5.03,5.04,3.45,3.45,3.45,3.46
fragment_00169,1,27.34,27.34,27.34,27.34,22.58,22.58,22.58,22.58,15.96,15.96,15.96,15.96,10.18,10.18,10.18,10.18,6.18,6.18,6.18,6.18,4.02,4.02,4.02,4.02,2.76,2.76,2.76,2.76
fragment_00170,6,30.74,30.59,30.59,31.75,26.02,25.87,25.87,28.25,18.87,18.83,18.79,20.59,12.1,12.1,12.05,12.18,7.36,7.35,7.35,7.38,4.79,4.79,4.79,4.8,3.29,3.29,3.29,3.3
fragment_00171,2,27.62,27.62,27.49,27.62,19.64,19.64,19.59,19.64,13.7,13.71,13.65,13.71,9.72,9.72,9.68,9.72,6.74,6.74,6.72,6.74,4.48,4.48,4.48,4.48,3.08,3.08,3.08,3.08
fragment_00172,1,29.76,29.76,29.76,29.76,23.21,23.21,23.21,23.21,16.43,16.43,16.43,16.43,11.39,11.39,11.39,11.39,7.8,7.8,7.8,7.8,5.61,5.61,5.61,5.61,3.93,3.93,3.93,3.93
fragment_00173,3,28.12,28.12,28.01,29.0,20.15,20.12,20.12,22.3,14.01,13.98,13.98,15.44,8.93,8.93,8.93,9.01,5.46,5.46,5.45,5.46,3.55,3.55,3.55,3.55,2.44,2.44,2.44,2.44
fragment_00174,3,29.67,29.67,29.67,30.01,22.43,22.43,22.43,23.35,16.15,16.15,16.15,16.98,11.55,11.55,11.55,11.67,7.29,7.29,7.29,7.31,4.75,4.75,4.75,4.75,3.26,3.26,3.26,3.27
fragment_00175,3,28.81,28.82,28.74,28.84,21.7,21.7,21.67,21.72,15.14,15.13,15.12,15.15,11.21,11.19,11.19,11.23,8.4,8.39,8.39,8.41,6.08,6.08,6.08,6.08,4.18,4.18,4.18,4.18
fragment_00176,2,30.19,30.19,30.19,30.93,24.14,24.13,24.13,26.76,16.82,16.8,16.8,19.68,11.77,11.76,11.76,12.34,7.49,7.49,7.49,7.5,4.88,4.88,4.88,4.88,3.35,3.35,3.35,3.35
fragment_00177,4,28.63,28.66,27.86,28.66,23.7,23.7,23.51,23.71,17.35,17.33,17.33,17.92,12.38,12.38,12.38,12.5,7.8,7.8,7.8,7.8,5.08,5.08,5.08,5.08,3.49,3.49,3.49,3.49
fragment_00178,2,28.34,28.32,28.32,28.37,20.5,20.48,20.48,20.53,14.44,14.44,14.43,14.44,10.21,10.21,10.21,10.21,6.99,6.99,6.99,6.99,4.97,4.97,4.97,4.97,3.55,3.55,3.55,3.55
fragment_00179,1,27.24,27.24,27.24,27.24,19.25,19.25,19.25,19.25,13.03,13.03,13.03,13.03,8.47,8.47,8.47,8.47,5.16,5.16,5.16,5.16,3.36,3.36,3.36,3.36,2.31,2.31,2.31,2.31
fragment_00180,2,28.79,28.79,28.79,28.79,21.68,21.68,21.68,21.68,15.08,15.08,15.08,15.08,10.74,10.74,10.74,10.74,8.01,8.02,8.01,8.02,6.3,6.3,6.3,6.3,4.61,4.61,4.61,4.61
fragment_00181,1,28.7,28.7,28.7,28.7,21.59,21.59,21.59,21.59,15.02,15.02,15.02,15.02,10.59,10.59,10.59,10.59,7.2,7.2,7.2,7.2,4.97,4.97,4.97,4.97,3.41,3.41,3.41,3.41
fragment_00182,1,28.79,28.79,28.79,28.79,21.66,21.66,21.66,21.66,15.06,15.06,15.06,15.06,10.62,10.62,10.62,10.62,7.42,7.42,7.42,7.42,5.51,5.51,5.51,5.51,3.99,3.99,3.99,3.99
fragment_00183,1,29.7,29.7,29.7,29.7,21.85,21.85,21.85,21.85,12.46,12.46,12.46,12.46,6.83,6.83,6.83,6.83,4.14,4.14,4.14,4.14,2.69,2.69,2.69,2.69,1.85,1.85,1.85,1.85
fragment_00184,4,26.88,26.85,26.79,26.93,23.26,23.16,23.16,23.39,17.81,17.65,17.65,17.99,12.54,12.42,12.42,12.7,8.94,8.91,8.91,8.98,6.02,6.02,6.02,6.02,4.14,4.14,4.14,4.14
fragment_00185,3,27.84,27.87,27.8,27.87,20.13,20.16,20.1,20.16,14.05,14.06,14.04,14.06,8.87,8.87,8.86,8.87,5.45,5.45,5.44,5.45,3.54,3.55,3.54,3.55,2.44,2.44,2.43,2.44
fragment_00186,1,29.76,29.76,29.76,29.76,23.22,23.22,23.22,23.22,16.51,16.51,16.51,16.51,11.72,11.72,11.72,11.72,7.99,7.99,7.99,7.99,5.31,5.31,5.31,5.31,3.65,3.65,3.65,3.65
fragment_00187,3,28.14,28.13,28.08,28.72,20.16,20.13,20.13,22.22,14.01,13.98,13.98,15.62,8.93,8.93,8.93,9.01,5.46,5.46,5.45,5.46,3.55,3.55,3.55,3.55,2.44,2.44,2.44,2.44
fragment_00188,3,27.7,27.74,27.52,27.74,21.06,21.11,20.81,21.11,15.99,16.01,15.85,16.01,11.41,11.43,11.33,11.43,8.03,8.03,8.01,8.03,5.24,5.24,5.24,5.24,3.6,3.6,3.6,3.6
fragment_00189,3,28.14,28.3,27.75,28.3,20.3,20.86,18.85,20.9,14.05,14.74,12.3,14.76,9.42,9.69,8.77,9.69,5.96,5.98,5.91,5.98,3.89,3.9,3.89,3.9,2.67,2.68,2.67,2.68
fragment_00190,1,25.22,25.22,25.22,25.22,19.7,19.7,19.7,19.7,13.21,13.21,13.21,13.21,7.91,7.91,7.91,7.91,4.79,4.79,4.79,4.79,3.12,3.12,3.12,3.12,2.14,2.14,2.14,2.14
fragment_00191,1,27.65,27.65,27.65,27.65,20.42,20.42,20.42,20.42,13.76,13.76,13.76,13.76,8.49,8.49,8.49,8.49,5.16,5.16,5.16,5.16,3.36,3.36,3.36,3.36,2.31,2.31,2.31,2.31
fragment_00192,2,29.62,29.62,29.61,29.62,23.16,23.17,23.14,23.17,16.15,16.17,16.1,16.17,10.32,10.32,10.32,10.33,6.26,6.26,6.26,6.26,4.07,4.07,4.07,4.08,2.8,2.8,2.8,2.8
fragment_00193,2,27.72,27.73,27.67,27.73,20.37,20.37,20.36,20.37,13.96,13.96,13.94,13.96,10.19,10.2,10.18,10.2,7.87,7.88,7.87,7.88,5.8,5.8,5.8,5.8,4.09,4.09,4.09,4.09
fragment_00194,4,28.79,28.81,28.73,28.82,21.68,21.69,21.65,21.69,15.3,15.31,15.28,15.31,11.73,11.75,11.72,11.75,8.52,8.53,8.51,8.53,5.72,5.72,5.72,5.72,3.93,3.93,3.93,3.93
fragment_00195,6,28.24,28.2,27.91,28.35,21.25,20.94,20.94,21.69,15.74,15.47,15.47,16.28,10.23,10.12,10.12,10.39,6.3,6.3,6.3,6.31,4.1,4.1,4.1,4.1,2.82,2.82,2.82,2.82
fragment_00196,1,29.7,29.7,29.7,29.7,21.86,21.86,21.86,21.86,12.46,12.46,12.46,12.46,6.83,6.83,6.83,6.83,4.14,4.14,4.14,4.14,2.69,2.69,2.69,2.69,1.85,1.85,1.85,1.85
fragment_00197,2,29.15,29.15,29.15,29.16,23.39,23.38,23.38,23.39,18.19,18.18,18.18,18.19,12.03,12.03,12.03,12.03,7.35,7.35,7.35,7.35,4.78,4.78,4.78,4.78,3.29,3.29,3.29,3.29
fragment_00198,14,27.9,27.76,27.72,28.42,19.6,18.91,18.89,22.1,13.84,13.06,12.81,16.95,10.51,9.95,9.56,12.79,8.1,7.72,7.61,9.48,6.27,6.21,6.09,6.59,4.52,4.52,4.5,4.53
fragment_00199,3,28.7,28.72,28.63,28.72,21.58,21.59,21.53,21.59,14.97,14.97,14.96,15.0,10.88,10.86,10.86,10.91,7.69,7.68,7.68,7.71,5.19,5.19,5.19,5.19,3.57,3.57,3.57,3.57
fragment_00200,6,30.73,30.58,30.58,31.79,26.02,25.87,25.81,28.24,18.87,18.83,18.8,20.59,12.1,12.1,12.05,12.18,7.36,7.35,7.35,7.38,4.79,4.79,4.79,4.8,3.29,3.29,3.29,3.3
fragment_00201,3,28.33,28.33,28.16,28.33,22.98,22.98,22.98,24.8,16.45,16.45,16.45,18.3,11.56,11.56,11.56,11.68,7.13,7.13,7.13,7.13,4.64,4.64,4.64,4.64,3.19,3.19,3.19,3.19
fragment_00202,1,29.76,29.76,29.76,29.76,23.21,23.21,23.21,23.21,16.43,16.43,16.43,16.43,11.38,11.38,11.38,11.38,7.75,7.75,7.75,7.75,5.48,5.48,5.48,5.48,3.79,3.79,3.79,3.79
fragment_00203,4,26.07,26.17,25.88,26.17,20.11,20.42,19.56,20.42,13.22,13.53,12.67,13.53,7.62,7.62,7.61,7.62,4.61,4.62,4.61,4.62,3.0,3.0,3.0,3.0,2.06,2.06,2.06,2.06
fragment_00204,2,28.26,28.27,28.21,28.27,21.32,21.33,21.3,21.33,15.1,15.1,15.09,15.1,10.41,10.41,10.41,10.42,7.15,7.15,7.15,7.15,4.97,4.97,4.97,4.98,3.43,3.43,3.43,3.43
fragment_00205,2,28.8,28.8,28.79,28.8,21.68,21.68,21.68,21.68,15.08,15.08,15.08,15.08,10.74,10.74,10.74,10.74,8.02,8.01,8.01,8.02,6.3,6.3,6.3,6.3,4.61,4.61,4.61,4.61
fragment_00206,25,30.75,30.83,30.51,31.04,25.38,25.28,24.6,27.06,19.57,19.45,18.2,20.67,14.83,14.86,13.81,15.2,10.36,10.39,9.98,10.42,6.81,6.81,6.79,6.82,4.68,4.68,4.67,4.69
fragment_00207,3,25.7,25.74,25.35,25.74,20.81,20.86,20.36,20.86,15.6,15.63,15.39,15.63,11.31,11.33,11.15,11.33,8.17,8.17,8.13,8.17,5.5,5.5,5.5,5.5,3.78,3.78,3.78,3.78
fragment_00208,2,27.96,27.96,27.57,27.96,22.69,22.69,22.29,22.69,16.14,16.14,16.08,16.14,11.54,11.54,11.44,11.54,8.59,8.59,8.56,8.59,6.45,6.45,6.43,6.45,4.63,4.63,4.63,4.63
fragment_00209,1,28.16,28.16,28.16,28.16,22.82,22.82,22.82,22.82,16.24,16.24,16.24,16.24,11.21,11.21,11.21,11.21,7.05,7.05,7.05,7.05,4.59,4.59,4.59,4.59,3.15,3.15,3.15,3.15
fragment_00210,2,27.71,27.71,27.66,27.71,19.83,19.83,19.83,19.83,13.52,13.53,13.5,13.53,10.02,10.02,10.0,10.02,7.71,7.71,7.71,7.71,5.66,5.66,5.65,5.66,3.97,3.97,3.97,3.97
fragment_00211,1,29.78,29.78,29.78,29.78,23.23,23.23,23.23,23.23,16.6,16.6,16.6,16.6,12.13,12.13,12.13,12.13,8.51,8.51,8.51,8.51,5.73,5.73,5.73,5.73,3.93,3.93,3.93,3.93
fragment_00212,4,28.75,28.74,28.74,28.76,21.63,21.63,21.63,21.64,15.19,15.18,15.17,15.21,11.4,11.38,11.38,11.43,8.69,8.68,8.68,8.71,6.56,6.55,6.55,6.57,4.86,4.86,4.86,4.86
fragment_00213,3,28.79,28.8,28.74,28.82,21.69,21.69,21.66,21.7,15.21,15.2,15.2,15.23,11.22,11.2,11.2,11.24,7.59,7.59,7.59,7.6,4.97,4.97,4.97,4.97,3.42,3.41,3.41,3.42
fragment_00214,10,28.53,28.49,28.42,29.22,23.19,23.01,22.93,25.61,16.46,16.27,16.27,19.02,11.56,11.51,11.51,12.23,7.45,7.45,7.45,7.46,4.85,4.85,4.85,4.86,3.33,3.33,3.33,3.34
fragment_00215,1,29.84,29.84,29.84,29.84,23.15,23.15,23.15,23.15,18.0,18.0,18.0,18.0,12.69,12.69,12.69,12.69,7.95,7.95,7.95,7.95,5.18,5.18,5.18,5.18,3.56,3.56,3.56,3.56
fragment_00216,6,29.92,29.92,29.71,30.11,23.19,23.19,23.11,25.27,16.44,16.44,16.44,18.59,11.83,11.83,11.83,12.22,7.5,7.5,7.5,7.52,4.88,4.88,4.88,4.9,3.36,3.36,3.36,3.36
fragment_00217,2,27.68,27.66,27.66,27.75,19.16,19.15,19.15,19.21,11.81,11.8,11.8,11.83,7.16,7.16,7.16,7.16,4.34,4.34,4.34,4.34,2.82,2.82,2.82,2.82,1.94,1.94,1.94,1.94
fragment_00218,1,29.97,29.97,29.97,29.97,24.18,24.18,24.18,24.18,18.16,18.16,18.16,18.16,12.41,12.41,12.41,12.41,7.67,7.67,7.67,7.67,4.99,4.99,4.99,4.99,3.43,3.43,3.43,3.43
fragment_00219,11,30.09,30.07,30.07,30.57,24.09,24.07,24.07,26.52,17.22,17.07,17.07,19.74,12.54,12.28,12.28,13.29,8.37,8.22,8.22,8.57,5.57,5.57,5.57,5.58,3.83,3.83,3.83,3.83
fragment_00220,6,27.89,27.91,27.86,27.93,20.26,20.28,20.22,20.29,14.47,14.48,14.47,14.48,10.63,10.64,10.63,10.64,8.49,8.49,8.49,8.49,6.41,6.41,6.41,6.41,4.56,4.56,4.56,4.56
fragment_00221,5,28.56,28.56,28.21,28.65,20.67,20.67,20.07,21.92,15.79,15.79,15.14,17.11,12.42,12.42,12.21,13.0,8.88,8.88,8.88,8.96,5.86,5.87,5.86,5.87,4.03,4.03,4.03,4.03
fragment_00222,1,30.6,30.6,30.6,30.6,24.56,24.56,24.56,24.56,18.24,18.24,18.24,18.24,13.97,13.97,13.97,13.97,9.85,9.85,9.85,9.85,6.55,6.55,6.55,6.55,4.5,4.5,4.5,4.5
fragment_00223,1,29.78,29.78,29.78,29.78,23.16,23.16,23.16,23.16,16.46,16.46,16.46,16.46,11.69,11.69,11.69,11.69,8.69,8.69,8.69,8.69,6.54,6.54,6.54,6.54,4.72,4.72,4.72,4.72
fragment_00224,1,27.09,27.09,27.09,27.09,18.87,18.87,18.87,18.87,12.35,12.35,12.35,12.35,7.41,7.41,7.41,7.41,4.49,4.49,4.49,4.49,2.92,2.92,2.92,2.92,2.01,2.01,2.01,2.01
fragment_00225,1,30.36,30.36,30.36,30.36,24.14,24.14,24.14,24.14,17.44,17.44,17.44,17.44,12.08,12.08,12.08,12.08,7.64,7.64,7.64,7.64,4.97,4.97,4.97,4.97,3.42,3.42,3.42,3.42
fragment_00226,3,28.23,28.47,28.02,28.47,20.01,19.59,19.59,20.37,13.41,12.9,12.9,13.85,8.38,8.34,8.34,8.42,5.1,5.1,5.1,5.1,3.32,3.32,3.32,3.32,2.28,2.28,2.28,2.28
fragment_00227,2,28.14,28.14,28.14,28.79,20.01,20.01,20.01,21.87,12.83,12.82,12.82,14.09,9.13,9.13,9.13,9.98,6.96,6.96,6.96,7.56,5.57,5.57,5.57,5.89,4.45,4.45,4.45,4.64
fragment_00228,1,30.21,30.21,30.21,30.21,24.4,24.4,24.4,24.4,18.37,18.37,18.37,18.37,12.68,12.68,12.68,12.68,8.76,8.76,8.76,8.76,6.41,6.41,6.41,6.41,4.5,4.5,4.5,4.5
fragment_00229,1,30.18,30.18,30.18,30.18,24.97,24.97,24.97,24.97,18.96,18.96,18.96,18.96,13.43,13.43,13.43,13.43,8.47,8.47,8.47,8.47,5.51,5.51,5.51,5.51,3.79,3.79,3.79,3.79
fragment_00230,4,28.78,28.78,28.72,28.84,21.67,21.67,21.64,21.69,15.23,15.21,15.21,15.25,11.28,11.26,11.26,11.31,7.97,7.96,7.96,7.99,5.59,5.58,5.58,5.59,3.89,3.89,3.89,3.89
fragment_00231,10,28.7,28.65,28.5,29.38,23.33,23.15,23.02,25.92,16.71,16.5,16.5,19.69,12.27,12.14,12.14,13.98,9.02,8.94,8.94,10.02,6.73,6.7,6.7,7.12,4.93,4.92,4.92,5.03
fragment_00232,11,28.71,28.73,28.67,28.77,21.61,21.62,21.59,21.66,15.21,15.2,15.18,15.24,11.47,11.44,11.44,11.52,8.83,8.82,8.82,9.05,6.85,6.85,6.85,6.97,4.97,4.97,4.97,4.99
fragment_00233,2,27.65,27.66,27.55,27.66,19.67,19.67,19.64,19.67,13.95,13.96,13.89,13.96,10.05,10.05,10.01,10.05,7.09,7.09,7.08,7.09,4.79,4.79,4.79,4.79,3.29,3.29,3.29,3.29
fragment_00234,9,30.35,30.22,30.19,31.15,24.46,24.08,24.05,27.54,16.57,16.0,16.0,19.37,11.07,10.73,10.73,12.1,7.31,7.25,7.25,7.39,4.8,4.8,4.79,4.81,3.3,3.3,3.29,3.3
fragment_00235,1,30.64,30.64,30.64,30.64,26.28,26.28,26.28,26.28,20.23,20.23,20.23,20.23,13.77,13.77,13.77,13.77,8.47,8.47,8.47,8.47,5.51,5.51,5.51,5.51,3.79,3.79,3.79,3.79
fragment_00236,6,28.74,28.74,28.68,28.78,21.62,21.62,21.59,21.64,15.42,15.39,15.38,15.47,11.77,11.73,11.73,11.82,8.98,8.97,8.97,8.99,6.5,6.5,6.5,6.5,4.49,4.49,4.49,4.49
fragment_00237,13,28.21,28.1,27.99,28.94,21.29,21.79,20.77,23.92,16.03,16.8,15.13,18.23,11.41,11.87,10.53,12.02,7.35,7.37,7.2,7.38,4.8,4.8,4.79,4.8,3.29,3.29,3.29,3.3
fragment_00238,2,28.75,28.78,28.69,28.78,21.65,21.67,21.62,21.67,15.19,15.19,15.18,15.19,11.3,11.31,11.3,11.31,7.99,7.99,7.99,7.99,5.31,5.31,5.31,5.31,3.65,3.65,3.65,3.65
fragment_00239,1,29.26,29.26,29.26,29.26,22.01,22.01,22.01,22.01,15.79,15.79,15.79,15.79,10.92,10.92,10.92,10.92,6.87,6.87,6.87,6.87,4.47,4.47,4.47,4.47,3.07,3.07,3.07,3.07
fragment_00240,3,27.85,27.77,27.77,28.05,19.1,18.71,18.71,20.04,12.08,11.67,11.67,13.03,7.66,7.61,7.61,7.79,4.71,4.71,4.71,4.72,3.07,3.06,3.06,3.07,2.11,2.11,2.11,2.11
fragment_00241,10,28.22,28.26,28.13,28.26,20.19,20.08,20.07,20.44,13.6,13.35,13.34,14.31,10.8,10.58,10.28,11.62,8.73,8.6,8.21,9.38,6.63,6.58,6.46,6.94,4.81,4.81,4.79,4.82
fragment_00242,1,30.12,30.12,30.12,30.12,24.87,24.87,24.87,24.87,19.47,19.47,19.47,19.47,14.17,14.17,14.17,14.17,8.93,8.93,8.93,8.93,5.81,5.81,5.81,5.81,3.99,3.99,3.99,3.99
fragment_00243,2,27.15,27.14,27.14,27.16,19.08,19.08,19.08,19.1,12.7,12.7,12.7,12.7,7.92,7.92,7.92,7.92,4.81,4.81,4.81,4.81,3.13,3.13,3.13,3.13,2.15,2.15,2.15,2.15
fragment_00244,5,30.02,30.02,30.02,30.56,24.02,24.0,24.0,26.09,16.77,16.75,16.75,19.1,11.81,11.81,11.81,12.29,7.51,7.51,7.51,7.52,4.89,4.89,4.89,4.9,3.36,3.36,3.36,3.36
fragment_00245,2,28.86,28.86,28.86,28.86,21.75,21.75,21.75,21.75,15.14,15.14,15.14,15.14,11.03,11.04,11.02,11.04,8.01,8.01,8.0,8.01,5.82,5.82,5.82,5.82,4.22,4.22,4.22,4.22
fragment_00246,7,28.47,28.44,28.43,28.54,23.12,23.06,23.06,25.26,16.82,16.62,16.62,18.89,12.17,11.89,11.89,13.17,8.06,7.95,7.95,8.2,5.32,5.33,5.31,5.33,3.66,3.66,3.65,3.66
fragment_00247,14,28.2,28.1,28.0,28.94,21.29,21.8,20.75,23.95,16.05,16.82,15.11,18.43,11.42,11.88,10.54,12.12,7.35,7.37,7.21,7.38,4.8,4.8,4.79,4.8,3.3,3.29,3.29,3.3
fragment_00248,7,27.63,27.58,27.46,27.98,23.88,23.72,23.72,26.31,15.9,15.56,15.56,18.93,10.75,10.48,10.48,12.2,7.35,7.26,7.26,7.56,4.91,4.91,4.91,4.92,3.37,3.37,3.37,3.38
fragment_00249,2,27.7,27.7,27.64,27.7,19.86,19.86,19.84,19.86,13.45,13.45,13.43,13.45,9.8,9.8,9.78,9.8,7.56,7.56,7.55,7.56,5.33,5.33,5.33,5.33,3.69,3.69,3.69,3.69
fragment_00250,3,29.1,29.13,28.75,29.13,22.61,22.63,22.39,22.63,15.04,15.04,15.03,15.04,8.65,8.65,8.65,8.65,5.24,5.24,5.24,5.24,3.41,3.41,3.41,3.41,2.34,2.34,2.34,2.34
fragment_00251,3,28.77,28.79,28.69,28.79,21.65,21.66,21.61,21.66,15.22,15.21,15.2,15.24,11.36,11.34,11.34,11.39,8.35,8.33,8.33,8.36,5.72,5.72,5.72,5.72,3.93,3.93,3.93,3.93
fragment_00252,6,30.54,30.54,29.95,30.71,26.73,26.73,25.93,26.93,21.9,21.9,21.0,22.39,16.75,16.75,16.19,16.86,10.92,10.92,10.9,10.92,7.11,7.11,7.11,7.11,4.88,4.88,4.88,4.89
fragment_00253,4,28.76,28.73,28.71,29.24,23.38,23.19,23.18,25.72,16.67,16.44,16.44,19.43,12.14,12.01,12.01,13.7,8.9,8.84,8.83,9.72,6.49,6.48,6.48,6.61,4.54,4.54,4.54,4.54
fragment_00254,1,30.19,30.19,30.19,30.19,24.37,24.37,24.37,24.37,18.77,18.77,18.77,18.77,13.8,13.8,13.8,13.8,9.63,9.63,9.63,9.63,6.54,6.54,6.54,6.54,4.49,4.49,4.49,4.49
fragment_00255,1,28.58,28.58,28.58,28.58,21.46,21.46,21.46,21.46,14.61,14.61,14.61,14.61,9.68,9.68,9.68,9.68,6.06,6.06,6.06,6.06,3.94,3.94,3.94,3.94,2.71,2.71,2.71,2.71
fragment_00256,5,28.01,27.94,27.94,28.29,24.61,24.54,24.54,25.46,19.23,19.13,19.13,20.26,12.62,12.62,12.62,12.75,7.72,7.73,7.72,7.73,5.03,5.03,5.03,5.03,3.45,3.45,3.45,3.46
fragment_00257,28,28.19,28.2,28.01,28.79,21.14,21.17,20.39,23.88,14.47,14.52,13.16,17.55,10.23,10.14,9.09,12.17,7.17,7.06,6.55,7.75,5.0,5.03,4.84,5.05,3.46,3.46,3.46,3.47
fragment_00258,1,27.87,27.87,27.87,27.87,20.15,20.15,20.15,20.15,14.07,14.07,14.07,14.07,9.18,9.18,9.18,9.18,6.27,6.27,6.27,6.27,4.14,4.14,4.14,4.14,2.84,2.84,2.84,2.84
fragment_00259,3,27.65,27.66,27.65,28.47,18.81,18.81,18.81,20.1,12.38,12.38,12.37,12.92,8.93,8.93,8.93,9.33,6.92,6.92,6.92,7.17,5.53,5.53,5.53,5.63,4.39,4.39,4.39,4.46
fragment_00260,10,30.38,30.23,30.2,31.08,24.45,24.08,24.06,27.04,16.58,16.0,16.0,19.17,11.08,10.73,10.73,12.04,7.31,7.25,7.25,7.39,4.8,4.8,4.79,4.81,3.3,3.3,3.29,3.3
fragment_00261,2,28.32,28.35,28.23,28.35,20.47,20.49,20.4,20.49,14.49,14.49,14.49,14.5,10.71,10.7,10.7,10.72,8.06,8.06,8.06,8.07,6.09,6.09,6.09,6.09,4.35,4.35,4.35,4.35
fragment_00262,9,30.09,30.07,30.07,30.64,24.09,24.07,24.07,26.46,17.17,17.07,17.07,19.63,12.45,12.29,12.29,13.25,8.4,8.27,8.27,8.77,5.71,5.71,5.71,5.72,3.92,3.92,3.92,3.93
fragment_00263,1,30.36,30.36,30.36,30.36,25.16,25.16,25.16,25.16,16.88,16.88,16.88,16.88,9.54,9.54,9.54,9.54,5.78,5.78,5.78,5.78,3.76,3.76,3.76,3.76,2.58,2.58,2.58,2.58
fragment_00264,2,27.78,27.79,27.68,27.79,19.89,19.9,19.87,19.9,13.62,13.62,13.59,13.62,8.88,8.88,8.88,8.88,5.43,5.43,5.43,5.43,3.53,3.53,3.53,3.53,2.43,2.43,2.43,2.43
fragment_00265,1,30.08,30.08,30.08,30.08,24.53,24.53,24.53,24.53,18.79,18.79,18.79,18.79,13.18,13.18,13.18,13.18,8.62,8.62,8.62,8.62,5.73,5.73,5.73,5.73,3.93,3.93,3.93,3.93
fragment_00266,1,28.07,28.07,28.07,28.07,21.51,21.51,21.51,21.51,15.9,15.9,15.9,15.9,11.67,11.67,11.67,11.67,8.46,8.46,8.46,8.46,5.74,5.74,5.74,5.74,3.94,3.94,3.94,3.94
fragment_00267,2,28.83,28.83,28.81,28.83,21.69,21.7,21.69,21.7,15.19,15.19,15.19,15.2,11.11,11.11,11.11,11.14,8.16,8.15,8.15,8.17,6.08,6.08,6.08,6.09,4.35,4.35,4.35,4.35
fragment_00268,1,29.78,29.78,29.78,29.78,23.23,23.23,23.23,23.23,16.58,16.58,16.58,16.58,12.06,12.06,12.06,12.06,8.34,8.34,8.34,8.34,5.52,5.52,5.52,5.52,3.79,3.79,3.79,3.79
fragment_00269,2,27.28,27.28,26.6,27.28,21.35,21.35,20.82,21.35,15.45,15.45,15.38,15.45,11.09,11.09,11.0,11.09,8.35,8.35,8.31,8.35,6.26,6.26,6.24,6.26,4.49,4.49,4.49,4.49
fragment_00270,5,30.02,30.01,30.01,30.56,24.03,24.01,24.01,26.08,16.77,16.76,16.76,19.1,11.81,11.81,11.81,12.29,7.51,7.51,7.51,7.52,4.89,4.89,4.89,4.9,3.36,3.36,3.36,3.36
fragment_00271,6,28.54,28.44,28.27,28.96,21.59,21.81,20.53,22.51,13.86,14.17,12.82,14.64,8.34,8.4,8.22,8.4,5.08,5.09,5.07,5.09,3.31,3.31,3.3,3.31,2.27,2.28,2.27,2.28
fragment_00272,7,28.77,28.8,28.7,28.8,21.66,21.68,21.62,21.68,15.54,15.59,15.5,15.59,12.44,12.49,12.39,12.49,9.61,9.64,9.59,9.64,7.03,7.03,7.02,7.03,4.88,4.88,4.88,4.88
fragment_00273,4,28.75,28.76,28.7,28.79,21.65,21.65,21.63,21.67,15.15,15.15,15.14,15.17,11.2,11.18,11.18,11.22,8.33,8.32,8.32,8.35,6.35,6.34,6.34,6.36,4.71,4.71,4.71,4.71
fragment_00274,7,27.85,27.83,27.82,28.67,19.34,19.28,19.24,22.91,13.95,13.83,13.82,16.88,11.1,10.99,10.99,12.05,7.96,7.94,7.94,8.07,5.25,5.25,5.25,5.26,3.61,3.61,3.61,3.62
fragment_00275,1,29.77,29.77,29.77,29.77,22.65,22.65,22.65,22.65,13.09,13.09,13.09,13.09,7.18,7.18,7.18,7.18,4.35,4.35,4.35,4.35,2.83,2.83,2.83,2.83,1.94,1.94,1.94,1.94
fragment_00276,2,29.62,29.61,29.61,29.63,23.16,23.15,23.15,23.18,16.15,16.16,16.12,16.16,10.32,10.32,10.32,10.33,6.26,6.26,6.26,6.26,4.07,4.07,4.07,4.08,2.8,2.8,2.8,2.8
fragment_00277,1,29.6,29.6,29.6,29.6,23.08,23.08,23.08,23.08,17.68,17.68,17.68,17.68,12.21,12.21,12.21,12.21,7.67,7.67,7.67,7.67,4.99,4.99,4.99,4.99,3.43,3.43,3.43,3.43
fragment_00278,5,28.48,28.48,28.44,28.74,23.08,23.07,23.07,25.2,16.91,16.91,16.91,18.93,12.45,12.45,12.45,13.08,8.91,8.91,8.9,9.25,6.7,6.7,6.68,6.88,4.85,4.85,4.85,4.85
fragment_00279,26,30.34,30.28,30.25,31.22,24.5,24.58,24.08,27.6,16.86,17.58,16.07,19.85,11.57,12.36,10.77,13.02,7.85,8.07,7.43,8.11,5.26,5.26,5.2,5.28,3.62,3.61,3.61,3.63
fragment_00280,16,30.94,30.67,30.67,32.2,26.57,26.0,26.0,30.11,20.25,19.91,19.83,22.81,13.3,13.31,13.25,13.39,8.08,8.08,8.07,8.11,5.26,5.26,5.25,5.28,3.61,3.61,3.61,3.63
fragment_00281,2,27.89,27.89,27.89,27.89,26.08,26.07,26.07,26.08,19.61,19.61,19.61,19.61,13.71,13.71,13.71,13.71,9.72,9.72,9.72,9.72,6.51,6.51,6.51,6.51,4.47,4.47,4.47,4.47
fragment_00282,7,30.17,30.17,30.17,30.63,24.18,24.17,24.17,26.7,17.23,17.22,17.22,19.85,12.45,12.44,12.44,13.06,8.15,8.15,8.15,8.16,5.3,5.3,5.3,5.31,3.64,3.64,3.64,3.65
fragment_00283,29,30.33,30.26,30.22,31.18,24.53,24.65,24.06,27.54,16.92,17.68,15.97,19.77,11.6,12.43,10.72,13.01,7.86,8.07,7.42,8.11,5.26,5.26,5.23,5.28,3.62,3.61,3.61,3.63
fragment_00284,1,30.19,30.19,30.19,30.19,23.67,23.67,23.67,23.67,17.99,17.99,17.99,17.99,14.22,14.22,14.22,14.22,9.9,9.9,9.9,9.9,6.53,6.53,6.53,6.53,4.49,4.49,4.49,4.49
fragment_00285,1,29.74,29.74,29.74,29.74,22.64,22.64,22.64,22.64,13.09,13.09,13.09,13.09,7.18,7.18,7.18,7.18,4.35,4.35,4.35,4.35,2.83,2.83,2.83,2.83,1.94,1.94,1.94,1.94
fragment_00286,6,32.22,32.22,32.22,32.6,28.04,28.04,28.04,30.37,19.23,19.23,19.23,21.77,13.48,13.48,13.48,13.98,8.56,8.56,8.56,8.58,5.57,5.57,5.57,5.58,3.83,3.83,3.83,3.84
fragment_00287,1,30.33,30.33,30.33,30.33,25.14,25.14,25.14,25.14,16.88,16.88,16.88,16.88,9.54,9.54,9.54,9.54,5.78,5.78,5.78,5.78,3.76,3.76,3.76,3.76,2.59,2.59,2.59,2.59
fragment_00288,11,27.76,27.73,27.72,28.31,18.95,18.7,18.7,21.57,12.43,11.92,11.92,15.08,8.66,8.31,8.31,9.39,5.67,5.66,5.66,5.69,3.69,3.69,3.69,3.7,2.54,2.54,2.54,2.54
fragment_00289,4,28.81,28.84,28.74,28.84,21.68,21.7,21.65,21.7,15.27,15.3,15.25,15.3,11.53,11.56,11.5,11.56,8.34,8.35,8.32,8.35,5.8,5.8,5.8,5.8,3.99,3.99,3.99,3.99
fragment_00290,2,29.65,29.65,29.65,29.65,22.36,22.36,22.36,22.64,16.05,16.05,16.05,17.13,12.18,12.18,12.18,12.93,9.22,9.22,9.22,9.61,7.03,7.03,7.03,7.28,5.09,5.09,5.09,5.1
fragment_00291,1,30.57,30.57,30.57,30.57,24.5,24.5,24.5,24.5,18.23,18.23,18.23,18.23,14.27,14.27,14.27,14.27,10.41,10.41,10.41,10.41,7.0,7.0,7.0,7.0,4.81,4.81,4.81,4.81
fragment_00292,26,27.83,27.79,27.77,28.25,19.04,18.74,18.73,22.18,12.9,12.26,12.11,17.03,9.9,9.49,9.09,12.55,7.66,7.57,7.18,8.74,5.68,5.71,5.5,5.82,3.99,3.99,3.99,4.0
fragment_00293,1,29.17,29.17,29.17,29.17,23.4,23.4,23.4,23.4,17.45,17.45,17.45,17.45,13.18,13.18,13.18,13.18,9.4,9.4,9.4,9.4,6.36,6.36,6.36,6.36,4.37,4.37,4.37,4.37
fragment_00294,1,29.79,29.79,29.79,29.79,23.24,23.24,23.24,23.24,16.44,16.44,16.44,16.44,11.4,11.4,11.4,11.4,7.74,7.74,7.74,7.74,5.47,5.47,5.47,5.47,3.92,3.92,3.92,3.92
fragment_00295,2,28.31,28.3,28.3,28.34,20.47,20.45,20.45,20.5,14.43,14.43,14.42,14.43,10.18,10.18,10.18,10.18,7.07,7.07,7.06,7.07,5.11,5.11,5.11,5.11,3.57,3.57,3.57,3.57
fragment_00296,1,30.12,30.12,30.12,30.12,23.59,23.59,23.59,23.59,17.1,17.1,17.1,17.1,12.43,12.43,12.43,12.43,8.57,8.57,8.57,8.57,5.66,5.66,5.66,5.66,3.89,3.89,3.89,3.89
fragment_00297,2,29.79,29.61,29.61,29.97,22.68,22.19,22.19,23.19,15.69,15.12,15.12,16.27,11.39,10.95,10.95,11.84,8.45,8.26,8.26,8.65,6.03,5.99,5.99,6.07,4.18,4.18,4.18,4.18
fragment_00298,1,26.99,26.99,26.99,26.99,22.76,22.76,22.76,22.76,16.75,16.75,16.75,16.75,10.73,10.73,10.73,10.73,6.51,6.51,6.51,6.51,4.24,4.24,4.24,4.24,2.91,2.91,2.91,2.91
fragment_00299,7,28.44,28.44,28.36,28.71,23.05,23.04,23.01,24.98,16.65,16.61,16.61,19.37,12.36,12.3,12.3,14.96,9.14,9.1,9.1,10.22,6.64,6.63,6.63,6.73,4.61,4.61,4.61,4.62
fragment_00300,5,29.72,29.64,29.64,30.23,22.86,22.53,22.45,25.09,17.15,16.94,16.27,18.6,13.58,13.53,12.3,13.99,10.32,10.33,9.3,10.33,7.39,7.4,7.07,7.4,5.1,5.1,5.09,5.1
fragment_00301,1,29.51,29.51,29.51,29.51,23.76,23.76,23.76,23.76,17.89,17.89,17.89,17.89,13.39,13.39,13.39,13.39,9.11,9.11,9.11,9.11,5.96,5.96,5.96,5.96,4.09,4.09,4.09,4.09
fragment_00302,17,29.22,29.25,28.44,29.33,23.99,23.94,23.85,25.78,19.96,19.97,19.49,21.85,14.85,14.9,14.38,16.09,10.11,10.16,9.85,10.25,6.66,6.66,6.66,6.67,4.58,4.58,4.58,4.58
fragment_00303,2,27.28,27.3,27.25,27.3,19.18,19.19,19.15,19.19,12.78,12.79,12.78,12.79,8.57,8.58,8.57,8.58,5.49,5.49,5.49,5.49,3.58,3.58,3.57,3.58,2.46,2.46,2.46,2.46
fragment_00304,4,28.15,28.16,28.11,28.87,20.02,20.02,20.0,21.95,12.7,12.71,12.64,13.99,8.91,8.89,8.89,9.59,6.65,6.62,6.62,7.19,5.27,5.29,5.19,5.48,4.05,4.05,4.03,4.12
fragment_00305,1,29.27,29.27,29.27,29.27,23.33,23.33,23.33,23.33,17.29,17.29,17.29,17.29,13.0,13.0,13.0,13.0,8.75,8.75,8.75,8.75,5.74,5.74,5.74,5.74,3.94,3.94,3.94,3.94
fragment_00306,2,30.43,30.47,30.32,30.47,25.28,25.26,25.26,25.34,17.2,17.17,17.17,17.29,9.87,9.88,9.86,9.88,5.98,5.98,5.98,5.98,3.89,3.89,3.89,3.89,2.67,2.68,2.67,2.68
fragment_00307,4,31.89,31.41,31.41,32.31,27.76,27.2,27.2,29.23,18.77,18.17,18.17,20.38,12.04,12.01,12.01,12.1,7.32,7.32,7.32,7.33,4.77,4.76,4.76,4.77,3.27,3.27,3.27,3.28
fragment_00308,2,26.81,26.81,26.36,26.81,22.58,22.58,22.06,22.58,16.89,16.89,16.59,16.89,12.46,12.46,12.22,12.46,8.84,8.84,8.78,8.84,5.94,5.94,5.94,5.94,4.08,4.08,4.08,4.08
fragment_00309,1,30.45,30.45,30.45,30.45,24.43,24.43,24.43,24.43,18.09,18.09,18.09,18.09,13.81,13.81,13.81,13.81,9.73,9.73,9.73,9.73,6.55,6.55,6.55,6.55,4.5,4.5,4.5,4.5
fragment_00310,3,28.02,28.03,27.97,28.04,20.38,20.39,20.33,20.39,14.54,14.54,14.54,14.54,10.5,10.49,10.49,10.5,8.03,8.03,8.02,8.03,5.98,5.98,5.98,5.98,4.39,4.39,4.39,4.39
fragment_00311,4,28.93,28.97,28.67,28.97,26.27,26.32,24.6,26.32,21.5,21.56,18.96,21.56,15.65,15.66,14.7,15.66,10.61,10.61,10.46,10.61,6.99,6.99,6.98,6.99,4.8,4.8,4.8,4.8
fragment_00312,2,27.39,27.41,27.32,27.41,18.76,18.77,18.73,18.77,12.66,12.67,12.65,12.67,8.18,8.18,8.18,8.18,4.97,4.97,4.97,4.97,3.24,3.24,3.24,3.24,2.22,2.22,2.22,2.22
fragment_00313,1,29.58,29.58,29.58,29.58,23.06,23.06,23.06,23.06,17.67,17.67,17.67,17.67,12.24,12.24,12.24,12.24,8.26,8.26,8.26,8.26,5.79,5.79,5.79,5.79,3.99,3.99,3.99,3.99
fragment_00314,2,28.87,28.87,28.86,28.87,21.75,21.75,21.74,21.75,15.17,15.17,15.17,15.17,11.13,11.13,11.13,11.15,8.17,8.17,8.17,8.18,5.87,5.87,5.87,5.88,4.09,4.09,4.09,4.09
fragment_00315,1,28.47,28.47,28.47,28.47,21.16,21.16,21.16,21.16,14.38,14.38,14.38,14.38,10.72,10.72,10.72,10.72,8.09,8.09,8.09,8.09,5.76,5.76,5.76,5.76,3.98,3.98,3.98,3.98
fragment_00316,10,28.4,28.35,28.21,29.6,23.46,23.76,22.37,26.22,17.77,18.18,16.33,19.71,12.32,12.52,11.18,12.71,7.72,7.73,7.59,7.74,5.03,5.03,5.03,5.04,3.46,3.46,3.45,3.46
fragment_00317,3,30.15,30.21,29.5,30.21,24.1,24.21,23.29,24.21,16.69,16.8,15.79,16.8,10.34,10.35,10.29,10.35,6.27,6.27,6.26,6.27,4.08,4.08,4.07,4.08,2.8,2.8,2.8,2.8
fragment_00318,15,28.82,28.82,28.58,29.14,25.98,26.03,23.52,26.32,20.53,20.56,17.84,20.85,15.34,15.42,13.44,15.42,10.07,10.07,9.72,10.11,6.56,6.56,6.56,6.58,4.51,4.5,4.5,4.52
fragment_00319,2,28.83,28.84,28.79,28.84,21.7,21.7,21.68,21.7,15.22,15.22,15.22,15.23,11.33,11.32,11.32,11.35,8.38,8.38,8.38,8.39,6.24,6.24,6.24,6.25,4.5,4.5,4.5,4.5
fragment_00320,1,30.12,30.12,30.12,30.12,23.6,23.6,23.6,23.6,17.02,17.02,17.02,17.02,12.09,12.09,12.09,12.09,7.91,7.91,7.91,7.91,5.15,5.15,5.15,5.15,3.54,3.54,3.54,3.54
fragment_00321,2,29.8,29.61,29.61,29.98,22.71,22.19,22.19,23.24,15.72,15.12,15.12,16.33,11.41,10.95,10.95,11.88,8.46,8.26,8.26,8.67,6.03,5.99,5.99,6.07,4.18,4.18,4.18,4.18
fragment_00322,2,28.23,28.25,28.17,28.25,21.31,21.31,21.28,21.31,15.08,15.08,15.07,15.08,10.48,10.47,10.47,10.48,7.34,7.33,7.33,7.34,5.0,5.0,5.0,5.0,3.44,3.44,3.44,3.44
fragment_00323,2,28.36,28.33,28.33,28.38,20.41,20.38,20.38,20.44,14.17,14.17,14.17,14.17,9.74,9.74,9.74,9.74,6.75,6.76,6.75,6.76,4.76,4.76,4.76,4.76,3.28,3.28,3.28,3.28
fragment_00324,4,28.39,28.41,28.18,29.19,20.66,20.63,20.59,22.79,14.96,14.99,14.63,16.66,10.25,10.3,9.78,10.4,6.3,6.3,6.3,6.31,4.1,4.1,4.1,4.11,2.82,2.82,2.82,2.82
fragment_00325,2,27.87,27.86,27.86,27.87,25.49,25.49,25.48,25.49,18.75,18.76,18.75,18.76,13.08,13.08,13.08,13.08,9.52,9.53,9.52,9.53,6.51,6.51,6.51,6.51,4.47,4.47,4.47,4.47
fragment_00326,1,30.39,30.39,30.39,30.39,24.39,24.39,24.39,24.39,17.99,17.99,17.99,17.99,13.59,13.59,13.59,13.59,9.72,9.72,9.72,9.72,6.55,6.55,6.55,6.55,4.5,4.5,4.5,4.5
fragment_00327,2,30.47,30.53,30.31,30.53,25.31,25.29,25.29,25.35,17.2,17.17,17.17,17.3,9.88,9.88,9.87,9.88,5.98,5.99,5.98,5.99,3.89,3.9,3.89,3.9,2.68,2.68,2.67,2.68
fragment_00328,2,29.61,29.61,29.61,30.25,22.31,22.3,22.3,25.06,15.73,15.73,15.73,17.62,10.8,10.8,10.8,11.11,6.75,6.75,6.75,6.76,4.39,4.39,4.39,4.4,3.02,3.02,3.02,3.02
fragment_00329,10,25.39,25.35,25.31,26.97,20.42,20.41,20.24,22.71,16.87,16.93,15.91,19.71,13.48,13.55,12.55,16.28,10.56,10.59,10.07,11.81,7.71,7.72,7.56,7.85,5.39,5.39,5.38,5.39
fragment_00330,2,30.28,30.29,30.27,30.29,25.32,25.33,25.32,25.33,19.91,19.91,19.91,19.91,13.97,13.97,13.97,13.97,9.33,9.33,9.32,9.33,6.51,6.51,6.51,6.51,4.5,4.5,4.5,4.5
fragment_00331,3,25.93,26.03,25.72,26.03,20.39,20.49,20.17,20.49,14.67,14.67,14.66,14.67,10.71,10.7,10.7,10.72,8.11,8.1,8.1,8.11,5.88,5.88,5.88,5.89,4.1,4.1,4.1,4.11
fragment_00332,8,28.76,28.8,28.7,28.8,21.65,21.68,21.63,21.68,15.5,15.56,15.46,15.56,12.19,12.25,12.14,12.25,9.34,9.37,9.31,9.37,6.77,6.77,6.76,6.77,4.69,4.69,4.69,4.69
fragment_00333,1,29.57,29.57,29.57,29.57,22.65,22.65,22.65,22.65,14.55,14.55,14.55,14.55,8.03,8.03,8.03,8.03,4.86,4.86,4.86,4.86,3.16,3.16,3.16,3.16,2.17,2.17,2.17,2.17
fragment_00334,1,30.09,30.09,30.09,30.09,24.53,24.53,24.53,24.53,18.86,18.86,18.86,18.86,13.55,13.55,13.55,13.55,8.8,8.8,8.8,8.8,5.73,5.73,5.73,5.73,3.93,3.93,3.93,3.93
fragment_00335,1,29.97,29.97,29.97,29.97,23.08,23.08,23.08,23.08,17.24,17.24,17.24,17.24,13.31,13.31,13.31,13.31,9.92,9.92,9.92,9.92,6.78,6.78,6.78,6.78,4.66,4.66,4.66,4.66
fragment_00336,4,28.39,28.41,28.18,29.19,20.66,20.63,20.59,22.79,14.97,15.0,14.63,16.66,10.25,10.3,9.78,10.4,6.3,6.3,6.3,6.31,4.1,4.1,4.1,4.11,2.82,2.82,2.82,2.82
fragment_00337,6,29.97,29.97,29.97,30.52,24.22,24.22,24.22,25.17,17.99,17.95,17.95,19.01,14.09,13.99,13.99,14.58,10.24,10.14,10.09,10.71,7.22,7.2,7.19,7.3,5.02,5.02,5.02,5.03
fragment_00338,2,28.36,28.34,28.34,28.39,20.42,20.4,20.4,20.46,14.18,14.18,14.18,14.18,9.67,9.66,9.66,9.67,6.06,6.06,6.06,6.06,3.95,3.95,3.95,3.95,2.71,2.71,2.71,2.71
fragment_00339,9,25.38,25.35,25.35,26.94,20.43,20.42,20.23,22.69,16.87,16.93,15.91,19.71,13.48,13.55,12.55,16.27,10.56,10.59,10.07,11.81,7.71,7.72,7.56,7.85,5.39,5.39,5.38,5.39
fragment_00340,2,25.21,25.21,25.2,25.21,19.06,19.05,19.05,19.09,13.27,13.27,13.27,13.27,9.42,9.41,9.41,9.44,6.8,6.8,6.8,6.81,4.67,4.67,4.67,4.67,3.21,3.21,3.21,3.21
fragment_00341,2,28.35,28.35,28.35,28.39,24.11,24.13,23.05,24.13,17.92,17.94,16.78,17.94,12.97,12.98,12.41,12.98,8.17,8.17,8.17,8.18,5.32,5.32,5.32,5.33,3.65,3.65,3.65,3.66
fragment_00342,3,30.03,30.0,30.0,31.32,24.94,24.9,24.9,27.29,18.19,18.17,18.17,20.4,12.01,12.01,12.01,12.1,7.33,7.33,7.33,7.33,4.77,4.77,4.77,4.77,3.28,3.28,3.28,3.28
fragment_00343,2,27.38,27.38,27.38,27.38,19.96,19.96,19.96,19.97,13.49,13.49,13.49,13.49,8.46,8.46,8.46,8.46,5.16,5.16,5.16,5.16,3.36,3.36,3.36,3.36,2.31,2.31,2.31,2.31
fragment_00344,17,30.16,30.14,30.14,30.76,24.72,24.62,24.29,26.75,19.38,19.23,17.77,20.55,15.57,15.43,13.95,16.09,11.15,10.92,10.39,11.53,7.76,7.7,7.53,7.84,5.39,5.39,5.38,5.39
fragment_00345,10,28.4,28.35,28.2,29.62,23.46,23.77,22.36,26.25,17.77,18.19,16.34,19.74,12.32,12.53,11.18,12.71,7.72,7.73,7.59,7.74,5.03,5.03,5.03,5.04,3.46,3.46,3.45,3.46
fragment_00346,1,29.08,29.08,29.08,29.08,22.6,22.6,22.6,22.6,17.18,17.18,17.18,17.18,12.94,12.94,12.94,12.94,8.96,8.96,8.96,8.96,5.92,5.92,5.92,5.92,4.07,4.07,4.07,4.07
fragment_00347,2,27.63,27.63,27.63,27.64,24.94,24.94,24.93,24.94,18.32,18.32,18.32,18.32,12.76,12.76,12.76,12.76,8.97,8.97,8.97,8.97,6.4,6.4,6.4,6.4,4.54,4.54,4.54,4.54
fragment_00348,2,27.79,27.8,27.77,27.8,25.41,25.42,25.39,25.42,18.69,18.71,18.68,18.71,13.15,13.16,13.13,13.16,9.86,9.87,9.85,9.87,7.46,7.47,7.45,7.47,5.71,5.72,5.71,5.72
fragment_00349,2,29.46,29.48,29.13,29.48,23.69,23.71,23.27,23.71,18.41,18.43,18.08,18.43,12.42,12.42,12.41,12.42,7.67,7.67,7.67,7.67,4.99,4.99,4.99,4.99,3.43,3.43,3.43,3.43
fragment_00350,5,29.92,29.92,29.92,30.48,24.15,24.15,24.13,25.12,18.01,18.01,17.8,18.82,14.17,14.17,13.76,14.22,10.2,10.2,9.82,10.2,6.9,6.9,6.88,6.9,4.74,4.74,4.74,4.74
fragment_00351,2,27.88,27.89,27.87,27.89,25.51,25.51,25.5,25.51,18.77,18.78,18.77,18.78,13.14,13.14,13.14,13.14,9.72,9.72,9.72,9.72,7.34,7.34,7.34,7.34,5.61,5.62,5.61,5.62
fragment_00352,2,27.15,27.08,27.08,27.22,23.53,23.41,23.41,23.66,17.98,17.82,17.82,18.17,12.87,12.74,12.74,13.02,9.13,9.1,9.1,9.17,6.15,6.15,6.15,6.15,4.23,4.23,4.23,4.23
fragment_00353,9,30.12,30.09,30.09,30.64,24.12,24.1,24.1,25.21,17.57,17.56,17.48,18.56,14.03,14.07,13.8,14.37,10.61,10.69,10.35,10.81,7.67,7.74,7.52,7.76,5.38,5.38,5.38,5.39
fragment_00354,3,27.92,27.94,27.87,27.94,20.31,20.32,20.26,20.32,14.42,14.42,14.41,14.42,10.31,10.31,10.31,10.32,8.04,8.04,8.04,8.04,5.78,5.78,5.78,5.78,4.0,4.0,4.0,4.0
fragment_00355,4,28.67,28.69,28.62,28.7,21.57,21.58,21.54,21.58,15.07,15.07,15.06,15.09,11.04,11.02,11.02,11.06,7.53,7.53,7.53,7.54,4.99,4.99,4.98,4.99,3.43,3.43,3.42,3.43
fragment_00356,2,30.27,30.46,30.03,30.46,24.29,24.93,23.51,24.93,17.54,18.53,16.34,18.53,12.37,13.17,11.39,13.17,9.1,9.49,8.61,9.49,6.5,6.62,6.36,6.62,4.55,4.55,4.55,4.55
fragment_00357,7,29.67,29.66,29.66,30.25,22.55,22.49,22.49,25.06,16.85,16.83,16.18,18.53,13.2,13.22,12.07,13.87,9.74,9.77,8.94,9.8,6.61,6.61,6.53,6.62,4.54,4.54,4.54,4.55
fragment_00358,4,29.91,29.85,29.85,30.48,23.78,23.7,23.7,25.69,16.39,16.29,16.29,18.57,11.14,11.12,11.12,11.37,6.88,6.88,6.88,6.89,4.48,4.48,4.48,4.49,3.08,3.08,3.08,3.08
fragment_00359,2,27.42,27.42,27.37,27.42,18.87,18.88,18.84,18.88,12.45,12.45,12.44,12.45,7.66,7.66,7.65,7.66,4.65,4.65,4.65,4.65,3.02,3.02,3.02,3.02,2.08,2.08,2.08,2.08
fragment_00360,1,29.95,29.95,29.95,29.95,23.52,23.52,23.52,23.52,16.0,16.0,16.0,16.0,10.21,10.21,10.21,10.21,6.26,6.26,6.26,6.26,4.07,4.07,4.07,4.07,2.8,2.8,2.8,2.8
fragment_00361,2,27.6,27.61,27.5,27.61,19.49,19.49,19.46,19.49,13.14,13.14,13.11,13.14,8.19,8.19,8.19,8.19,4.99,4.99,4.99,4.99,3.25,3.25,3.25,3.25,2.23,2.23,2.23,2.23
fragment_00362,9,30.02,30.04,29.97,30.56,24.26,24.28,24.2,25.21,18.29,18.41,17.83,19.22,14.71,15.07,14.06,15.1,10.94,11.35,10.19,11.35,7.75,7.85,7.54,7.85,5.4,5.4,5.39,5.4
fragment_00363,1,32.67,32.67,32.67,32.67,28.7,28.7,28.7,28.7,21.2,21.2,21.2,21.2,14.8,14.8,14.8,14.8,9.39,9.39,9.39,9.39,6.11,6.11,6.11,6.11,4.2,4.2,4.2,4.2
fragment_00364,3,28.15,28.15,28.14,28.85,20.02,20.01,20.01,21.93,12.82,12.82,12.71,14.02,9.21,9.22,9.02,9.84,7.07,7.09,6.86,7.58,5.57,5.57,5.48,5.84,4.33,4.33,4.33,4.43
fragment_00365,3,28.77,28.77,28.7,28.79,21.64,21.65,21.61,21.66,15.24,15.22,15.22,15.26,11.41,11.39,11.39,11.44,8.6,8.59,8.59,8.62,6.19,6.19,6.19,6.19,4.28,4.28,4.28,4.28
fragment_00366,1,27.62,27.62,27.62,27.62,18.56,18.56,18.56,18.56,11.06,11.06,11.06,11.06,6.09,6.09,6.09,6.09,3.69,3.69,3.69,3.69,2.4,2.4,2.4,2.4,1.65,1.65,1.65,1.65
fragment_00367,2,29.98,29.94,29.94,30.75,25.04,24.98,24.98,26.2,19.76,19.72,19.72,20.49,14.34,14.34,14.34,14.36,9.05,9.05,9.05,9.05,5.89,5.89,5.89,5.89,4.05,4.05,4.05,4.05
fragment_00368,2,27.34,27.36,27.27,27.36,18.64,18.65,18.61,18.65,12.33,12.33,12.31,12.33,7.66,7.66,7.66,7.66,4.64,4.64,4.64,4.64,3.02,3.02,3.02,3.02,2.08,2.08,2.08,2.08
fragment_00369,2,30.21,30.22,30.2,30.22,24.17,24.21,24.1,24.21,16.77,16.8,16.73,16.8,10.34,10.35,10.33,10.35,6.27,6.27,6.27,6.27,4.08,4.08,4.08,4.08,2.8,2.8,2.8,2.8
fragment_00370,2,27.83,27.84,27.82,27.84,25.42,25.43,25.41,25.43,18.67,18.68,18.66,18.68,12.86,12.87,12.86,12.87,8.97,8.97,8.97,8.97,5.98,5.98,5.98,5.98,4.11,4.11,4.11,4.11
fragment_00371,18,29.21,29.16,28.37,29.31,24.01,24.39,23.46,24.56,19.18,19.62,18.29,19.94,13.28,13.58,12.41,13.58,8.28,8.29,8.19,8.29,5.39,5.4,5.39,5.4,3.71,3.71,3.7,3.71
fragment_00372,7,30.26,30.25,30.25,30.68,24.23,24.22,24.22,26.81,17.56,17.55,17.55,20.14,13.11,13.1,13.1,13.91,9.05,9.05,9.05,9.37,6.11,6.11,6.11,6.12,4.2,4.2,4.2,4.21
fragment_00373,2,30.05,29.77,29.77,30.57,23.91,23.45,23.45,24.78,16.62,15.94,15.94,17.92,11.77,11.23,11.23,12.81,8.76,8.51,8.51,9.24,6.31,6.24,6.24,6.44,4.43,4.43,4.43,4.43
fragment_00374,2,28.54,28.54,28.47,28.54,20.44,20.44,20.43,20.44,14.94,14.95,14.88,14.95,11.67,11.67,11.63,11.67,8.93,8.94,8.91,8.94,6.66,6.66,6.65,6.66,4.72,4.72,4.72,4.72
fragment_00375,4,28.75,28.78,28.7,28.78,21.64,21.66,21.62,21.66,15.3,15.31,15.29,15.31,11.79,11.8,11.79,11.8,9.4,9.4,9.39,9.4,7.09,7.09,7.08,7.09,5.05,5.05,5.05,5.05
fragment_00376,1,27.9,27.9,27.9,27.9,25.53,25.53,25.53,25.53,18.79,18.79,18.79,18.79,13.03,13.03,13.03,13.03,9.35,9.35,9.35,9.35,6.68,6.68,6.68,6.68,4.92,4.92,4.92,4.92
fragment_00377,2,28.36,28.33,28.33,28.39,20.52,20.49,20.49,20.55,14.46,14.46,14.45,14.46,10.21,10.21,10.21,10.21,7.28,7.28,7.28,7.28,5.41,5.41,5.41,5.41,3.77,3.77,3.77,3.77
fragment_00378,3,28.25,28.25,28.25,29.14,20.12,20.12,20.12,23.3,13.46,13.46,13.46,16.18,10.1,10.1,10.1,11.05,7.27,7.27,7.27,7.37,4.78,4.78,4.78,4.8,3.28,3.28,3.28,3.3
fragment_00379,2,30.28,30.46,30.05,30.46,24.3,24.94,23.53,24.94,17.56,18.54,16.34,18.54,12.38,13.19,11.39,13.19,9.1,9.5,8.61,9.5,6.5,6.62,6.36,6.62,4.55,4.55,4.55,4.55
fragment_00380,2,28.78,28.79,28.77,28.79,21.67,21.67,21.66,21.67,15.07,15.07,15.07,15.07,10.63,10.63,10.63,10.63,7.4,7.4,7.4,7.4,5.37,5.37,5.37,5.37,3.76,3.76,3.76,3.76
fragment_00381,16,30.64,30.5,30.35,31.48,25.35,25.23,24.42,27.84,17.83,17.78,16.85,19.63,11.13,11.11,11.08,11.2,6.78,6.78,6.76,6.79,4.41,4.41,4.4,4.42,3.03,3.03,3.02,3.04
fragment_00382,4,30.37,30.31,30.31,30.57,24.54,24.05,24.05,25.2,15.83,15.42,15.42,16.37,9.01,9.01,9.01,9.01,5.46,5.46,5.46,5.46,3.55,3.55,3.55,3.55,2.44,2.44,2.44,2.44
fragment_00383,1,30.49,30.49,30.49,30.49,24.54,24.54,24.54,24.54,18.78,18.78,18.78,18.78,13.46,13.46,13.46,13.46,8.75,8.75,8.75,8.75,5.7,5.7,5.7,5.7,3.91,3.91,3.91,3.91
fragment_00384,1,30.01,30.01,30.01,30.01,23.28,23.28,23.28,23.28,17.61,17.61,17.61,17.61,13.61,13.61,13.61,13.61,9.72,9.72,9.72,9.72,6.55,6.55,6.55,6.55,4.5,4.5,4.5,4.5
fragment_00385,4,30.31,30.22,30.2,30.53,25.07,24.83,24.83,25.6,18.57,18.44,18.34,19.27,12.05,12.06,12.0,12.1,7.32,7.32,7.32,7.33,4.77,4.76,4.76,4.77,3.27,3.27,3.27,3.28
fragment_00386,2,27.64,27.64,27.48,27.64,19.64,19.64,19.58,19.64,13.69,13.69,13.63,13.69,9.62,9.63,9.59,9.63,6.53,6.53,6.52,6.53,4.28,4.28,4.28,4.28,2.94,2.94,2.94,2.94
fragment_00387,1,29.76,29.76,29.76,29.76,23.21,23.21,23.21,23.21,16.58,16.58,16.58,16.58,12.01,12.01,12.01,12.01,8.34,8.34,8.34,8.34,5.71,5.71,5.71,5.71,3.92,3.92,3.92,3.92
fragment_00388,1,29.07,29.07,29.07,29.07,23.55,23.55,23.55,23.55,18.08,18.08,18.08,18.08,12.49,12.49,12.49,12.49,7.69,7.69,7.69,7.69,5.01,5.01,5.01,5.01,3.44,3.44,3.44,3.44
fragment_00389,2,29.49,29.62,29.25,29.62,23.39,23.94,22.42,23.94,16.24,16.8,15.24,16.8,10.61,10.71,10.44,10.71,6.58,6.58,6.58,6.58,4.28,4.28,4.28,4.28,2.94,2.94,2.94,2.94
fragment_00390,1,28.21,28.21,28.21,28.21,21.76,21.76,21.76,21.76,16.71,16.71,16.71,16.71,11.32,11.32,11.32,11.32,6.9,6.9,6.9,6.9,4.49,4.49,4.49,4.49,3.09,3.09,3.09,3.09
fragment_00391,9,30.4,30.44,30.23,30.86,24.8,25.32,24.21,28.34,17.69,18.53,16.93,21.1,12.81,13.3,12.39,14.06,8.83,8.93,8.74,8.95,5.81,5.81,5.81,5.83,3.99,3.99,3.99,4.0
fragment_00392,2,28.32,28.36,28.27,28.36,20.4,20.43,20.36,20.43,14.16,14.16,14.15,14.16,9.72,9.72,9.72,9.72,6.59,6.59,6.59,6.59,4.39,4.39,4.39,4.39,3.02,3.02,3.02,3.02
fragment_00393,24,28.57,28.49,28.18,30.13,24.09,24.23,22.7,27.87,18.99,19.32,16.9,21.85,14.01,14.24,12.8,14.84,9.04,9.05,8.9,9.06,5.89,5.89,5.89,5.9,4.05,4.05,4.04,4.05
fragment_00394,2,30.92,30.92,30.92,31.54,25.75,25.75,25.75,26.18,19.04,19.04,19.04,19.4,13.45,13.45,13.45,13.62,8.57,8.57,8.57,8.57,5.58,5.58,5.58,5.58,3.83,3.83,3.83,3.83
fragment_00395,2,27.62,27.62,27.62,27.62,23.86,23.86,23.86,23.86,16.24,16.24,16.24,16.24,11.0,11.0,11.0,11.0,8.2,8.2,8.2,8.21,6.35,6.35,6.35,6.36,5.01,5.0,5.0,5.01
fragment_00396,2,28.82,28.82,28.82,28.82,21.69,21.69,21.69,21.69,15.24,15.23,15.23,15.25,11.35,11.33,11.33,11.37,8.41,8.4,8.4,8.41,5.98,5.98,5.98,5.98,4.27,4.27,4.27,4.27
fragment_00397,2,27.8,27.8,27.76,27.8,20.67,20.68,20.64,20.68,14.07,14.08,14.06,14.08,8.99,8.99,8.99,8.99,5.5,5.5,5.5,5.5,3.58,3.58,3.58,3.58,2.46,2.46,2.46,2.46
fragment_00398,1,30.06,30.06,30.06,30.06,23.54,23.54,23.54,23.54,16.92,16.92,16.92,16.92,11.73,11.73,11.73,11.73,7.84,7.84,7.84,7.84,5.29,5.29,5.29,5.29,3.63,3.63,3.63,3.63
fragment_00399,2,28.23,28.22,28.22,28.27,20.41,20.39,20.39,20.44,14.26,14.27,14.26,14.27,9.85,9.85,9.85,9.85,6.05,6.05,6.05,6.05,3.94,3.94,3.94,3.94,2.71,2.71,2.71,2.71
fragment_00400,1,29.05,29.05,29.05,29.05,24.24,24.24,24.24,24.24,19.0,19.0,19.0,19.0,13.91,13.91,13.91,13.91,9.75,9.75,9.75,9.75,6.57,6.57,6.57,6.57,4.51,4.51,4.51,4.51
fragment_00401,2,29.46,29.58,29.25,29.58,23.36,23.88,22.42,23.88,16.22,16.76,15.24,16.76,10.61,10.7,10.44,10.7,6.58,6.58,6.58,6.58,4.28,4.28,4.28,4.28,2.94,2.94,2.94,2.94
fragment_00402,1,32.0,32.0,32.0,32.0,27.78,27.78,27.78,27.78,18.54,18.54,18.54,18.54,10.5,10.5,10.5,10.5,6.36,6.36,6.36,6.36,4.14,4.14,4.14,4.14,2.84,2.84,2.84,2.84
fragment_00403,4,28.53,28.53,28.16,28.85,23.18,23.17,23.17,25.2,17.11,17.11,17.11,19.11,12.66,12.66,12.66,13.32,8.75,8.75,8.75,8.99,5.86,5.86,5.86,5.87,4.03,4.03,4.03,4.03
fragment_00404,4,28.16,28.13,28.13,28.23,23.28,23.47,22.9,26.04,17.32,17.71,16.56,20.69,12.84,13.27,12.01,13.98,8.35,8.48,8.12,8.48,5.52,5.52,5.52,5.52,3.79,3.79,3.79,3.79
fragment_00405,2,28.75,28.76,28.66,28.76,21.61,21.61,21.57,21.61,14.98,14.98,14.98,14.99,10.9,10.89,10.89,10.93,8.21,8.21,8.21,8.22,6.22,6.22,6.22,6.23,4.49,4.49,4.49,4.49
fragment_00406,2,29.68,29.68,29.63,29.68,22.38,22.38,22.38,22.53,16.03,16.02,16.02,16.78,12.02,12.01,12.01,12.64,8.9,8.9,8.9,9.09,6.52,6.52,6.52,6.61,4.54,4.54,4.54,4.55
fragment_00407,4,30.43,30.43,30.15,30.56,24.22,24.13,24.13,26.71,17.66,17.55,17.55,20.58,12.76,12.73,12.73,13.63,8.43,8.42,8.42,8.46,5.5,5.5,5.5,5.51,3.78,3.78,3.78,3.78
fragment_00408,2,28.89,28.9,28.87,28.9,21.76,21.77,21.76,21.77,15.15,15.15,15.14,15.15,11.08,11.07,11.07,11.09,8.1,8.09,8.09,8.1,5.88,5.88,5.88,5.88,4.09,4.09,4.09,4.09
fragment_00409,9,30.35,30.45,30.26,30.84,24.86,25.33,24.21,28.32,17.81,18.53,16.95,21.08,12.85,13.3,12.42,14.05,8.82,8.93,8.74,8.95,5.82,5.81,5.81,5.83,4.0,3.99,3.99,4.0
fragment_00410,20,27.82,27.81,27.8,28.25,19.1,19.18,18.91,23.02,13.68,14.3,12.94,18.08,11.0,11.68,10.17,13.34,8.26,8.8,7.48,8.95,5.74,5.82,5.47,5.83,4.0,4.0,3.99,4.0
fragment_00411,15,30.67,30.53,30.35,31.84,25.44,25.27,24.44,28.01,17.88,17.8,16.85,19.62,11.14,11.11,11.08,11.21,6.78,6.78,6.76,6.79,4.41,4.41,4.4,4.42,3.03,3.03,3.02,3.04
fragment_00412,6,29.93,29.93,29.71,30.1,23.19,23.19,23.12,25.47,16.44,16.44,16.44,18.69,11.83,11.83,11.83,12.25,7.5,7.5,7.5,7.52,4.88,4.88,4.88,4.9,3.36,3.36,3.36,3.36
fragment_00413,4,30.42,30.42,30.14,30.56,24.22,24.13,24.13,26.68,17.66,17.56,17.56,20.57,12.76,12.73,12.73,13.63,8.43,8.43,8.43,8.46,5.5,5.5,5.5,5.51,3.78,3.78,3.78,3.78
fragment_00414,4,27.05,27.05,27.05,27.07,22.81,22.8,22.8,22.83,17.63,17.55,17.55,17.74,13.1,12.96,12.96,13.43,9.66,9.45,9.45,10.14,7.04,6.99,6.99,7.13,4.92,4.92,4.92,4.93
fragment_00415,1,29.84,29.84,29.84,29.84,23.28,23.28,23.28,23.28,16.58,16.58,16.58,16.58,12.06,12.06,12.06,12.06,8.34,8.34,8.34,8.34,5.52,5.52,5.52,5.52,3.79,3.79,3.79,3.79
fragment_00416,6,28.46,28.46,28.46,29.18,25.11,25.06,24.43,25.75,19.52,19.47,18.59,20.09,13.92,13.9,13.65,14.14,9.09,9.09,9.06,9.09,5.92,5.92,5.91,5.92,4.06,4.06,4.06,4.06
fragment_00417,4,30.11,30.09,30.09,30.56,23.42,23.34,23.34,25.29,16.14,16.07,16.07,17.77,10.31,10.31,10.31,10.41,6.3,6.3,6.3,6.31,4.1,4.1,4.1,4.11,2.82,2.82,2.82,2.82
fragment_00418,1,30.49,30.49,30.49,30.49,24.49,24.49,24.49,24.49,18.21,18.21,18.21,18.21,13.97,13.97,13.97,13.97,9.89,9.89,9.89,9.89,6.55,6.55,6.55,6.55,4.5,4.5,4.5,4.5
fragment_00419,2,27.63,27.63,27.63,27.63,24.56,24.56,24.55,24.56,17.21,17.22,17.21,17.22,11.29,11.29,11.29,11.29,7.01,7.01,7.01,7.01,4.56,4.56,4.56,4.56,3.13,3.13,3.13,3.13
fragment_00420,2,28.33,28.33,28.33,28.39,24.11,24.14,23.05,24.14,17.93,17.96,16.77,17.96,12.97,12.99,12.41,12.99,8.17,8.17,8.17,8.18,5.32,5.32,5.32,5.33,3.65,3.65,3.65,3.66
fragment_00421,2,28.21,28.23,28.14,28.23,21.3,21.31,21.26,21.31,15.08,15.08,15.07,15.08,10.43,10.43,10.43,10.43,7.19,7.19,7.19,7.19,4.8,4.8,4.8,4.8,3.3,3.3,3.3,3.3
fragment_00422,2,29.92,30.0,29.79,30.0,23.76,24.11,23.12,24.11,16.47,16.88,15.72,16.88,10.31,10.32,10.29,10.32,6.26,6.26,6.25,6.26,4.07,4.07,4.07,4.07,2.8,2.8,2.8,2.8
fragment_00423,3,28.35,28.35,28.35,28.36,22.97,22.97,22.97,23.69,16.67,16.66,16.66,17.94,12.5,12.5,12.5,13.89,9.43,9.43,9.43,10.42,7.15,7.15,7.15,7.49,5.16,5.16,5.16,5.18
fragment_00424,1,29.79,29.79,29.79,29.79,23.2,23.2,23.2,23.2,16.56,16.56,16.56,16.56,11.96,11.96,11.96,11.96,8.84,8.84,8.84,8.84,6.65,6.65,6.65,6.65,4.8,4.8,4.8,4.8
fragment_00425,6,31.15,31.18,30.5,31.38,26.16,26.16,25.67,26.77,19.25,19.22,19.22,20.74,13.47,13.46,13.46,13.97,8.57,8.57,8.56,8.58,5.58,5.58,5.57,5.58,3.83,3.83,3.83,3.83
fragment_00426,1,30.29,30.29,30.29,30.29,24.43,24.43,24.43,24.43,17.75,17.75,17.75,17.75,12.12,12.12,12.12,12.12,7.98,7.98,7.98,7.98,5.32,5.32,5.32,5.32,3.65,3.65,3.65,3.65
fragment_00427,2,27.7,27.7,27.66,27.7,19.84,19.84,19.84,19.85,13.51,13.51,13.49,13.51,9.83,9.83,9.82,9.83,7.47,7.47,7.46,7.47,5.46,5.46,5.46,5.46,3.81,3.81,3.81,3.81
fragment_00428,2,30.32,30.33,30.31,30.33,25.32,25.32,25.32,25.32,19.96,19.95,19.95,19.96,14.33,14.33,14.33,14.33,9.27,9.27,9.27,9.27,6.04,6.04,6.04,6.04,4.15,4.15,4.15,4.15
fragment_00429,32,28.2,28.21,28.04,28.83,21.48,21.66,20.41,24.48,15.16,15.59,13.34,18.45,11.15,11.5,9.67,13.19,8.22,8.39,7.47,8.98,5.85,5.88,5.69,5.9,4.04,4.04,4.04,4.05
fragment_00430,1,24.9,24.9,24.9,24.9,17.58,17.58,17.58,17.58,13.49,13.49,13.49,13.49,11.49,11.49,11.49,11.49,9.49,9.49,9.49,9.49,7.18,7.18,7.18,7.18,5.16,5.16,5.16,5.16
fragment_00431,2,30.32,30.32,30.32,30.32,25.33,25.33,25.33,25.34,20.07,20.07,20.07,20.07,14.69,14.69,14.69,14.69,9.95,9.95,9.95,9.95,6.55,6.55,6.55,6.55,4.5,4.5,4.5,4.5
fragment_00432,2,28.18,28.19,28.11,28.19,21.12,21.12,21.07,21.12,14.67,14.67,14.64,14.67,10.52,10.52,10.49,10.52,7.34,7.34,7.32,7.34,5.0,5.0,5.0,5.0,3.44,3.44,3.44,3.44
fragment_00433,7,28.19,28.18,28.04,29.37,21.06,20.89,20.89,24.52,16.25,16.16,15.85,20.54,12.72,12.74,11.99,15.78,9.74,9.72,9.34,11.12,7.23,7.24,7.06,7.49,5.14,5.14,5.12,5.14
fragment_00434,1,28.6,28.6,28.6,28.6,21.54,21.54,21.54,21.54,16.26,16.26,16.26,16.26,12.21,12.21,12.21,12.21,8.09,8.09,8.09,8.09,5.29,5.29,5.29,5.29,3.63,3.63,3.63,3.63
fragment_00435,1,27.87,27.87,27.87,27.87,18.44,18.44,18.44,18.44,11.02,11.02,11.02,11.02,6.12,6.12,6.12,6.12,3.71,3.71,3.71,3.71,2.42,2.42,2.42,2.42,1.66,1.66,1.66,1.66
fragment_00436,1,27.92,27.92,27.92,27.92,25.53,25.53,25.53,25.53,18.79,18.79,18.79,18.79,13.04,13.04,13.04,13.04,9.37,9.37,9.37,9.37,6.83,6.83,6.83,6.83,5.13,5.13,5.13,5.13
fragment_00437,3,32.5,32.03,32.03,32.88,28.57,27.96,27.96,29.04,20.83,20.19,20.19,21.34,13.42,13.37,13.37,13.46,8.16,8.15,8.15,8.16,5.31,5.3,5.3,5.31,3.65,3.64,3.64,3.65
fragment_00438,2,27.82,27.83,27.82,27.83,20.36,20.38,20.35,20.38,14.16,14.17,14.15,14.17,10.36,10.36,10.36,10.36,6.98,6.98,6.98,6.98,4.56,4.56,4.56,4.56,3.13,3.13,3.13,3.13
fragment_00439,1,30.36,30.36,30.36,30.36,24.13,24.13,24.13,24.13,17.44,17.44,17.44,17.44,12.09,12.09,12.09,12.09,8.23,8.23,8.23,8.23,5.89,5.89,5.89,5.89,4.13,4.13,4.13,4.13
fragment_00440,2,28.82,28.82,28.81,28.82,21.71,21.71,21.7,21.71,15.15,15.15,15.14,15.15,11.19,11.2,11.17,11.2,8.3,8.31,8.29,8.31,6.03,6.03,6.02,6.03,4.38,4.38,4.38,4.38
fragment_00441,1,29.81,29.81,29.81,29.81,23.26,23.26,23.26,23.26,16.46,16.46,16.46,16.46,11.4,11.4,11.4,11.4,7.98,7.98,7.98,7.98,5.9,5.9,5.9,5.9,4.14,4.14,4.14,4.14
fragment_00442,50,27.75,27.72,27.71,28.32,18.9,18.69,18.69,21.86,12.62,11.98,11.98,16.18,9.27,8.46,8.46,12.05,6.9,6.16,6.16,8.57,5.21,4.72,4.72,5.67,3.83,3.67,3.67,3.89
fragment_00443,10,29.97,29.98,29.92,30.51,24.2,24.16,24.16,25.16,18.11,17.97,17.77,19.21,14.29,14.03,13.98,15.04,10.43,10.16,10.11,11.15,7.54,7.48,7.45,7.66,5.27,5.27,5.27,5.27
fragment_00444,12,28.19,28.21,28.03,28.78,21.37,22.07,20.49,23.82,14.73,15.82,13.34,17.21,10.62,11.37,9.67,11.8,7.5,7.7,7.25,7.82,5.1,5.11,5.09,5.11,3.51,3.51,3.51,3.51
fragment_00445,1,29.95,29.95,29.95,29.95,24.99,24.99,24.99,24.99,19.72,19.72,19.72,19.72,14.34,14.34,14.34,14.34,9.05,9.05,9.05,9.05,5.89,5.89,5.89,5.89,4.05,4.05,4.05,4.05
fragment_00446,1,30.12,30.12,30.12,30.12,23.59,23.59,23.59,23.59,17.11,17.11,17.11,17.11,12.5,12.5,12.5,12.5,8.74,8.74,8.74,8.74,5.87,5.87,5.87,5.87,4.03,4.03,4.03,4.03
fragment_00447,10,29.95,29.95,29.92,30.51,24.24,24.23,24.21,25.14,18.14,18.01,17.79,19.23,14.32,14.07,14.0,15.03,10.51,10.27,10.12,11.16,7.55,7.5,7.45,7.66,5.27,5.27,5.27,5.27
fragment_00448,9,28.0,27.77,27.77,28.54,20.1,18.8,18.8,22.2,14.7,12.91,12.91,17.3,11.52,10.27,10.27,13.35,8.94,8.13,8.13,10.06,6.9,6.47,6.47,7.47,5.17,5.05,5.05,5.31
fragment_00449,5,29.97,29.96,29.96,30.54,23.96,23.94,23.94,25.99,16.7,16.68,16.68,18.89,11.53,11.52,11.52,11.98,7.29,7.29,7.29,7.3,4.75,4.75,4.75,4.75,3.26,3.26,3.26,3.27
fragment_00450,16,30.95,30.67,30.67,32.39,26.57,26.0,26.0,30.11,20.25,19.91,19.83,22.8,13.3,13.31,13.25,13.39,8.08,8.08,8.07,8.11,5.26,5.26,5.25,5.28,3.61,3.61,3.61,3.63
fragment_00451,12,28.09,28.02,27.94,29.08,20.33,20.23,20.21,23.26,14.35,14.08,14.08,17.01,9.63,9.43,9.43,10.21,6.16,6.16,6.15,6.19,4.01,4.01,4.01,4.03,2.76,2.76,2.75,2.77
fragment_00452,3,28.03,28.05,27.98,28.05,20.38,20.4,20.34,20.4,14.65,14.65,14.65,14.65,10.81,10.81,10.81,10.82,8.46,8.46,8.46,8.47,6.26,6.26,6.26,6.26,4.43,4.43,4.43,4.43
fragment_00453,2,27.81,27.81,27.81,27.81,26.44,26.44,26.44,26.44,20.44,20.44,20.44,20.44,14.92,14.92,14.92,14.92,10.51,10.51,10.51,10.51,7.02,7.02,7.02,7.02,4.82,4.82,4.82,4.82
fragment_00454,2,27.83,27.83,27.83,27.84,26.01,26.01,26.01,26.01,19.55,19.55,19.55,19.55,13.68,13.67,13.67,13.68,9.73,9.73,9.73,9.73,6.72,6.72,6.72,6.72,4.68,4.68,4.68,4.68
fragment_00455,2,28.68,28.69,28.67,28.69,21.55,21.56,21.55,21.56,14.83,14.83,14.83,14.84,10.17,10.17,10.17,10.17,7.06,7.06,7.05,7.06,5.11,5.11,5.1,5.11,3.57,3.57,3.57,3.57
fragment_00456,3,28.04,28.06,27.98,28.07,20.39,20.41,20.34,20.41,14.55,14.55,14.54,14.55,10.5,10.5,10.5,10.5,8.03,8.03,8.03,8.03,6.01,6.01,6.01,6.01,4.54,4.55,4.54,4.55
fragment_00457,6,30.01,30.0,29.99,30.5,24.24,24.24,24.22,25.09,18.08,18.06,17.85,18.87,14.18,14.15,14.1,15.39,10.41,10.39,10.32,11.59,7.81,7.8,7.76,8.11,5.57,5.57,5.57,5.58
fragment_00458,22,27.78,27.74,27.74,28.85,19.09,18.7,18.7,22.55,12.98,12.08,12.06,16.63,9.5,8.7,8.7,11.4,6.69,6.36,6.36,7.11,4.6,4.55,4.55,4.63,3.17,3.17,3.17,3.18
fragment_00459,18,28.16,28.21,27.91,28.82,21.73,22.07,20.48,22.46,15.16,15.51,13.25,15.51,10.73,10.93,9.34,11.06,7.26,7.32,6.74,7.45,4.84,4.84,4.79,4.86,3.33,3.33,3.33,3.34
fragment_00460,6,28.13,28.13,28.13,28.9,20.01,20.0,20.0,21.95,12.6,12.55,12.55,14.12,8.68,8.58,8.58,10.05,6.6,6.52,6.52,7.52,5.11,5.09,5.09,5.32,3.65,3.65,3.65,3.66
fragment_00461,5,33.29,33.31,33.13,34.52,30.82,30.78,30.76,33.06,22.32,22.29,22.28,24.1,13.77,13.76,13.76,13.87,8.39,8.39,8.39,8.41,5.46,5.46,5.46,5.47,3.75,3.75,3.75,3.76
fragment_00462,10,30.38,30.27,30.27,31.17,24.68,24.34,24.26,27.57,17.47,17.09,16.85,19.74,12.46,12.31,12.13,13.42,8.59,8.55,8.55,8.69,5.65,5.64,5.64,5.66,3.88,3.88,3.88,3.89
fragment_00463,1,30.32,30.32,30.32,30.32,24.44,24.44,24.44,24.44,17.75,17.75,17.75,17.75,12.13,12.13,12.13,12.13,8.25,8.25,8.25,8.25,5.91,5.91,5.91,5.91,4.15,4.15,4.15,4.15
fragment_00464,1,30.18,30.18,30.18,30.18,24.37,24.37,24.37,24.37,18.34,18.34,18.34,18.34,12.68,12.68,12.68,12.68,8.58,8.58,8.58,8.58,6.12,6.12,6.12,6.12,4.29,4.29,4.29,4.29
fragment_00465,1,29.26,29.26,29.26,29.26,22.93,22.93,22.93,22.93,17.16,17.16,17.16,17.16,13.14,13.14,13.14,13.14,8.78,8.78,8.78,8.78,5.71,5.71,5.71,5.71,3.93,3.93,3.93,3.93
fragment_00466,1,29.68,29.68,29.68,29.68,22.93,22.93,22.93,22.93,14.84,14.84,14.84,14.84,8.37,8.37,8.37,8.37,5.07,5.07,5.07,5.07,3.3,3.3,3.3,3.3,2.27,2.27,2.27,2.27
fragment_00467,2,25.22,25.22,25.22,25.24,19.04,19.03,19.03,19.09,13.15,13.15,13.15,13.15,9.12,9.12,9.12,9.14,6.41,6.4,6.4,6.42,4.36,4.36,4.36,4.36,2.99,2.99,2.99,2.99
fragment_00468,2,27.38,27.38,26.69,27.38,21.48,21.48,20.97,21.48,15.75,15.75,15.68,15.75,11.54,11.54,11.44,11.54,8.59,8.59,8.55,8.59,6.45,6.45,6.43,6.45,4.64,4.64,4.64,4.64
fragment_00469,4,29.93,29.93,29.93,30.5,24.16,24.16,24.16,25.13,18.01,18.01,18.01,18.82,14.17,14.17,14.17,14.2,10.2,10.2,10.18,10.2,6.9,6.9,6.89,6.9,4.74,4.74,4.74,4.74
fragment_00470,1,29.98,29.98,29.98,29.98,23.27,23.27,23.27,23.27,14.2,14.2,14.2,14.2,7.79,7.79,7.79,7.79,4.72,4.72,4.72,4.72,3.07,3.07,3.07,3.07,2.11,2.11,2.11,2.11
fragment_00471,6,28.81,28.82,28.8,28.82,21.69,21.69,21.68,21.69,15.08,15.08,15.08,15.09,10.9,10.99,10.7,10.99,8.41,8.55,8.05,8.55,6.97,7.16,6.52,7.16,5.33,5.45,5.02,5.46
fragment_00472,2,29.72,29.72,29.72,29.77,22.55,22.55,22.55,22.6,16.3,16.3,16.3,16.45,11.81,11.81,11.81,11.89,7.6,7.6,7.59,7.6,4.94,4.94,4.94,4.94,3.4,3.4,3.4,3.4
fragment_00473,20,27.65,27.6,27.43,28.02,23.92,23.73,23.73,26.42,16.07,15.56,15.56,19.71,11.09,10.48,10.48,13.62,7.89,7.39,7.39,8.88,5.62,5.42,5.42,5.78,3.96,3.96,3.96,3.97
fragment_00474,10,30.44,30.51,30.27,31.19,24.88,25.1,24.26,27.59,17.62,17.79,16.85,19.76,12.5,12.53,12.13,13.43,8.58,8.57,8.54,8.69,5.65,5.65,5.64,5.66,3.88,3.88,3.88,3.89
fragment_00475,1,28.05,28.05,28.05,28.05,21.39,21.39,21.39,21.39,15.79,15.79,15.79,15.79,11.39,11.39,11.39,11.39,8.3,8.3,8.3,8.3,5.63,5.63,5.63,5.63,3.87,3.87,3.87,3.87
fragment_00476,3,28.75,28.75,28.65,28.75,21.63,21.64,21.58,21.64,15.19,15.18,15.17,15.2,11.28,11.26,11.26,11.3,8.26,8.25,8.25,8.27,5.65,5.65,5.65,5.66,3.88,3.88,3.88,3.89
fragment_00477,2,28.66,28.66,28.57,28.66,21.52,21.52,21.46,21.52,14.79,14.79,14.76,14.79,10.35,10.35,10.33,10.35,6.91,6.91,6.91,6.91,4.61,4.61,4.61,4.61,3.17,3.17,3.17,3.17
fragment_00478,11,28.08,28.04,27.92,29.03,20.35,20.24,20.22,23.4,14.39,14.08,14.08,17.31,9.66,9.43,9.43,10.21,6.17,6.16,6.16,6.19,4.01,4.01,4.01,4.03,2.76,2.76,2.76,2.77
fragment_00479,2,27.81,27.82,27.8,27.82,26.41,26.42,26.4,26.42,20.44,20.45,20.43,20.45,15.14,15.14,15.13,15.14,11.09,11.1,11.09,11.1,7.81,7.81,7.81,7.81,5.39,5.39,5.39,5.39
fragment_00480,1,29.71,29.71,29.71,29.71,23.15,23.15,23.15,23.15,16.41,16.41,16.41,16.41,11.22,11.22,11.22,11.22,7.09,7.09,7.09,7.09,4.62,4.62,4.62,4.62,3.17,3.17,3.17,3.17
fragment_00481,1,28.03,28.03,28.03,28.03,19.73,19.73,19.73,19.73,11.36,11.36,11.36,11.36,6.22,6.22,6.22,6.22,3.77,3.77,3.77,3.77,2.45,2.45,2.45,2.45,1.69,1.69,1.69,1.69
fragment_00482,1,26.74,26.74,26.74,26.74,20.94,20.94,20.94,20.94,13.99,13.99,13.99,13.99,8.3,8.3,8.3,8.3,5.03,5.03,5.03,5.03,3.27,3.27,3.27,3.27,2.25,2.25,2.25,2.25
fragment_00483,1,29.26,29.26,29.26,29.26,22.0,22.0,22.0,22.0,15.79,15.79,15.79,15.79,10.95,10.95,10.95,10.95,7.48,7.48,7.48,7.48,5.27,5.27,5.27,5.27,3.64,3.64,3.64,3.64
fragment_00484,7,25.2,25.31,24.95,26.69,19.1,18.95,18.95,22.51,15.35,15.42,15.08,19.37,11.95,12.19,11.54,14.72,9.21,9.22,8.99,10.48,6.83,6.85,6.75,7.04,4.83,4.83,4.83,4.84
fragment_00485,2,29.92,30.0,29.78,30.0,23.76,24.11,23.12,24.11,16.47,16.88,15.72,16.88,10.31,10.32,10.29,10.32,6.26,6.26,6.25,6.26,4.07,4.07,4.07,4.07,2.8,2.8,2.8,2.8
fragment_00486,1,30.23,30.23,30.23,30.23,24.41,24.41,24.41,24.41,18.38,18.38,18.38,18.38,12.98,12.98,12.98,12.98,8.48,8.48,8.48,8.48,5.52,5.52,5.52,5.52,3.79,3.79,3.79,3.79
fragment_00487,3,29.72,29.72,29.72,29.75,22.55,22.55,22.55,23.5,16.3,16.3,16.3,16.66,11.81,11.81,11.75,11.9,7.6,7.6,7.59,7.6,4.94,4.94,4.94,4.94,3.4,3.4,3.39,3.4
fragment_00488,6,25.19,25.29,25.07,26.68,19.1,18.94,18.94,22.46,15.36,15.43,15.08,19.37,11.96,12.21,11.54,14.75,9.22,9.24,8.99,10.5,6.83,6.86,6.75,7.04,4.83,4.83,4.83,4.84
fragment_00489,1,30.21,30.21,30.21,30.21,24.39,24.39,24.39,24.39,18.53,18.53,18.53,18.53,13.47,13.47,13.47,13.47,9.33,9.33,9.33,9.33,6.24,6.24,6.24,6.24,4.29,4.29,4.29,4.29
fragment_00490,4,30.19,30.1,30.1,30.83,24.21,23.97,23.97,26.22,16.78,16.44,16.44,19.5,11.86,11.64,11.64,13.64,8.8,8.67,8.67,9.84,6.63,6.58,6.58,7.06,4.91,4.9,4.9,4.95
fragment_00491,4,28.78,28.71,28.71,29.27,23.48,23.2,23.2,25.76,16.74,16.41,16.41,19.4,12.07,11.89,11.89,13.6,8.8,8.67,8.67,9.89,6.73,6.64,6.64,7.51,5.32,5.27,5.27,5.72
fragment_00492,10,29.99,29.98,29.93,30.52,24.23,24.26,24.17,25.15,18.4,18.7,17.8,19.43,14.71,15.19,14.02,15.2,10.87,11.35,10.15,11.35,7.73,7.85,7.53,7.86,5.4,5.4,5.39,5.4
fragment_00493,16,28.4,28.38,28.34,29.08,24.55,24.57,23.44,24.65,19.24,19.3,17.41,19.3,13.84,13.85,12.89,14.12,9.07,9.07,9.01,9.07,5.9,5.9,5.89,5.91,4.06,4.06,4.05,4.06
fragment_00494,1,29.17,29.17,29.17,29.17,23.79,23.79,23.79,23.79,18.52,18.52,18.52,18.52,12.47,12.47,12.47,12.47,7.7,7.7,7.7,7.7,5.01,5.01,5.01,5.01,3.44,3.44,3.44,3.44
fragment_00495,2,28.65,28.65,28.65,28.66,24.08,24.08,24.08,24.08,17.96,17.96,17.96,17.96,12.0,12.0,12.0,12.0,7.37,7.37,7.37,7.37,4.8,4.8,4.8,4.8,3.3,3.3,3.3,3.3
fragment_00496,2,25.23,25.23,25.23,25.24,19.05,19.04,19.04,19.09,13.15,13.16,13.15,13.16,9.07,9.07,9.07,9.09,6.25,6.25,6.25,6.25,4.16,4.16,4.16,4.16,2.86,2.86,2.86,2.86
fragment_00497,8,27.79,27.75,27.75,28.6,19.07,18.95,18.91,22.83,12.96,12.69,12.69,16.74,9.6,9.38,9.38,11.08,6.68,6.63,6.63,6.78,4.4,4.4,4.4,4.41,3.02,3.02,3.02,3.03
fragment_00498,8,29.96,29.93,29.93,30.52,24.22,24.28,24.15,25.17,18.01,18.05,17.96,19.0,14.13,14.23,14.02,14.64,10.29,10.46,10.11,10.74,7.29,7.3,7.2,7.31,5.02,5.02,5.02,5.03
fragment_00499,2,28.39,28.41,28.29,28.41,21.45,21.46,21.39,21.46,15.16,15.17,15.14,15.17,10.75,10.75,10.75,10.75,8.23,8.23,8.22,8.23,6.11,6.11,6.11,6.11,4.37,4.37,4.37,4.37
fragment_00500,16,28.77,28.79,28.67,28.79,21.65,21.65,21.58,21.66,15.31,15.32,15.28,15.32,12.02,11.96,11.92,12.18,9.82,9.77,9.75,10.0,7.55,7.52,7.49,7.71,5.6,5.6,5.59,5.62
fragment_00501,1,30.04,30.04,30.04,30.04,23.16,23.16,23.16,23.16,14.59,14.59,14.59,14.59,8.23,8.23,8.23,8.23,4.98,4.98,4.98,4.98,3.24,3.24,3.24,3.24,2.23,2.23,2.23,2.23
fragment_00502,3,30.5,30.42,30.42,30.78,24.62,24.21,24.21,25.5,16.21,15.69,15.69,17.26,9.99,9.8,9.8,10.36,6.3,6.3,6.29,6.31,4.1,4.1,4.1,4.11,2.82,2.82,2.81,2.82
fragment_00503,5,33.28,33.29,33.16,34.55,30.82,30.77,30.77,33.07,22.31,22.28,22.28,24.1,13.77,13.76,13.76,13.87,8.39,8.38,8.38,8.4,5.46,5.46,5.46,5.47,3.75,3.75,3.75,3.76
fragment_00504,2,27.83,27.83,27.83,27.83,25.44,25.45,25.44,25.45,18.73,18.73,18.72,18.73,13.07,13.07,13.06,13.07,9.55,9.55,9.54,9.55,6.74,6.74,6.74,6.74,4.68,4.68,4.68,4.68
fragment_00505,8,28.76,28.78,28.7,28.81,21.65,21.66,21.62,21.67,15.31,15.35,15.22,15.41,11.55,11.65,11.35,11.73,8.13,8.26,7.93,8.29,5.47,5.47,5.46,5.47,3.76,3.76,3.76,3.76
fragment_00506,4,28.46,28.44,28.42,28.58,23.07,23.05,23.05,25.13,16.71,16.61,16.61,18.74,12.06,11.88,11.88,13.31,8.1,7.98,7.98,8.4,5.46,5.46,5.46,5.47,3.75,3.75,3.75,3.76
fragment_00507,2,30.57,30.56,30.56,30.57,27.25,27.25,27.25,27.26,22.41,22.41,22.41,22.41,16.98,16.98,16.98,16.99,11.4,11.4,11.4,11.4,7.45,7.45,7.45,7.45,5.12,5.12,5.12,5.12
fragment_00508,2,28.51,28.54,28.39,28.54,20.54,20.56,20.45,20.56,14.38,14.39,14.38,14.39,10.59,10.59,10.59,10.6,7.51,7.51,7.51,7.52,5.12,5.12,5.12,5.12,3.52,3.52,3.52,3.52
fragment_00509,4,28.78,28.81,28.73,28.81,21.67,21.68,21.64,21.68,15.15,15.15,15.14,15.17,11.0,10.99,10.99,11.01,7.96,7.97,7.96,7.97,5.89,5.89,5.89,5.89,4.13,4.13,4.13,4.13
fragment_00510,1,28.11,28.11,28.11,28.11,21.16,21.16,21.16,21.16,14.81,14.81,14.81,14.81,9.73,9.73,9.73,9.73,6.71,6.71,6.71,6.71,4.58,4.58,4.58,4.58,3.15,3.15,3.15,3.15
fragment_00511,4,28.74,28.75,28.67,28.79,21.63,21.64,21.59,21.66,15.2,15.2,15.19,15.23,11.24,11.23,11.23,11.27,8.17,8.16,8.16,8.19,5.7,5.7,5.7,5.7,3.92,3.92,3.92,3.92
fragment_00512,9,28.65,28.62,28.48,29.33,23.23,23.13,23.04,25.86,16.63,16.51,16.51,19.64,12.22,12.15,12.14,13.95,9.04,9.0,8.99,10.27,7.01,6.99,6.98,7.74,5.4,5.39,5.39,5.67
fragment_00513,1,27.44,27.44,27.44,27.44,24.64,24.64,24.64,24.64,19.62,19.62,19.62,19.62,13.44,13.44,13.44,13.44,9.85,9.85,9.85,9.85,7.16,7.16,7.16,7.16,5.08,5.08,5.08,5.08
fragment_00514,2,28.0,28.0,27.51,28.0,22.73,22.73,22.3,22.73,16.72,16.72,16.72,16.85,12.44,12.44,12.44,12.57,8.72,8.72,8.72,8.76,5.92,5.92,5.92,5.92,4.07,4.07,4.07,4.07
fragment_00515,2,30.16,30.15,30.15,30.18,24.37,24.31,24.31,25.17,17.45,17.38,17.38,18.45,11.42,11.41,11.41,11.5,6.96,6.96,6.96,6.97,4.53,4.53,4.53,4.53,3.11,3.11,3.11,3.12
fragment_00516,3,29.69,29.69,29.69,29.99,22.4,22.4,22.4,23.23,15.84,15.84,15.84,16.68,11.09,11.09,11.09,11.2,6.96,6.96,6.96,6.97,4.53,4.53,4.53,4.54,3.11,3.11,3.11,3.12
fragment_00517,1,30.08,30.08,30.08,30.08,23.55,23.55,23.55,23.55,17.32,17.32,17.32,17.32,12.82,12.82,12.82,12.82,9.03,9.03,9.03,9.03,6.16,6.16,6.16,6.16,4.24,4.24,4.24,4.24
fragment_00518,4,32.09,32.09,32.09,32.38,27.89,27.89,27.49,28.87,18.96,18.95,18.95,20.02,12.98,12.98,12.98,13.11,8.01,8.01,8.0,8.01,5.21,5.21,5.21,5.22,3.58,3.58,3.58,3.58
fragment_00519,7,29.97,29.97,29.97,30.53,24.26,24.24,24.21,25.13,18.2,18.09,17.9,19.65,14.36,14.18,14.14,15.6,10.64,10.46,10.39,11.77,8.02,7.95,7.91,8.42,5.8,5.8,5.8,5.83
fragment_00520,7,28.15,28.11,27.39,29.23,20.75,20.58,20.58,24.13,15.54,15.44,15.44,19.86,11.76,11.84,11.52,14.82,8.76,8.8,8.6,10.42,6.63,6.67,6.56,6.94,4.76,4.76,4.75,4.77
fragment_00521,4,30.57,30.56,30.56,31.51,25.38,25.34,25.34,27.92,17.95,17.92,17.92,19.65,11.13,11.13,11.13,11.2,6.77,6.77,6.77,6.79,4.41,4.41,4.41,4.42,3.03,3.03,3.03,3.03
fragment_00522,11,27.77,27.76,27.73,28.51,18.99,18.97,18.71,22.02,12.61,12.77,11.99,15.87,9.02,9.32,8.32,10.34,6.14,6.28,5.84,6.32,4.1,4.1,4.1,4.11,2.82,2.82,2.82,2.83
fragment_00523,11,30.23,30.25,30.16,30.63,24.2,24.2,24.15,26.79,17.54,17.61,17.21,20.05,13.01,13.15,12.45,13.59,8.73,8.81,8.43,8.82,5.74,5.74,5.73,5.74,3.94,3.94,3.94,3.94
fragment_00524,2,28.52,28.51,28.51,28.55,20.64,20.63,20.63,20.66,14.67,14.68,14.65,14.68,11.34,11.35,11.32,11.35,8.79,8.8,8.78,8.8,6.31,6.31,6.31,6.31,4.4,4.4,4.4,4.4
fragment_00525,2,28.37,28.36,28.36,28.39,20.51,20.5,20.5,20.55,14.57,14.57,14.57,14.57,10.83,10.82,10.82,10.85,7.53,7.52,7.52,7.53,4.99,4.99,4.99,4.99,3.43,3.43,3.42,3.43
fragment_00526,4,30.17,30.09,30.09,30.81,24.2,23.96,23.96,26.19,16.77,16.44,16.44,19.49,11.86,11.64,11.64,13.63,8.79,8.67,8.67,9.8,6.56,6.52,6.52,6.87,4.72,4.72,4.72,4.74
fragment_00527,4,30.16,30.08,30.08,30.83,24.2,23.95,23.95,26.21,16.78,16.44,16.44,19.49,11.86,11.64,11.64,13.63,8.8,8.67,8.67,9.84,6.63,6.58,6.58,7.06,4.91,4.9,4.9,4.95
fragment_00528,11,33.97,33.98,33.48,35.22,32.96,33.11,31.26,35.02,25.41,25.52,23.81,26.87,15.95,15.95,15.88,16.05,9.71,9.71,9.7,9.72,6.32,6.32,6.31,6.33,4.34,4.34,4.34,4.35
fragment_00529,11,30.29,30.2,30.19,31.21,24.54,24.25,24.04,27.24,16.59,16.47,15.89,18.98,10.76,10.82,10.44,11.21,6.77,6.77,6.77,6.79,4.41,4.4,4.4,4.42,3.03,3.03,3.03,3.04
fragment_00530,2,28.8,28.79,28.79,28.8,21.69,21.68,21.68,21.69,15.18,15.18,15.18,15.19,11.09,11.08,11.08,11.11,8.23,8.22,8.22,8.24,6.37,6.36,6.36,6.38,4.71,4.71,4.71,4.71
fragment_00531,1,29.16,29.16,29.16,29.16,23.78,23.78,23.78,23.78,17.94,17.94,17.94,17.94,12.88,12.88,12.88,12.88,9.23,9.23,9.23,9.23,6.27,6.27,6.27,6.27,4.31,4.31,4.31,4.31
fragment_00532,1,29.43,29.43,29.43,29.43,23.48,23.48,23.48,23.48,17.44,17.44,17.44,17.44,13.26,13.26,13.26,13.26,9.09,9.09,9.09,9.09,5.96,5.96,5.96,5.96,4.09,4.09,4.09,4.09
fragment_00533,11,25.39,25.34,25.34,26.94,20.43,20.42,20.14,22.7,16.84,16.93,15.77,19.68,13.54,13.62,12.54,16.36,10.78,10.81,10.25,12.08,8.02,8.03,7.84,8.16,5.6,5.6,5.59,5.6
fragment_00534,23,27.76,27.74,27.72,28.28,19.04,18.7,18.69,21.75,12.72,12.26,11.98,15.87,9.24,8.99,8.44,11.07,6.58,6.57,6.17,7.03,4.54,4.56,4.48,4.58,3.14,3.14,3.14,3.14
fragment_00535,4,29.93,29.87,29.87,30.5,23.79,23.71,23.71,25.65,16.39,16.29,16.29,18.54,11.14,11.12,11.12,11.38,6.88,6.88,6.88,6.89,4.48,4.48,4.48,4.49,3.08,3.08,3.08,3.08
fragment_00536,24,30.7,30.63,30.42,32.05,27.28,26.79,26.22,30.15,22.59,22.3,21.39,26.27,17.81,17.91,16.85,19.89,12.27,12.45,11.53,12.79,8.27,8.31,8.09,8.33,5.71,5.71,5.71,5.72
fragment_00537,2,29.62,29.62,29.62,30.23,22.32,22.32,22.32,25.04,15.74,15.74,15.74,17.61,10.8,10.8,10.8,11.11,6.75,6.75,6.75,6.75,4.39,4.39,4.39,4.4,3.02,3.02,3.02,3.02
fragment_00538,2,28.86,28.86,28.85,28.86,21.75,21.75,21.74,21.75,15.16,15.16,15.16,15.17,11.02,11.02,11.02,11.04,7.93,7.92,7.92,7.94,5.67,5.67,5.67,5.67,3.94,3.94,3.94,3.94
fragment_00539,2,28.92,28.92,28.92,28.92,23.95,23.95,23.95,23.95,17.23,17.23,17.23,17.23,11.64,11.64,11.64,11.64,7.23,7.23,7.23,7.23,4.71,4.71,4.71,4.71,3.23,3.23,3.23,3.24
fragment_00540,1,29.82,29.82,29.82,29.82,23.13,23.13,23.13,23.13,17.4,17.4,17.4,17.4,13.32,13.32,13.32,13.32,9.39,9.39,9.39,9.39,6.33,6.33,6.33,6.33,4.35,4.35,4.35,4.35
fragment_00541,1,29.59,29.59,29.59,29.59,23.07,23.07,23.07,23.07,16.29,16.29,16.29,16.29,11.11,11.11,11.11,11.11,6.88,6.88,6.88,6.88,4.47,4.47,4.47,4.47,3.07,3.07,3.07,3.07
fragment_00542,1,29.45,29.45,29.45,29.45,23.84,23.84,23.84,23.84,18.28,18.28,18.28,18.28,12.78,12.78,12.78,12.78,9.47,9.47,9.47,9.47,6.93,6.93,6.93,6.93,4.94,4.94,4.94,4.94
fragment_00543,10,25.39,25.34,25.34,26.94,20.42,20.42,20.12,22.7,16.81,16.93,15.77,19.67,13.49,13.6,12.54,16.35,10.75,10.79,10.24,12.09,8.01,8.02,7.84,8.16,5.6,5.6,5.59,5.6
fragment_00544,2,28.19,28.19,28.19,28.83,20.03,20.03,20.03,21.87,12.83,12.83,12.83,14.08,9.14,9.13,9.13,9.97,6.96,6.96,6.96,7.56,5.57,5.57,5.57,5.88,4.46,4.46,4.46,4.64
fragment_00545,6,30.29,30.23,30.23,31.29,24.27,24.16,24.13,27.23,17.12,16.95,16.95,20.62,12.56,12.44,12.44,14.54,9.21,9.14,9.14,10.36,6.89,6.86,6.86,7.23,4.97,4.97,4.97,4.99
fragment_00546,1,29.98,29.98,29.98,29.98,23.27,23.27,23.27,23.27,14.2,14.2,14.2,14.2,7.79,7.79,7.79,7.79,4.72,4.72,4.72,4.72,3.07,3.07,3.07,3.07,2.11,2.11,2.11,2.11
fragment_00547,3,30.34,30.3,30.3,30.53,24.49,24.04,24.04,25.23,15.81,15.42,15.42,16.32,9.01,9.0,9.0,9.01,5.46,5.46,5.46,5.46,3.55,3.55,3.55,3.55,2.44,2.44,2.44,2.44
fragment_00548,2,27.89,27.88,27.88,27.9,25.54,25.53,25.53,25.55,18.81,18.8,18.8,18.82,13.23,13.22,13.22,13.24,9.83,9.82,9.82,9.83,6.99,6.99,6.99,6.99,4.83,4.83,4.83,4.83
fragment_00549,1,29.1,29.1,29.1,29.1,23.39,23.39,23.39,23.39,17.74,17.74,17.74,17.74,12.53,12.53,12.53,12.53,8.46,8.46,8.46,8.46,5.63,5.63,5.63,5.63,3.87,3.87,3.87,3.87
fragment_00550,10,30.3,30.21,30.17,31.19,24.55,24.31,24.03,27.23,16.59,16.5,15.89,18.98,10.76,10.83,10.44,11.21,6.77,6.77,6.77,6.79,4.41,4.41,4.41,4.42,3.03,3.03,3.03,3.04
fragment_00551,1,27.95,27.95,27.95,27.95,25.59,25.59,25.59,25.59,18.84,18.84,18.84,18.84,13.07,13.07,13.07,13.07,9.38,9.38,9.38,9.38,6.62,6.62,6.62,6.62,4.84,4.84,4.84,4.84
fragment_00552,3,30.11,30.09,30.09,30.58,23.43,23.35,23.35,25.3,16.13,16.07,16.07,17.77,10.31,10.31,10.31,10.41,6.3,6.3,6.3,6.31,4.1,4.1,4.1,4.11,2.82,2.82,2.82,2.82
fragment_00553,1,30.14,30.14,30.14,30.14,24.34,24.34,24.34,24.34,18.41,18.41,18.41,18.41,13.02,13.02,13.02,13.02,8.78,8.78,8.78,8.78,5.83,5.83,5.83,5.83,4.01,4.01,4.01,4.01
fragment_00554,2,29.72,29.73,29.71,29.73,23.88,24.34,23.07,24.34,17.12,17.72,16.03,17.72,11.49,11.69,11.14,11.69,7.2,7.2,7.19,7.2,4.68,4.68,4.68,4.68,3.22,3.22,3.22,3.22
fragment_00555,5,31.2,31.13,31.01,31.72,26.28,26.46,25.51,27.57,18.31,18.58,17.71,19.61,11.16,11.19,11.1,11.19,6.77,6.78,6.76,6.78,4.41,4.41,4.4,4.41,3.03,3.03,3.02,3.03
fragment_00556,13,28.23,28.08,28.08,29.17,21.3,21.31,20.7,23.78,15.97,16.17,15.11,18.12,11.02,11.14,10.34,11.21,6.77,6.77,6.76,6.79,4.41,4.41,4.4,4.42,3.03,3.03,3.02,3.04
fragment_00557,4,28.09,28.09,28.09,28.89,20.34,20.34,20.34,21.96,12.54,12.54,12.54,13.62,7.38,7.38,7.38,7.47,4.47,4.47,4.47,4.52,2.91,2.91,2.91,2.94,2.0,2.0,2.0,2.02
fragment_00558,2,28.84,28.82,28.82,28.85,21.72,21.71,21.71,21.73,15.16,15.15,15.15,15.17,11.26,11.23,11.23,11.28,8.51,8.5,8.5,8.52,6.53,6.53,6.53,6.54,5.19,5.18,5.18,5.19
fragment_00559,5,29.97,29.96,29.96,30.53,23.96,23.94,23.94,25.98,16.7,16.68,16.68,18.89,11.53,11.53,11.53,11.98,7.29,7.29,7.29,7.3,4.75,4.75,4.75,4.75,3.26,3.26,3.26,3.26
fragment_00560,7,28.72,28.72,28.66,28.79,21.61,21.61,21.58,21.65,15.47,15.43,15.43,15.53,11.74,11.71,11.71,11.8,8.67,8.66,8.66,8.69,6.02,6.01,6.01,6.02,4.13,4.13,4.13,4.13
fragment_00561,2,29.89,29.9,29.8,29.9,23.91,24.05,23.19,24.05,16.75,16.88,16.1,16.88,11.03,11.04,11.01,11.04,7.19,7.19,7.17,7.19,4.68,4.68,4.68,4.68,3.22,3.22,3.22,3.22
fragment_00562,2,28.67,28.68,28.66,28.68,21.56,21.56,21.55,21.56,14.84,14.84,14.84,14.84,10.15,10.14,10.14,10.15,6.73,6.73,6.73,6.73,4.46,4.46,4.46,4.46,3.07,3.07,3.07,3.07
fragment_00563,4,30.04,30.04,30.04,30.53,24.06,24.06,24.06,25.15,17.17,17.17,17.17,18.16,12.77,12.77,12.77,13.27,8.56,8.56,8.56,8.57,5.58,5.58,5.57,5.58,3.83,3.83,3.83,3.83
fragment_00564,2,28.78,28.77,28.77,28.78,21.65,21.65,21.65,21.66,15.13,15.13,15.13,15.14,10.98,10.97,10.97,10.99,7.8,7.8,7.8,7.8,5.61,5.61,5.61,5.61,3.93,3.93,3.93,3.93
fragment_00565,2,28.53,28.52,28.52,28.55,20.61,20.6,20.6,20.64,14.82,14.82,14.78,14.82,11.48,11.49,11.46,11.49,8.84,8.84,8.82,8.84,6.57,6.58,6.56,6.58,4.67,4.67,4.67,4.67
fragment_00566,3,28.27,28.07,28.07,28.44,21.11,20.79,20.79,21.37,15.3,15.02,15.02,15.54,9.65,9.59,9.59,9.7,5.88,5.88,5.88,5.88,3.83,3.83,3.83,3.83,2.63,2.63,2.63,2.63
fragment_00567,5,31.27,31.27,30.67,31.42,25.63,25.62,25.6,28.33,19.25,19.24,19.21,22.14,13.77,13.76,13.65,14.73,9.12,9.12,9.1,9.15,5.95,5.95,5.93,5.96,4.08,4.08,4.08,4.09
fragment_00568,2,28.07,28.08,28.01,28.08,21.13,21.13,21.1,21.13,14.78,14.79,14.77,14.79,9.39,9.39,9.38,9.39,5.77,5.77,5.77,5.77,3.76,3.76,3.76,3.76,2.58,2.58,2.58,2.58
fragment_00569,2,28.31,28.3,28.3,28.33,20.47,20.46,20.46,20.51,14.73,14.75,14.7,14.75,11.09,11.1,11.06,11.1,7.62,7.62,7.61,7.62,4.98,4.98,4.98,4.98,3.42,3.42,3.42,3.42
fragment_00570,2,30.19,30.18,30.18,30.21,24.37,24.15,24.15,25.0,17.15,16.84,16.84,17.98,10.53,10.53,10.53,10.55,6.39,6.39,6.39,6.39,4.16,4.16,4.16,4.16,2.86,2.86,2.86,2.86
fragment_00571,6,28.85,28.84,28.83,28.85,21.71,21.71,21.7,21.71,15.1,15.1,15.09,15.1,10.84,10.84,10.82,10.84,8.45,8.47,8.32,8.47,7.03,7.07,6.83,7.07,5.29,5.3,5.18,5.31
fragment_00572,3,30.48,30.38,30.38,30.77,24.61,24.18,24.18,25.5,16.22,15.68,15.68,17.27,9.99,9.8,9.8,10.36,6.3,6.3,6.29,6.31,4.1,4.1,4.1,4.11,2.82,2.82,2.81,2.82
fragment_00573,3,27.67,27.67,27.67,28.4,18.8,18.79,18.79,20.05,12.36,12.38,12.35,12.88,8.91,8.92,8.91,9.3,6.91,6.91,6.91,7.15,5.52,5.52,5.52,5.61,4.4,4.4,4.4,4.47
fragment_00574,4,30.76,30.82,30.53,30.82,24.95,25.01,24.67,25.03,19.05,18.98,18.96,19.36,14.82,14.77,14.76,15.05,10.77,10.76,10.75,10.82,7.26,7.26,7.26,7.26,4.99,4.99,4.99,4.99
fragment_00575,4,30.12,30.04,30.04,30.81,24.17,23.92,23.92,26.19,16.76,16.43,16.43,19.49,11.86,11.64,11.64,13.64,8.79,8.67,8.67,9.81,6.56,6.52,6.52,6.87,4.72,4.72,4.72,4.74
fragment_00576,2,27.77,27.78,27.76,27.78,25.38,25.4,25.36,25.4,18.69,18.71,18.67,18.71,13.13,13.14,13.12,13.14,9.74,9.75,9.74,9.75,7.01,7.01,7.01,7.01,4.96,4.96,4.96,4.96
fragment_00577,9,30.0,29.99,29.97,30.5,24.28,24.26,24.11,25.12,18.18,18.11,17.85,19.74,14.31,14.21,14.12,15.73,10.6,10.5,10.4,11.96,8.05,8.01,7.95,8.57,5.93,5.92,5.9,5.97
fragment_00578,11,29.61,29.3,29.13,29.9,25.7,25.47,24.16,26.69,20.28,20.5,18.74,21.08,13.84,13.99,12.64,14.26,8.65,8.66,8.51,8.67,5.64,5.64,5.64,5.64,3.87,3.87,3.87,3.88
fragment_00579,1,30.36,30.36,30.36,30.36,24.14,24.14,24.14,24.14,17.6,17.6,17.6,17.6,12.79,12.79,12.79,12.79,8.78,8.78,8.78,8.78,5.8,5.8,5.8,5.8,3.98,3.98,3.98,3.98
fragment_00580,3,27.91,27.78,27.78,28.2,19.18,18.76,18.76,20.13,12.21,11.67,11.67,13.42,8.02,7.76,7.76,8.6,5.33,5.29,5.29,5.4,3.51,3.51,3.51,3.51,2.41,2.41,2.41,2.41
fragment_00581,2,29.26,29.28,28.95,29.28,23.44,23.46,23.05,23.46,18.14,18.16,17.82,18.16,12.55,12.55,12.5,12.55,8.38,8.38,8.37,8.38,5.58,5.58,5.58,5.58,3.83,3.83,3.83,3.83
fragment_00582,1,31.0,31.0,31.0,31.0,25.2,25.2,25.2,25.2,18.71,18.71,18.71,18.71,12.85,12.85,12.85,12.85,8.13,8.13,8.13,8.13,5.29,5.29,5.29,5.29,3.64,3.64,3.64,3.64
fragment_00583,2,27.68,27.68,27.68,27.68,25.74,25.74,25.73,25.74,19.45,19.45,19.45,19.45,14.32,14.32,14.31,14.32,10.95,10.95,10.94,10.95,7.7,7.7,7.7,7.7,5.29,5.29,5.29,5.29
fragment_00584,2,28.92,28.92,28.9,28.92,21.77,21.77,21.76,21.77,15.19,15.18,15.18,15.19,11.21,11.21,11.21,11.24,8.34,8.33,8.33,8.35,6.03,6.02,6.02,6.03,4.22,4.22,4.22,4.22
fragment_00585,1,30.21,30.21,30.21,30.21,24.39,24.39,24.39,24.39,18.52,18.52,18.52,18.52,13.34,13.34,13.34,13.34,9.16,9.16,9.16,9.16,6.23,6.23,6.23,6.23,4.28,4.28,4.28,4.28
fragment_00586,1,30.32,30.32,30.32,30.32,24.46,24.46,24.46,24.46,17.75,17.75,17.75,17.75,12.14,12.14,12.14,12.14,8.2,8.2,8.2,8.2,5.84,5.84,5.84,5.84,4.27,4.27,4.27,4.27
fragment_00587,2,27.89,27.89,27.46,27.89,22.59,22.59,22.19,22.59,15.96,15.96,15.96,15.97,10.94,10.94,10.94,10.94,7.24,7.24,7.24,7.24,4.81,4.81,4.81,4.81,3.3,3.3,3.3,3.3
fragment_00588,4,29.54,29.51,29.47,30.21,25.03,24.93,24.93,26.76,19.75,19.64,19.64,21.3,13.8,13.76,13.76,14.26,8.78,8.78,8.78,8.8,5.71,5.71,5.71,5.73,3.92,3.92,3.92,3.93
fragment_00589,4,28.93,28.93,28.92,29.01,22.13,22.12,22.12,22.32,15.44,15.43,15.43,15.86,11.75,11.76,11.26,11.76,8.82,8.84,8.26,8.84,6.72,6.73,6.46,6.73,5.19,5.2,5.02,5.2
fragment_00590,8,29.42,29.53,29.13,29.53,24.2,24.28,23.57,24.28,19.81,19.8,18.6,19.95,13.72,13.73,12.88,13.74,8.39,8.39,8.35,8.39,5.46,5.46,5.46,5.46,3.75,3.75,3.75,3.75
fragment_00591,1,30.3,30.3,30.3,30.3,24.44,24.44,24.44,24.44,17.88,17.88,17.88,17.88,12.8,12.8,12.8,12.8,8.93,8.93,8.93,8.93,5.94,5.94,5.94,5.94,4.08,4.08,4.08,4.08
fragment_00592,1,24.7,24.7,24.7,24.7,16.86,16.86,16.86,16.86,10.01,10.01,10.01,10.01,5.48,5.48,5.48,5.48,3.32,3.32,3.32,3.32,2.16,2.16,2.16,2.16,1.48,1.48,1.48,1.48
fragment_00593,5,27.76,27.75,27.75,27.77,18.1,18.09,18.08,18.13,11.3,11.39,11.22,11.39,8.24,8.26,8.21,8.26,6.52,6.49,6.49,6.57,5.23,5.22,5.21,5.25,4.22,4.21,4.21,4.24
fragment_00594,5,25.27,25.26,25.06,25.99,20.12,20.11,19.85,21.5,16.64,16.68,15.78,18.88,13.2,13.24,12.31,15.42,10.1,10.11,9.7,11.14,7.33,7.33,7.19,7.47,5.13,5.13,5.13,5.14
fragment_00595,6,27.9,27.91,27.88,27.91,25.54,25.54,25.51,25.55,18.8,18.81,18.77,18.81,13.28,13.29,13.19,13.29,10.08,10.09,9.95,10.29,7.82,7.82,7.69,8.09,6.02,6.02,5.97,6.16
fragment_00596,4,28.19,28.18,28.18,28.85,20.04,20.04,20.04,21.89,12.84,12.86,12.82,14.11,9.15,9.17,9.12,10.01,6.98,6.99,6.96,7.58,5.61,5.64,5.58,5.94,4.56,4.64,4.48,4.8
fragment_00597,9,31.29,31.45,30.72,31.98,26.72,26.98,26.02,28.15,20.82,21.09,19.95,21.38,15.13,15.18,14.67,15.6,10.07,10.09,10.0,10.09,6.57,6.57,6.56,6.57,4.51,4.52,4.51,4.52
fragment_00598,2,29.98,29.95,29.95,30.05,24.14,24.39,23.47,24.39,17.44,17.77,16.54,17.77,12.06,12.16,11.81,12.16,7.79,7.79,7.79,7.79,5.07,5.07,5.07,5.07,3.48,3.48,3.48,3.48
fragment_00599,2,26.76,26.77,26.27,26.77,22.53,22.54,21.91,22.54,17.11,17.12,16.67,17.12,10.99,10.99,10.99,10.99,6.68,6.68,6.68,6.68,4.35,4.35,4.35,4.35,2.99,2.99,2.99,2.99
fragment_00600,6,28.75,28.75,28.67,28.79,21.63,21.62,21.59,21.65,15.42,15.39,15.38,15.47,11.78,11.74,11.74,11.82,9.03,9.02,9.02,9.04,6.63,6.63,6.63,6.63,4.63,4.63,4.63,4.63
fragment_00601,8,27.79,27.75,27.75,28.62,19.05,18.92,18.91,22.83,12.95,12.67,12.67,16.74,9.6,9.37,9.37,11.08,6.68,6.63,6.63,6.78,4.4,4.4,4.4,4.41,3.02,3.02,3.02,3.03
fragment_00602,1,29.82,29.82,29.82,29.82,23.15,23.15,23.15,23.15,17.4,17.4,17.4,17.4,13.23,13.23,13.23,13.23,9.21,9.21,9.21,9.21,6.48,6.48,6.48,6.48,4.59,4.59,4.59,4.59
fragment_00603,11,28.68,28.64,28.49,29.27,23.3,23.14,23.02,25.78,16.89,16.7,16.7,20.13,12.68,12.56,12.56,14.88,9.62,9.54,9.54,10.93,7.29,7.27,7.26,7.62,5.23,5.23,5.23,5.24
fragment_00604,2,29.4,29.43,29.08,29.43,23.6,23.64,23.22,23.64,18.37,18.4,18.05,18.4,13.34,13.34,13.31,13.34,10.17,10.17,10.17,10.17,7.56,7.56,7.55,7.56,5.4,5.4,5.4,5.4
fragment_00605,25,28.71,28.71,28.66,28.73,21.59,21.59,21.57,21.61,15.18,15.16,15.16,15.2,11.54,11.52,11.42,11.95,9.45,9.44,9.22,10.04,7.82,7.9,7.55,8.28,6.33,6.42,6.14,6.55
fragment_00606,26,29.91,29.37,29.36,30.72,26.75,25.9,24.83,28.47,21.73,21.02,19.01,23.65,15.48,14.91,13.77,16.47,9.94,9.94,9.81,10.0,6.5,6.49,6.49,6.51,4.46,4.46,4.46,4.47
fragment_00607,5,31.16,31.16,31.16,32.23,27.79,27.78,27.73,30.58,22.47,22.55,22.3,24.98,17.33,17.54,16.89,18.28,12.24,12.41,11.9,12.6,8.29,8.32,8.23,8.33,5.72,5.72,5.71,5.73
fragment_00608,4,28.78,28.77,28.77,28.79,21.66,21.65,21.65,21.67,15.2,15.18,15.18,15.22,11.28,11.26,11.26,11.31,8.59,8.57,8.57,8.61,6.81,6.79,6.79,6.82,5.09,5.08,5.08,5.09
fragment_00609,2,31.24,31.48,30.45,31.48,26.69,26.92,25.92,26.92,20.24,20.55,19.23,20.55,14.88,15.05,14.34,15.05,10.51,10.56,10.35,10.56,6.97,6.97,6.97,6.98,4.79,4.79,4.79,4.79
fragment_00610,1,27.1,27.1,27.1,27.1,23.32,23.32,23.32,23.32,17.8,17.8,17.8,17.8,12.57,12.57,12.57,12.57,9.95,9.95,9.95,9.95,7.5,7.5,7.5,7.5,5.18,5.18,5.18,5.18
fragment_00611,1,30.58,30.58,30.58,30.58,25.54,25.54,25.54,25.54,19.77,19.77,19.77,19.77,13.95,13.95,13.95,13.95,8.81,8.81,8.81,8.81,5.74,5.74,5.74,5.74,3.94,3.94,3.94,3.94
fragment_00612,4,26.61,26.59,26.57,26.66,22.55,22.55,22.53,22.55,17.22,17.36,17.04,17.36,12.3,12.41,12.16,12.41,8.66,8.69,8.63,8.69,5.8,5.8,5.8,5.8,3.98,3.98,3.98,3.98
fragment_00613,6,30.01,30.0,29.98,30.55,24.24,24.24,24.22,25.12,18.08,18.05,17.85,18.87,14.18,14.15,14.11,15.4,10.41,10.39,10.32,11.59,7.81,7.8,7.77,8.11,5.57,5.57,5.57,5.58
fragment_00614,1,27.03,27.03,27.03,27.03,22.44,22.44,22.44,22.44,15.99,15.99,15.99,15.99,11.3,11.3,11.3,11.3,8.54,8.54,8.54,8.54,6.24,6.24,6.24,6.24,4.4,4.4,4.4,4.4
fragment_00615,1,29.57,29.57,29.57,29.57,22.71,22.71,22.71,22.71,16.5,16.5,16.5,16.5,11.15,11.15,11.15,11.15,6.95,6.95,6.95,6.95,4.53,4.53,4.53,4.53,3.11,3.11,3.11,3.11
fragment_00616,1,27.96,27.96,27.96,27.96,20.15,20.15,20.15,20.15,14.09,14.09,14.09,14.09,10.12,10.12,10.12,10.12,6.66,6.66,6.66,6.66,4.34,4.34,4.34,4.34,2.98,2.98,2.98,2.98
fragment_00617,2,27.64,27.65,27.64,27.65,24.96,24.95,24.95,24.96,18.34,18.34,18.34,18.34,12.77,12.77,12.77,12.77,9.0,9.0,9.0,9.0,6.47,6.47,6.47,6.47,4.68,4.68,4.68,4.68
fragment_00618,1,27.58,27.58,27.58,27.58,19.73,19.73,19.73,19.73,13.34,13.34,13.34,13.34,8.47,8.47,8.47,8.47,5.16,5.16,5.16,5.16,3.36,3.36,3.36,3.36,2.31,2.31,2.31,2.31
fragment_00619,3,29.68,29.68,29.68,30.0,22.39,22.39,22.39,23.23,15.84,15.83,15.83,16.68,11.09,11.09,11.09,11.2,6.96,6.96,6.96,6.97,4.53,4.53,4.53,4.54,3.11,3.11,3.11,3.12
fragment_00620,1,28.07,28.07,28.07,28.07,21.68,21.68,21.68,21.68,15.87,15.87,15.87,15.87,11.59,11.59,11.59,11.59,8.32,8.32,8.32,8.32,6.01,6.01,6.01,6.01,4.47,4.47,4.47,4.47
fragment_00621,2,27.42,27.41,27.41,27.43,19.41,19.4,19.4,19.41,13.21,13.21,13.21,13.21,9.85,9.85,9.85,9.85,7.64,7.64,7.64,7.64,5.68,5.68,5.68,5.68,4.14,4.14,4.14,4.14
fragment_00622,22,30.4,30.51,30.24,30.89,24.67,24.67,24.23,28.35,17.61,17.35,16.95,21.76,13.1,12.59,12.43,15.21,9.46,8.91,8.88,10.26,6.58,6.4,6.37,6.69,4.59,4.59,4.58,4.6
fragment_00623,3,27.76,27.76,27.48,27.76,26.58,26.57,26.57,26.84,20.78,20.78,20.78,20.94,15.57,15.57,15.22,15.57,11.27,11.27,11.12,11.27,7.54,7.54,7.54,7.54,5.18,5.18,5.18,5.18
fragment_00624,1,30.42,30.42,30.42,30.42,25.48,25.48,25.48,25.48,19.59,19.59,19.59,19.59,13.29,13.29,13.29,13.29,8.14,8.14,8.14,8.14,5.29,5.29,5.29,5.29,3.64,3.64,3.64,3.64
fragment_00625,1,29.15,29.15,29.15,29.15,22.68,22.68,22.68,22.68,17.57,17.57,17.57,17.57,13.12,13.12,13.12,13.12,8.97,8.97,8.97,8.97,5.92,5.92,5.92,5.92,4.07,4.07,4.07,4.07
fragment_00626,1,30.04,30.04,30.04,30.04,24.49,24.49,24.49,24.49,18.87,18.87,18.87,18.87,13.68,13.68,13.68,13.68,9.84,9.84,9.84,9.84,7.3,7.3,7.3,7.3,5.2,5.2,5.2,5.2
fragment_00627,2,28.78,28.79,28.16,28.79,22.68,22.68,22.2,22.68,16.72,16.72,16.43,16.72,12.0,12.0,11.79,12.0,8.43,8.43,8.38,8.43,5.56,5.56,5.56,5.56,3.82,3.82,3.82,3.82
fragment_00628,4,28.96,28.95,28.95,29.02,22.14,22.13,22.13,22.31,15.44,15.43,15.43,15.87,11.75,11.76,11.26,11.76,8.83,8.84,8.26,8.85,6.75,6.76,6.46,6.76,5.3,5.31,5.04,5.31
fragment_00629,1,28.92,28.92,28.92,28.92,21.79,21.79,21.79,21.79,16.37,16.37,16.37,16.37,12.5,12.5,12.5,12.5,8.49,8.49,8.49,8.49,5.56,5.56,5.56,5.56,3.82,3.82,3.82,3.82
fragment_00630,2,30.9,30.9,30.9,31.52,25.73,25.73,25.73,26.19,19.04,19.04,19.04,19.4,13.45,13.45,13.45,13.63,8.57,8.57,8.57,8.57,5.58,5.58,5.58,5.58,3.83,3.83,3.83,3.83
fragment_00631,3,28.03,28.05,27.95,28.05,20.38,20.4,20.33,20.4,14.65,14.65,14.64,14.65,10.81,10.81,10.8,10.81,8.46,8.46,8.46,8.46,6.29,6.29,6.29,6.29,4.61,4.61,4.6,4.61
fragment_00632,1,29.86,29.86,29.86,29.86,25.17,25.17,25.17,25.17,19.18,19.18,19.18,19.18,12.88,12.88,12.88,12.88,7.95,7.95,7.95,7.95,5.17,5.17,5.17,5.17,3.55,3.55,3.55,3.55
fragment_00633,6,29.98,29.98,29.98,30.53,24.26,24.25,24.21,25.13,18.21,18.1,17.88,18.93,14.37,14.19,14.13,15.54,10.64,10.47,10.39,11.78,8.02,7.96,7.91,8.42,5.8,5.8,5.8,5.83
fragment_00634,2,29.82,29.92,29.71,29.92,23.74,23.99,23.45,23.99,16.88,17.35,16.32,17.35,11.78,12.12,11.37,12.12,7.51,7.53,7.48,7.53,4.9,4.9,4.9,4.9,3.37,3.37,3.37,3.37
fragment_00635,4,29.26,29.25,29.03,29.66,25.42,25.42,25.07,25.5,19.51,19.51,18.94,19.51,14.61,14.61,14.23,14.62,10.12,10.12,10.02,10.13,6.76,6.76,6.76,6.76,4.64,4.64,4.64,4.65
fragment_00636,18,28.6,28.56,28.54,29.04,23.21,23.06,23.05,25.55,16.46,16.24,16.24,20.01,11.88,11.72,11.65,14.37,8.99,8.88,8.81,10.63,7.12,7.07,7.02,7.93,5.62,5.6,5.59,6.1
fragment_00637,6,28.18,28.18,27.96,28.19,19.77,19.77,19.56,19.8,12.33,12.42,12.18,12.42,8.78,8.8,8.62,8.8,6.85,6.83,6.74,6.9,5.44,5.43,5.36,5.46,4.37,4.36,4.33,4.39
fragment_00638,2,25.41,25.45,25.29,25.45,20.54,20.6,20.36,20.6,16.99,17.1,16.62,17.1,13.34,13.51,12.77,13.51,10.06,10.13,9.82,10.13,7.32,7.35,7.23,7.35,5.14,5.14,5.13,5.14
fragment_00639,2,28.17,28.17,28.17,28.81,20.03,20.03,20.03,21.88,12.84,12.83,12.83,14.09,9.14,9.13,9.13,9.98,6.96,6.96,6.96,7.56,5.57,5.57,5.57,5.89,4.45,4.45,4.45,4.64
fragment_00640,1,28.03,28.03,28.03,28.03,21.47,21.47,21.47,21.47,15.94,15.94,15.94,15.94,12.22,12.22,12.22,12.22,9.42,9.42,9.42,9.42,6.86,6.86,6.86,6.86,4.86,4.86,4.86,4.86
fragment_00641,56,28.35,28.33,28.0,29.78,22.1,22.17,20.84,26.65,17.73,17.93,15.62,21.7,13.74,14.1,12.14,15.3,9.31,9.41,8.73,9.42,6.13,6.12,6.08,6.14,4.21,4.21,4.2,4.22
fragment_00642,5,27.69,27.68,27.64,28.11,23.12,23.15,22.28,23.15,16.6,16.63,15.68,16.63,11.37,11.39,10.93,11.39,6.94,6.94,6.94,6.95,4.51,4.51,4.51,4.52,3.1,3.1,3.1,3.11
fragment_00643,2,29.44,29.46,29.11,29.46,23.66,23.7,23.25,23.7,18.41,18.44,18.07,18.44,13.08,13.08,13.05,13.08,9.76,9.76,9.76,9.76,6.99,6.99,6.99,6.99,4.85,4.85,4.85,4.85
fragment_00644,15,28.38,28.36,27.66,28.76,20.98,21.37,19.94,22.28,15.57,16.15,14.07,17.19,11.61,11.95,10.66,12.47,8.13,8.16,7.76,8.18,5.32,5.32,5.31,5.32,3.65,3.65,3.65,3.66
fragment_00645,3,28.62,28.63,28.27,28.63,23.66,23.66,23.62,23.66,17.03,17.03,17.02,17.51,11.8,11.8,11.79,11.96,7.43,7.43,7.43,7.45,4.83,4.83,4.83,4.85,3.32,3.32,3.32,3.33
fragment_00646,8,30.0,29.99,29.98,30.54,24.27,24.26,24.21,25.16,18.18,18.12,17.93,19.05,14.31,14.21,14.17,15.68,10.6,10.51,10.44,11.94,8.05,8.01,7.97,8.56,5.93,5.92,5.91,5.97
fragment_00647,1,27.09,27.09,27.09,27.09,23.0,23.0,23.0,23.0,17.54,17.54,17.54,17.54,12.66,12.66,12.66,12.66,9.67,9.67,9.67,9.67,7.14,7.14,7.14,7.14,5.06,5.06,5.06,5.06
fragment_00648,6,31.14,31.17,30.45,31.4,26.16,26.16,25.67,26.75,19.25,19.22,19.22,20.72,13.47,13.46,13.46,13.96,8.57,8.57,8.56,8.58,5.58,5.58,5.57,5.58,3.83,3.83,3.83,3.84
fragment_00649,2,34.12,34.08,34.08,34.45,32.94,32.93,32.93,33.0,24.41,24.41,24.34,24.41,14.03,14.02,14.02,14.04,8.5,8.5,8.5,8.51,5.53,5.53,5.53,5.54,3.8,3.8,3.8,3.8
fragment_00650,1,29.72,29.72,29.72,29.72,23.19,23.19,23.19,23.19,16.49,16.49,16.49,16.49,11.71,11.71,11.71,11.71,7.99,7.99,7.99,7.99,5.31,5.31,5.31,5.31,3.65,3.65,3.65,3.65
fragment_00651,2,28.34,28.3,28.3,28.4,20.49,20.46,20.46,20.55,14.57,14.57,14.57,14.59,10.79,10.78,10.78,10.82,7.52,7.52,7.52,7.54,5.17,5.17,5.17,5.17,3.56,3.56,3.56,3.56
fragment_00652,42,29.49,29.84,28.76,30.08,24.77,25.84,23.49,26.12,20.29,21.19,18.3,21.79,14.98,15.57,12.71,16.18,10.24,10.38,9.23,10.71,6.95,6.96,6.78,6.98,4.78,4.78,4.77,4.79
fragment_00653,18,30.16,30.12,30.12,30.82,24.73,24.62,24.29,26.77,19.41,19.26,17.77,20.57,15.58,15.45,13.94,16.11,11.15,10.92,10.39,11.54,7.76,7.7,7.53,7.84,5.39,5.39,5.38,5.39
fragment_00654,21,27.77,27.75,27.73,28.31,18.99,18.72,18.71,21.88,12.88,12.22,12.22,16.07,9.69,9.12,9.11,11.79,7.45,7.11,7.11,8.57,5.53,5.45,5.45,5.66,3.88,3.88,3.88,3.89
fragment_00655,2,28.75,28.77,28.7,28.77,21.64,21.65,21.61,21.65,15.86,15.86,15.84,15.86,12.81,12.81,12.8,12.81,9.96,9.96,9.95,9.96,7.04,7.04,7.04,7.04,4.84,4.84,4.84,4.84
fragment_00656,2,27.53,27.55,27.45,27.55,18.9,18.9,18.86,18.9,12.88,12.89,12.86,12.89,9.71,9.71,9.69,9.71,7.53,7.53,7.52,7.53,5.66,5.66,5.65,5.66,4.22,4.22,4.22,4.22
fragment_00657,3,28.79,28.81,28.65,28.81,24.24,24.26,24.1,24.27,17.72,17.74,17.59,17.74,12.6,12.62,12.54,12.62,9.23,9.24,9.18,9.24,6.89,6.89,6.87,6.89,4.94,4.94,4.94,4.94
fragment_00658,5,28.2,28.24,28.12,28.24,21.29,21.31,21.25,21.31,15.06,15.07,15.05,15.07,10.83,10.83,10.82,10.83,8.65,8.65,8.64,8.65,6.55,6.55,6.55,6.55,4.71,4.71,4.71,4.71
fragment_00659,2,28.04,28.04,27.63,28.04,22.76,22.76,22.34,22.76,16.12,16.12,16.09,16.12,11.39,11.39,11.3,11.39,8.47,8.47,8.44,8.47,6.23,6.23,6.22,6.23,4.36,4.36,4.36,4.36
fragment_00660,16,27.74,27.69,27.66,27.89,20.4,20.46,19.4,20.63,14.17,14.24,13.32,14.31,10.38,10.42,9.96,10.48,8.02,8.05,7.64,8.27,6.19,6.21,5.98,6.4,4.7,4.71,4.6,4.75
fragment_00661,2,28.93,28.94,28.88,28.94,21.79,21.79,21.75,21.79,15.2,15.2,15.19,15.2,11.08,11.08,11.08,11.09,8.02,8.02,8.02,8.03,5.8,5.8,5.8,5.8,4.04,4.04,4.04,4.04
fragment_00662,1,30.13,30.13,30.13,30.13,24.97,24.97,24.97,24.97,18.67,18.67,18.67,18.67,12.98,12.98,12.98,12.98,8.13,8.13,8.13,8.13,5.29,5.29,5.29,5.29,3.63,3.63,3.63,3.63
fragment_00663,4,31.8,31.78,31.78,32.55,27.05,27.03,27.03,29.74,18.41,18.38,18.38,20.86,12.3,12.3,12.3,12.57,7.59,7.59,7.59,7.61,4.94,4.94,4.94,4.96,3.4,3.4,3.4,3.4
fragment_00664,7,28.19,28.18,28.04,29.36,21.06,20.89,20.89,24.54,16.25,16.16,15.86,20.57,12.72,12.74,11.99,15.81,9.74,9.72,9.34,11.13,7.23,7.23,7.06,7.49,5.14,5.14,5.12,5.14
fragment_00665,1,30.18,30.18,30.18,30.18,24.37,24.37,24.37,24.37,18.42,18.42,18.42,18.42,13.04,13.04,13.04,13.04,8.49,8.49,8.49,8.49,5.52,5.52,5.52,5.52,3.79,3.79,3.79,3.79
fragment_00666,4,30.76,30.79,30.65,31.26,25.55,25.68,25.18,27.47,19.22,19.28,19.06,20.86,12.47,12.46,12.44,12.59,7.6,7.61,7.59,7.63,4.95,4.95,4.94,4.97,3.4,3.4,3.4,3.41
fragment_00667,5,28.81,28.81,28.73,28.82,21.68,21.68,21.64,21.69,15.26,15.25,15.24,15.28,11.38,11.36,11.36,11.4,8.67,8.66,8.66,8.68,6.42,6.42,6.41,6.42,4.49,4.49,4.49,4.49
fragment_00668,1,30.47,30.47,30.47,30.47,24.49,24.49,24.49,24.49,18.88,18.88,18.88,18.88,13.85,13.85,13.85,13.85,9.43,9.43,9.43,9.43,6.22,6.22,6.22,6.22,4.27,4.27,4.27,4.27
fragment_00669,7,25.06,25.02,25.0,26.73,19.07,19.1,18.92,21.97,15.21,15.29,14.96,18.05,11.8,11.85,11.68,14.31,9.6,9.62,9.53,11.42,7.79,7.78,7.78,8.63,6.05,6.04,6.04,6.22
fragment_00670,3,27.89,27.87,27.87,27.91,20.27,20.25,20.25,20.3,14.49,14.49,14.48,14.49,10.23,10.23,10.21,10.23,7.13,7.13,7.13,7.13,4.78,4.78,4.78,4.78,3.28,3.28,3.28,3.28
fragment_00671,3,30.1,30.06,30.06,30.25,23.88,23.71,23.62,24.59,16.99,16.83,16.74,17.63,11.23,11.2,11.18,11.32,6.89,6.89,6.89,6.89,4.48,4.48,4.48,4.49,3.08,3.08,3.08,3.08
fragment_00672,10,28.69,28.62,28.5,29.42,23.38,23.13,23.02,25.97,16.79,16.51,16.51,19.75,12.32,12.15,12.15,14.03,9.06,8.95,8.95,10.15,6.9,6.85,6.85,7.48,5.23,5.21,5.21,5.39
fragment_00673,2,30.33,30.32,30.32,30.33,25.39,25.39,25.39,25.39,19.98,19.98,19.98,19.98,13.98,13.98,13.98,13.99,9.55,9.55,9.55,9.55,6.92,6.92,6.92,6.92,4.85,4.85,4.85,4.85
fragment_00674,2,32.22,32.22,32.22,32.23,28.98,28.98,28.98,28.98,22.08,22.07,22.07,22.08,14.17,14.17,14.17,14.17,8.65,8.65,8.65,8.65,5.63,5.63,5.63,5.63,3.87,3.87,3.87,3.87
fragment_00675,1,29.12,29.12,29.12,29.12,21.88,21.88,21.88,21.88,15.92,15.92,15.92,15.92,11.55,11.55,11.55,11.55,7.74,7.74,7.74,7.74,5.07,5.07,5.07,5.07,3.48,3.48,3.48,3.48
fragment_00676,4,30.33,30.25,30.22,30.52,25.09,24.85,24.85,25.6,18.57,18.46,18.32,19.33,12.05,12.06,12.0,12.09,7.32,7.32,7.32,7.33,4.77,4.76,4.76,4.77,3.27,3.27,3.27,3.28
fragment_00677,5,30.36,30.38,30.16,30.64,25.51,25.59,24.87,26.14,19.69,19.83,19.0,20.74,14.42,14.46,14.2,15.12,10.3,10.31,10.26,10.48,6.97,6.97,6.96,6.97,4.79,4.79,4.79,4.79
fragment_00678,4,29.24,29.25,29.07,29.25,23.73,23.73,23.4,23.73,18.07,18.07,18.06,18.3,13.77,13.78,13.77,14.0,10.09,10.09,10.08,10.1,6.85,6.85,6.85,6.86,4.71,4.71,4.71,4.71
fragment_00679,2,29.97,29.95,29.95,30.05,24.15,24.39,23.51,24.39,17.45,17.78,16.61,17.78,12.07,12.16,11.83,12.16,7.79,7.79,7.79,7.79,5.07,5.07,5.07,5.07,3.48,3.48,3.48,3.48
fragment_00680,36,30.64,30.71,30.32,31.94,27.65,27.62,26.04,29.91,22.82,22.41,20.85,25.6,17.72,17.51,16.58,19.23,12.33,12.37,11.56,12.76,8.29,8.31,8.11,8.32,5.71,5.71,5.71,5.72
fragment_00681,7,27.78,27.77,27.76,28.27,19.09,19.11,18.89,22.48,13.88,14.15,12.94,17.83,11.93,12.4,10.5,14.03,9.85,10.33,8.4,10.82,7.46,7.74,6.56,7.82,5.41,5.47,5.18,5.48
fragment_00682,6,28.15,28.11,27.93,29.22,20.77,20.58,20.58,24.2,15.55,15.44,15.44,19.96,11.77,11.84,11.52,14.89,8.76,8.8,8.6,10.44,6.63,6.67,6.56,6.94,4.76,4.76,4.75,4.77
fragment_00683,2,27.85,27.86,27.84,27.86,25.48,25.49,25.48,25.49,18.76,18.77,18.76,18.77,13.2,13.2,13.19,13.2,9.84,9.84,9.84,9.84,7.21,7.21,7.21,7.21,5.04,5.04,5.04,5.04
fragment_00684,1,30.16,30.16,30.16,30.16,24.34,24.34,24.34,24.34,18.51,18.51,18.51,18.51,13.41,13.41,13.41,13.41,9.68,9.68,9.68,9.68,6.81,6.81,6.81,6.81,4.71,4.71,4.71,4.71
fragment_00685,2,27.89,27.88,27.88,27.89,25.53,25.51,25.51,25.54,18.78,18.77,18.77,18.79,13.14,13.13,13.13,13.14,9.87,9.86,9.86,9.88,7.55,7.55,7.55,7.56,5.64,5.64,5.64,5.64
fragment_00686,1,30.31,30.31,30.31,30.31,24.34,24.34,24.34,24.34,18.47,18.47,18.47,18.47,12.69,12.69,12.69,12.69,7.96,7.96,7.96,7.96,5.18,5.18,5.18,5.18,3.56,3.56,3.56,3.56
fragment_00687,2,27.81,27.81,27.81,27.81,26.5,26.5,26.5,26.51,20.65,20.65,20.65,20.65,15.28,15.28,15.28,15.28,10.83,10.83,10.83,10.83,7.23,7.23,7.23,7.23,4.96,4.96,4.96,4.96
fragment_00688,1,27.5,27.5,27.5,27.5,23.83,23.83,23.83,23.83,18.1,18.1,18.1,18.1,12.82,12.82,12.82,12.82,9.47,9.47,9.47,9.47,6.85,6.85,6.85,6.85,4.83,4.83,4.83,4.83
fragment_00689,4,28.15,28.12,28.12,28.23,23.28,23.47,22.9,26.05,17.32,17.72,16.56,20.69,12.84,13.28,12.02,13.98,8.35,8.48,8.12,8.48,5.52,5.52,5.52,5.52,3.79,3.79,3.79,3.79
fragment_00690,1,32.27,32.27,32.27,32.27,28.17,28.17,28.17,28.17,19.99,19.99,19.99,19.99,11.53,11.53,11.53,11.53,6.98,6.98,6.98,6.98,4.55,4.55,4.55,4.55,3.12,3.12,3.12,3.12
fragment_00691,23,30.42,30.44,30.24,30.9,24.89,25.37,24.23,28.38,17.9,18.57,16.95,21.76,13.27,13.4,12.42,15.19,9.54,9.63,8.88,10.26,6.59,6.68,6.37,6.69,4.59,4.59,4.58,4.59
fragment_00692,6,25.21,25.31,25.07,26.73,19.11,18.96,18.96,22.45,15.39,15.43,15.08,19.27,12.01,12.22,11.55,14.77,9.28,9.31,9.0,10.81,7.04,7.1,6.9,7.49,5.13,5.14,5.12,5.14
fragment_00693,1,30.22,30.22,30.22,30.22,24.39,24.39,24.39,24.39,18.09,18.09,18.09,18.09,12.51,12.51,12.51,12.51,7.94,7.94,7.94,7.94,5.17,5.17,5.17,5.17,3.55,3.55,3.55,3.55
fragment_00694,2,25.06,25.07,25.05,25.07,17.49,17.5,17.49,17.5,12.72,12.72,12.72,12.72,10.01,10.01,10.01,10.01,6.97,6.97,6.97,6.97,4.58,4.58,4.58,4.58,3.15,3.15,3.15,3.15
fragment_00695,2,28.97,28.98,28.95,28.98,24.56,24.59,24.4,24.59,18.44,18.47,18.27,18.47,13.04,13.07,12.87,13.07,8.15,8.15,8.15,8.15,5.3,5.3,5.3,5.31,3.64,3.64,3.64,3.65
fragment_00696,6,28.05,28.08,28.0,28.08,20.39,20.42,20.35,20.42,14.56,14.56,14.55,14.56,10.51,10.51,10.51,10.51,8.03,8.04,8.03,8.04,6.15,6.15,6.14,6.15,5.03,5.03,5.03,5.03
fragment_00697,2,29.65,29.43,29.43,29.95,22.69,21.98,21.98,23.62,15.63,14.98,14.98,16.49,10.34,10.24,10.24,10.46,6.39,6.39,6.39,6.39,4.16,4.16,4.16,4.16,2.86,2.86,2.86,2.86
fragment_00698,9,27.82,27.81,27.65,28.1,18.98,18.98,18.89,21.95,13.05,13.1,12.87,16.35,10.07,10.16,9.87,11.17,7.13,7.17,7.05,7.2,4.68,4.68,4.68,4.69,3.21,3.21,3.21,3.22
fragment_00699,2,30.56,30.56,29.92,30.56,24.6,24.61,23.84,24.61,18.8,18.8,18.3,18.8,13.17,13.17,13.16,13.17,9.05,9.05,9.05,9.05,6.6,6.6,6.6,6.6,4.62,4.62,4.62,4.62
fragment_00700,3,29.71,29.71,29.71,29.73,23.13,23.13,23.13,23.16,16.55,16.55,16.54,16.55,12.04,12.04,12.04,12.07,9.19,9.19,9.19,9.35,7.08,7.08,7.08,7.18,5.14,5.14,5.14,5.15
fragment_00701,1,31.79,31.79,31.79,31.79,26.89,26.89,26.89,26.89,17.88,17.88,17.88,17.88,10.14,10.14,10.14,10.14,6.14,6.14,6.14,6.14,4.0,4.0,4.0,4.0,2.75,2.75,2.75,2.75
fragment_00702,4,28.86,28.89,28.8,28.89,21.75,21.77,21.72,21.77,15.29,15.29,15.28,15.3,11.66,11.66,11.65,11.67,9.02,9.03,9.01,9.03,6.5,6.5,6.49,6.5,4.49,4.49,4.49,4.49
fragment_00703,2,28.11,28.1,28.1,28.73,19.99,19.99,19.99,21.84,12.54,12.54,12.54,13.95,8.52,8.51,8.51,9.45,6.09,6.09,6.09,6.71,4.59,4.59,4.59,4.92,3.55,3.55,3.55,3.72
fragment_00704,2,30.2,30.2,30.2,30.2,24.38,24.39,24.38,24.39,18.86,18.86,18.86,18.86,14.55,14.55,14.54,14.55,10.91,10.91,10.9,10.91,7.86,7.86,7.86,7.86,5.45,5.45,5.45,5.45
fragment_00705,2,27.4,27.41,27.38,27.41,18.89,18.9,18.88,18.9,12.58,12.59,12.57,12.59,8.61,8.61,8.59,8.61,5.71,5.71,5.7,5.71,3.72,3.72,3.72,3.72,2.55,2.55,2.55,2.55
fragment_00706,2,34.05,34.08,33.64,34.08,32.91,32.94,32.56,32.94,24.41,24.42,24.35,24.42,14.03,14.03,14.03,14.03,8.5,8.5,8.5,8.5,5.53,5.53,5.53,5.53,3.8,3.8,3.8,3.8
fragment_00707,4,28.16,28.16,28.16,28.81,20.02,20.01,20.01,21.88,12.83,12.84,12.81,14.08,9.13,9.15,9.11,9.97,7.08,7.2,6.95,7.62,5.81,6.04,5.56,6.18,4.8,5.0,4.58,5.11
fragment_00708,2,30.07,30.07,30.07,30.34,24.07,24.07,24.07,24.24,17.23,17.22,17.22,17.53,12.86,12.86,12.86,13.03,8.7,8.7,8.7,8.72,5.71,5.71,5.71,5.71,3.92,3.92,3.92,3.92
fragment_00709,29,28.37,28.29,28.03,29.06,22.44,22.48,20.4,24.7,16.09,16.04,13.29,18.11,11.41,11.29,9.48,13.0,7.91,7.78,7.09,8.43,5.47,5.48,5.31,5.51,3.77,3.77,3.76,3.79
fragment_00710,4,30.4,30.38,30.38,31.37,25.32,25.3,25.3,27.52,18.39,18.37,18.37,20.03,11.64,11.63,11.63,11.74,7.1,7.1,7.09,7.11,4.62,4.62,4.61,4.63,3.17,3.17,3.17,3.18
fragment_00711,5,30.07,30.07,30.07,30.55,24.31,24.31,24.22,26.44,17.92,17.91,17.49,19.75,13.44,13.44,13.01,13.66,8.77,8.77,8.72,8.78,5.71,5.71,5.71,5.72,3.92,3.92,3.92,3.93
fragment_00712,4,32.15,32.03,32.03,32.27,30.23,30.28,30.18,30.5,24.96,25.02,24.9,25.12,16.23,16.22,16.22,16.24,9.9,9.9,9.9,9.91,6.44,6.44,6.44,6.45,4.43,4.42,4.42,4.43
fragment_00713,4,31.53,31.72,31.15,31.72,28.0,28.15,27.67,29.27,21.66,21.68,21.6,23.06,13.77,13.76,13.76,13.92,8.4,8.4,8.4,8.43,5.47,5.47,5.47,5.49,3.76,3.76,3.76,3.77
fragment_00714,3,27.53,27.55,27.48,27.55,20.19,20.19,20.17,20.19,13.83,13.83,13.82,13.84,9.57,9.56,9.56,9.57,6.71,6.71,6.71,6.71,4.61,4.61,4.61,4.61,3.17,3.17,3.17,3.17
fragment_00715,5,31.2,31.14,31.0,31.72,26.27,26.46,25.51,27.58,18.31,18.59,17.71,19.61,11.16,11.19,11.1,11.19,6.78,6.78,6.76,6.78,4.41,4.41,4.4,4.41,3.03,3.03,3.02,3.03
fragment_00716,10,29.91,29.83,29.57,30.52,23.86,23.69,23.45,24.5,17.69,17.6,17.25,18.06,13.06,13.06,12.83,13.35,8.79,8.8,8.74,8.81,5.74,5.74,5.72,5.74,3.94,3.95,3.93,3.95
fragment_00717,12,28.61,28.59,28.37,30.33,23.56,23.61,22.76,27.25,18.76,18.81,17.89,22.4,14.66,14.68,13.92,17.5,11.34,11.34,11.0,12.89,8.35,8.35,8.26,8.56,5.87,5.87,5.87,5.88
fragment_00718,5,25.31,25.31,25.1,26.34,18.89,18.87,18.83,22.61,15.37,15.35,15.35,19.11,12.16,12.15,12.15,15.12,9.82,9.81,9.8,12.0,8.03,8.03,8.02,8.91,6.14,6.14,6.13,6.23
fragment_00719,6,25.21,25.32,25.07,26.75,19.11,18.96,18.96,22.5,15.39,15.44,15.09,19.3,12.01,12.22,11.55,14.74,9.28,9.32,9.01,10.73,7.04,7.1,6.9,7.48,5.13,5.14,5.12,5.15
fragment_00720,5,28.73,28.76,28.69,28.76,21.63,21.64,21.6,21.64,15.19,15.18,15.18,15.21,11.38,11.37,11.37,11.41,8.58,8.57,8.57,8.59,6.33,6.32,6.32,6.33,4.48,4.48,4.48,4.48
fragment_00721,1,27.08,27.08,27.08,27.08,22.98,22.98,22.98,22.98,17.54,17.54,17.54,17.54,12.68,12.68,12.68,12.68,9.55,9.55,9.55,9.55,6.92,6.92,6.92,6.92,4.9,4.9,4.9,4.9
fragment_00722,2,28.89,28.9,28.87,28.9,21.76,21.76,21.75,21.76,15.16,15.16,15.16,15.16,11.1,11.09,11.09,11.11,8.08,8.08,8.08,8.09,5.73,5.73,5.73,5.73,3.94,3.94,3.94,3.94
fragment_00723,13,31.19,31.26,30.63,32.06,27.09,26.86,26.64,31.08,22.21,21.85,21.7,26.15,17.81,17.5,17.27,19.28,12.38,12.19,12.03,12.74,8.31,8.31,8.28,8.32,5.72,5.72,5.71,5.72
fragment_00724,2,29.73,29.73,29.73,29.74,24.01,24.01,24.01,24.01,19.22,19.22,19.22,19.22,13.52,13.52,13.51,13.52,8.46,8.46,8.46,8.46,5.51,5.51,5.51,5.51,3.78,3.78,3.78,3.78
fragment_00725,30,28.22,28.03,28.03,29.6,21.79,22.31,20.79,25.31,16.89,17.64,15.33,20.17,12.58,13.09,10.69,14.14,8.83,8.97,7.95,9.37,6.11,6.12,5.95,6.13,4.2,4.2,4.2,4.21
fragment_00726,1,30.08,30.08,30.08,30.08,24.52,24.52,24.52,24.52,18.78,18.78,18.78,18.78,13.18,13.18,13.18,13.18,8.85,8.85,8.85,8.85,6.2,6.2,6.2,6.2,4.29,4.29,4.29,4.29
fragment_00727,5,25.29,25.28,25.07,26.02,20.13,20.12,19.79,21.56,16.64,16.68,15.78,18.92,13.19,13.22,12.31,15.44,10.09,10.1,9.7,11.15,7.32,7.33,7.19,7.47,5.13,5.13,5.13,5.14
fragment_00728,10,27.79,27.75,27.75,28.78,19.19,19.21,18.7,22.49,13.15,13.4,12.12,16.75,9.59,9.85,8.73,11.64,6.75,6.87,6.42,7.31,4.72,4.75,4.64,4.76,3.26,3.26,3.26,3.27
fragment_00729,2,27.71,27.72,27.66,27.72,19.83,19.83,19.83,19.83,13.53,13.53,13.51,13.53,10.02,10.02,10.0,10.02,7.72,7.72,7.71,7.72,5.8,5.8,5.79,5.8,4.38,4.38,4.38,4.38
fragment_00730,9,30.13,30.12,30.12,30.67,24.13,24.13,24.11,25.21,17.57,17.57,17.48,18.56,14.03,14.09,13.79,14.36,10.62,10.71,10.36,10.81,7.67,7.75,7.52,7.76,5.38,5.39,5.38,5.39
fragment_00731,13,29.01,28.87,28.52,30.0,27.47,27.6,24.97,27.6,23.32,23.72,19.37,23.72,18.83,19.18,15.14,19.18,12.95,13.02,11.54,13.02,8.64,8.64,8.42,8.66,5.94,5.94,5.94,5.96
fragment_00732,3,27.49,27.5,27.49,27.5,18.97,18.97,18.97,18.97,12.78,12.79,12.78,12.79,9.51,9.51,9.51,9.51,7.22,7.22,7.22,7.22,5.26,5.26,5.26,5.26,3.66,3.66,3.66,3.66
fragment_00733,6,30.78,30.79,30.42,30.99,24.96,24.93,24.93,26.72,18.18,18.15,18.15,20.34,12.85,12.84,12.84,13.34,8.21,8.21,8.21,8.22,5.35,5.35,5.35,5.35,3.67,3.67,3.67,3.68
fragment_00734,1,27.59,27.59,27.59,27.59,23.28,23.28,23.28,23.28,17.23,17.23,17.23,17.23,11.64,11.64,11.64,11.64,7.17,7.17,7.17,7.17,4.67,4.67,4.67,4.67,3.21,3.21,3.21,3.21
fragment_00735,2,30.25,30.25,30.25,30.26,25.32,25.32,25.31,25.32,19.92,19.93,19.92,19.93,13.96,13.96,13.96,13.96,9.1,9.1,9.09,9.1,6.04,6.04,6.04,6.04,4.15,4.15,4.15,4.15
fragment_00736,1,30.34,30.34,30.34,30.34,24.14,24.14,24.14,24.14,17.52,17.52,17.52,17.52,12.45,12.45,12.45,12.45,8.12,8.12,8.12,8.12,5.29,5.29,5.29,5.29,3.63,3.63,3.63,3.63
fragment_00737,3,27.94,27.93,27.93,28.76,20.84,20.84,20.53,20.84,15.09,15.09,14.14,15.09,10.33,10.32,10.32,10.33,6.88,6.88,6.88,6.91,4.5,4.5,4.5,4.5,3.09,3.09,3.09,3.09
fragment_00738,1,27.2,27.2,27.2,27.2,23.78,23.78,23.78,23.78,19.62,19.62,19.62,19.62,15.14,15.14,15.14,15.14,10.97,10.97,10.97,10.97,7.51,7.51,7.51,7.51,5.17,5.17,5.17,5.17
fragment_00739,11,28.19,28.12,28.12,29.18,20.46,20.21,20.21,23.59,14.69,14.13,14.13,17.32,10.16,9.62,9.62,11.14,6.71,6.63,6.63,6.78,4.41,4.41,4.4,4.41,3.03,3.03,3.03,3.03
fragment_00740,5,33.28,33.16,33.16,33.55,29.97,29.5,29.5,30.91,19.63,19.28,19.28,20.34,11.16,11.15,11.15,11.16,6.76,6.76,6.76,6.76,4.4,4.4,4.4,4.4,3.02,3.02,3.02,3.02
fragment_00741,7,30.77,30.78,30.41,31.0,24.96,24.93,24.93,26.72,18.18,18.15,18.15,20.35,12.85,12.84,12.84,13.35,8.21,8.21,8.21,8.22,5.35,5.35,5.35,5.35,3.67,3.67,3.67,3.68
fragment_00742,2,30.15,30.14,30.14,30.16,24.36,24.3,24.3,25.15,17.45,17.37,17.37,18.43,11.42,11.41,11.41,11.5,6.96,6.96,6.96,6.97,4.53,4.53,4.53,4.53,3.11,3.11,3.11,3.12
fragment_00743,5,30.27,30.22,30.22,31.29,24.26,24.15,24.13,27.25,17.11,16.95,16.95,20.63,12.55,12.44,12.44,14.54,9.21,9.14,9.14,10.37,6.89,6.86,6.86,7.24,4.97,4.97,4.97,4.99
fragment_00744,4,29.95,30.13,28.68,30.13,26.23,26.23,25.39,28.49,20.51,20.28,20.28,22.51,15.6,15.56,15.56,16.17,10.97,10.96,10.94,11.21,7.37,7.37,7.37,7.38,5.07,5.06,5.06,5.07
fragment_00745,4,28.13,28.13,28.13,28.91,20.4,20.39,20.39,22.03,12.77,12.77,12.77,13.97,7.79,7.79,7.79,7.81,4.72,4.72,4.72,4.73,3.07,3.07,3.07,3.08,2.11,2.11,2.11,2.12
fragment_00746,8,27.89,27.89,27.87,27.93,25.52,25.51,25.49,25.56,18.78,18.78,18.75,18.83,13.19,13.15,13.13,13.37,9.92,9.86,9.73,10.35,7.62,7.6,7.44,7.99,5.94,5.96,5.87,6.11
fragment_00747,1,28.58,28.58,28.58,28.58,24.05,24.05,24.05,24.05,20.41,20.41,20.41,20.41,15.77,15.77,15.77,15.77,11.44,11.44,11.44,11.44,7.82,7.82,7.82,7.82,5.37,5.37,5.37,5.37
fragment_00748,38,29.52,29.89,28.82,29.89,24.81,25.91,23.26,26.19,20.32,21.24,18.26,21.91,15.0,15.57,12.71,16.09,10.25,10.38,9.14,10.69,6.95,6.96,6.75,6.98,4.78,4.78,4.78,4.79
fragment_00749,5,32.42,32.41,32.41,32.71,28.18,28.18,27.75,29.3,19.39,19.36,19.36,20.55,13.68,13.67,13.67,13.9,8.87,8.87,8.84,8.87,5.77,5.77,5.75,5.78,3.96,3.97,3.95,3.97
fragment_00750,2,27.8,27.81,27.68,27.81,19.8,19.8,19.76,19.8,13.96,13.96,13.89,13.96,10.81,10.81,10.76,10.81,8.78,8.78,8.75,8.78,6.54,6.54,6.53,6.54,4.58,4.58,4.58,4.58
fragment_00751,26,28.33,28.36,28.08,29.6,21.25,21.11,20.73,25.31,16.26,16.21,15.14,19.67,12.22,12.32,10.76,14.06,8.73,8.81,7.97,9.4,6.07,6.1,5.92,6.13,4.2,4.2,4.2,4.21
fragment_00752,4,29.55,29.53,29.53,30.21,25.02,24.93,24.93,26.76,19.75,19.64,19.64,21.32,13.8,13.76,13.76,14.26,8.78,8.78,8.78,8.8,5.71,5.71,5.71,5.73,3.93,3.93,3.93,3.93
fragment_00753,4,30.62,30.6,30.6,31.46,25.47,25.42,25.42,27.9,17.93,17.91,17.91,19.64,11.13,11.13,11.13,11.2,6.78,6.78,6.75,6.79,4.41,4.41,4.39,4.42,3.03,3.03,3.02,3.03
fragment_00754,4,29.91,29.82,29.71,30.23,23.78,23.64,23.45,25.2,16.88,16.96,16.38,18.18,11.7,11.92,11.36,11.92,7.52,7.53,7.48,7.55,4.9,4.9,4.9,4.91,3.37,3.37,3.37,3.38
fragment_00755,4,28.37,28.37,28.37,28.63,21.4,21.34,21.34,23.5,15.64,15.58,15.58,17.44,12.35,12.34,12.34,12.91,8.89,8.89,8.89,8.97,5.87,5.87,5.87,5.87,4.03,4.03,4.03,4.03
fragment_00756,20,30.33,30.2,30.2,31.21,24.65,24.99,24.09,27.56,17.23,18.14,16.25,20.18,12.17,12.92,11.4,14.07,8.89,9.19,8.47,9.94,6.42,6.48,6.33,6.52,4.47,4.47,4.47,4.48
fragment_00757,12,31.12,31.21,30.98,31.96,26.24,26.26,26.2,28.62,20.28,20.25,20.25,22.73,14.94,14.88,14.73,15.79,10.03,10.01,10.01,10.09,6.57,6.57,6.55,6.58,4.51,4.51,4.5,4.52
fragment_00758,13,29.59,29.3,28.98,30.09,25.64,25.46,24.17,26.78,20.22,20.49,18.74,21.42,13.82,13.99,12.64,14.26,8.65,8.66,8.51,8.67,5.64,5.64,5.62,5.65,3.87,3.87,3.86,3.88
fragment_00759,1,27.84,27.84,27.84,27.84,22.45,22.45,22.45,22.45,15.98,15.98,15.98,15.98,11.8,11.8,11.8,11.8,9.13,9.13,9.13,9.13,6.75,6.75,6.75,6.75,4.75,4.75,4.75,4.75
fragment_00760,66,28.34,28.32,27.99,29.78,22.0,22.27,20.87,26.65,17.52,18.03,15.61,21.7,13.58,14.12,12.06,15.3,9.29,9.42,8.7,9.42,6.13,6.13,6.06,6.13,4.21,4.21,4.2,4.21
fragment_00761,7,29.02,29.05,28.5,29.31,26.09,26.52,24.89,26.53,20.52,21.05,18.9,21.06,14.7,14.83,14.37,14.83,10.05,10.08,9.94,10.09,6.64,6.64,6.63,6.64,4.56,4.56,4.56,4.56
fragment_00762,3,29.9,29.79,29.72,30.23,23.77,23.63,23.45,24.24,16.86,16.94,16.36,17.03,11.7,11.93,11.37,11.93,7.52,7.53,7.49,7.53,4.9,4.9,4.9,4.91,3.37,3.37,3.37,3.37
fragment_00763,4,28.23,28.26,28.15,28.9,20.47,20.4,20.4,22.41,14.33,14.31,14.28,15.89,9.29,9.28,9.28,9.37,5.67,5.67,5.67,5.67,3.69,3.69,3.69,3.69,2.53,2.54,2.53,2.54
fragment_00764,29,28.34,28.28,28.03,28.98,22.34,22.46,20.4,24.59,16.02,16.03,13.25,17.69,11.39,11.29,9.6,12.32,7.91,7.78,7.15,8.44,5.47,5.48,5.32,5.51,3.77,3.77,3.75,3.78
fragment_00765,7,29.3,29.12,28.51,30.36,26.8,26.9,25.81,28.9,22.05,22.4,20.59,23.02,16.5,16.59,16.09,17.01,11.55,11.56,11.48,11.76,7.74,7.74,7.73,7.75,5.32,5.32,5.31,5.32
fragment_00766,2,27.85,27.85,27.85,27.85,26.19,26.19,26.19,26.19,19.93,19.93,19.93,19.93,14.88,14.88,14.88,14.88,11.45,11.45,11.44,11.45,8.27,8.27,8.27,8.27,5.75,5.75,5.75,5.75
fragment_00767,6,29.22,29.22,28.95,29.22,21.74,21.74,21.73,22.12,15.17,15.17,14.94,15.17,11.46,11.46,11.09,11.46,8.33,8.33,8.27,8.33,5.61,5.61,5.6,5.61,3.85,3.85,3.85,3.85
fragment_00768,1,29.72,29.72,29.72,29.72,23.19,23.19,23.19,23.19,16.8,16.8,16.8,16.8,12.45,12.45,12.45,12.45,8.81,8.81,8.81,8.81,6.02,6.02,6.02,6.02,4.14,4.14,4.14,4.14
fragment_00769,1,27.51,27.51,27.51,27.51,19.45,19.45,19.45,19.45,13.15,13.15,13.15,13.15,8.21,8.21,8.21,8.21,4.97,4.97,4.97,4.97,3.24,3.24,3.24,3.24,2.22,2.22,2.22,2.22
fragment_00770,19,28.62,28.72,28.39,29.07,24.0,24.03,23.38,25.93,18.2,18.08,17.17,19.56,13.06,13.03,12.48,13.38,8.42,8.42,8.41,8.44,5.48,5.48,5.48,5.5,3.77,3.77,3.77,3.78
fragment_00771,1,30.14,30.14,30.14,30.14,24.34,24.34,24.34,24.34,18.4,18.4,18.4,18.4,13.04,13.04,13.04,13.04,9.01,9.01,9.01,9.01,6.3,6.3,6.3,6.3,4.36,4.36,4.36,4.36
fragment_00772,2,27.54,27.55,27.47,27.55,18.89,18.9,18.86,18.9,13.06,13.06,13.05,13.06,10.24,10.24,10.23,10.24,8.19,8.19,8.19,8.19,6.1,6.1,6.1,6.1,4.26,4.26,4.26,4.26
fragment_00773,11,28.8,28.72,28.55,29.27,23.88,23.36,23.36,26.45,18.31,17.68,17.68,21.56,13.89,13.48,13.26,15.82,10.02,9.8,9.58,11.04,7.31,7.28,7.15,7.48,5.14,5.14,5.13,5.14
fragment_00774,2,27.56,27.57,27.5,27.57,18.91,18.92,18.88,18.92,12.89,12.89,12.87,12.89,9.72,9.72,9.71,9.72,7.53,7.53,7.53,7.53,5.66,5.67,5.66,5.67,4.28,4.28,4.28,4.28
fragment_00775,1,29.82,29.82,29.82,29.82,23.14,23.14,23.14,23.14,17.44,17.44,17.44,17.44,13.55,13.55,13.55,13.55,9.83,9.83,9.83,9.83,6.64,6.64,6.64,6.64,4.56,4.56,4.56,4.56
fragment_00776,1,28.47,28.47,28.47,28.47,22.64,22.64,22.64,22.64,16.74,16.74,16.74,16.74,12.2,12.2,12.2,12.2,8.79,8.79,8.79,8.79,6.15,6.15,6.15,6.15,4.31,4.31,4.31,4.31
fragment_00777,6,28.4,28.38,28.14,28.67,23.04,23.02,23.02,24.97,16.88,16.95,16.66,19.12,12.89,13.09,12.3,15.06,9.53,9.69,9.07,10.28,6.67,6.7,6.6,6.71,4.6,4.6,4.6,4.61
fragment_00778,1,30.33,30.33,30.33,30.33,24.11,24.11,24.11,24.11,17.43,17.43,17.43,17.43,12.07,12.07,12.07,12.07,7.94,7.94,7.94,7.94,5.28,5.28,5.28,5.28,3.63,3.63,3.63,3.63
fragment_00779,12,27.85,27.84,27.61,28.0,23.15,23.08,22.39,24.91,17.41,17.35,16.19,19.62,13.42,13.38,12.28,15.44,9.94,9.92,9.17,10.63,6.92,6.92,6.79,6.93,4.76,4.76,4.76,4.76
fragment_00780,2,27.64,27.65,27.64,27.65,26.13,26.14,26.12,26.14,20.67,20.69,20.66,20.69,15.52,15.53,15.51,15.53,11.37,11.38,11.37,11.38,8.19,8.2,8.19,8.2,5.75,5.75,5.75,5.75
fragment_00781,4,28.66,28.7,28.61,28.7,21.56,21.58,21.53,21.58,14.89,14.89,14.88,14.9,10.49,10.48,10.48,10.5,6.87,6.87,6.87,6.87,4.47,4.47,4.47,4.47,3.07,3.07,3.07,3.07
fragment_00782,1,29.58,29.58,29.58,29.58,23.06,23.06,23.06,23.06,17.99,17.99,17.99,17.99,13.17,13.17,13.17,13.17,8.89,8.89,8.89,8.89,5.82,5.82,5.82,5.82,4.0,4.0,4.0,4.0
fragment_00783,24,28.41,28.35,28.17,29.8,23.53,23.73,22.35,26.46,18.0,18.14,16.33,20.46,12.89,12.73,11.21,14.52,8.72,8.65,7.89,9.06,5.88,5.89,5.71,5.9,4.05,4.05,4.04,4.05
fragment_00784,2,28.83,28.83,28.83,28.84,21.71,21.71,21.7,21.71,15.22,15.21,15.21,15.23,11.09,11.09,11.09,11.1,8.1,8.1,8.1,8.1,5.98,5.98,5.98,5.98,4.2,4.2,4.2,4.2
fragment_00785,1,30.19,30.19,30.19,30.19,24.29,24.29,24.29,24.29,18.11,18.11,18.11,18.11,13.95,13.95,13.95,13.95,10.55,10.55,10.55,10.55,7.86,7.86,7.86,7.86,5.48,5.48,5.48,5.48
fragment_00786,13,28.21,28.13,28.1,29.2,20.53,20.2,20.2,23.6,14.76,14.13,14.13,17.32,10.19,9.62,9.62,11.14,6.72,6.63,6.63,6.79,4.41,4.41,4.4,4.42,3.03,3.03,3.03,3.04
fragment_00787,1,30.12,30.12,30.12,30.12,24.33,24.33,24.33,24.33,18.43,18.43,18.43,18.43,13.17,13.17,13.17,13.17,9.53,9.53,9.53,9.53,7.1,7.1,7.1,7.1,5.06,5.06,5.06,5.06
fragment_00788,14,28.12,28.08,28.04,29.02,20.97,21.31,20.65,23.7,15.63,16.17,15.03,18.12,10.88,11.14,10.34,11.2,6.77,6.77,6.76,6.79,4.41,4.41,4.4,4.42,3.03,3.03,3.02,3.04
fragment_00789,2,27.77,27.77,27.76,27.77,25.37,25.37,25.37,25.37,18.7,18.7,18.7,18.71,13.37,13.36,13.36,13.38,10.09,10.09,10.09,10.1,7.31,7.31,7.31,7.31,5.17,5.18,5.17,5.18
fragment_00790,1,32.48,32.48,32.48,32.48,28.42,28.42,28.42,28.42,18.54,18.54,18.54,18.54,10.38,10.38,10.38,10.38,6.29,6.29,6.29,6.29,4.09,4.09,4.09,4.09,2.81,2.81,2.81,2.81
fragment_00791,1,29.16,29.16,29.16,29.16,23.16,23.16,23.16,23.16,17.29,17.29,17.29,17.29,11.05,11.05,11.05,11.05,6.79,6.79,6.79,6.79,4.42,4.42,4.42,4.42,3.03,3.03,3.03,3.03
fragment_00792,4,31.52,31.71,31.14,31.71,28.0,28.16,27.66,29.26,21.66,21.69,21.6,23.04,13.77,13.76,13.76,13.91,8.4,8.4,8.4,8.43,5.47,5.47,5.47,5.49,3.76,3.76,3.76,3.77
fragment_00793,2,28.15,28.15,28.15,28.77,20.02,19.99,19.99,21.84,12.43,12.42,12.42,13.75,7.81,7.81,7.81,7.86,4.76,4.76,4.76,4.76,3.1,3.1,3.1,3.1,2.13,2.13,2.13,2.13
fragment_00794,2,29.01,29.09,28.92,29.09,23.33,23.33,23.33,23.33,18.36,18.57,18.12,18.57,13.59,13.86,13.27,13.86,10.11,10.17,10.03,10.17,7.52,7.56,7.48,7.56,5.37,5.37,5.36,5.37
fragment_00795,11,28.54,28.54,28.33,28.79,23.15,23.13,23.12,25.31,17.07,17.08,16.79,19.09,12.59,12.61,12.05,13.0,8.42,8.43,8.13,8.44,5.49,5.49,5.48,5.49,3.77,3.77,3.77,3.77
fragment_00796,4,28.22,28.3,28.01,28.94,20.47,20.45,20.45,22.44,14.32,14.32,14.28,15.89,9.29,9.28,9.28,9.36,5.67,5.67,5.67,5.67,3.69,3.69,3.69,3.69,2.53,2.54,2.53,2.54
fragment_00797,5,30.42,30.41,30.41,31.34,25.36,25.32,25.32,27.51,18.41,18.38,18.38,20.03,11.64,11.63,11.63,11.74,7.1,7.1,7.09,7.11,4.62,4.62,4.61,4.63,3.17,3.17,3.17,3.18
fragment_00798,14,29.29,29.41,28.8,29.49,23.76,24.36,23.03,25.39,19.05,19.57,18.23,21.29,13.96,14.49,13.14,15.29,9.32,9.39,9.18,9.39,6.11,6.11,6.09,6.11,4.2,4.2,4.19,4.2
fragment_00799,2,27.55,27.57,27.5,27.57,18.91,18.91,18.88,18.91,12.88,12.88,12.86,12.88,9.71,9.71,9.7,9.71,7.53,7.53,7.52,7.53,5.64,5.64,5.64,5.64,4.21,4.21,4.21,4.21
fragment_00800,2,28.3,28.33,28.25,28.33,21.4,21.42,21.38,21.42,15.09,15.1,15.08,15.1,10.38,10.39,10.37,10.39,7.46,7.46,7.45,7.46,5.29,5.29,5.29,5.29,3.65,3.65,3.65,3.65
fragment_00801,8,27.81,27.77,27.74,28.24,19.04,18.95,18.72,21.04,12.47,12.61,11.96,14.52,8.57,8.77,8.29,9.32,5.66,5.69,5.64,5.71,3.71,3.71,3.71,3.72,2.55,2.55,2.55,2.55
fragment_00802,2,27.61,27.62,27.5,27.62,19.62,19.62,19.59,19.62,13.68,13.68,13.63,13.68,9.55,9.56,9.52,9.56,6.54,6.54,6.52,6.54,4.47,4.47,4.47,4.47,3.07,3.07,3.07,3.07
fragment_00803,16,30.12,30.11,30.07,30.69,24.46,24.42,24.24,26.66,18.36,18.33,17.56,20.41,14.45,14.44,13.4,15.92,10.44,10.44,9.71,11.11,7.31,7.31,7.12,7.33,5.04,5.04,5.04,5.04
fragment_00804,25,28.31,28.26,28.18,29.19,21.74,21.98,20.9,25.4,17.01,17.39,15.65,20.3,12.91,13.16,12.01,14.18,8.67,8.69,8.52,8.7,5.66,5.66,5.65,5.66,3.89,3.89,3.88,3.89
fragment_00805,11,28.61,28.58,28.38,30.14,23.29,23.26,22.61,26.93,18.49,18.49,17.61,22.17,14.39,14.42,13.46,16.71,11.0,11.03,10.67,12.21,8.04,8.05,7.97,8.15,5.59,5.59,5.59,5.6
fragment_00806,2,27.83,27.85,27.81,27.85,25.39,25.41,25.36,25.41,18.65,18.67,18.63,18.67,12.85,12.86,12.84,12.86,9.06,9.06,9.05,9.06,6.44,6.45,6.44,6.45,4.67,4.67,4.67,4.67
fragment_00807,2,28.3,28.29,28.29,28.32,20.47,20.46,20.46,20.5,14.76,14.77,14.72,14.77,11.2,11.21,11.16,11.21,7.84,7.84,7.82,7.84,5.19,5.19,5.19,5.19,3.57,3.57,3.57,3.57
fragment_00808,2,28.1,28.08,28.08,28.64,22.46,22.43,22.43,23.13,15.3,15.25,15.25,16.51,10.97,10.93,10.93,11.94,8.31,8.3,8.3,8.76,6.06,6.05,6.05,6.18,4.26,4.26,4.26,4.26
fragment_00809,2,27.89,27.88,27.88,27.9,25.55,25.55,25.55,25.56,18.83,18.83,18.83,18.83,13.26,13.26,13.26,13.27,9.91,9.9,9.9,9.91,7.13,7.13,7.13,7.13,4.97,4.97,4.97,4.97
fragment_00810,2,27.33,27.34,26.61,27.34,21.45,21.45,20.92,21.45,15.72,15.72,15.65,15.72,11.48,11.48,11.38,11.48,8.51,8.51,8.47,8.51,6.0,6.0,6.0,6.0,4.13,4.13,4.13,4.13
fragment_00811,11,29.47,29.48,29.06,29.48,23.7,23.72,23.2,23.72,18.45,18.46,18.04,18.46,13.63,13.63,13.46,13.78,10.66,10.66,10.47,10.85,8.09,8.1,7.94,8.25,5.97,5.97,5.94,5.98
fragment_00812,1,30.07,30.07,30.07,30.07,23.55,23.55,23.55,23.55,16.94,16.94,16.94,16.94,11.73,11.73,11.73,11.73,7.74,7.74,7.74,7.74,5.15,5.15,5.15,5.15,3.54,3.54,3.54,3.54
fragment_00813,2,28.17,28.17,28.17,28.79,20.03,20.03,20.03,21.86,12.84,12.83,12.83,14.08,9.14,9.14,9.14,9.97,6.96,6.96,6.96,7.56,5.57,5.57,5.57,5.88,4.45,4.45,4.45,4.64
fragment_00814,4,28.13,28.19,28.07,28.19,19.89,19.91,19.86,19.91,14.34,14.35,14.32,14.35,11.29,11.28,11.28,11.29,8.81,8.81,8.81,8.82,6.84,6.84,6.84,6.84,5.53,5.53,5.53,5.54
fragment_00815,2,27.87,27.87,27.86,27.87,26.03,26.03,26.02,26.03,19.57,19.57,19.57,19.57,13.75,13.75,13.75,13.75,9.95,9.95,9.95,9.95,6.82,6.82,6.82,6.82,4.68,4.68,4.68,4.68
fragment_00816,4,29.08,29.12,28.25,29.12,25.51,25.51,24.99,25.51,20.17,20.15,20.03,20.74,15.42,15.42,15.36,15.49,10.95,10.95,10.91,10.98,7.38,7.38,7.38,7.38,5.07,5.07,5.07,5.07
fragment_00817,2,24.86,24.86,24.85,24.86,18.76,18.76,18.76,18.8,12.91,12.91,12.87,12.91,8.72,8.72,8.68,8.72,5.98,5.99,5.96,5.99,4.12,4.12,4.12,4.12,2.83,2.83,2.83,2.83
fragment_00818,2,30.08,30.09,30.08,30.09,24.55,24.54,24.54,24.56,18.05,18.04,18.04,18.06,11.73,11.72,11.72,11.73,7.18,7.18,7.18,7.18,4.67,4.67,4.67,4.67,3.21,3.21,3.21,3.21
fragment_00819,1,30.04,30.04,30.04,30.04,23.16,23.16,23.16,23.16,14.59,14.59,14.59,14.59,8.23,8.23,8.23,8.23,4.98,4.98,4.98,4.98,3.24,3.24,3.24,3.24,2.23,2.23,2.23,2.23
fragment_00820,4,30.48,30.39,30.3,30.7,25.51,25.71,25.06,26.0,17.68,17.87,17.23,18.25,10.58,10.59,10.55,10.6,6.42,6.42,6.41,6.42,4.18,4.18,4.17,4.18,2.87,2.87,2.86,2.87
fragment_00821,4,28.76,28.79,28.7,28.79,21.65,21.67,21.62,21.67,15.15,15.16,15.13,15.16,11.12,11.13,11.1,11.13,8.28,8.29,8.26,8.29,6.27,6.28,6.26,6.28,4.62,4.62,4.62,4.62
fragment_00822,3,29.57,29.55,29.55,30.39,22.55,22.51,22.51,24.22,14.1,14.04,14.04,15.75,8.93,8.93,8.93,9.03,5.45,5.45,5.45,5.47,3.55,3.55,3.55,3.56,2.44,2.44,2.44,2.45
fragment_00823,3,28.34,28.33,28.32,28.37,20.48,20.47,20.47,20.52,14.69,14.7,14.68,14.7,11.34,11.34,11.34,11.34,8.05,8.05,8.05,8.06,5.34,5.34,5.34,5.34,3.67,3.67,3.67,3.67
fragment_00824,2,29.9,29.9,29.9,30.72,23.26,23.26,23.26,26.6,16.31,16.3,16.3,19.48,11.71,11.71,11.71,13.32,8.34,8.34,8.34,9.06,5.94,5.94,5.94,6.01,4.13,4.13,4.13,4.13
fragment_00825,2,28.05,28.07,28.03,28.07,20.4,20.41,20.38,20.41,14.55,14.55,14.55,14.55,10.5,10.5,10.5,10.5,8.03,8.03,8.03,8.03,6.02,6.02,6.02,6.02,4.58,4.58,4.58,4.58
fragment_00826,2,27.52,27.55,27.47,27.55,20.18,20.18,20.17,20.18,13.83,13.83,13.82,13.83,9.53,9.52,9.52,9.53,6.57,6.57,6.57,6.57,4.41,4.41,4.41,4.41,3.03,3.03,3.03,3.03
fragment_00827,1,29.74,29.74,29.74,29.74,23.09,23.09,23.09,23.09,17.81,17.81,17.81,17.81,12.25,12.25,12.25,12.25,7.63,7.63,7.63,7.63,4.96,4.96,4.96,4.96,3.41,3.41,3.41,3.41
fragment_00828,20,30.29,30.18,30.18,31.16,24.63,24.95,24.08,27.54,17.21,18.11,16.23,20.17,12.16,12.9,11.38,14.25,8.89,9.19,8.46,9.96,6.42,6.48,6.32,6.52,4.47,4.47,4.47,4.48
fragment_00829,1,30.14,30.14,30.14,30.14,23.62,23.62,23.62,23.62,17.98,17.98,17.98,17.98,14.43,14.43,14.43,14.43,10.41,10.41,10.41,10.41,6.84,6.84,6.84,6.84,4.7,4.7,4.7,4.7
fragment_00830,1,30.12,30.12,30.12,30.12,24.32,24.32,24.32,24.32,18.3,18.3,18.3,18.3,12.66,12.66,12.66,12.66,8.46,8.46,8.46,8.46,5.8,5.8,5.8,5.8,3.99,3.99,3.99,3.99
fragment_00831,2,28.71,28.7,28.7,28.72,21.6,21.6,21.6,21.61,15.09,15.08,15.08,15.1,10.95,10.94,10.94,10.96,7.68,7.68,7.68,7.68,5.28,5.28,5.28,5.28,3.63,3.63,3.63,3.63
fragment_00832,6,28.63,28.63,28.16,28.63,22.08,22.08,21.67,22.08,16.5,16.5,16.25,16.76,12.19,12.19,12.01,12.36,8.99,8.99,8.96,8.99,6.05,6.05,6.05,6.06,4.16,4.16,4.16,4.16
fragment_00833,1,27.93,27.93,27.93,27.93,26.61,26.61,26.61,26.61,20.38,20.38,20.38,20.38,14.34,14.34,14.34,14.34,10.13,10.13,10.13,10.13,6.81,6.81,6.81,6.81,4.68,4.68,4.68,4.68
fragment_00834,32,28.17,28.2,27.99,28.79,20.92,21.03,20.49,23.4,14.08,14.32,13.14,16.55,10.0,10.19,9.08,11.55,6.99,7.09,6.53,7.39,4.79,4.81,4.72,4.82,3.3,3.3,3.3,3.31
fragment_00835,1,30.2,30.2,30.2,30.2,23.64,23.64,23.64,23.64,17.12,17.12,17.12,17.12,12.5,12.5,12.5,12.5,9.17,9.17,9.17,9.17,6.88,6.88,6.88,6.88,4.96,4.96,4.96,4.96
fragment_00836,4,29.25,29.25,29.25,29.42,22.64,22.64,22.64,22.71,16.52,16.52,16.42,16.52,11.28,11.28,10.85,11.28,6.87,6.87,6.86,6.87,4.47,4.47,4.47,4.47,3.07,3.07,3.07,3.07
fragment_00837,5,28.76,28.58,28.47,29.43,22.53,22.36,22.32,24.55,16.08,16.03,15.95,17.64,10.49,10.51,10.4,10.59,6.39,6.39,6.39,6.42,4.16,4.16,4.16,4.18,2.86,2.86,2.86,2.87
fragment_00838,1,28.98,28.98,28.98,28.98,20.95,20.95,20.95,20.95,14.22,14.22,14.22,14.22,9.07,9.07,9.07,9.07,5.49,5.49,5.49,5.49,3.58,3.58,3.58,3.58,2.46,2.46,2.46,2.46
fragment_00839,2,28.14,28.15,28.11,28.15,21.08,21.09,21.05,21.09,14.75,14.76,14.73,14.76,10.76,10.77,10.73,10.77,7.69,7.7,7.67,7.7,5.3,5.3,5.3,5.3,3.64,3.64,3.64,3.64
fragment_00840,4,28.79,28.8,28.78,28.8,21.66,21.67,21.66,21.67,15.06,15.06,15.06,15.06,10.66,10.66,10.66,10.67,7.77,7.77,7.77,7.77,6.02,6.02,6.02,6.02,4.52,4.52,4.52,4.52
fragment_00841,2,28.81,28.81,28.18,28.81,22.69,22.69,22.2,22.69,16.69,16.69,16.39,16.69,11.97,11.97,11.76,11.97,8.34,8.34,8.3,8.34,5.55,5.55,5.55,5.55,3.81,3.81,3.81,3.82
fragment_00842,4,31.19,31.22,30.58,31.24,25.47,25.39,25.25,26.74,18.23,18.11,18.01,19.85,12.49,12.46,12.46,12.79,7.84,7.84,7.84,7.85,5.1,5.1,5.1,5.11,3.5,3.5,3.5,3.51
fragment_00843,3,28.06,28.08,28.01,28.08,20.4,20.42,20.36,20.42,14.56,14.56,14.55,14.56,10.51,10.51,10.51,10.51,8.04,8.04,8.03,8.04,6.06,6.06,6.06,6.06,4.69,4.69,4.69,4.69
fragment_00844,1,30.65,30.65,30.65,30.65,24.82,24.82,24.82,24.82,18.27,18.27,18.27,18.27,12.48,12.48,12.48,12.48,8.2,8.2,8.2,8.2,5.46,5.46,5.46,5.46,3.75,3.75,3.75,3.75
fragment_00845,1,28.49,28.49,28.49,28.49,22.67,22.67,22.67,22.67,16.77,16.77,16.77,16.77,12.5,12.5,12.5,12.5,9.47,9.47,9.47,9.47,6.78,6.78,6.78,6.78,4.66,4.66,4.66,4.66
fragment_00846,6,28.31,28.26,28.24,28.91,21.35,20.86,20.85,23.35,14.6,14.11,14.11,16.35,10.21,10.11,10.11,10.52,6.54,6.53,6.53,6.55,4.25,4.25,4.25,4.26,2.92,2.92,2.92,2.93
fragment_00847,1,30.09,30.09,30.09,30.09,24.52,24.52,24.52,24.52,18.78,18.78,18.78,18.78,13.19,13.19,13.19,13.19,8.89,8.89,8.89,8.89,6.32,6.32,6.32,6.32,4.43,4.43,4.43,4.43
fragment_00848,12,28.61,28.57,28.34,30.13,23.29,23.26,22.59,26.93,18.48,18.49,17.62,22.17,14.39,14.41,13.39,17.17,11.0,11.03,10.56,12.42,8.04,8.05,7.94,8.16,5.59,5.59,5.59,5.6
fragment_00849,4,29.89,29.9,29.68,29.9,23.5,23.51,23.17,23.51,18.07,18.06,18.06,18.42,13.96,13.95,13.95,14.27,10.08,10.08,10.08,10.16,6.82,6.82,6.82,6.82,4.68,4.68,4.68,4.69
fragment_00851,2,28.05,28.05,26.95,28.05,22.63,22.63,21.83,22.63,17.38,17.39,16.99,17.39,13.5,13.5,13.19,13.5,9.96,9.96,9.87,9.96,6.75,6.75,6.75,6.76,4.64,4.64,4.64,4.64
fragment_00852,10,28.87,28.86,28.52,29.66,27.48,27.6,25.0,27.6,23.52,23.72,19.39,23.72,19.01,19.18,15.15,19.18,12.97,13.02,11.55,13.02,8.64,8.64,8.42,8.66,5.94,5.94,5.94,5.96
fragment_00853,5,31.27,31.27,30.67,31.41,25.63,25.62,25.6,28.33,19.25,19.24,19.2,22.14,13.77,13.76,13.65,14.73,9.12,9.12,9.1,9.15,5.95,5.95,5.93,5.96,4.08,4.08,4.08,4.09
fragment_00854,1,27.63,27.63,27.63,27.63,22.91,22.91,22.91,22.91,16.42,16.42,16.42,16.42,11.14,11.14,11.14,11.14,6.84,6.84,6.84,6.84,4.45,4.45,4.45,4.45,3.06,3.06,3.06,3.06
fragment_00855,3,29.28,29.28,29.25,29.28,20.75,20.75,20.75,20.98,15.11,15.11,15.11,15.32,10.8,10.8,10.8,10.84,6.74,6.74,6.74,6.74,4.38,4.38,4.38,4.39,3.01,3.01,3.01,3.01
fragment_00856,12,29.48,29.55,29.03,29.55,24.24,24.27,23.52,24.39,19.87,19.79,18.78,20.38,13.92,13.89,13.33,14.07,8.58,8.57,8.57,8.59,5.58,5.58,5.58,5.59,3.83,3.83,3.83,3.84
fragment_00857,4,28.75,28.71,28.68,29.26,23.45,23.19,23.18,25.81,16.78,16.45,16.45,19.68,12.26,12.05,12.05,14.1,9.21,9.06,9.06,10.43,7.02,6.94,6.94,7.76,5.44,5.41,5.41,5.64
fragment_00858,17,27.82,27.72,27.54,28.03,24.12,23.86,23.79,26.45,17.13,16.6,16.25,19.46,12.85,12.57,11.73,14.18,9.62,9.63,8.69,10.13,6.58,6.61,6.27,6.61,4.54,4.54,4.54,4.54
fragment_00859,2,27.91,27.89,27.89,27.92,26.38,26.36,26.36,26.4,20.54,20.52,20.52,20.56,15.18,15.16,15.16,15.2,10.75,10.74,10.74,10.76,7.2,7.2,7.2,7.2,4.95,4.95,4.95,4.95
fragment_00860,1,31.03,31.03,31.03,31.03,25.83,25.83,25.83,25.83,19.97,19.97,19.97,19.97,13.78,13.78,13.78,13.78,9.22,9.22,9.22,9.22,6.45,6.45,6.45,6.45,4.46,4.46,4.46,4.46
fragment_00861,8,29.54,29.55,29.11,29.64,24.73,24.74,24.24,26.26,20.79,20.8,20.62,22.4,15.78,15.78,15.61,16.96,11.03,11.03,11.02,11.2,7.31,7.31,7.31,7.33,5.02,5.02,5.02,5.04
fragment_00862,3,27.87,27.87,27.87,28.51,20.73,20.73,20.41,20.73,14.53,14.52,14.36,14.53,9.1,9.1,9.08,9.1,5.51,5.51,5.51,5.52,3.59,3.59,3.59,3.59,2.47,2.47,2.47,2.47
fragment_00863,1,30.24,30.24,30.24,30.24,23.71,23.71,23.71,23.71,17.05,17.05,17.05,17.05,12.1,12.1,12.1,12.1,8.58,8.58,8.58,8.58,6.13,6.13,6.13,6.13,4.24,4.24,4.24,4.24
fragment_00864,1,29.46,29.46,29.46,29.46,23.52,23.52,23.52,23.52,16.53,16.53,16.53,16.53,10.54,10.54,10.54,10.54,6.55,6.55,6.55,6.55,4.26,4.26,4.26,4.26,2.93,2.93,2.93,2.93
fragment_00865,5,30.07,30.07,30.05,30.57,24.09,24.09,24.08,25.2,17.32,17.3,17.29,18.27,13.44,13.42,13.29,14.15,9.91,9.89,9.73,10.45,7.16,7.15,7.12,7.32,5.04,5.04,5.04,5.04
fragment_00866,1,29.53,29.53,29.53,29.53,23.13,23.13,23.13,23.13,17.21,17.21,17.21,17.21,13.21,13.21,13.21,13.21,9.04,9.04,9.04,9.04,5.89,5.89,5.89,5.89,4.05,4.05,4.05,4.05
fragment_00867,4,27.92,27.89,27.87,28.73,19.77,19.64,19.64,22.06,14.11,14.03,14.03,15.85,9.24,9.22,9.22,9.45,5.71,5.71,5.71,5.73,3.72,3.72,3.72,3.73,2.55,2.55,2.55,2.56
fragment_00868,2,29.18,29.18,29.18,30.04,25.23,25.23,25.23,25.83,19.82,19.82,19.82,19.99,13.87,13.87,13.85,13.87,8.49,8.49,8.48,8.49,5.53,5.53,5.52,5.53,3.8,3.8,3.79,3.8
fragment_00869,2,27.91,27.99,27.82,27.99,19.49,19.68,19.29,19.68,14.45,14.65,14.25,14.65,11.75,11.83,11.67,11.83,8.52,8.53,8.52,8.53,5.63,5.63,5.63,5.64,3.87,3.87,3.87,3.87
fragment_00870,10,29.91,29.81,29.57,30.53,23.89,23.69,23.5,24.91,17.71,17.6,17.3,18.94,13.07,13.06,12.92,13.52,8.79,8.8,8.78,8.81,5.74,5.74,5.72,5.74,3.94,3.94,3.93,3.94
fragment_00871,12,31.12,31.22,31.0,31.97,26.24,26.26,26.19,28.59,20.28,20.24,20.24,22.71,14.94,14.87,14.73,15.78,10.03,10.01,10.01,10.09,6.57,6.57,6.55,6.58,4.51,4.51,4.5,4.52
fragment_00872,4,26.25,26.25,26.19,26.42,19.53,19.52,19.52,20.38,13.24,13.23,13.23,14.52,10.28,10.27,10.2,10.53,7.5,7.5,7.49,7.58,5.01,5.01,5.01,5.02,3.44,3.44,3.44,3.45
fragment_00873,2,25.41,25.45,25.29,25.45,20.54,20.6,20.37,20.6,17.0,17.11,16.62,17.11,13.34,13.51,12.77,13.51,10.06,10.13,9.82,10.13,7.32,7.35,7.23,7.35,5.14,5.14,5.13,5.14
fragment_00874,2,29.73,29.71,29.71,30.48,22.4,22.3,22.3,25.36,16.03,15.9,15.9,19.49,12.19,12.1,12.1,14.58,9.18,9.14,9.14,10.35,6.81,6.8,6.8,7.12,4.89,4.89,4.89,4.89
fragment_00875,4,31.79,31.77,31.77,32.56,27.05,27.02,27.02,29.74,18.4,18.38,18.38,20.86,12.3,12.3,12.3,12.57,7.59,7.59,7.59,7.61,4.94,4.94,4.94,4.96,3.4,3.4,3.4,3.4
fragment_00876,7,27.67,27.66,27.48,27.99,24.01,23.8,23.8,26.38,16.15,15.86,15.86,20.16,11.81,11.66,11.66,14.52,9.23,9.09,9.09,10.62,7.13,7.08,7.08,7.46,5.12,5.12,5.12,5.13
fragment_00877,4,28.71,28.72,28.66,28.74,21.61,21.61,21.58,21.62,15.41,15.39,15.39,15.46,11.78,11.76,11.76,11.83,9.16,9.14,9.14,9.18,7.1,7.09,7.09,7.11,5.14,5.14,5.14,5.14
fragment_00878,1,29.14,29.14,29.14,29.14,23.15,23.15,23.15,23.15,17.29,17.29,17.29,17.29,11.05,11.05,11.05,11.05,6.79,6.79,6.79,6.79,4.42,4.42,4.42,4.42,3.03,3.03,3.03,3.03
fragment_00879,6,27.92,27.94,27.89,27.94,20.28,20.3,20.26,20.3,14.47,14.47,14.47,14.47,10.57,10.57,10.57,10.58,8.37,8.37,8.37,8.38,6.18,6.18,6.18,6.18,4.31,4.31,4.31,4.31
fragment_00880,5,30.07,30.07,30.07,30.55,24.31,24.31,24.22,26.43,17.92,17.92,17.49,19.74,13.44,13.44,13.0,13.66,8.77,8.77,8.72,8.78,5.71,5.71,5.71,5.72,3.92,3.92,3.92,3.93
fragment_00881,6,30.36,30.42,30.15,31.13,27.49,27.2,27.2,29.98,22.29,21.91,21.91,24.97,16.49,16.2,16.2,17.14,10.76,10.72,10.72,10.83,7.04,7.04,7.04,7.05,4.84,4.84,4.84,4.84
fragment_00882,4,28.18,28.17,28.17,28.98,20.04,20.01,20.01,22.01,12.82,12.87,12.71,14.05,9.14,9.29,8.9,9.74,6.92,7.06,6.71,7.4,5.51,5.47,5.47,5.79,4.48,4.4,4.4,4.66
fragment_00883,9,25.29,25.25,25.2,26.11,20.54,20.54,20.1,22.14,17.11,17.14,15.87,20.13,13.87,13.9,12.71,16.88,11.02,11.03,10.41,12.4,8.21,8.21,8.04,8.34,5.73,5.73,5.72,5.73
fragment_00884,1,27.89,27.89,27.89,27.89,19.34,19.34,19.34,19.34,13.76,13.76,13.76,13.76,9.74,9.74,9.74,9.74,6.79,6.79,6.79,6.79,4.9,4.9,4.9,4.9,3.41,3.41,3.41,3.41
fragment_00885,1,30.12,30.12,30.12,30.12,23.64,23.64,23.64,23.64,17.78,17.78,17.78,17.78,13.85,13.85,13.85,13.85,10.31,10.31,10.31,10.31,7.33,7.33,7.33,7.33,5.07,5.07,5.07,5.07
fragment_00886,3,28.83,28.85,28.79,28.85,21.72,21.73,21.69,21.73,15.23,15.23,15.22,15.25,11.26,11.25,11.25,11.27,8.12,8.12,8.11,8.12,5.74,5.74,5.74,5.74,4.1,4.1,4.1,4.1
fragment_00887,6,30.1,30.1,30.1,30.59,24.11,24.11,24.11,26.65,17.43,17.43,17.43,19.88,12.9,12.9,12.9,13.65,9.23,9.23,9.21,9.59,6.93,6.93,6.89,7.11,5.01,5.01,5.01,5.03
fragment_00888,3,28.36,28.42,28.3,28.42,20.52,20.56,20.48,20.56,14.79,14.78,14.78,14.8,11.19,11.18,11.18,11.21,8.35,8.35,8.35,8.36,6.32,6.31,6.31,6.32,4.72,4.72,4.72,4.72
fragment_00889,1,29.63,29.63,29.63,29.63,23.07,23.07,23.07,23.07,16.36,16.36,16.36,16.36,11.58,11.58,11.58,11.58,8.54,8.54,8.54,8.54,6.29,6.29,6.29,6.29,4.4,4.4,4.4,4.4
fragment_00890,5,30.78,30.82,30.64,31.28,25.57,25.71,25.18,27.47,19.23,19.28,19.06,20.85,12.47,12.46,12.44,12.59,7.6,7.61,7.59,7.63,4.95,4.95,4.94,4.96,3.4,3.4,3.4,3.41
fragment_00891,3,29.25,29.27,28.5,29.27,25.64,25.64,25.19,25.79,20.5,20.49,20.44,21.08,16.0,16.0,16.0,16.17,11.5,11.5,11.47,11.56,7.74,7.74,7.74,7.75,5.32,5.32,5.32,5.32
fragment_00892,10,25.01,25.02,23.99,25.45,20.45,20.46,20.37,20.9,17.35,17.53,16.45,18.52,12.51,12.58,11.63,13.01,8.1,8.1,7.98,8.1,5.27,5.28,5.27,5.28,3.62,3.62,3.62,3.63
fragment_00893,2,30.74,30.5,30.5,31.23,26.03,26.53,25.0,26.53,20.12,21.15,18.01,21.15,14.29,15.05,12.73,15.05,10.27,10.7,9.4,10.7,7.29,7.42,7.02,7.42,5.1,5.11,5.1,5.11
fragment_00894,1,27.81,27.81,27.81,27.81,22.4,22.4,22.4,22.4,15.93,15.93,15.93,15.93,11.8,11.8,11.8,11.8,8.98,8.98,8.98,8.98,6.52,6.52,6.52,6.52,4.6,4.6,4.6,4.6
fragment_00895,2,28.59,28.6,28.51,28.6,21.04,21.04,21.03,21.04,14.99,15.0,14.96,15.0,11.61,11.61,11.61,11.61,8.86,8.86,8.86,8.86,6.65,6.65,6.65,6.66,4.8,4.8,4.8,4.8
fragment_00896,10,28.62,28.6,28.36,30.32,23.58,23.62,23.11,27.24,18.76,18.8,17.89,22.49,14.65,14.67,13.99,17.55,11.33,11.33,11.15,12.9,8.34,8.35,8.26,8.56,5.87,5.87,5.87,5.88
fragment_00897,1,28.76,28.76,28.76,28.76,21.66,21.66,21.66,21.66,16.3,16.3,16.3,16.3,12.66,12.66,12.66,12.66,9.31,9.31,9.31,9.31,7.06,7.06,7.06,7.06,5.28,5.28,5.28,5.28
fragment_00898,6,27.79,27.77,27.63,28.53,22.52,22.34,22.34,25.96,16.69,16.41,16.41,21.32,13.19,12.95,12.84,17.95,10.46,10.32,10.0,13.3,8.05,7.99,7.69,8.79,6.0,6.0,5.93,6.04
fragment_00899,2,28.8,28.81,28.76,28.81,21.66,21.67,21.65,21.67,14.95,14.95,14.95,14.96,10.79,10.78,10.78,10.82,8.15,8.14,8.14,8.16,6.01,6.01,6.01,6.02,4.22,4.22,4.22,4.22
fragment_00900,1,30.36,30.36,30.36,30.36,24.13,24.13,24.13,24.13,17.43,17.43,17.43,17.43,12.08,12.08,12.08,12.08,8.18,8.18,8.18,8.18,5.76,5.76,5.76,5.76,3.98,3.98,3.98,3.98
fragment_00901,6,28.67,28.7,28.61,29.71,24.37,24.27,22.86,26.54,18.57,18.19,16.93,20.4,13.03,12.74,12.18,13.99,8.61,8.54,8.49,8.69,5.66,5.66,5.65,5.66,3.89,3.89,3.88,3.89
fragment_00902,14,30.51,30.49,29.97,30.81,26.81,26.81,26.02,27.69,22.3,22.41,21.12,23.71,17.58,17.7,16.27,18.6,12.1,12.17,11.5,12.25,7.97,7.97,7.91,7.98,5.48,5.48,5.47,5.48
fragment_00903,5,30.11,30.07,30.07,31.17,24.09,24.01,24.01,26.99,16.65,16.57,16.57,19.71,11.53,11.5,11.5,12.5,7.65,7.64,7.64,7.84,5.1,5.1,5.1,5.1,3.5,3.5,3.5,3.51
fragment_00904,5,25.19,25.16,25.16,26.71,20.32,20.44,18.98,22.76,16.67,16.75,15.85,18.95,13.05,13.05,12.76,14.69,9.99,10.0,9.72,11.05,7.3,7.3,7.22,7.5,5.15,5.15,5.15,5.16
fragment_00905,2,28.61,28.62,28.6,28.62,21.51,21.51,21.51,21.51,14.8,14.8,14.8,14.81,10.16,10.15,10.15,10.16,6.93,6.93,6.92,6.93,4.74,4.74,4.74,4.74,3.26,3.26,3.26,3.26
fragment_00906,2,27.88,27.89,27.87,27.89,25.5,25.53,25.47,25.53,18.77,18.8,18.74,18.8,13.22,13.24,13.19,13.24,9.9,9.92,9.88,9.92,7.41,7.42,7.4,7.42,5.38,5.38,5.38,5.38
fragment_00907,13,30.91,30.74,30.48,31.72,26.31,26.03,25.97,28.98,19.37,19.19,18.96,22.03,12.99,12.95,12.49,13.37,8.08,8.08,8.07,8.11,5.26,5.26,5.25,5.28,3.61,3.61,3.61,3.63
fragment_00908,10,27.94,27.93,27.86,28.69,20.97,20.98,20.48,21.25,15.42,15.33,14.41,16.1,11.26,11.2,10.99,11.87,8.07,8.03,7.99,8.2,5.37,5.37,5.37,5.38,3.69,3.69,3.69,3.69
fragment_00909,1,27.99,27.99,27.99,27.99,21.21,21.21,21.21,21.21,15.04,15.04,15.04,15.04,9.2,9.2,9.2,9.2,5.57,5.57,5.57,5.57,3.63,3.63,3.63,3.63,2.49,2.49,2.49,2.49
fragment_00910,44,28.59,28.53,28.28,30.23,23.9,23.9,22.45,27.65,18.84,18.68,17.26,22.95,14.55,14.32,13.07,17.12,10.53,10.42,9.58,11.29,7.31,7.3,7.15,7.36,5.04,5.04,5.04,5.06
fragment_00911,1,30.18,30.18,30.18,30.18,24.38,24.38,24.38,24.38,18.51,18.51,18.51,18.51,13.31,13.31,13.31,13.31,8.87,8.87,8.87,8.87,5.8,5.8,5.8,5.8,3.99,3.99,3.99,3.99
fragment_00912,4,28.18,28.24,28.11,28.24,19.91,19.94,19.88,19.94,14.33,14.34,14.31,14.34,11.23,11.23,11.23,11.23,8.56,8.55,8.55,8.56,6.27,6.27,6.27,6.27,4.37,4.37,4.37,4.37
fragment_00913,2,28.28,28.27,28.27,28.32,20.44,20.42,20.42,20.48,14.41,14.4,14.4,14.41,10.54,10.53,10.53,10.56,7.18,7.18,7.18,7.19,4.76,4.76,4.76,4.76,3.27,3.27,3.27,3.27
fragment_00914,30,28.23,28.22,28.06,28.84,22.09,22.25,20.52,23.62,15.76,15.92,13.16,17.11,11.08,11.19,9.08,11.41,7.11,7.12,6.46,7.15,4.63,4.63,4.61,4.66,3.18,3.18,3.18,3.2
fragment_00915,1,28.49,28.49,28.49,28.49,22.67,22.67,22.67,22.67,16.78,16.78,16.78,16.78,12.35,12.35,12.35,12.35,9.13,9.13,9.13,9.13,6.27,6.27,6.27,6.27,4.31,4.31,4.31,4.31
fragment_00916,2,29.73,29.7,29.7,30.49,22.4,22.29,22.29,25.38,16.03,15.9,15.9,19.5,12.19,12.11,12.11,14.59,9.18,9.14,9.14,10.35,6.81,6.8,6.8,7.11,4.89,4.89,4.89,4.89
fragment_00917,3,28.73,28.75,28.68,28.75,21.64,21.66,21.6,21.66,15.15,15.16,15.13,15.16,11.05,11.04,11.02,11.13,7.81,7.8,7.8,7.83,5.28,5.28,5.28,5.28,3.63,3.63,3.62,3.63
fragment_00918,2,31.43,31.43,31.43,31.43,26.21,26.21,26.2,26.21,20.06,20.06,20.05,20.06,15.12,15.13,15.12,15.13,10.73,10.73,10.73,10.73,7.23,7.23,7.23,7.23,4.97,4.97,4.97,4.97
fragment_00919,56,28.18,28.2,28.01,28.87,21.24,21.21,20.38,23.76,14.65,14.56,13.07,16.83,10.49,10.2,9.08,12.54,7.63,7.41,6.55,8.92,5.62,5.62,4.97,5.9,4.03,4.04,3.84,4.06
fragment_00920,29,28.22,28.22,28.05,29.26,21.97,22.45,20.4,24.89,15.98,16.85,13.29,18.69,12.07,12.86,9.73,13.14,8.64,8.92,7.58,9.19,6.01,6.05,5.75,6.05,4.16,4.16,4.15,4.16
fragment_00921,11,28.74,28.66,28.52,29.37,23.44,23.15,23.03,25.88,16.85,16.51,16.51,19.65,12.35,12.15,12.15,13.95,9.08,8.95,8.95,10.08,6.88,6.82,6.82,7.29,5.1,5.09,5.09,5.13
fragment_00922,1,27.67,27.67,27.67,27.67,20.87,20.87,20.87,20.87,15.91,15.91,15.91,15.91,11.56,11.56,11.56,11.56,8.25,8.25,8.25,8.25,5.43,5.43,5.43,5.43,3.73,3.73,3.73,3.73
fragment_00923,6,25.06,25.03,25.03,26.73,19.07,19.09,18.95,21.97,15.21,15.29,15.01,18.06,11.81,11.85,11.68,14.33,9.6,9.61,9.54,11.43,7.79,7.78,7.78,8.63,6.05,6.04,6.04,6.22
fragment_00924,3,27.95,27.94,27.94,28.6,20.78,20.78,20.41,20.79,14.86,14.87,13.99,14.87,9.34,9.35,9.18,9.35,5.66,5.66,5.66,5.66,3.69,3.69,3.69,3.69,2.53,2.53,2.53,2.53
fragment_00925,12,28.21,28.13,27.98,29.08,20.63,20.26,20.26,23.93,15.07,14.43,14.43,17.76,10.54,9.94,9.94,11.51,6.94,6.84,6.84,7.0,4.55,4.55,4.54,4.56,3.13,3.13,3.12,3.13
fragment_00926,2,27.95,27.96,27.8,27.96,20.54,20.54,20.47,20.54,14.26,14.26,14.22,14.26,10.09,10.09,10.06,10.09,6.47,6.47,6.47,6.47,4.21,4.21,4.21,4.21,2.89,2.9,2.89,2.9
fragment_00927,1,30.09,30.09,30.09,30.09,23.57,23.57,23.57,23.57,16.94,16.94,16.94,16.94,11.74,11.74,11.74,11.74,8.02,8.02,8.02,8.02,5.75,5.75,5.75,5.75,4.03,4.03,4.03,4.03
fragment_00928,6,27.68,27.68,27.67,28.58,18.83,18.83,18.81,20.19,12.27,12.29,12.2,12.85,8.66,8.63,8.63,8.95,6.6,6.58,6.58,6.8,5.2,5.23,5.12,5.24,3.93,3.93,3.93,3.95
fragment_00929,3,30.11,30.07,30.07,30.26,23.89,23.72,23.62,24.58,16.99,16.84,16.73,17.62,11.23,11.21,11.18,11.32,6.89,6.89,6.89,6.89,4.48,4.48,4.48,4.49,3.08,3.08,3.08,3.08
fragment_00930,2,29.72,29.73,29.7,29.73,23.85,24.29,23.06,24.29,17.08,17.67,16.01,17.67,11.48,11.68,11.13,11.68,7.2,7.2,7.19,7.2,4.68,4.68,4.68,4.68,3.22,3.22,3.22,3.22
fragment_00931,3,26.04,26.08,25.66,26.08,21.2,21.25,20.8,21.25,16.04,16.06,15.86,16.06,11.88,11.9,11.73,11.9,8.5,8.5,8.46,8.5,5.72,5.72,5.72,5.72,3.93,3.93,3.93,3.93
fragment_00932,1,30.21,30.21,30.21,30.21,24.39,24.39,24.39,24.39,18.36,18.36,18.36,18.36,12.69,12.69,12.69,12.69,8.53,8.53,8.53,8.53,5.98,5.98,5.98,5.98,4.28,4.28,4.28,4.28
fragment_00933,4,27.17,27.17,27.07,27.22,23.24,23.24,23.0,23.56,18.94,18.97,18.17,18.97,14.86,14.92,13.59,14.92,10.81,10.86,9.83,10.86,7.12,7.13,7.02,7.13,4.9,4.9,4.9,4.9
fragment_00934,20,28.15,28.17,28.08,28.2,21.24,21.26,21.21,21.27,15.05,15.06,15.05,15.07,11.12,11.12,10.99,11.22,9.14,9.14,8.96,9.28,7.1,7.1,6.96,7.24,5.28,5.28,5.25,5.29
fragment_00935,1,28.3,28.3,28.3,28.3,22.4,22.4,22.4,22.4,16.59,16.59,16.59,16.59,11.9,11.9,11.9,11.9,8.6,8.6,8.6,8.6,5.84,5.84,5.84,5.84,4.01,4.01,4.01,4.01
fragment_00936,8,28.35,28.15,28.14,30.48,23.22,22.84,22.67,26.68,18.3,18.14,17.39,22.38,14.59,14.64,13.26,17.54,11.36,11.42,10.54,12.31,8.2,8.22,7.96,8.35,5.72,5.72,5.71,5.74
fragment_00937,2,28.52,28.35,28.35,28.74,23.1,22.96,22.96,23.28,17.23,17.2,17.2,17.26,10.36,10.36,10.36,10.36,6.28,6.28,6.28,6.28,4.09,4.09,4.09,4.09,2.81,2.81,2.81,2.81
fragment_00938,2,28.34,28.33,28.33,28.35,22.3,22.29,22.29,22.3,16.36,16.36,16.36,16.36,12.16,12.16,12.16,12.16,8.97,8.97,8.97,8.97,6.04,6.04,6.04,6.04,4.15,4.15,4.15,4.15
fragment_00939,2,29.71,29.72,29.12,29.72,26.0,26.0,25.98,26.0,20.12,20.11,20.11,20.87,15.35,15.35,15.35,15.43,10.59,10.59,10.59,10.59,6.92,6.92,6.92,6.93,4.76,4.76,4.76,4.76
fragment_00940,4,27.91,27.88,27.86,28.74,19.79,19.66,19.66,22.06,14.12,14.03,14.03,15.87,9.24,9.21,9.21,9.45,5.71,5.71,5.71,5.73,3.72,3.72,3.72,3.73,2.55,2.55,2.55,2.56
fragment_00941,3,28.03,28.04,27.99,28.06,20.38,20.39,20.33,20.4,14.86,14.86,14.86,14.87,11.25,11.25,11.24,11.26,9.05,9.04,9.04,9.05,6.78,6.78,6.78,6.78,4.79,4.79,4.78,4.79
fragment_00942,9,30.79,30.6,30.6,31.72,26.81,26.91,26.1,28.4,20.35,20.64,19.25,20.96,13.79,13.99,12.79,14.18,8.66,8.67,8.55,8.7,5.65,5.64,5.64,5.66,3.88,3.88,3.88,3.89
fragment_00943,4,28.16,28.16,28.16,28.82,20.02,20.02,20.02,21.89,12.83,12.83,12.82,14.1,9.14,9.14,9.13,9.99,6.97,6.98,6.96,7.57,5.62,5.66,5.57,5.94,4.56,4.62,4.48,4.78
fragment_00944,6,27.79,27.76,27.76,27.85,19.48,19.49,19.45,19.51,12.63,12.66,12.56,12.67,8.53,8.55,8.5,8.56,5.51,5.51,5.51,5.52,3.59,3.59,3.59,3.59,2.47,2.46,2.46,2.47
fragment_00945,25,28.22,28.13,28.07,29.2,21.9,22.13,20.77,24.46,17.09,17.47,15.32,19.13,12.79,13.07,10.7,13.8,8.91,9.0,7.95,9.37,6.12,6.12,5.95,6.13,4.2,4.21,4.2,4.21
fragment_00946,10,27.84,27.83,27.59,27.95,20.65,20.84,19.1,21.02,14.15,14.27,12.35,14.59,10.52,10.63,8.98,10.91,8.39,8.49,7.34,8.64,6.79,6.84,6.22,6.9,5.01,5.02,4.92,5.03
fragment_00947,1,28.55,28.55,28.55,28.55,22.02,22.02,22.02,22.02,16.6,16.6,16.6,16.6,10.96,10.96,10.96,10.96,6.7,6.7,6.7,6.7,4.36,4.36,4.36,4.36,2.99,2.99,2.99,2.99
fragment_00948,1,27.75,27.75,27.75,27.75,22.98,22.98,22.98,22.98,16.51,16.51,16.51,16.51,11.12,11.12,11.12,11.12,6.83,6.83,6.83,6.83,4.44,4.44,4.44,4.44,3.05,3.05,3.05,3.05
fragment_00949,1,30.12,30.12,30.12,30.12,24.55,24.55,24.55,24.55,18.81,18.81,18.81,18.81,13.19,13.19,13.19,13.19,9.07,9.07,9.07,9.07,6.61,6.61,6.61,6.61,4.64,4.64,4.64,4.64
fragment_00950,54,28.28,28.31,28.0,28.84,21.11,21.05,20.38,25.35,15.09,15.15,13.07,19.21,11.37,11.55,9.05,13.35,8.17,8.32,6.56,8.46,5.46,5.47,4.93,5.52,3.76,3.76,3.71,3.79
fragment_00951,7,28.15,28.12,28.12,29.02,20.09,20.0,20.0,22.03,13.38,12.87,12.87,14.99,9.88,9.27,9.27,11.22,7.81,7.36,7.36,8.78,6.29,6.17,6.17,6.72,5.03,5.01,4.96,5.2
fragment_00952,6,33.58,33.28,33.28,34.1,30.84,30.46,30.4,32.67,23.06,22.93,22.83,24.76,14.61,14.6,14.6,14.73,8.89,8.88,8.88,8.92,5.79,5.78,5.78,5.81,3.98,3.97,3.97,3.99
fragment_00953,4,28.14,28.14,28.14,28.82,20.01,20.01,20.01,21.88,12.81,12.81,12.8,14.08,9.11,9.11,9.11,9.96,6.94,6.93,6.93,7.54,5.51,5.49,5.49,5.82,4.35,4.32,4.32,4.51
fragment_00954,1,27.68,27.68,27.68,27.68,27.27,27.27,27.27,27.27,22.0,22.0,22.0,22.0,16.6,16.6,16.6,16.6,11.62,11.62,11.62,11.62,7.83,7.83,7.83,7.83,5.38,5.38,5.38,5.38
fragment_00955,3,29.59,29.56,29.56,30.35,22.56,22.52,22.52,24.18,14.09,14.04,14.04,15.74,8.93,8.93,8.93,9.03,5.45,5.45,5.45,5.47,3.55,3.55,3.55,3.56,2.44,2.44,2.44,2.45
fragment_00956,6,30.16,30.21,29.36,30.21,24.72,24.74,24.47,24.74,19.97,19.98,19.85,20.06,15.98,15.98,15.9,16.22,12.14,12.14,12.14,12.23,8.73,8.73,8.73,8.76,6.05,6.05,6.05,6.05
fragment_00957,2,27.83,27.84,27.83,27.84,25.97,25.98,25.97,25.98,19.52,19.53,19.51,19.53,13.73,13.74,13.72,13.74,9.97,9.97,9.96,9.97,7.03,7.03,7.03,7.03,4.89,4.89,4.89,4.89
fragment_00958,6,27.13,27.11,27.11,27.22,23.57,23.45,23.04,24.02,19.03,18.75,18.15,19.98,14.49,14.16,13.57,15.52,10.61,10.43,9.86,11.17,7.35,7.35,7.25,7.36,5.05,5.05,5.05,5.06
fragment_00959,2,27.58,27.59,27.5,27.59,18.92,18.92,18.88,18.92,12.9,12.9,12.88,12.9,9.73,9.73,9.72,9.73,7.55,7.55,7.54,7.55,5.76,5.76,5.76,5.76,4.48,4.48,4.48,4.48
fragment_00960,10,28.59,28.6,28.47,29.17,23.17,23.07,23.02,25.56,16.37,16.24,16.22,19.02,11.48,11.39,11.39,13.13,8.33,8.27,8.26,9.49,6.4,6.36,6.36,7.18,5.05,5.02,5.02,5.57
fragment_00961,3,28.38,28.43,28.32,28.43,20.54,20.57,20.51,20.57,14.66,14.65,14.65,14.67,10.86,10.85,10.85,10.87,8.01,8.0,8.0,8.02,5.94,5.93,5.93,5.94,4.19,4.19,4.19,4.19
fragment_00962,2,28.08,28.09,28.0,28.09,21.13,21.14,21.09,21.14,14.8,14.8,14.78,14.8,9.67,9.67,9.65,9.67,6.57,6.57,6.56,6.57,4.35,4.35,4.35,4.35,2.99,2.99,2.99,2.99
fragment_00963,1,29.94,29.94,29.94,29.94,27.22,27.22,27.22,27.22,22.38,22.38,22.38,22.38,18.37,18.37,18.37,18.37,13.95,13.95,13.95,13.95,9.36,9.36,9.36,9.36,6.43,6.43,6.43,6.43
fragment_00964,1,29.27,29.27,29.27,29.27,24.61,24.61,24.61,24.61,19.56,19.56,19.56,19.56,13.97,13.97,13.97,13.97,9.8,9.8,9.8,9.8,6.6,6.6,6.6,6.6,4.54,4.54,4.54,4.54
fragment_00965,4,28.27,28.31,28.19,28.31,21.37,21.39,21.33,21.39,15.09,15.1,15.07,15.1,10.56,10.56,10.55,10.56,8.23,8.23,8.22,8.23,5.98,5.98,5.98,5.98,4.15,4.15,4.15,4.16
fragment_00966,2,27.65,27.65,27.65,27.65,21.19,21.18,21.18,21.19,16.34,16.34,16.34,16.35,12.36,12.36,12.36,12.36,9.27,9.27,9.27,9.27,6.74,6.74,6.74,6.74,4.71,4.71,4.71,4.71
fragment_00967,3,28.05,28.08,27.98,28.08,20.41,20.43,20.36,20.43,14.55,14.56,14.54,14.56,10.41,10.41,10.41,10.42,7.83,7.83,7.83,7.83,5.77,5.77,5.76,5.77,4.07,4.07,4.07,4.07
fragment_00968,4,30.09,30.1,30.07,30.1,24.3,24.31,24.29,24.31,18.43,18.44,18.42,18.44,13.37,13.32,13.32,13.45,9.94,9.89,9.89,10.01,7.54,7.51,7.51,7.59,5.61,5.6,5.6,5.62
fragment_00969,6,28.52,28.49,28.39,29.12,23.07,22.66,22.26,24.23,19.1,18.73,18.31,20.08,15.25,15.16,14.89,15.49,10.59,10.57,10.52,10.64,6.95,6.95,6.95,6.96,4.78,4.77,4.77,4.78
fragment_00970,10,27.79,27.73,27.73,28.16,19.01,18.71,18.71,21.66,12.61,11.99,11.99,15.39,8.91,8.36,8.36,9.93,5.97,5.84,5.84,6.05,3.93,3.92,3.92,3.94,2.7,2.69,2.69,2.7
fragment_00971,55,28.2,28.22,27.96,28.78,21.25,21.51,20.36,24.35,15.28,15.85,13.05,18.37,11.51,12.09,9.05,13.18,8.24,8.53,6.61,8.75,5.66,5.71,5.03,5.72,3.92,3.92,3.82,3.93
fragment_00972,2,29.19,29.19,29.19,30.05,25.23,25.23,25.23,25.83,19.82,19.82,19.82,19.99,13.87,13.87,13.85,13.87,8.49,8.49,8.48,8.49,5.53,5.53,5.52,5.53,3.8,3.8,3.79,3.8
fragment_00973,2,27.06,27.04,27.04,27.11,22.84,22.81,22.81,22.91,17.9,17.84,17.84,18.04,13.39,13.19,13.19,13.89,10.04,9.82,9.82,10.61,7.58,7.5,7.5,7.79,5.47,5.46,5.46,5.48
fragment_00974,22,27.77,27.72,27.71,28.36,18.91,18.7,18.7,22.36,12.72,12.16,11.98,17.06,9.47,9.09,8.46,12.16,6.94,6.96,6.13,7.62,4.85,4.96,4.51,4.96,3.4,3.41,3.36,3.41
fragment_00975,28,30.63,30.67,30.32,31.69,25.66,25.71,24.67,29.35,19.1,19.2,17.99,22.31,13.12,13.23,12.62,13.4,8.1,8.11,8.08,8.12,5.28,5.28,5.26,5.28,3.62,3.63,3.61,3.63
fragment_00976,48,29.31,29.22,28.65,29.77,24.2,24.18,23.13,26.15,19.81,20.39,18.31,22.18,14.84,14.91,12.83,16.71,10.56,10.46,9.43,11.19,7.32,7.33,7.1,7.37,5.05,5.05,5.05,5.06
fragment_00977,6,28.39,28.38,28.14,28.67,23.04,23.02,23.02,24.97,16.88,16.95,16.66,19.23,12.89,13.08,12.29,15.16,9.53,9.69,9.06,10.29,6.67,6.7,6.59,6.7,4.6,4.6,4.6,4.61
fragment_00978,2,29.7,29.83,29.53,29.83,23.63,24.39,22.65,24.39,16.5,17.3,15.47,17.3,11.0,11.2,10.75,11.2,6.86,6.86,6.86,6.86,4.47,4.47,4.47,4.47,3.07,3.07,3.07,3.07
fragment_00979,11,28.33,28.24,28.16,28.67,22.12,22.28,20.8,23.76,16.56,17.0,14.16,18.45,12.71,13.06,10.84,14.05,9.82,10.08,8.42,10.58,7.42,7.56,6.6,7.75,5.42,5.46,5.18,5.47
fragment_00980,3,27.48,27.48,27.48,27.48,18.95,18.96,18.95,18.96,12.8,12.8,12.8,12.8,9.68,9.68,9.68,9.68,7.48,7.48,7.48,7.48,5.56,5.56,5.56,5.56,4.02,4.02,4.02,4.02
fragment_00981,2,29.89,29.89,29.89,30.88,23.25,23.25,23.25,26.16,16.31,16.3,16.3,19.33,11.71,11.71,11.71,13.2,8.34,8.34,8.34,9.03,5.94,5.94,5.94,6.02,4.13,4.13,4.13,4.13
fragment_00982,4,31.25,31.29,30.54,31.72,27.34,27.25,26.36,28.92,20.86,20.87,19.54,22.08,13.76,13.8,12.95,13.88,8.41,8.41,8.37,8.42,5.47,5.48,5.46,5.48,3.76,3.76,3.75,3.76
fragment_00983,5,28.04,28.06,27.97,28.6,21.03,21.05,20.41,21.05,15.59,15.67,14.34,15.67,11.41,11.51,10.94,11.51,8.53,8.59,8.28,8.59,6.6,6.64,6.42,6.64,5.04,5.05,4.98,5.05
fragment_00984,2,28.15,28.15,28.15,28.72,20.02,20.02,20.02,21.8,12.56,12.55,12.55,13.85,8.52,8.52,8.52,9.1,5.96,5.96,5.96,6.07,3.94,3.94,3.94,3.95,2.71,2.71,2.71,2.71
fragment_00985,1,28.45,28.45,28.45,28.45,22.62,22.62,22.62,22.62,16.73,16.73,16.73,16.73,12.19,12.19,12.19,12.19,8.79,8.79,8.79,8.79,6.3,6.3,6.3,6.3,4.63,4.63,4.63,4.63
fragment_00986,1,29.95,29.95,29.95,29.95,23.38,23.38,23.38,23.38,18.0,18.0,18.0,18.0,14.6,14.6,14.6,14.6,11.03,11.03,11.03,11.03,7.75,7.75,7.75,7.75,5.33,5.33,5.33,5.33
fragment_00987,16,27.81,27.72,27.54,28.04,24.12,23.86,23.79,26.46,17.14,16.62,16.24,19.44,12.85,12.58,11.72,14.2,9.62,9.64,8.69,10.14,6.58,6.6,6.27,6.61,4.54,4.54,4.54,4.54
fragment_00988,3,27.89,27.88,27.88,28.56,20.85,20.85,20.41,20.85,15.14,15.15,14.1,15.15,9.85,9.85,9.47,9.85,5.98,5.98,5.98,5.98,3.89,3.89,3.89,3.89,2.67,2.67,2.67,2.67
fragment_00989,13,30.59,30.31,30.31,31.29,24.99,24.13,24.13,26.84,17.0,16.34,16.34,18.26,10.14,10.13,10.13,10.21,6.14,6.14,6.14,6.19,4.0,4.0,3.99,4.03,2.75,2.74,2.74,2.77
fragment_00990,2,28.38,28.4,28.23,28.4,20.4,20.42,20.3,20.42,14.13,14.14,14.11,14.14,9.9,9.9,9.89,9.9,6.62,6.62,6.61,6.62,4.4,4.4,4.4,4.4,3.02,3.02,3.02,3.02
fragment_00991,29,28.2,28.22,28.0,28.72,21.63,21.46,20.38,22.56,16.13,16.15,13.19,17.46,13.08,13.31,9.62,14.54,10.41,10.75,7.62,11.57,7.95,8.2,6.18,8.59,5.89,6.03,5.03,6.06
fragment_00992,6,28.43,28.44,28.11,29.0,21.3,21.33,20.64,23.45,16.23,16.29,15.35,18.14,11.48,11.52,10.8,11.72,7.09,7.09,7.06,7.1,4.62,4.62,4.62,4.62,3.17,3.17,3.17,3.18
fragment_00993,2,29.02,29.02,29.02,29.02,25.41,25.41,25.41,25.41,19.82,19.82,19.82,19.82,14.11,14.11,14.11,14.11,10.15,10.15,10.15,10.15,7.47,7.47,7.47,7.47,5.32,5.32,5.32,5.32
fragment_00994,3,28.01,28.01,27.96,28.03,19.42,19.42,19.4,19.43,14.41,14.41,14.4,14.42,11.55,11.54,11.54,11.55,8.93,8.93,8.93,8.93,6.66,6.66,6.66,6.67,4.74,4.74,4.74,4.74
fragment_00995,2,28.13,28.14,28.13,28.14,21.68,21.68,21.68,21.68,16.33,16.33,16.33,16.33,11.98,11.98,11.98,11.98,9.0,9.0,9.0,9.0,6.12,6.12,6.12,6.12,4.21,4.21,4.21,4.21
fragment_00996,28,30.35,30.24,30.17,31.26,24.51,24.32,24.01,27.54,16.73,16.86,15.92,20.23,11.39,11.86,10.69,13.36,7.89,8.14,7.47,8.35,5.4,5.42,5.35,5.44,3.73,3.72,3.72,3.74
fragment_00997,10,27.81,27.74,27.73,27.92,20.47,20.21,20.05,21.08,14.37,14.02,13.9,15.36,10.83,10.39,10.24,12.07,8.62,8.29,8.15,9.55,6.91,6.81,6.72,7.18,5.36,5.37,5.32,5.39
fragment_00998,1,29.45,29.45,29.45,29.45,23.52,23.52,23.52,23.52,16.52,16.52,16.52,16.52,10.54,10.54,10.54,10.54,6.54,6.54,6.54,6.54,4.26,4.26,4.26,4.26,2.93,2.93,2.93,2.93
fragment_00999,3,30.02,29.99,29.99,31.33,24.93,24.9,24.9,27.27,18.19,18.17,18.17,20.4,12.01,12.01,12.01,12.1,7.33,7.33,7.33,7.33,4.77,4.77,4.77,4.77,3.28,3.28,3.28,3.28
fragment_01000,3,28.78,28.79,28.72,28.81,21.67,21.68,21.64,21.68,15.2,15.19,15.19,15.22,11.22,11.21,11.21,11.24,8.13,8.13,8.13,8.14,5.75,5.75,5.75,5.75,3.98,3.98,3.98,3.98
fragment_01001,1,27.43,27.43,27.43,27.43,19.46,19.46,19.46,19.46,12.94,12.94,12.94,12.94,7.94,7.94,7.94,7.94,4.81,4.81,4.81,4.81,3.13,3.13,3.13,3.13,2.15,2.15,2.15,2.15
fragment_01002,23,28.56,28.54,28.15,29.27,21.92,21.67,20.77,24.94,17.58,17.1,15.97,21.07,13.48,13.02,12.71,16.22,9.76,9.51,9.33,11.02,7.04,6.98,6.97,7.19,4.93,4.93,4.93,4.94
fragment_01003,6,30.08,30.07,30.07,30.6,24.32,24.32,24.21,26.42,17.77,17.77,17.45,19.69,13.16,13.16,12.93,13.51,8.56,8.56,8.56,8.58,5.57,5.57,5.57,5.58,3.83,3.83,3.83,3.84
fragment_01004,1,29.45,29.45,29.45,29.45,22.93,22.93,22.93,22.93,17.8,17.8,17.8,17.8,12.89,12.89,12.89,12.89,8.55,8.55,8.55,8.55,5.59,5.59,5.59,5.59,3.84,3.84,3.84,3.84
fragment_01005,5,30.57,30.45,30.45,31.15,24.68,24.23,24.23,26.13,16.3,15.72,15.72,17.95,10.25,9.98,9.98,10.95,6.65,6.62,6.62,6.72,4.37,4.37,4.36,4.37,3.0,3.0,3.0,3.0
fragment_01006,6,30.45,30.3,30.2,30.98,24.91,24.26,24.21,26.79,17.1,16.33,16.33,19.16,11.13,10.85,10.85,11.73,7.09,7.07,7.07,7.11,4.62,4.62,4.62,4.62,3.17,3.17,3.17,3.18
fragment_01007,6,23.95,23.89,23.88,24.09,18.38,18.18,18.18,19.08,14.44,14.32,14.31,15.03,9.17,9.14,9.14,9.25,5.6,5.6,5.6,5.6,3.64,3.64,3.64,3.65,2.5,2.5,2.5,2.51
fragment_01008,2,29.89,29.91,29.81,29.91,23.9,24.04,23.23,24.04,16.75,16.88,16.13,16.88,11.03,11.03,10.99,11.03,7.19,7.19,7.17,7.19,4.68,4.68,4.68,4.69,3.22,3.22,3.22,3.22
fragment_01009,2,30.19,30.18,30.18,30.21,24.37,24.13,24.13,25.0,17.14,16.84,16.84,17.98,10.53,10.53,10.53,10.55,6.39,6.39,6.39,6.39,4.16,4.16,4.16,4.16,2.86,2.86,2.86,2.86
fragment_01010,1,28.51,28.51,28.51,28.51,19.59,19.59,19.59,19.59,12.68,12.68,12.68,12.68,8.42,8.42,8.42,8.42,5.66,5.66,5.66,5.66,3.68,3.68,3.68,3.68,2.53,2.53,2.53,2.53
fragment_01011,9,25.29,25.25,25.21,26.13,20.55,20.54,20.02,22.24,17.12,17.15,15.87,20.25,13.88,13.91,12.7,16.97,11.03,11.04,10.39,12.42,8.21,8.22,8.03,8.34,5.73,5.73,5.72,5.73
fragment_01012,1,29.66,29.66,29.66,29.66,23.1,23.1,23.1,23.1,16.38,16.38,16.38,16.38,11.68,11.68,11.68,11.68,8.64,8.64,8.64,8.64,6.5,6.5,6.5,6.5,4.67,4.67,4.67,4.67
fragment_01013,2,27.58,27.6,27.51,27.6,18.93,18.94,18.89,18.94,12.87,12.88,12.85,12.88,9.55,9.55,9.53,9.55,7.28,7.28,7.28,7.28,5.31,5.31,5.31,5.31,3.7,3.7,3.7,3.7
fragment_01014,1,29.93,29.93,29.93,29.93,24.02,24.02,24.02,24.02,15.78,15.78,15.78,15.78,8.93,8.93,8.93,8.93,5.41,5.41,5.41,5.41,3.52,3.52,3.52,3.52,2.42,2.42,2.42,2.42
fragment_01015,3,29.27,29.27,29.27,29.54,23.78,23.78,23.78,24.1,17.49,17.49,17.49,17.58,11.38,11.38,11.3,11.38,6.92,6.92,6.91,6.92,4.5,4.5,4.5,4.5,3.09,3.09,3.09,3.09
fragment_01016,2,31.71,31.72,31.7,31.72,28.1,28.1,28.09,28.1,22.33,22.33,22.33,22.33,14.55,14.55,14.55,14.55,8.89,8.89,8.89,8.89,5.79,5.79,5.79,5.79,3.98,3.98,3.98,3.98
fragment_01017,3,27.86,27.88,27.73,27.88,25.61,25.55,25.5,26.64,18.45,18.35,18.33,19.95,12.13,12.11,12.1,12.42,7.55,7.55,7.55,7.56,4.91,4.91,4.91,4.92,3.37,3.37,3.37,3.38
fragment_01018,15,28.22,28.15,27.2,29.05,25.12,25.09,25.09,26.98,20.29,20.27,20.15,22.05,14.06,14.05,14.04,14.7,8.98,8.98,8.97,8.99,5.85,5.84,5.84,5.85,4.02,4.02,4.01,4.02
fragment_01019,1,30.77,30.77,30.77,30.77,24.64,24.64,24.64,24.64,18.3,18.3,18.3,18.3,14.12,14.12,14.12,14.12,10.58,10.58,10.58,10.58,7.55,7.55,7.55,7.55,5.22,5.22,5.22,5.22
fragment_01020,2,27.95,27.96,27.93,27.96,19.39,19.4,19.38,19.4,14.36,14.37,14.36,14.37,11.3,11.3,11.29,11.3,7.8,7.8,7.8,7.8,5.09,5.09,5.09,5.09,3.5,3.5,3.5,3.5
fragment_01021,2,27.44,27.44,27.44,27.44,19.42,19.42,19.42,19.42,13.21,13.22,13.21,13.22,9.85,9.85,9.85,9.85,7.64,7.64,7.64,7.64,5.76,5.76,5.76,5.76,4.36,4.36,4.36,4.36
fragment_01022,3,28.86,28.88,28.8,28.88,21.74,21.75,21.71,21.75,15.2,15.19,15.18,15.21,11.36,11.34,11.34,11.39,8.63,8.62,8.62,8.64,6.44,6.44,6.44,6.44,4.57,4.57,4.57,4.57
fragment_01023,1,27.09,27.09,27.09,27.09,23.0,23.0,23.0,23.0,17.54,17.54,17.54,17.54,12.66,12.66,12.66,12.66,9.67,9.67,9.67,9.67,7.14,7.14,7.14,7.14,5.06,5.06,5.06,5.06
fragment_01024,3,28.03,28.06,27.98,28.06,20.39,20.4,20.34,20.4,14.55,14.56,14.54,14.56,10.51,10.51,10.51,10.51,8.03,8.03,8.03,8.03,6.11,6.11,6.11,6.11,4.64,4.64,4.64,4.64
fragment_01025,2,27.78,27.78,27.66,27.78,19.8,19.8,19.77,19.8,13.66,13.67,13.62,13.67,10.08,10.08,10.05,10.08,7.77,7.77,7.76,7.77,5.82,5.82,5.81,5.82,4.4,4.4,4.39,4.4
fragment_01026,2,28.84,28.85,28.76,28.85,21.67,21.67,21.63,21.67,15.01,15.01,15.0,15.01,11.06,11.06,11.06,11.08,8.01,8.01,8.01,8.02,5.56,5.56,5.56,5.56,3.82,3.82,3.82,3.82
fragment_01027,2,29.79,29.97,29.61,29.97,22.7,23.18,22.18,23.18,15.71,16.27,15.11,16.27,11.41,11.83,10.94,11.83,8.47,8.66,8.26,8.66,6.15,6.23,6.06,6.23,4.39,4.39,4.38,4.39
fragment_01028,20,30.11,30.09,30.05,30.58,24.1,24.1,24.07,25.18,17.64,17.4,17.4,18.77,13.99,13.53,13.53,15.56,10.58,10.29,9.96,11.93,7.74,7.7,7.26,8.31,5.63,5.67,5.41,5.72
fragment_01029,3,30.39,30.26,30.26,30.91,25.83,25.67,25.67,26.94,19.82,19.66,19.66,21.21,13.23,13.21,13.21,13.44,8.15,8.15,8.15,8.16,5.31,5.31,5.31,5.31,3.65,3.65,3.65,3.65
fragment_01030,2,28.15,28.15,28.15,28.75,20.01,20.01,20.01,21.84,12.82,12.81,12.81,14.04,9.13,9.13,9.13,9.92,6.94,6.94,6.94,7.53,5.54,5.54,5.54,5.83,4.4,4.4,4.4,4.56
fragment_01031,8,30.18,30.27,30.02,30.34,24.13,23.96,23.92,24.7,18.95,18.81,18.8,19.41,15.0,15.05,14.91,15.19,10.88,10.9,10.85,10.96,7.37,7.37,7.36,7.38,5.07,5.06,5.06,5.07
fragment_01032,43,28.64,28.31,28.11,30.18,23.83,22.46,22.42,27.59,18.88,17.5,17.03,22.94,14.68,13.74,13.06,17.12,10.6,10.29,9.62,11.29,7.31,7.27,7.15,7.36,5.04,5.04,5.04,5.06
fragment_01033,1,30.36,30.36,30.36,30.36,24.52,24.52,24.52,24.52,17.88,17.88,17.88,17.88,12.7,12.7,12.7,12.7,8.54,8.54,8.54,8.54,5.59,5.59,5.59,5.59,3.84,3.84,3.84,3.84
fragment_01034,3,28.72,28.73,28.66,28.76,21.63,21.63,21.59,21.65,15.1,15.1,15.09,15.12,10.94,10.93,10.93,10.96,7.62,7.62,7.62,7.62,5.14,5.14,5.14,5.14,3.53,3.53,3.53,3.53
fragment_01035,1,28.96,28.96,28.96,28.96,22.92,22.92,22.92,22.92,17.43,17.43,17.43,17.43,12.87,12.87,12.87,12.87,9.47,9.47,9.47,9.47,6.85,6.85,6.85,6.85,4.81,4.81,4.81,4.81
fragment_01036,25,27.79,27.76,27.73,28.47,18.89,18.71,18.7,21.97,12.54,12.11,11.98,15.95,9.13,8.85,8.45,10.88,6.47,6.45,6.08,6.79,4.4,4.41,4.36,4.42,3.03,3.03,3.03,3.03
fragment_01037,11,28.18,28.15,28.11,28.85,20.83,21.46,20.24,23.21,15.34,16.1,14.44,17.28,10.71,11.2,9.97,11.44,6.96,6.99,6.85,6.99,4.55,4.55,4.54,4.55,3.13,3.12,3.12,3.13
fragment_01038,1,30.82,30.82,30.82,30.82,24.67,24.67,24.67,24.67,18.32,18.32,18.32,18.32,14.13,14.13,14.13,14.13,10.62,10.62,10.62,10.62,7.67,7.67,7.67,7.67,5.36,5.36,5.36,5.36
fragment_01039,45,30.33,30.56,28.97,31.14,27.77,28.73,25.38,29.08,22.63,23.4,19.44,24.11,16.61,17.12,13.4,17.65,11.26,11.38,9.81,11.64,7.58,7.58,7.32,7.59,5.21,5.21,5.2,5.22
fragment_01040,2,30.41,30.35,30.35,30.61,24.66,24.46,24.46,25.31,18.38,18.12,18.12,19.27,13.25,13.22,13.22,13.33,8.41,8.41,8.41,8.41,5.47,5.47,5.47,5.48,3.76,3.76,3.76,3.76
fragment_01041,2,30.25,30.25,30.25,30.25,23.73,23.73,23.72,23.73,17.87,17.87,17.86,17.87,13.91,13.91,13.91,13.91,10.53,10.53,10.53,10.53,7.73,7.73,7.73,7.73,5.41,5.41,5.41,5.41
fragment_01042,13,29.48,29.56,29.0,29.56,24.32,24.27,23.41,24.7,20.28,20.07,18.66,21.05,14.68,14.54,13.01,15.13,9.52,9.5,8.79,9.58,6.22,6.22,6.19,6.24,4.28,4.27,4.27,4.28
fragment_01043,3,23.87,24.05,23.75,24.05,15.99,16.07,15.94,16.07,11.32,11.32,11.32,11.32,8.97,8.97,8.97,8.97,6.66,6.68,6.65,6.68,4.57,4.57,4.57,4.57,3.14,3.14,3.14,3.14
fragment_01044,14,28.14,28.18,28.09,28.19,21.08,21.11,21.05,21.12,14.66,14.67,14.64,14.67,10.44,10.45,10.42,10.45,7.21,7.22,7.19,7.22,5.24,5.26,5.2,5.28,4.12,4.15,4.06,4.16
fragment_01045,41,29.34,29.38,28.71,29.78,24.49,24.91,23.14,26.7,19.98,20.77,18.23,22.64,14.52,15.36,12.51,16.48,9.7,10.1,8.69,10.24,6.59,6.66,6.23,6.67,4.57,4.58,4.54,4.58
fragment_01046,5,28.71,28.73,28.67,28.75,21.61,21.62,21.59,21.65,15.2,15.19,15.17,15.22,11.42,11.4,11.4,11.45,8.67,8.66,8.66,8.81,6.54,6.54,6.54,6.62,4.73,4.73,4.73,4.74
fragment_01047,1,29.33,29.33,29.33,29.33,23.05,23.05,23.05,23.05,18.22,18.22,18.22,18.22,13.41,13.41,13.41,13.41,8.87,8.87,8.87,8.87,5.8,5.8,5.8,5.8,3.98,3.98,3.98,3.98
fragment_01048,11,28.14,28.11,28.08,28.88,20.16,19.99,19.98,22.11,13.76,12.97,12.9,15.6,10.65,9.93,9.42,11.8,8.48,7.98,7.59,9.3,6.74,6.51,6.44,7.19,5.38,5.34,5.3,5.54
fragment_01049,4,28.06,28.1,27.86,28.1,21.32,20.9,20.9,22.23,16.91,16.11,16.11,18.68,12.61,11.77,11.77,14.4,9.28,8.78,8.78,10.33,6.84,6.7,6.7,7.11,4.88,4.87,4.87,4.89
fragment_01050,13,29.3,29.4,28.82,29.51,23.83,24.36,23.03,25.41,19.03,19.57,18.23,21.29,13.92,14.49,13.13,15.29,9.32,9.39,9.19,9.39,6.11,6.11,6.09,6.11,4.2,4.2,4.19,4.2
fragment_01051,4,28.67,28.68,28.6,28.72,21.55,21.56,21.52,21.58,15.47,15.44,15.44,15.53,11.77,11.74,11.74,11.82,8.76,8.75,8.75,8.78,6.25,6.25,6.25,6.26,4.3,4.3,4.3,4.3
fragment_01052,2,28.38,28.35,28.35,28.43,20.52,20.49,20.49,20.55,14.84,14.85,14.81,14.85,11.05,11.05,11.03,11.05,8.07,8.07,8.07,8.07,5.94,5.94,5.94,5.94,4.14,4.14,4.14,4.14
fragment_01053,14,28.41,28.41,28.19,28.77,23.05,23.04,23.04,24.92,16.47,16.46,16.46,18.4,11.69,11.69,11.61,12.1,8.1,8.1,8.02,8.32,5.7,5.7,5.68,5.73,3.93,3.93,3.93,3.94
fragment_01054,4,28.5,28.33,28.33,29.25,22.31,22.13,22.13,23.8,15.84,15.82,15.53,16.85,9.97,9.97,9.88,9.98,6.04,6.04,6.04,6.05,3.93,3.93,3.93,3.94,2.7,2.7,2.7,2.71
fragment_01055,2,27.98,27.98,27.54,27.98,22.74,22.75,22.3,22.75,16.11,16.11,16.08,16.11,11.18,11.18,11.11,11.18,8.16,8.16,8.14,8.16,6.32,6.32,6.3,6.32,5.05,5.05,5.03,5.05
fragment_01056,3,31.19,31.22,30.66,31.22,25.45,25.4,25.24,26.5,18.19,18.13,18.01,19.7,12.48,12.47,12.47,12.76,7.84,7.84,7.84,7.85,5.1,5.1,5.1,5.11,3.5,3.5,3.5,3.51
fragment_01057,6,30.51,30.49,30.44,30.66,26.57,26.98,26.17,28.21,21.51,22.12,20.94,22.76,16.2,16.67,15.89,17.0,10.72,10.79,10.63,10.81,7.03,7.03,7.03,7.03,4.83,4.83,4.83,4.83
fragment_01058,1,28.45,28.45,28.45,28.45,22.62,22.62,22.62,22.62,16.83,16.83,16.83,16.83,12.83,12.83,12.83,12.83,9.81,9.81,9.81,9.81,7.1,7.1,7.1,7.1,5.01,5.01,5.01,5.01
fragment_01059,1,29.8,29.8,29.8,29.8,23.25,23.25,23.25,23.25,16.59,16.59,16.59,16.59,11.98,11.98,11.98,11.98,8.07,8.07,8.07,8.07,5.29,5.29,5.29,5.29,3.63,3.63,3.63,3.63
fragment_01060,1,30.48,30.48,30.48,30.48,24.51,24.51,24.51,24.51,18.74,18.74,18.74,18.74,13.14,13.14,13.14,13.14,8.59,8.59,8.59,8.59,5.71,5.71,5.71,5.71,3.92,3.92,3.92,3.92
fragment_01061,4,30.3,30.5,30.02,30.5,25.29,25.67,24.82,25.67,18.99,19.31,18.63,19.49,12.41,12.43,12.36,12.46,7.54,7.54,7.54,7.55,4.91,4.91,4.91,4.91,3.37,3.37,3.37,3.37
fragment_01062,1,30.17,30.17,30.17,30.17,24.33,24.33,24.33,24.33,17.77,17.77,17.77,17.77,12.55,12.55,12.55,12.55,8.28,8.28,8.28,8.28,5.39,5.39,5.39,5.39,3.7,3.7,3.7,3.7
fragment_01063,16,28.86,28.9,28.3,29.17,21.61,21.59,21.31,23.53,15.79,15.79,15.33,17.95,10.73,10.78,10.37,11.03,6.68,6.68,6.67,6.69,4.35,4.35,4.34,4.35,2.99,2.99,2.98,2.99
fragment_01064,22,28.22,28.23,28.03,29.19,21.6,21.94,20.86,25.36,16.98,17.38,15.62,20.53,13.07,13.29,11.99,14.53,8.93,8.92,8.63,8.97,5.83,5.83,5.83,5.84,4.01,4.01,4.0,4.01
fragment_01065,2,28.52,28.54,28.38,28.54,20.54,20.55,20.44,20.55,14.44,14.44,14.44,14.44,10.83,10.83,10.83,10.85,7.8,7.8,7.8,7.8,5.34,5.34,5.34,5.34,3.67,3.67,3.67,3.67
fragment_01066,7,28.61,28.42,28.42,29.04,23.56,23.29,23.29,24.2,18.47,18.24,18.12,19.04,13.74,13.6,13.55,14.07,9.29,9.28,9.23,9.3,6.05,6.05,6.05,6.06,4.16,4.16,4.15,4.16
fragment_01067,1,28.36,28.36,28.36,28.36,22.5,22.5,22.5,22.5,16.68,16.68,16.68,16.68,12.06,12.06,12.06,12.06,8.55,8.55,8.55,8.55,5.74,5.74,5.74,5.74,3.94,3.94,3.94,3.94
fragment_01068,1,27.84,27.84,27.84,27.84,25.45,25.45,25.45,25.45,18.73,18.73,18.73,18.73,13.14,13.14,13.14,13.14,9.78,9.78,9.78,9.78,6.82,6.82,6.82,6.82,4.68,4.68,4.68,4.68
fragment_01069,2,30.15,30.14,30.14,30.26,23.89,23.75,23.75,25.03,16.77,16.63,16.63,17.98,11.82,11.79,11.79,12.07,7.49,7.49,7.49,7.5,4.88,4.88,4.88,4.88,3.35,3.35,3.35,3.35
fragment_01070,3,25.48,25.57,25.25,25.57,20.51,20.61,20.23,20.61,14.67,14.7,14.59,14.7,8.84,8.84,8.84,8.84,5.36,5.36,5.35,5.36,3.49,3.49,3.48,3.49,2.39,2.39,2.39,2.39
fragment_01071,2,27.34,27.34,26.66,27.34,21.46,21.46,20.95,21.46,15.93,15.93,15.93,15.98,11.52,11.52,11.52,11.56,7.41,7.41,7.41,7.42,4.82,4.82,4.82,4.83,3.31,3.31,3.31,3.32
fragment_01072,4,30.12,30.09,30.09,30.7,24.08,24.03,24.03,26.34,16.62,16.57,16.57,19.48,11.52,11.5,11.5,12.46,7.65,7.64,7.64,7.84,5.1,5.1,5.1,5.1,3.5,3.5,3.5,3.51
fragment_01073,1,31.87,31.87,31.87,31.87,27.56,27.56,27.56,27.56,16.4,16.4,16.4,16.4,8.99,8.99,8.99,8.99,5.45,5.45,5.45,5.45,3.55,3.55,3.55,3.55,2.44,2.44,2.44,2.44
fragment_01074,1,24.55,24.55,24.55,24.55,15.63,15.63,15.63,15.63,9.37,9.37,9.37,9.37,5.32,5.32,5.32,5.32,3.22,3.22,3.22,3.22,2.1,2.1,2.1,2.1,1.44,1.44,1.44,1.44
fragment_01075,2,28.87,28.87,28.86,28.87,21.76,21.77,21.75,21.77,15.16,15.16,15.15,15.16,10.97,10.98,10.96,10.98,7.98,7.98,7.96,7.98,5.99,6.0,5.98,6.0,4.34,4.34,4.34,4.34
fragment_01076,2,29.69,29.82,29.51,29.82,23.62,24.39,22.63,24.39,16.49,17.3,15.46,17.3,11.0,11.2,10.75,11.2,6.86,6.86,6.86,6.86,4.47,4.47,4.47,4.47,3.07,3.07,3.07,3.07
fragment_01077,1,30.33,30.33,30.33,30.33,24.48,24.48,24.48,24.48,17.9,17.9,17.9,17.9,12.81,12.81,12.81,12.81,8.64,8.64,8.64,8.64,5.63,5.63,5.63,5.63,3.87,3.87,3.87,3.87
fragment_01078,5,27.2,27.21,27.16,27.21,23.05,22.97,22.97,23.12,18.08,17.8,17.8,18.31,13.82,13.49,13.49,14.18,10.14,9.77,9.77,10.56,7.3,7.21,7.21,7.38,5.09,5.09,5.09,5.09
fragment_01079,10,28.41,28.35,28.1,30.32,23.33,23.23,23.0,26.63,18.18,18.15,17.57,21.96,13.99,14.0,13.29,16.97,10.66,10.65,10.36,12.11,7.76,7.76,7.67,8.0,5.48,5.49,5.48,5.49
fragment_01080,8,27.91,27.88,27.84,28.03,19.92,19.92,19.45,19.94,13.99,13.98,13.14,14.01,10.55,10.55,10.07,10.92,7.84,7.84,7.5,9.06,6.16,6.17,5.86,7.15,4.94,4.94,4.76,5.41
fragment_01081,1,28.9,28.9,28.9,28.9,21.75,21.75,21.75,21.75,16.66,16.66,16.66,16.66,13.5,13.5,13.5,13.5,9.92,9.92,9.92,9.92,6.59,6.59,6.59,6.59,4.52,4.52,4.52,4.52
fragment_01082,42,28.37,28.18,28.02,29.2,22.37,22.83,20.38,25.2,16.7,18.64,13.54,20.8,13.24,15.68,10.62,17.73,10.5,12.31,8.77,14.1,8.27,9.28,7.25,9.67,6.38,6.66,5.98,6.66
fragment_01083,7,28.38,28.08,28.08,29.83,22.83,22.48,22.28,25.9,17.21,16.98,16.55,20.75,12.81,12.58,12.1,15.37,9.54,9.45,8.95,10.78,6.97,6.95,6.79,7.19,4.93,4.93,4.92,4.94
fragment_01084,1,29.85,29.85,29.85,29.85,23.24,23.24,23.24,23.24,16.49,16.49,16.49,16.49,11.9,11.9,11.9,11.9,8.81,8.81,8.81,8.81,6.63,6.63,6.63,6.63,4.8,4.8,4.8,4.8
fragment_01085,4,28.75,28.71,28.71,29.23,23.34,23.19,23.19,25.75,16.63,16.45,16.45,19.53,12.38,12.28,12.28,14.01,9.33,9.26,9.26,10.34,7.12,7.09,7.09,7.74,5.55,5.54,5.54,5.82
fragment_01086,2,30.29,30.26,30.26,30.75,25.68,25.62,25.62,26.73,20.11,20.06,20.06,20.92,14.74,14.74,14.74,14.75,9.36,9.36,9.36,9.36,6.09,6.09,6.09,6.09,4.18,4.18,4.18,4.19
fragment_01087,2,30.7,30.7,30.7,30.7,24.62,24.62,24.62,24.62,18.29,18.29,18.29,18.29,14.05,14.05,14.05,14.05,10.64,10.64,10.64,10.64,7.74,7.74,7.74,7.74,5.41,5.41,5.41,5.41
fragment_01088,4,30.48,30.38,30.34,30.7,25.51,25.7,25.06,25.97,17.68,17.87,17.23,18.25,10.58,10.59,10.56,10.59,6.42,6.42,6.41,6.42,4.18,4.18,4.17,4.18,2.87,2.87,2.86,2.87
fragment_01089,2,27.94,27.94,27.94,27.94,26.55,26.54,26.54,26.55,20.44,20.44,20.44,20.45,15.22,15.22,15.22,15.22,11.7,11.69,11.69,11.7,8.45,8.45,8.45,8.45,5.89,5.89,5.89,5.89
fragment_01090,7,28.5,28.48,28.38,30.33,25.11,25.06,24.84,28.24,19.29,19.22,19.13,22.08,13.92,13.81,13.81,15.96,10.45,10.38,10.38,11.51,7.66,7.63,7.63,7.9,5.43,5.43,5.43,5.44
fragment_01091,1,29.52,29.52,29.52,29.52,22.94,22.94,22.94,22.94,16.11,16.11,16.11,16.11,10.94,10.94,10.94,10.94,7.26,7.26,7.26,7.26,4.84,4.84,4.84,4.84,3.32,3.32,3.32,3.32
fragment_01092,47,28.16,28.19,28.1,28.2,21.09,21.12,21.06,21.12,14.66,14.67,14.64,14.68,10.44,10.45,10.42,10.46,7.24,7.21,7.18,7.42,5.41,5.28,5.2,5.72,4.4,4.29,4.13,4.66
fragment_01093,8,30.02,30.03,29.97,30.57,24.25,24.27,24.2,25.21,18.28,18.4,17.83,19.23,14.7,15.05,14.06,15.11,10.93,11.34,10.19,11.34,7.74,7.85,7.54,7.86,5.39,5.4,5.39,5.4
fragment_01094,4,28.65,28.68,28.59,28.68,21.53,21.54,21.5,21.55,14.96,14.95,14.94,14.98,10.85,10.83,10.83,10.88,8.13,8.12,8.12,8.14,5.78,5.78,5.78,5.78,3.99,3.99,3.99,3.99
fragment_01095,30,28.28,28.22,28.03,29.3,21.82,21.8,20.69,24.87,15.81,15.86,14.37,18.97,12.29,12.38,11.29,14.54,9.37,9.65,8.81,10.33,6.67,6.74,6.52,6.75,4.63,4.63,4.62,4.64
fragment_01096,2,28.6,28.61,28.53,28.61,21.04,21.04,21.03,21.04,14.83,14.83,14.79,14.83,11.02,11.02,11.01,11.02,7.43,7.43,7.43,7.43,4.83,4.83,4.83,4.83,3.32,3.32,3.32,3.32
fragment_01097,23,30.42,30.32,30.29,31.25,24.75,24.39,24.16,27.64,17.72,17.12,16.94,20.44,12.95,12.33,12.19,14.64,9.33,8.77,8.77,9.99,6.45,6.3,6.3,6.52,4.47,4.47,4.47,4.48
fragment_01098,12,28.03,28.15,27.74,28.65,20.44,21.35,18.85,22.85,15.08,16.27,12.97,18.06,11.72,12.35,10.52,13.47,9.14,9.45,8.52,9.9,6.65,6.71,6.53,6.73,4.62,4.62,4.61,4.62
fragment_01099,11,28.89,28.9,28.81,28.91,21.77,21.78,21.72,21.79,15.15,15.16,15.13,15.16,10.99,10.99,10.96,11.02,8.17,8.19,8.11,8.23,6.52,6.62,6.42,6.62,5.3,5.44,5.17,5.44
fragment_01100,5,30.55,30.45,30.45,31.26,24.68,24.23,24.23,26.27,16.31,15.72,15.72,18.02,10.25,9.98,9.98,10.97,6.65,6.62,6.62,6.72,4.37,4.37,4.36,4.37,3.0,3.0,3.0,3.0
fragment_01101,32,28.23,28.15,28.1,29.48,21.69,22.12,20.77,25.2,16.72,17.49,15.13,19.64,12.18,12.86,10.53,13.13,7.98,8.1,7.39,8.1,5.27,5.27,5.22,5.28,3.62,3.62,3.61,3.63
fragment_01102,4,28.87,28.89,28.8,28.89,21.76,21.77,21.72,21.77,15.31,15.31,15.3,15.33,11.74,11.74,11.73,11.75,9.2,9.2,9.19,9.2,6.7,6.7,6.7,6.7,4.63,4.63,4.63,4.63
fragment_01103,1,27.53,27.53,27.53,27.53,24.77,24.77,24.77,24.77,19.85,19.85,19.85,19.85,13.16,13.16,13.16,13.16,8.06,8.06,8.06,8.06,5.25,5.25,5.25,5.25,3.61,3.61,3.61,3.61
fragment_01104,1,30.27,30.27,30.27,30.27,24.49,24.49,24.49,24.49,18.44,18.44,18.44,18.44,13.04,13.04,13.04,13.04,9.15,9.15,9.15,9.15,6.5,6.5,6.5,6.5,4.5,4.5,4.5,4.5
fragment_01105,2,29.01,29.12,28.87,29.12,23.34,23.38,23.29,23.38,18.37,18.59,18.12,18.59,13.58,13.85,13.26,13.85,10.1,10.16,10.03,10.16,7.52,7.55,7.48,7.55,5.36,5.37,5.36,5.37
fragment_01106,9,27.79,27.8,27.65,28.4,23.08,23.09,22.3,23.98,17.25,17.24,15.95,18.19,13.13,13.06,12.06,14.68,9.66,9.62,9.02,10.27,6.69,6.69,6.54,6.7,4.6,4.6,4.6,4.61
fragment_01107,1,30.11,30.11,30.11,30.11,24.54,24.54,24.54,24.54,18.96,18.96,18.96,18.96,13.91,13.91,13.91,13.91,9.48,9.48,9.48,9.48,6.24,6.24,6.24,6.24,4.29,4.29,4.29,4.29
fragment_01108,2,30.74,30.5,30.5,31.24,26.02,26.53,25.0,26.53,20.11,21.14,18.01,21.14,14.28,15.04,12.73,15.04,10.27,10.7,9.4,10.7,7.29,7.42,7.02,7.42,5.1,5.11,5.1,5.11
fragment_01109,2,28.89,28.9,28.87,28.9,21.76,21.77,21.76,21.77,15.17,15.17,15.16,15.17,11.0,10.99,10.99,11.01,7.84,7.83,7.83,7.84,5.52,5.52,5.52,5.52,3.79,3.79,3.79,3.79
fragment_01110,2,31.68,31.63,31.63,32.12,26.79,26.68,26.68,27.67,17.96,17.9,17.9,18.47,11.16,11.15,11.15,11.18,6.77,6.77,6.77,6.77,4.41,4.41,4.41,4.41,3.03,3.03,3.03,3.03
fragment_01111,31,28.34,28.26,27.92,29.41,22.17,21.96,20.81,23.92,16.41,16.15,15.24,18.07,12.52,12.34,11.96,14.02,9.51,9.44,9.07,10.53,6.85,6.85,6.73,6.93,4.75,4.75,4.75,4.76
fragment_01112,25,30.41,30.49,30.21,31.3,25.18,25.23,24.27,27.74,18.2,17.79,16.94,20.55,13.26,12.76,12.21,14.67,9.56,9.4,8.91,9.96,6.5,6.51,6.39,6.52,4.47,4.47,4.47,4.48
fragment_01113,3,28.65,28.67,28.6,28.67,21.56,21.57,21.53,21.57,14.98,14.98,14.97,14.99,10.69,10.68,10.68,10.7,6.86,6.86,6.86,6.86,4.46,4.46,4.46,4.46,3.07,3.07,3.07,3.07
fragment_01114,1,27.86,27.86,27.86,27.86,19.31,19.31,19.31,19.31,11.02,11.02,11.02,11.02,6.05,6.05,6.05,6.05,3.67,3.67,3.67,3.67,2.39,2.39,2.39,2.39,1.64,1.64,1.64,1.64
fragment_01115,10,28.42,28.41,28.38,29.03,23.52,23.41,23.41,26.75,17.99,17.85,17.66,21.79,14.19,14.13,13.67,16.16,10.17,10.16,9.82,10.76,7.06,7.06,7.04,7.07,4.85,4.85,4.85,4.85
fragment_01116,3,29.38,29.26,29.26,30.06,23.16,22.99,22.99,24.18,14.37,14.22,14.22,15.16,8.34,8.34,8.34,8.38,5.05,5.05,5.05,5.08,3.29,3.29,3.29,3.31,2.26,2.26,2.26,2.27
fragment_01117,2,24.85,24.85,24.85,24.85,18.78,18.77,18.77,18.81,13.08,13.09,13.02,13.09,9.17,9.17,9.11,9.17,6.57,6.57,6.56,6.57,4.44,4.44,4.44,4.44,3.05,3.05,3.05,3.05
fragment_01118,4,28.77,28.82,28.71,28.82,21.64,21.67,21.61,21.67,15.52,15.56,15.48,15.56,11.8,11.84,11.76,11.84,8.85,8.86,8.84,8.86,6.47,6.47,6.46,6.47,4.6,4.6,4.6,4.6
fragment_01119,1,30.03,30.03,30.03,30.03,24.46,24.46,24.46,24.46,18.58,18.58,18.58,18.58,12.75,12.75,12.75,12.75,7.99,7.99,7.99,7.99,5.2,5.2,5.2,5.2,3.57,3.57,3.57,3.57
fragment_01120,5,29.31,29.12,28.91,30.35,26.77,26.9,25.83,26.9,22.03,22.4,20.59,22.4,16.49,16.59,16.08,16.59,11.55,11.56,11.51,11.57,7.74,7.74,7.73,7.75,5.32,5.32,5.31,5.32
fragment_01121,2,28.72,28.74,28.66,28.74,21.62,21.64,21.59,21.64,15.17,15.17,15.15,15.17,11.29,11.3,11.29,11.3,8.09,8.09,8.09,8.09,5.45,5.45,5.45,5.45,3.75,3.75,3.75,3.75
fragment_01122,9,28.09,28.02,27.97,29.13,21.07,21.39,20.74,25.22,16.23,16.41,15.99,20.36,12.18,12.21,11.94,13.7,8.27,8.2,8.2,8.36,5.43,5.43,5.42,5.44,3.73,3.73,3.73,3.74
fragment_01123,18,29.86,30.14,28.93,30.14,26.25,26.92,24.8,26.92,20.84,21.33,19.27,21.33,14.44,14.75,13.14,14.75,9.02,9.03,8.83,9.03,5.88,5.88,5.87,5.88,4.04,4.04,4.03,4.04
fragment_01124,7,28.49,28.5,28.45,29.14,24.45,24.21,24.21,24.93,19.58,19.07,19.07,20.6,15.73,15.06,14.9,17.09,11.89,11.42,11.14,12.83,8.58,8.47,8.38,8.78,6.03,6.03,6.02,6.03
fragment_01125,7,28.53,28.52,28.38,29.11,23.08,22.68,22.34,24.28,19.11,18.76,18.49,20.08,15.26,15.18,14.92,15.49,10.59,10.57,10.51,10.64,6.95,6.95,6.95,6.96,4.78,4.77,4.77,4.78
fragment_01126,2,28.89,28.9,28.89,28.9,21.78,21.79,21.77,21.79,15.15,15.16,15.15,15.16,11.01,11.02,10.99,11.02,7.98,7.99,7.97,7.99,5.71,5.71,5.7,5.71,4.14,4.14,4.14,4.14
fragment_01127,1,27.74,27.74,27.74,27.74,18.09,18.09,18.09,18.09,11.11,11.11,11.11,11.11,7.54,7.54,7.54,7.54,5.33,5.33,5.33,5.33,3.49,3.49,3.49,3.49,2.4,2.4,2.4,2.4
fragment_01128,11,27.8,27.78,27.77,28.01,24.1,23.84,23.83,26.4,16.63,16.22,16.21,19.16,11.92,11.7,11.69,13.21,8.6,8.54,8.54,8.85,5.77,5.77,5.77,5.77,3.96,3.96,3.96,3.97
fragment_01129,1,29.6,29.6,29.6,29.6,23.22,23.22,23.22,23.22,17.29,17.29,17.29,17.29,12.99,12.99,12.99,12.99,9.68,9.68,9.68,9.68,6.95,6.95,6.95,6.95,4.87,4.87,4.87,4.87
fragment_01130,5,28.36,28.2,28.2,29.57,25.72,25.71,25.36,26.14,20.58,20.6,19.63,21.17,15.55,15.51,15.39,16.15,10.83,10.82,10.8,10.93,7.19,7.19,7.18,7.19,4.94,4.94,4.93,4.94
fragment_01131,5,28.21,28.21,28.21,28.67,23.02,22.92,22.92,24.93,16.97,16.8,16.8,19.07,12.99,12.85,12.85,15.16,9.49,9.44,9.44,10.21,6.69,6.68,6.68,6.71,4.6,4.6,4.6,4.61
fragment_01132,12,30.99,30.69,30.69,31.89,26.39,26.02,25.97,29.1,19.42,19.32,19.07,22.16,12.95,13.03,12.57,13.39,8.08,8.08,8.07,8.12,5.26,5.26,5.25,5.28,3.61,3.61,3.61,3.63
fragment_01133,1,30.21,30.21,30.21,30.21,23.66,23.66,23.66,23.66,17.07,17.07,17.07,17.07,12.43,12.43,12.43,12.43,9.14,9.14,9.14,9.14,6.85,6.85,6.85,6.85,4.94,4.94,4.94,4.94
fragment_01134,11,28.83,28.84,28.76,28.84,21.7,21.71,21.66,21.71,15.25,15.24,15.23,15.26,11.3,11.29,11.29,11.32,8.76,8.75,8.63,8.77,6.95,6.95,6.83,6.95,5.08,5.08,5.07,5.08
fragment_01135,2,29.81,30.0,29.61,30.0,22.75,23.26,22.19,23.26,15.77,16.36,15.12,16.36,11.45,11.9,10.96,11.9,8.49,8.69,8.26,8.69,6.15,6.24,6.06,6.24,4.39,4.39,4.38,4.39
fragment_01136,30,30.65,30.66,30.33,31.79,25.67,25.72,24.68,29.33,19.12,19.21,18.0,22.3,13.13,13.23,12.6,13.4,8.11,8.11,8.08,8.12,5.28,5.28,5.26,5.28,3.62,3.63,3.61,3.63
fragment_01137,33,28.24,28.15,28.08,29.48,21.63,22.11,20.71,25.19,16.63,17.49,15.13,19.62,12.12,12.86,10.53,13.13,7.97,8.1,7.39,8.1,5.27,5.27,5.22,5.28,3.62,3.62,3.61,3.62
fragment_01138,10,28.43,28.36,28.08,30.33,23.36,23.24,22.99,26.64,18.19,18.15,17.51,21.45,14.0,13.99,13.21,16.41,10.66,10.64,10.29,11.93,7.76,7.76,7.63,7.99,5.48,5.49,5.47,5.49
fragment_01139,4,24.85,24.92,24.6,24.92,18.98,19.01,18.88,19.02,14.52,14.5,14.5,14.53,8.92,8.93,8.92,8.93,5.41,5.41,5.4,5.41,3.52,3.52,3.52,3.52,2.42,2.42,2.42,2.42
fragment_01140,4,27.86,27.87,27.83,27.87,25.47,25.48,25.43,25.49,18.73,18.75,18.68,18.76,13.18,13.19,13.15,13.2,9.97,10.03,9.9,10.03,7.62,7.73,7.49,7.73,5.82,5.87,5.77,5.87
fragment_01141,15,28.66,28.49,28.02,30.52,23.89,23.61,23.11,27.29,18.62,18.43,17.69,22.26,14.4,14.26,13.44,17.09,11.13,11.04,10.63,12.43,8.16,8.14,8.0,8.37,5.74,5.74,5.73,5.75
fragment_01142,2,29.82,29.91,29.72,29.91,23.74,23.98,23.44,23.98,16.87,17.33,16.33,17.33,11.77,12.12,11.37,12.12,7.51,7.53,7.48,7.53,4.9,4.9,4.9,4.9,3.37,3.37,3.37,3.37
fragment_01143,2,28.76,28.77,28.75,28.77,21.65,21.65,21.64,21.65,15.18,15.18,15.18,15.19,11.29,11.27,11.27,11.31,8.34,8.33,8.33,8.35,6.22,6.22,6.22,6.23,4.62,4.62,4.62,4.62
fragment_01144,10,27.72,27.68,27.63,27.98,20.34,20.53,19.41,20.67,14.13,14.28,13.43,14.31,10.3,10.45,10.01,10.45,7.97,8.07,7.77,8.22,6.15,6.2,6.04,6.35,4.58,4.59,4.55,4.61
fragment_01145,8,28.61,28.89,28.11,29.45,22.31,22.63,21.66,24.26,17.51,17.7,16.38,20.16,13.78,13.8,12.87,16.65,10.64,10.54,10.2,12.13,7.86,7.83,7.7,8.12,5.57,5.57,5.56,5.58
fragment_01146,14,28.78,28.79,28.69,28.8,21.67,21.68,21.61,21.69,15.91,16.43,15.48,16.45,13.02,13.66,12.39,13.67,10.25,10.76,9.59,10.77,7.66,7.89,7.24,7.89,5.45,5.47,5.38,5.47
fragment_01147,4,28.83,28.86,28.79,28.86,21.73,21.74,21.71,21.74,15.2,15.2,15.19,15.22,11.58,11.56,11.56,11.62,8.95,8.93,8.93,8.98,6.99,6.98,6.98,7.01,5.62,5.61,5.61,5.63
fragment_01148,21,28.55,28.55,28.23,29.23,21.91,21.69,21.3,24.91,17.56,17.11,16.51,21.05,13.49,13.01,12.71,15.86,9.78,9.5,9.33,10.98,7.05,6.98,6.97,7.19,4.93,4.93,4.93,4.94
fragment_01149,12,28.61,28.61,28.3,28.68,23.4,23.25,23.25,25.66,17.24,17.07,17.07,19.23,12.45,12.35,12.35,13.85,8.46,8.44,8.41,8.73,5.69,5.69,5.68,5.7,3.91,3.91,3.9,3.91
fragment_01150,24,28.19,28.13,28.09,29.33,21.91,23.62,20.41,25.09,15.99,19.92,13.22,19.92,12.63,17.6,9.69,17.6,9.97,14.11,7.68,14.11,7.63,9.88,6.21,9.88,5.82,6.79,5.04,6.79
fragment_01151,20,27.76,27.7,27.63,27.91,20.46,20.48,19.34,21.3,14.22,14.24,13.53,15.84,10.54,10.58,10.03,12.41,8.47,8.5,7.98,9.64,6.84,6.85,6.54,7.21,5.15,5.15,5.09,5.18
fragment_01152,1,29.95,29.95,29.95,29.95,23.26,23.26,23.26,23.26,18.24,18.24,18.24,18.24,13.66,13.66,13.66,13.66,9.92,9.92,9.92,9.92,7.18,7.18,7.18,7.18,4.98,4.98,4.98,4.98
fragment_01153,2,28.13,28.13,28.13,28.68,24.6,24.61,23.59,24.61,20.44,20.45,17.91,20.45,17.73,17.74,14.54,17.74,13.35,13.36,11.34,13.36,9.26,9.26,8.6,9.26,6.36,6.36,6.36,6.36
fragment_01154,7,29.97,29.95,29.95,30.47,24.21,24.26,24.13,25.06,17.99,18.03,17.94,18.85,14.1,14.18,14.0,14.56,10.26,10.4,10.1,10.7,7.28,7.3,7.21,7.32,5.02,5.03,5.02,5.03
fragment_01155,2,27.03,27.03,27.03,27.04,23.01,22.98,22.98,23.2,18.52,18.51,18.51,18.61,14.2,14.23,13.98,14.23,11.1,11.18,10.61,11.18,8.56,8.6,8.31,8.6,6.34,6.36,6.26,6.36
fragment_01156,2,28.42,28.44,28.34,28.44,21.47,21.47,21.42,21.47,15.22,15.22,15.2,15.22,11.01,11.01,11.01,11.01,8.61,8.61,8.61,8.61,6.42,6.42,6.42,6.42,4.58,4.58,4.58,4.58
fragment_01157,1,30.14,30.14,30.14,30.14,23.59,23.59,23.59,23.59,18.27,18.27,18.27,18.27,15.16,15.16,15.16,15.16,11.54,11.54,11.54,11.54,7.86,7.86,7.86,7.86,5.4,5.4,5.4,5.4
fragment_01158,9,28.04,27.74,27.74,28.45,20.03,18.84,18.83,21.85,13.81,12.31,12.31,15.84,9.62,8.93,8.93,10.49,6.37,6.27,6.27,6.42,4.17,4.17,4.17,4.18,2.87,2.86,2.86,2.87
fragment_01159,3,29.48,29.47,29.47,30.02,25.58,25.58,25.58,25.69,19.56,19.57,19.45,19.57,14.71,14.72,14.63,14.72,10.68,10.69,10.62,10.69,7.19,7.19,7.19,7.19,4.94,4.94,4.94,4.94
fragment_01160,2,28.95,28.95,28.28,28.95,22.8,22.8,22.29,22.8,16.8,16.8,16.45,16.8,12.48,12.48,12.18,12.48,9.44,9.44,9.26,9.44,6.74,6.74,6.7,6.74,4.67,4.67,4.67,4.67
fragment_01161,3,27.63,27.62,27.62,28.41,18.74,18.74,18.74,20.05,12.03,12.03,12.03,12.72,8.19,8.19,8.19,8.47,5.66,5.66,5.66,5.7,3.71,3.71,3.71,3.71,2.55,2.55,2.55,2.55
fragment_01162,2,27.79,27.78,27.78,27.79,25.4,25.4,25.4,25.4,18.68,18.68,18.68,18.68,13.09,13.09,13.09,13.09,9.72,9.72,9.72,9.72,7.26,7.26,7.26,7.26,5.62,5.62,5.62,5.62
fragment_01163,1,26.79,26.79,26.79,26.79,22.14,22.14,22.14,22.14,15.65,15.65,15.65,15.65,10.17,10.17,10.17,10.17,6.51,6.51,6.51,6.51,4.24,4.24,4.24,4.24,2.91,2.91,2.91,2.91
fragment_01164,6,30.58,30.88,30.16,31.13,25.93,26.59,25.01,26.62,18.47,18.93,17.49,18.99,10.69,10.68,10.68,10.75,6.48,6.47,6.47,6.51,4.21,4.21,4.21,4.24,2.9,2.89,2.89,2.91
fragment_01165,2,27.35,27.38,27.29,27.38,19.96,19.97,19.94,19.97,13.51,13.51,13.49,13.51,8.49,8.49,8.49,8.49,5.16,5.16,5.16,5.16,3.36,3.36,3.36,3.36,2.31,2.31,2.31,2.31
fragment_01166,4,29.2,29.23,28.49,29.23,25.63,25.61,25.21,26.02,20.53,20.48,20.44,21.36,16.01,15.99,15.99,16.33,11.5,11.5,11.47,11.56,7.74,7.74,7.74,7.75,5.32,5.32,5.32,5.32
fragment_01167,9,28.75,28.78,28.7,28.84,21.63,21.65,21.6,21.68,15.63,15.68,15.57,16.01,12.38,12.43,12.32,12.85,10.05,10.08,10.01,10.37,7.78,7.79,7.77,7.87,5.44,5.45,5.44,5.45
fragment_01168,2,27.7,27.69,27.69,27.7,25.34,25.35,25.34,25.35,19.25,19.26,19.25,19.26,13.95,13.95,13.94,13.95,10.28,10.29,10.28,10.29,7.41,7.42,7.41,7.42,5.18,5.18,5.18,5.18
fragment_01169,9,28.28,28.25,28.21,29.17,21.97,22.09,20.46,25.4,16.01,16.08,14.43,20.69,12.85,12.84,11.85,16.77,10.45,10.42,10.02,12.4,7.79,7.78,7.69,8.42,5.72,5.72,5.69,5.79
fragment_01170,5,33.94,34.09,33.34,34.09,31.31,31.49,30.4,32.67,23.23,23.29,22.84,24.76,14.61,14.61,14.6,14.73,8.91,8.92,8.88,8.92,5.8,5.8,5.78,5.81,3.98,3.99,3.97,3.99
fragment_01171,2,27.77,27.78,27.66,27.78,19.79,19.79,19.76,19.79,13.66,13.66,13.62,13.66,10.08,10.08,10.05,10.08,7.77,7.77,7.76,7.77,5.76,5.76,5.76,5.76,4.21,4.21,4.21,4.21
fragment_01172,14,28.14,28.18,28.11,28.19,21.09,21.11,21.06,21.12,14.66,14.67,14.64,14.67,10.44,10.45,10.42,10.45,7.21,7.21,7.19,7.22,5.24,5.21,5.19,5.29,4.14,4.09,4.08,4.22
fragment_01173,1,30.15,30.15,30.15,30.15,23.62,23.62,23.62,23.62,18.06,18.06,18.06,18.06,14.77,14.77,14.77,14.77,11.07,11.07,11.07,11.07,7.35,7.35,7.35,7.35,5.05,5.05,5.05,5.05
fragment_01174,2,27.99,27.99,27.6,27.99,22.72,22.72,22.33,22.72,16.13,16.13,16.09,16.13,11.44,11.44,11.35,11.44,8.54,8.54,8.49,8.54,6.23,6.23,6.22,6.23,4.35,4.35,4.35,4.36
fragment_01175,2,28.0,28.01,26.79,28.01,23.81,23.81,22.92,23.81,18.02,18.02,17.46,18.02,14.04,14.04,13.53,14.04,10.47,10.47,10.21,10.47,7.4,7.4,7.34,7.4,5.16,5.16,5.16,5.16
fragment_01176,1,28.47,28.47,28.47,28.47,21.81,21.81,21.81,21.81,16.45,16.45,16.45,16.45,12.28,12.28,12.28,12.28,8.12,8.12,8.12,8.12,5.29,5.29,5.29,5.29,3.63,3.63,3.63,3.63
fragment_01177,1,28.07,28.07,28.07,28.07,21.69,21.69,21.69,21.69,15.89,15.89,15.89,15.89,11.6,11.6,11.6,11.6,8.27,8.27,8.27,8.27,5.55,5.55,5.55,5.55,3.82,3.82,3.82,3.82
fragment_01178,6,31.3,31.27,31.27,31.6,26.84,26.77,26.77,28.98,20.08,20.21,19.49,22.54,13.5,13.69,12.94,13.92,8.4,8.39,8.37,8.43,5.47,5.46,5.46,5.49,3.76,3.75,3.75,3.77
fragment_01179,4,30.23,30.23,29.71,30.49,26.07,26.09,25.53,26.82,19.94,20.02,18.11,21.32,14.33,14.37,13.18,15.3,10.65,10.66,10.3,10.94,7.36,7.36,7.34,7.36,5.06,5.05,5.05,5.06
fragment_01180,5,29.04,29.05,28.4,29.05,25.42,25.42,24.67,25.64,20.02,20.0,19.81,20.88,15.26,15.26,15.19,15.52,10.59,10.59,10.58,10.6,6.93,6.93,6.93,6.93,4.76,4.76,4.76,4.76
fragment_01181,2,30.4,30.39,30.39,31.15,24.31,24.28,24.28,27.06,16.99,16.95,16.95,20.41,12.6,12.58,12.58,14.51,9.47,9.45,9.45,10.66,7.24,7.23,7.23,7.94,5.64,5.64,5.64,5.98
fragment_01182,23,28.42,28.34,28.17,29.86,23.56,23.77,22.33,26.55,18.03,18.19,16.33,20.55,12.92,12.76,11.2,14.54,8.73,8.67,7.89,9.06,5.88,5.89,5.71,5.9,4.05,4.05,4.04,4.05
fragment_01183,1,27.08,27.08,27.08,27.08,22.98,22.98,22.98,22.98,17.55,17.55,17.55,17.55,12.68,12.68,12.68,12.68,9.55,9.55,9.55,9.55,6.92,6.92,6.92,6.92,4.9,4.9,4.9,4.9
fragment_01184,4,28.08,28.12,28.05,28.12,19.85,19.86,19.83,19.86,14.44,14.43,14.43,14.44,11.2,11.2,11.2,11.2,7.61,7.61,7.61,7.61,4.97,4.97,4.96,4.97,3.41,3.41,3.41,3.41
fragment_01185,1,28.84,28.84,28.84,28.84,21.93,21.93,21.93,21.93,15.03,15.03,15.03,15.03,11.02,11.02,11.02,11.02,8.31,8.31,8.31,8.31,5.96,5.96,5.96,5.96,4.13,4.13,4.13,4.13
fragment_01186,9,32.84,32.8,32.5,33.01,29.2,29.53,28.46,30.33,20.71,20.98,20.02,22.24,14.67,14.72,14.53,15.32,9.83,9.84,9.81,9.87,6.43,6.43,6.42,6.43,4.41,4.42,4.41,4.42
fragment_01187,1,28.85,28.85,28.85,28.85,21.93,21.93,21.93,21.93,15.04,15.04,15.04,15.04,11.02,11.02,11.02,11.02,8.31,8.31,8.31,8.31,5.96,5.96,5.96,5.96,4.13,4.13,4.13,4.13
fragment_01188,3,31.97,31.78,31.78,32.53,27.34,26.85,26.85,28.74,18.64,18.11,18.11,20.27,12.84,12.42,12.42,14.11,9.43,9.24,9.24,10.0,6.76,6.71,6.71,6.92,4.75,4.75,4.75,4.75
fragment_01189,3,27.95,27.96,27.92,27.96,20.93,20.94,20.93,20.94,14.5,14.51,14.5,14.51,8.97,8.97,8.96,8.97,5.43,5.43,5.43,5.43,3.54,3.54,3.53,3.54,2.43,2.43,2.43,2.43
fragment_01190,1,28.24,28.24,28.24,28.24,22.39,22.39,22.39,22.39,16.53,16.53,16.53,16.53,11.9,11.9,11.9,11.9,8.57,8.57,8.57,8.57,5.78,5.78,5.78,5.78,3.97,3.97,3.97,3.97
fragment_01191,8,28.37,28.28,28.28,29.72,26.97,26.99,25.85,27.78,22.56,22.62,21.01,22.62,17.56,17.58,16.89,17.64,12.18,12.19,12.1,12.19,8.05,8.05,8.02,8.05,5.53,5.53,5.51,5.53
fragment_01192,6,30.06,30.06,30.06,30.58,24.31,24.31,24.2,26.44,17.76,17.76,17.45,19.7,13.16,13.16,12.92,13.52,8.56,8.56,8.56,8.58,5.57,5.57,5.57,5.58,3.83,3.83,3.83,3.84
fragment_01193,3,26.2,26.34,25.84,26.34,21.21,21.32,20.87,21.32,15.48,15.5,15.4,15.5,10.55,10.55,10.52,10.55,7.12,7.12,7.1,7.12,4.93,4.93,4.93,4.93,3.39,3.39,3.39,3.39
fragment_01194,6,30.47,30.32,30.27,30.98,24.93,24.27,24.22,26.79,17.11,16.34,16.34,19.17,11.13,10.85,10.85,11.73,7.09,7.07,7.07,7.11,4.62,4.62,4.62,4.62,3.17,3.17,3.17,3.18
fragment_01195,25,30.44,30.5,30.26,31.24,24.9,25.19,24.12,27.64,17.76,17.81,16.93,20.45,12.84,12.57,12.19,14.64,9.18,8.84,8.77,10.01,6.41,6.33,6.3,6.52,4.47,4.47,4.47,4.48
fragment_01196,2,27.41,27.42,27.4,27.42,18.91,18.91,18.89,18.91,12.59,12.59,12.58,12.59,8.54,8.55,8.53,8.55,5.49,5.49,5.49,5.49,3.58,3.58,3.58,3.58,2.46,2.46,2.46,2.46
fragment_01197,9,28.36,28.33,27.66,28.51,23.21,23.19,22.45,23.33,16.79,17.01,16.19,17.14,12.56,12.74,12.15,13.2,9.85,10.04,9.49,10.91,7.57,7.73,7.27,8.33,5.91,5.97,5.77,6.04
fragment_01198,2,30.11,30.11,30.11,30.11,25.78,25.78,25.77,25.78,21.48,21.48,21.48,21.48,16.43,16.43,16.43,16.43,10.62,10.62,10.62,10.62,6.91,6.91,6.91,6.91,4.75,4.75,4.75,4.75
fragment_01199,13,30.8,30.7,30.7,31.9,27.9,28.33,27.06,29.61,23.21,23.98,21.94,25.26,18.0,18.33,17.41,18.74,12.0,12.04,11.89,12.06,7.84,7.84,7.84,7.85,5.39,5.39,5.39,5.4
fragment_01200,5,29.13,29.22,28.82,29.46,22.47,22.31,22.31,22.96,15.68,15.5,15.5,16.25,11.14,11.26,10.49,11.26,7.35,7.36,7.22,7.36,4.79,4.79,4.79,4.8,3.29,3.29,3.29,3.3
fragment_01201,4,25.32,25.32,25.32,26.38,18.9,18.88,18.88,22.69,15.37,15.35,15.35,19.2,12.16,12.15,12.15,15.2,9.82,9.81,9.81,12.05,8.03,8.03,8.03,8.92,6.15,6.14,6.14,6.23
fragment_01202,47,27.76,27.74,27.72,28.25,18.81,18.72,18.71,22.14,12.68,12.64,12.47,17.56,10.14,10.27,9.84,13.55,8.44,8.62,8.11,10.08,6.65,6.76,6.35,6.97,4.77,4.78,4.69,4.79
fragment_01203,8,28.47,28.38,28.24,28.78,21.79,21.85,20.52,22.54,14.29,14.43,12.95,14.94,8.83,8.9,8.53,8.92,5.4,5.4,5.38,5.4,3.51,3.51,3.5,3.52,2.41,2.41,2.41,2.42
fragment_01204,2,28.94,28.94,28.25,28.94,22.79,22.79,22.28,22.79,16.76,16.76,16.44,16.76,12.11,12.11,11.88,12.11,8.6,8.6,8.54,8.6,5.78,5.78,5.78,5.78,3.97,3.97,3.97,3.97
fragment_01205,4,29.07,28.73,28.73,29.67,22.57,22.08,22.08,23.69,15.5,15.26,15.26,16.61,9.8,9.77,9.77,10.13,6.13,6.13,6.13,6.14,3.99,3.99,3.99,4.0,2.74,2.74,2.74,2.75
fragment_01206,17,28.28,28.3,28.18,28.72,21.25,21.65,20.53,22.51,14.2,14.93,13.05,15.58,9.79,10.36,8.88,10.82,7.29,7.79,6.56,8.13,5.76,6.12,5.19,6.31,4.64,4.89,4.25,5.01
fragment_01207,7,28.16,28.16,28.01,28.62,21.49,21.82,20.48,22.79,15.37,15.72,13.65,16.36,11.91,12.23,10.37,12.97,9.48,9.73,8.35,10.54,7.51,7.63,6.81,8.05,5.64,5.67,5.39,5.67
fragment_01208,4,30.07,30.07,30.07,30.56,24.07,24.07,24.07,25.18,17.17,17.17,17.17,18.18,12.77,12.77,12.77,13.27,8.56,8.56,8.56,8.57,5.58,5.58,5.57,5.58,3.83,3.83,3.83,3.83
fragment_01209,3,28.15,28.19,28.11,28.19,19.9,19.92,19.89,19.92,14.35,14.36,14.35,14.36,11.3,11.29,11.29,11.3,8.73,8.72,8.72,8.73,6.7,6.7,6.7,6.7,5.33,5.33,5.33,5.33
fragment_01210,2,28.94,28.95,28.92,28.95,21.8,21.8,21.8,21.8,15.17,15.17,15.16,15.17,11.05,11.04,11.04,11.06,8.02,8.02,8.02,8.03,5.73,5.73,5.73,5.73,3.94,3.94,3.94,3.94
fragment_01211,1,30.09,30.09,30.09,30.09,23.57,23.57,23.57,23.57,17.16,17.16,17.16,17.16,13.05,13.05,13.05,13.05,9.67,9.67,9.67,9.67,6.47,6.47,6.47,6.47,4.44,4.44,4.44,4.44
fragment_01212,9,33.37,33.26,32.97,33.54,29.63,30.14,29.16,30.71,22.47,22.93,21.96,24.0,15.94,16.02,15.82,16.58,10.64,10.67,10.62,10.7,6.96,6.97,6.96,6.97,4.78,4.79,4.78,4.79
fragment_01213,2,27.96,27.96,27.56,27.96,22.68,22.68,22.29,22.68,16.14,16.14,16.08,16.14,11.54,11.54,11.44,11.54,8.6,8.6,8.56,8.6,6.59,6.59,6.55,6.59,5.03,5.03,5.0,5.03
fragment_01214,3,27.84,27.78,27.78,28.02,19.11,18.71,18.71,20.11,12.2,11.78,11.78,13.3,8.01,7.9,7.9,8.29,5.02,5.02,5.02,5.03,3.27,3.27,3.27,3.27,2.25,2.24,2.24,2.25
fragment_01215,1,29.45,29.45,29.45,29.45,23.19,23.19,23.19,23.19,18.09,18.09,18.09,18.09,12.73,12.73,12.73,12.73,8.49,8.49,8.49,8.49,5.78,5.78,5.78,5.78,3.97,3.97,3.97,3.97
fragment_01216,1,29.52,29.52,29.52,29.52,23.25,23.25,23.25,23.25,18.14,18.14,18.14,18.14,12.78,12.78,12.78,12.78,8.83,8.83,8.83,8.83,6.43,6.43,6.43,6.43,4.48,4.48,4.48,4.48
fragment_01217,1,28.7,28.7,28.7,28.7,22.22,22.22,22.22,22.22,16.75,16.75,16.75,16.75,12.69,12.69,12.69,12.69,9.06,9.06,9.06,9.06,6.13,6.13,6.13,6.13,4.21,4.21,4.21,4.21
fragment_01218,16,31.46,31.33,30.97,31.94,28.14,28.12,27.13,29.78,22.81,23.16,21.55,24.04,15.72,16.06,14.76,16.22,9.9,9.92,9.77,9.95,6.46,6.46,6.45,6.48,4.44,4.44,4.43,4.45
fragment_01219,2,27.77,27.78,27.65,27.78,19.8,19.8,19.76,19.8,13.66,13.67,13.62,13.67,10.08,10.08,10.05,10.08,7.77,7.77,7.76,7.77,5.82,5.83,5.82,5.83,4.44,4.44,4.44,4.44
fragment_01220,1,28.1,28.1,28.1,28.1,22.8,22.8,22.8,22.8,16.25,16.25,16.25,16.25,11.98,11.98,11.98,11.98,9.37,9.37,9.37,9.37,7.44,7.44,7.44,7.44,5.93,5.93,5.93,5.93
fragment_01221,1,27.19,27.19,27.19,27.19,23.69,23.69,23.69,23.69,18.87,18.87,18.87,18.87,14.17,14.17,14.17,14.17,10.33,10.33,10.33,10.33,7.42,7.42,7.42,7.42,5.18,5.18,5.18,5.18
fragment_01222,1,24.81,24.81,24.81,24.81,18.02,18.02,18.02,18.02,12.49,12.49,12.49,12.49,9.53,9.53,9.53,9.53,7.41,7.41,7.41,7.41,5.41,5.41,5.41,5.41,3.77,3.77,3.77,3.77
fragment_01223,2,30.15,30.14,30.14,30.25,23.89,23.75,23.75,25.04,16.78,16.63,16.63,18.0,11.82,11.79,11.79,12.07,7.49,7.49,7.49,7.5,4.88,4.88,4.88,4.88,3.35,3.35,3.35,3.35
fragment_01224,4,28.79,28.79,28.79,28.81,21.68,21.68,21.67,21.68,15.15,15.14,15.14,15.15,11.08,11.08,11.05,11.09,8.46,8.47,8.37,8.47,6.6,6.6,6.54,6.6,4.82,4.82,4.82,4.82
fragment_01225,3,27.43,27.44,27.42,27.44,19.41,19.42,19.41,19.42,13.25,13.25,13.25,13.25,10.08,10.08,10.08,10.08,8.03,8.03,8.03,8.03,5.92,5.92,5.92,5.92,4.15,4.15,4.15,4.15
fragment_01226,27,30.07,30.04,30.04,30.77,24.78,25.06,24.24,27.18,19.2,19.71,17.61,21.95,15.43,16.13,13.47,16.74,11.33,11.95,9.88,12.24,8.07,8.31,7.25,8.32,5.69,5.71,5.41,5.72
fragment_01227,8,28.01,28.1,27.69,28.33,20.15,20.44,18.66,21.37,14.31,14.61,11.92,16.68,10.77,11.11,8.93,12.62,8.22,8.49,7.17,9.4,6.37,6.54,5.6,7.15,4.98,5.09,4.5,5.39
fragment_01228,4,31.25,31.29,30.54,31.72,27.34,27.26,26.35,28.92,20.86,20.87,19.54,22.07,13.76,13.8,12.95,13.88,8.41,8.41,8.37,8.42,5.47,5.48,5.46,5.48,3.76,3.76,3.75,3.76
fragment_01229,2,28.25,28.24,28.24,28.28,20.42,20.4,20.4,20.45,14.58,14.59,14.55,14.59,10.8,10.81,10.78,10.81,7.27,7.27,7.27,7.27,4.76,4.76,4.76,4.76,3.27,3.27,3.27,3.27
fragment_01230,1,30.09,30.09,30.09,30.09,24.85,24.85,24.85,24.85,19.47,19.47,19.47,19.47,14.17,14.17,14.17,14.17,9.23,9.23,9.23,9.23,6.12,6.12,6.12,6.12,4.21,4.21,4.21,4.21
fragment_01231,19,30.1,30.1,30.03,30.62,24.1,24.11,24.06,25.19,17.75,18.24,17.26,18.71,14.11,14.83,13.14,15.09,10.63,11.34,9.87,11.57,7.81,8.22,7.23,8.26,5.64,5.71,5.4,5.71
fragment_01232,1,29.55,29.55,29.55,29.55,22.72,22.72,22.72,22.72,16.61,16.61,16.61,16.61,11.34,11.34,11.34,11.34,6.96,6.96,6.96,6.96,4.53,4.53,4.53,4.53,3.11,3.11,3.11,3.11
fragment_01233,2,28.13,28.13,28.13,28.71,19.98,19.97,19.97,21.82,12.72,12.71,12.71,13.95,8.92,8.92,8.92,9.49,6.49,6.49,6.49,6.85,4.59,4.59,4.59,4.63,3.18,3.18,3.18,3.18
fragment_01234,2,28.18,28.18,28.18,28.18,21.83,21.82,21.82,21.83,16.46,16.46,16.46,16.46,12.26,12.26,12.26,12.26,9.16,9.16,9.16,9.16,6.23,6.23,6.23,6.23,4.28,4.28,4.28,4.28
fragment_01235,1,28.75,28.75,28.75,28.75,24.05,24.05,24.05,24.05,19.35,19.35,19.35,19.35,13.66,13.66,13.66,13.66,9.39,9.39,9.39,9.39,6.2,6.2,6.2,6.2,4.26,4.26,4.26,4.26
fragment_01236,49,30.32,30.35,30.17,31.18,24.48,24.17,24.05,27.55,16.81,16.05,15.98,19.91,11.62,10.76,10.73,13.69,8.3,7.52,7.52,9.68,6.09,5.63,5.63,6.53,4.43,4.29,4.29,4.48
fragment_01237,26,28.2,28.2,28.06,29.5,21.45,22.08,20.4,25.28,14.93,15.91,13.21,19.27,11.32,11.93,9.68,14.01,8.88,8.87,7.68,11.9,7.03,6.76,6.21,9.02,5.53,5.36,5.05,6.23
fragment_01238,8,25.21,25.18,25.13,26.14,20.43,20.41,20.31,22.27,17.22,17.2,16.04,20.31,13.97,13.94,12.71,16.88,10.89,10.88,10.24,12.11,7.92,7.92,7.75,8.03,5.51,5.51,5.51,5.52
fragment_01239,5,28.14,28.16,28.05,28.16,21.17,21.18,21.13,21.18,14.82,14.82,14.8,14.83,9.82,9.75,9.72,10.01,7.01,6.93,6.93,7.22,4.96,4.95,4.95,4.99,3.43,3.43,3.42,3.43
fragment_01240,25,30.32,30.23,30.18,31.26,24.54,24.31,24.02,27.52,16.82,16.85,15.94,20.15,11.48,11.84,10.7,13.32,7.92,8.13,7.48,8.35,5.41,5.42,5.35,5.44,3.73,3.73,3.73,3.74
fragment_01241,3,28.37,28.41,28.31,28.41,20.52,20.56,20.48,20.56,14.79,14.78,14.78,14.81,11.19,11.18,11.18,11.22,8.38,8.37,8.37,8.39,6.51,6.5,6.5,6.52,4.95,4.95,4.95,4.95
fragment_01242,7,28.6,28.43,28.43,29.04,23.55,23.29,23.29,24.19,18.47,18.24,18.09,19.03,13.73,13.6,13.53,14.07,9.29,9.28,9.23,9.3,6.05,6.05,6.05,6.06,4.16,4.16,4.15,4.16
fragment_01243,8,28.36,28.13,28.06,30.51,23.23,22.84,22.61,26.7,18.32,18.14,17.37,22.31,14.62,14.64,13.27,17.5,11.38,11.44,10.54,12.3,8.2,8.22,7.95,8.35,5.72,5.72,5.71,5.74
fragment_01244,2,28.09,28.09,27.66,28.09,22.79,22.79,22.4,22.79,16.44,16.44,16.44,16.52,12.07,12.07,12.07,12.18,8.42,8.42,8.42,8.47,5.62,5.62,5.62,5.63,3.86,3.86,3.86,3.86
fragment_01245,9,29.99,29.98,29.98,30.53,24.23,24.26,24.17,25.11,18.4,18.7,17.8,19.43,14.72,15.2,14.02,15.22,10.88,11.35,10.15,11.35,7.73,7.85,7.53,7.86,5.4,5.4,5.39,5.4
fragment_01246,3,30.41,30.34,30.34,30.73,24.39,24.12,24.12,25.47,15.8,15.56,15.56,16.73,9.34,9.33,9.33,9.37,5.67,5.67,5.67,5.67,3.69,3.69,3.69,3.69,2.53,2.53,2.53,2.54
fragment_01247,3,28.71,28.71,28.64,28.75,21.59,21.59,21.56,21.62,15.46,15.43,15.43,15.51,11.74,11.71,11.71,11.78,8.69,8.68,8.68,8.7,6.1,6.1,6.1,6.11,4.2,4.2,4.2,4.2
fragment_01248,6,27.67,27.65,27.65,28.27,23.19,23.2,22.5,23.2,16.81,16.82,16.17,16.82,11.99,11.99,11.75,11.99,7.62,7.62,7.62,7.63,4.96,4.96,4.96,4.97,3.41,3.41,3.41,3.41
fragment_01249,2,30.32,30.32,30.31,30.32,25.34,25.34,25.34,25.34,19.91,19.91,19.91,19.91,13.97,13.98,13.97,13.98,9.37,9.37,9.37,9.37,6.63,6.63,6.63,6.63,4.64,4.64,4.64,4.64
fragment_01250,6,28.76,28.58,28.44,29.43,22.54,22.36,22.29,24.54,16.09,16.03,15.95,17.64,10.49,10.51,10.4,10.59,6.4,6.4,6.39,6.42,4.16,4.16,4.16,4.18,2.86,2.86,2.86,2.87
fragment_01251,1,30.1,30.1,30.1,30.1,23.62,23.62,23.62,23.62,17.94,17.94,17.94,17.94,14.56,14.56,14.56,14.56,10.94,10.94,10.94,10.94,7.38,7.38,7.38,7.38,5.07,5.07,5.07,5.07
fragment_01252,1,28.05,28.05,28.05,28.05,25.84,25.84,25.84,25.84,21.2,21.2,21.2,21.2,15.42,15.42,15.42,15.42,11.65,11.65,11.65,11.65,8.47,8.47,8.47,8.47,5.97,5.97,5.97,5.97
fragment_01253,2,28.25,28.23,28.23,28.29,20.4,20.38,20.38,20.44,14.46,14.47,14.43,14.47,10.59,10.6,10.56,10.6,7.27,7.27,7.26,7.27,4.77,4.77,4.77,4.77,3.27,3.27,3.27,3.27
fragment_01254,1,30.08,30.08,30.08,30.08,24.52,24.52,24.52,24.52,18.93,18.93,18.93,18.93,13.76,13.76,13.76,13.76,9.02,9.02,9.02,9.02,5.87,5.87,5.87,5.87,4.03,4.03,4.03,4.03
fragment_01255,19,27.75,27.7,27.65,27.99,20.41,20.37,19.36,21.47,14.21,14.19,13.39,15.39,10.47,10.47,10.14,11.52,8.25,8.26,7.91,8.98,6.5,6.5,6.29,6.9,4.91,4.91,4.82,5.03
fragment_01256,12,31.0,30.68,30.68,31.78,26.39,26.0,26.0,29.09,19.42,19.32,19.1,22.16,12.95,13.03,12.58,13.39,8.08,8.08,8.07,8.11,5.26,5.26,5.25,5.28,3.61,3.61,3.61,3.63
fragment_01257,10,31.29,31.46,30.73,31.97,26.72,26.98,26.03,28.13,20.82,21.08,19.97,21.37,15.13,15.18,14.68,15.6,10.07,10.08,10.0,10.08,6.57,6.57,6.55,6.57,4.51,4.51,4.5,4.52
fragment_01258,2,30.46,30.46,30.45,30.46,25.35,25.35,25.35,25.35,19.97,19.96,19.96,19.98,14.54,14.54,14.54,14.54,9.49,9.49,9.49,9.49,6.18,6.18,6.18,6.18,4.24,4.24,4.24,4.24
fragment_01259,5,30.08,30.08,30.07,30.57,24.09,24.09,24.09,25.19,17.32,17.3,17.29,18.27,13.45,13.43,13.3,14.16,9.91,9.9,9.73,10.46,7.16,7.15,7.12,7.32,5.04,5.04,5.04,5.04
fragment_01260,2,30.28,30.29,30.28,30.29,25.28,25.28,25.27,25.28,20.05,20.05,20.04,20.05,14.71,14.71,14.7,14.71,10.46,10.46,10.46,10.46,7.33,7.33,7.33,7.33,5.06,5.06,5.06,5.06
fragment_01261,7,27.85,27.73,27.72,28.35,19.29,18.82,18.82,23.03,13.3,12.55,12.55,17.2,9.96,9.54,9.54,11.49,6.91,6.81,6.81,7.04,4.57,4.57,4.57,4.58,3.14,3.14,3.14,3.15
fragment_01262,1,30.49,30.49,30.49,30.49,24.89,24.89,24.89,24.89,19.01,19.01,19.01,19.01,13.79,13.79,13.79,13.79,9.98,9.98,9.98,9.98,7.41,7.41,7.41,7.41,5.34,5.34,5.34,5.34
fragment_01263,2,27.92,27.92,27.92,27.93,25.56,25.56,25.54,25.56,18.8,18.81,18.79,18.81,13.04,13.04,13.04,13.05,9.48,9.41,9.41,9.7,7.2,7.13,7.13,7.44,5.79,5.75,5.75,5.9
fragment_01264,3,31.69,31.63,31.63,32.27,26.8,26.67,26.67,28.66,17.98,17.9,17.9,19.45,11.16,11.15,11.15,11.19,6.77,6.77,6.77,6.78,4.41,4.41,4.41,4.41,3.03,3.03,3.03,3.03
fragment_01265,25,28.85,28.95,27.93,29.21,23.87,23.88,23.28,26.85,18.2,18.18,17.45,22.14,14.08,14.14,13.53,17.23,10.45,10.37,10.1,11.64,7.5,7.5,7.42,7.58,5.19,5.2,5.19,5.21
fragment_01266,24,30.35,30.25,30.2,31.17,24.5,24.09,24.06,27.52,16.8,15.99,15.99,19.59,11.51,10.74,10.74,12.96,8.02,7.5,7.5,8.67,5.59,5.46,5.46,5.67,3.89,3.88,3.88,3.9
fragment_01267,1,29.69,29.69,29.69,29.69,23.16,23.16,23.16,23.16,16.4,16.4,16.4,16.4,11.37,11.37,11.37,11.37,7.67,7.67,7.67,7.67,5.28,5.28,5.28,5.28,3.63,3.63,3.63,3.63
fragment_01268,5,29.05,29.06,28.39,29.06,25.44,25.44,24.69,25.65,20.02,20.0,19.82,20.89,15.27,15.26,15.19,15.53,10.59,10.59,10.58,10.6,6.93,6.93,6.93,6.93,4.76,4.76,4.76,4.76
fragment_01269,4,28.76,28.66,28.65,29.23,23.7,23.79,23.44,23.79,17.94,17.95,17.84,18.1,13.24,13.18,13.18,13.43,9.94,9.91,9.91,10.07,7.22,7.21,7.21,7.26,5.04,5.04,5.04,5.04
fragment_01270,4,28.16,28.15,28.15,28.82,20.02,20.01,20.01,21.9,12.77,12.77,12.77,14.03,8.99,8.98,8.98,9.81,7.01,7.02,6.89,7.37,5.85,5.87,5.45,5.96,4.84,4.85,4.46,4.89
fragment_01271,12,28.68,28.64,28.23,29.76,23.37,22.88,22.73,25.76,17.84,17.53,16.66,19.52,13.05,13.0,12.04,13.84,8.65,8.67,8.52,8.68,5.64,5.64,5.64,5.65,3.88,3.88,3.87,3.88
fragment_01272,2,27.71,27.72,27.67,27.72,20.36,20.36,20.36,20.36,13.95,13.96,13.94,13.96,10.19,10.19,10.18,10.19,7.88,7.88,7.87,7.88,5.85,5.85,5.85,5.85,4.29,4.29,4.29,4.29
fragment_01273,1,28.55,28.55,28.55,28.55,27.71,27.71,27.71,27.71,24.18,24.18,24.18,24.18,19.36,19.36,19.36,19.36,14.04,14.04,14.04,14.04,9.33,9.33,9.33,9.33,6.41,6.41,6.41,6.41
fragment_01274,3,28.7,28.72,28.64,28.72,21.6,21.6,21.56,21.61,15.18,15.16,15.16,15.2,11.29,11.28,11.28,11.32,8.33,8.32,8.32,8.34,5.79,5.79,5.79,5.79,3.98,3.98,3.98,3.98
fragment_01275,2,31.27,31.21,31.21,31.35,26.34,26.31,26.31,26.39,17.86,17.87,17.85,17.87,10.17,10.18,10.17,10.18,6.16,6.17,6.16,6.17,4.01,4.01,4.01,4.01,2.76,2.76,2.76,2.76
fragment_01276,2,28.81,28.81,28.8,28.81,21.38,21.39,21.38,21.39,14.79,14.79,14.79,14.79,11.17,11.17,11.17,11.17,8.03,8.03,8.03,8.03,5.67,5.67,5.67,5.67,3.94,3.94,3.94,3.94
fragment_01277,2,29.6,29.45,29.45,29.96,22.49,22.56,22.31,22.56,14.23,14.37,13.87,14.37,8.2,8.2,8.2,8.21,4.97,4.97,4.97,4.98,3.23,3.23,3.23,3.24,2.22,2.22,2.22,2.22
fragment_01278,2,26.75,26.75,26.32,26.75,22.54,22.54,22.02,22.54,16.87,16.87,16.57,16.87,12.44,12.44,12.21,12.44,8.87,8.87,8.79,8.87,6.35,6.35,6.29,6.35,4.63,4.63,4.62,4.63
fragment_01279,22,27.8,27.76,27.73,28.64,19.27,18.92,18.92,22.95,13.66,12.92,12.92,17.52,10.77,10.09,10.09,12.93,8.26,7.85,7.85,9.32,6.01,5.92,5.91,6.13,4.2,4.2,4.2,4.21
fragment_01280,2,28.58,28.58,28.58,28.8,24.04,24.04,24.01,24.04,20.39,20.39,18.95,20.39,15.75,15.76,14.15,15.76,11.43,11.43,10.76,11.43,7.81,7.82,7.72,7.82,5.37,5.37,5.37,5.37
fragment_01281,2,30.07,30.07,30.07,30.35,24.08,24.08,24.08,24.24,17.23,17.23,17.23,17.53,12.86,12.86,12.86,13.03,8.7,8.7,8.7,8.72,5.71,5.71,5.71,5.71,3.92,3.92,3.92,3.92
fragment_01282,21,28.42,28.42,28.1,29.27,20.88,20.64,20.61,23.57,15.9,15.36,14.9,18.91,12.2,11.78,10.98,14.17,8.66,8.65,7.71,9.17,5.9,5.97,5.55,5.98,4.1,4.1,4.07,4.11
fragment_01283,4,28.22,28.22,28.22,29.22,20.05,20.04,20.04,22.17,13.17,13.17,13.15,14.59,9.84,9.85,9.7,10.9,8.0,8.01,7.87,8.91,6.48,6.45,6.45,7.38,5.19,5.14,5.14,5.76
fragment_01284,2,29.82,29.88,29.64,29.88,23.68,23.83,23.16,23.83,17.03,17.18,16.52,17.18,13.09,13.15,12.88,13.15,9.27,9.27,9.25,9.27,6.1,6.1,6.1,6.11,4.19,4.19,4.19,4.2
fragment_01285,2,27.77,27.77,27.77,27.77,18.88,18.88,18.88,18.88,12.53,12.53,12.52,12.53,9.09,9.09,9.08,9.09,6.84,6.84,6.84,6.84,5.47,5.47,5.47,5.47,4.47,4.47,4.47,4.47
fragment_01286,2,26.93,26.93,26.93,26.94,22.76,22.75,22.75,22.76,16.94,16.93,16.93,16.94,12.36,12.36,12.36,12.37,9.96,9.96,9.96,9.96,7.72,7.72,7.71,7.72,5.48,5.48,5.48,5.48
fragment_01287,14,34.03,34.15,33.46,34.56,31.32,32.07,30.09,34.07,22.36,22.95,21.3,24.76,14.24,14.27,14.2,14.34,8.68,8.68,8.66,8.69,5.65,5.65,5.64,5.66,3.88,3.88,3.87,3.89
fragment_01288,2,28.32,28.31,28.31,28.34,20.47,20.45,20.45,20.49,14.75,14.76,14.71,14.76,11.08,11.1,11.05,11.1,8.28,8.29,8.26,8.29,5.97,5.97,5.97,5.97,4.12,4.12,4.12,4.12
fragment_01289,8,29.16,29.41,28.51,29.41,22.8,22.64,22.46,24.4,18.2,17.84,17.69,21.3,13.86,13.6,13.05,16.57,10.27,10.08,9.87,11.62,7.52,7.5,7.38,7.78,5.33,5.34,5.32,5.34
fragment_01290,2,31.0,31.0,31.0,31.0,27.07,27.07,27.07,27.07,19.73,19.73,19.73,19.73,12.51,12.51,12.51,12.51,7.63,7.63,7.63,7.63,4.97,4.97,4.97,4.97,3.41,3.41,3.41,3.41
fragment_01291,2,27.45,27.45,27.44,27.45,19.42,19.43,19.42,19.43,13.22,13.22,13.22,13.22,9.86,9.86,9.86,9.86,7.66,7.66,7.66,7.66,5.85,5.85,5.85,5.85,4.55,4.55,4.55,4.55
fragment_01292,1,29.71,29.71,29.71,29.71,23.12,23.12,23.12,23.12,16.42,16.42,16.42,16.42,11.63,11.63,11.63,11.63,8.66,8.66,8.66,8.66,6.52,6.52,6.52,6.52,4.72,4.72,4.72,4.72
fragment_01293,6,28.15,28.13,28.13,28.81,20.02,20.0,20.0,21.88,12.83,12.8,12.8,14.09,9.13,9.1,9.1,9.98,6.98,6.95,6.95,7.57,5.66,5.55,5.55,6.0,4.68,4.5,4.5,4.94
fragment_01294,2,30.92,30.88,30.88,30.97,25.99,26.84,25.04,26.84,19.47,21.09,17.66,21.09,13.84,14.96,12.59,14.96,9.94,10.57,9.24,10.57,7.08,7.24,6.9,7.24,4.97,4.97,4.97,4.97
fragment_01295,26,27.81,27.76,27.75,28.66,19.28,18.94,18.94,22.92,13.69,12.94,12.94,17.5,10.77,10.1,10.1,13.38,8.26,7.86,7.86,9.35,6.01,5.92,5.91,6.13,4.2,4.2,4.2,4.21
fragment_01296,18,28.37,28.39,28.12,29.07,20.2,20.17,20.17,24.74,14.01,14.02,13.56,19.09,11.36,11.33,10.44,14.75,9.7,9.68,8.84,11.05,7.44,7.45,7.32,7.55,5.16,5.16,5.16,5.18
fragment_01297,2,27.44,27.43,27.43,27.44,19.43,19.43,19.43,19.43,13.2,13.19,13.19,13.2,9.67,9.67,9.67,9.67,7.39,7.39,7.39,7.39,5.41,5.42,5.41,5.42,3.78,3.78,3.78,3.78
fragment_01298,3,27.86,27.84,27.84,28.71,20.1,20.11,19.84,20.11,13.8,13.81,13.29,13.81,9.0,9.0,8.99,9.15,5.64,5.65,5.64,5.65,3.67,3.67,3.67,3.67,2.52,2.52,2.52,2.52
fragment_01299,2,30.31,30.31,30.31,30.31,25.37,25.36,25.36,25.37,19.96,19.95,19.95,19.96,13.99,13.99,13.99,13.99,9.32,9.32,9.32,9.32,6.5,6.5,6.5,6.5,4.63,4.63,4.63,4.63
fragment_01300,1,29.75,29.75,29.75,29.75,23.21,23.21,23.21,23.21,16.57,16.57,16.57,16.57,12.07,12.07,12.07,12.07,8.47,8.47,8.47,8.47,5.62,5.62,5.62,5.62,3.86,3.86,3.86,3.86
fragment_01301,3,27.77,27.7,27.7,28.01,18.93,18.66,18.66,19.98,12.15,11.87,11.87,13.26,8.06,8.0,8.0,8.28,5.01,5.01,5.01,5.02,3.26,3.26,3.26,3.27,2.24,2.24,2.24,2.24
fragment_01302,5,24.84,24.64,24.39,25.23,20.03,19.99,19.53,20.14,16.65,16.91,16.14,17.36,13.31,13.54,12.79,14.47,10.46,10.54,10.25,10.96,7.59,7.61,7.55,7.67,5.29,5.29,5.29,5.3
fragment_01303,2,28.95,28.95,28.85,28.95,24.39,24.4,24.23,24.4,18.13,18.14,17.88,18.14,13.65,13.66,13.46,13.66,10.6,10.61,10.46,10.61,8.32,8.33,8.24,8.33,6.15,6.15,6.14,6.15
fragment_01304,1,25.68,25.68,25.68,25.68,18.17,18.17,18.17,18.17,10.96,10.96,10.96,10.96,6.37,6.37,6.37,6.37,3.86,3.86,3.86,3.86,2.51,2.51,2.51,2.51,1.73,1.73,1.73,1.73
fragment_01305,2,31.08,31.08,31.08,31.08,26.73,26.73,26.73,26.73,21.47,21.48,21.47,21.48,14.73,14.73,14.73,14.73,9.79,9.79,9.79,9.79,6.82,6.82,6.82,6.82,4.72,4.72,4.72,4.72
fragment_01306,2,31.31,31.31,31.31,31.31,26.95,26.95,26.95,26.96,21.63,21.62,21.62,21.63,15.26,15.25,15.25,15.26,10.34,10.34,10.34,10.34,6.86,6.86,6.86,6.86,4.71,4.71,4.71,4.72
fragment_01307,1,30.31,30.31,30.31,30.31,24.7,24.7,24.7,24.7,17.9,17.9,17.9,17.9,11.33,11.33,11.33,11.33,7.4,7.4,7.4,7.4,4.82,4.82,4.82,4.82,3.31,3.31,3.31,3.31
fragment_01308,11,28.69,29.21,28.16,29.81,21.69,22.6,20.54,22.92,14.09,14.97,12.8,15.32,8.65,8.86,8.21,8.87,5.36,5.37,5.35,5.37,3.49,3.49,3.48,3.5,2.4,2.4,2.39,2.4
fragment_01309,1,26.19,26.19,26.19,26.19,20.1,20.1,20.1,20.1,14.94,14.94,14.94,14.94,11.13,11.13,11.13,11.13,8.4,8.4,8.4,8.4,6.39,6.39,6.39,6.39,4.59,4.59,4.59,4.59
fragment_01310,2,28.74,28.74,28.74,28.74,21.64,21.64,21.64,21.64,15.05,15.05,15.05,15.05,10.62,10.62,10.62,10.62,7.42,7.42,7.41,7.42,5.42,5.42,5.42,5.42,4.12,4.13,4.12,4.13
fragment_01311,47,30.31,30.18,30.18,31.19,24.53,24.98,24.05,27.58,16.92,18.25,15.98,20.51,11.85,13.79,10.73,14.3,8.75,10.35,7.75,10.35,6.69,7.35,6.09,7.35,4.99,5.06,4.84,5.07
fragment_01312,2,30.41,30.4,30.4,31.15,24.31,24.28,24.28,27.05,16.99,16.95,16.95,20.38,12.6,12.58,12.58,14.48,9.47,9.45,9.45,10.63,7.24,7.23,7.23,7.92,5.64,5.64,5.64,5.98
fragment_01313,3,29.38,29.26,29.26,30.1,23.16,22.99,22.99,24.1,14.37,14.23,14.23,15.14,8.34,8.34,8.34,8.4,5.05,5.05,5.05,5.09,3.29,3.29,3.29,3.31,2.26,2.26,2.26,2.27
fragment_01314,2,28.37,28.37,28.37,28.38,20.51,20.51,20.51,20.53,14.91,14.92,14.87,14.92,11.88,11.88,11.86,11.88,9.44,9.44,9.43,9.44,7.05,7.04,7.04,7.05,5.06,5.06,5.06,5.06
fragment_01315,4,30.33,30.36,30.26,30.36,25.37,25.37,25.36,25.37,19.94,19.92,19.92,19.96,13.99,13.99,13.98,13.99,9.44,9.44,9.43,9.44,6.71,6.71,6.71,6.72,4.69,4.69,4.69,4.69
fragment_01316,2,29.8,29.79,29.79,29.8,25.11,25.1,25.1,25.11,19.8,19.8,19.8,19.8,13.53,13.53,13.53,13.53,8.47,8.47,8.47,8.47,5.51,5.51,5.51,5.51,3.79,3.79,3.79,3.79
fragment_01317,9,30.83,30.74,30.49,31.61,26.17,26.08,25.96,29.29,19.53,19.54,19.18,22.24,13.47,13.5,13.09,14.17,8.68,8.68,8.63,8.69,5.65,5.65,5.64,5.66,3.88,3.88,3.88,3.89
fragment_01318,1,28.19,28.19,28.19,28.19,20.96,20.96,20.96,20.96,14.77,14.77,14.77,14.77,9.95,9.95,9.95,9.95,6.27,6.27,6.27,6.27,4.08,4.08,4.08,4.08,2.8,2.8,2.8,2.8
fragment_01319,15,29.33,29.46,28.22,29.98,26.89,26.8,25.33,29.97,22.55,22.51,20.48,26.42,17.41,17.43,15.77,19.43,11.88,11.93,11.03,12.18,7.92,7.92,7.9,7.93,5.44,5.44,5.44,5.45
fragment_01320,2,28.09,28.12,28.02,28.12,20.36,20.38,20.31,20.38,14.29,14.3,14.28,14.3,10.03,10.03,10.03,10.04,7.32,7.32,7.32,7.32,4.95,4.95,4.94,4.95,3.4,3.4,3.4,3.4
fragment_01321,2,28.88,28.88,28.88,28.88,21.76,21.76,21.76,21.76,15.16,15.16,15.16,15.16,10.99,11.0,10.98,11.0,7.87,7.87,7.86,7.87,5.8,5.8,5.79,5.8,4.37,4.37,4.36,4.37
fragment_01322,28,33.87,33.9,33.36,34.49,31.09,31.22,29.95,33.83,22.05,22.03,21.08,24.98,14.26,14.12,14.08,15.33,9.32,9.29,9.27,9.42,6.12,6.12,6.11,6.13,4.2,4.2,4.2,4.21
fragment_01323,3,27.73,27.74,27.69,27.74,20.37,20.37,20.36,20.37,13.97,13.97,13.96,13.97,10.37,10.37,10.36,10.37,8.2,8.2,8.2,8.2,6.11,6.11,6.11,6.11,4.31,4.31,4.31,4.31
fragment_01324,6,30.06,30.05,29.95,30.4,23.76,23.76,23.64,23.77,19.08,19.07,18.45,19.7,14.93,14.93,14.62,15.56,10.95,10.95,10.85,11.23,7.64,7.64,7.64,7.65,5.26,5.26,5.25,5.26
fragment_01325,40,28.46,28.81,28.12,29.02,22.63,23.66,20.6,23.89,16.64,17.48,15.01,17.93,12.62,13.05,11.77,14.41,9.7,10.0,8.83,11.24,7.38,7.49,6.91,8.05,5.53,5.57,5.34,5.6
fragment_01326,41,29.3,29.24,28.73,29.74,24.03,24.18,22.92,26.13,19.23,19.23,17.56,21.57,14.06,13.73,12.94,15.4,9.33,9.21,9.2,9.41,6.12,6.12,6.11,6.13,4.2,4.2,4.2,4.21
fragment_01327,3,30.38,30.25,30.25,30.94,25.81,25.66,25.66,26.4,19.81,19.66,19.66,20.4,13.23,13.21,13.21,13.35,8.15,8.15,8.15,8.16,5.31,5.31,5.31,5.31,3.65,3.65,3.65,3.65
fragment_01328,1,29.27,29.27,29.27,29.27,21.95,21.95,21.95,21.95,16.1,16.1,16.1,16.1,11.78,11.78,11.78,11.78,8.7,8.7,8.7,8.7,6.53,6.53,6.53,6.53,4.66,4.66,4.66,4.66
fragment_01329,4,29.96,29.96,29.75,30.24,23.58,23.57,23.49,26.15,17.66,17.66,17.66,19.64,13.64,13.64,13.64,14.8,10.05,10.05,10.05,11.08,7.62,7.62,7.62,7.76,5.33,5.33,5.33,5.34
fragment_01330,9,28.8,28.83,28.74,28.83,21.68,21.7,21.65,21.7,15.08,15.09,15.07,15.09,11.09,11.07,11.0,11.22,8.71,8.62,8.55,9.0,7.36,7.21,7.16,7.74,5.75,5.61,5.59,6.04
fragment_01331,1,29.48,29.48,29.48,29.48,23.21,23.21,23.21,23.21,18.11,18.11,18.11,18.11,12.73,12.73,12.73,12.73,7.98,7.98,7.98,7.98,5.2,5.2,5.2,5.2,3.57,3.57,3.57,3.57
fragment_01332,1,30.13,30.13,30.13,30.13,23.96,23.96,23.96,23.96,17.16,17.16,17.16,17.16,11.61,11.61,11.61,11.61,7.29,7.29,7.29,7.29,4.75,4.75,4.75,4.75,3.26,3.26,3.26,3.26
fragment_01333,1,30.49,30.49,30.49,30.49,24.44,24.44,24.44,24.44,18.2,18.2,18.2,18.2,14.55,14.55,14.55,14.55,11.18,11.18,11.18,11.18,8.28,8.28,8.28,8.28,6.13,6.13,6.13,6.13
fragment_01334,2,27.82,27.82,27.44,27.82,22.56,22.56,22.18,22.56,16.12,16.12,16.12,16.21,11.68,11.68,11.68,11.79,8.4,8.4,8.4,8.43,5.63,5.63,5.63,5.63,3.87,3.87,3.87,3.87
fragment_01335,10,28.43,28.43,28.07,28.69,22.43,22.38,20.49,23.62,16.62,16.49,13.87,18.33,12.74,12.47,11.08,15.94,9.78,9.58,8.86,12.22,7.4,7.36,6.85,8.21,5.54,5.55,5.37,5.64
fragment_01336,2,28.18,28.22,28.09,28.22,19.91,19.93,19.87,19.93,14.47,14.47,14.46,14.47,11.4,11.4,11.4,11.4,8.72,8.72,8.72,8.73,6.71,6.71,6.71,6.72,5.09,5.09,5.09,5.1
fragment_01337,2,27.96,27.96,27.56,27.96,22.68,22.68,22.28,22.68,16.14,16.14,16.08,16.14,11.54,11.54,11.44,11.54,8.6,8.6,8.56,8.6,6.61,6.61,6.56,6.61,5.08,5.08,5.05,5.08
fragment_01338,4,28.17,28.16,28.16,28.8,20.02,20.01,20.01,21.87,12.76,12.75,12.75,14.01,8.98,8.95,8.95,9.77,6.93,6.94,6.86,7.34,5.74,5.78,5.36,5.88,4.7,4.75,4.33,4.76
fragment_01339,2,29.65,29.43,29.43,29.95,22.69,21.97,21.97,23.64,15.64,14.98,14.98,16.51,10.34,10.24,10.24,10.46,6.39,6.39,6.39,6.39,4.16,4.16,4.16,4.16,2.86,2.86,2.86,2.86
fragment_01340,1,27.86,27.86,27.86,27.86,19.31,19.31,19.31,19.31,11.02,11.02,11.02,11.02,6.05,6.05,6.05,6.05,3.66,3.66,3.66,3.66,2.39,2.39,2.39,2.39,1.64,1.64,1.64,1.64
fragment_01341,1,30.52,30.52,30.52,30.52,25.03,25.03,25.03,25.03,16.74,16.74,16.74,16.74,9.57,9.57,9.57,9.57,5.8,5.8,5.8,5.8,3.77,3.77,3.77,3.77,2.59,2.59,2.59,2.59
fragment_01342,2,28.57,28.59,28.52,28.59,21.44,21.45,21.41,21.45,14.66,14.66,14.65,14.66,9.86,9.86,9.86,9.87,6.07,6.07,6.07,6.07,3.95,3.95,3.95,3.95,2.71,2.71,2.71,2.71
fragment_01343,4,33.04,33.01,33.01,33.5,30.47,30.49,30.16,30.49,20.78,20.82,20.22,20.82,11.67,11.67,11.67,11.69,7.07,7.07,7.07,7.08,4.6,4.6,4.6,4.61,3.16,3.16,3.16,3.17
fragment_01344,2,28.25,28.23,28.23,28.28,20.43,20.41,20.41,20.46,14.39,14.4,14.38,14.4,10.15,10.15,10.15,10.15,6.92,6.92,6.92,6.92,4.75,4.75,4.75,4.75,3.26,3.26,3.26,3.26
fragment_01345,1,27.88,27.88,27.88,27.88,22.16,22.16,22.16,22.16,16.28,16.28,16.28,16.28,10.01,10.01,10.01,10.01,6.08,6.08,6.08,6.08,3.95,3.95,3.95,3.95,2.72,2.72,2.72,2.72
fragment_01346,2,29.83,29.88,29.64,29.88,23.69,23.84,23.14,23.84,17.03,17.18,16.48,17.18,13.09,13.15,12.87,13.15,9.27,9.28,9.25,9.28,6.1,6.1,6.1,6.11,4.19,4.19,4.19,4.19
fragment_01347,11,27.77,27.75,27.74,28.16,18.92,18.71,18.71,21.68,12.61,11.97,11.97,15.46,9.06,8.47,8.47,10.21,6.23,6.06,6.06,6.34,4.12,4.12,4.12,4.13,2.83,2.83,2.83,2.84
fragment_01348,2,25.29,25.3,25.29,25.3,19.08,19.07,19.07,19.11,13.15,13.15,13.14,13.15,8.97,8.97,8.97,8.98,6.02,6.02,6.02,6.02,3.93,3.93,3.93,3.93,2.7,2.7,2.7,2.7
fragment_01349,3,29.94,29.93,29.29,29.94,24.92,24.92,24.38,24.92,19.0,19.0,18.72,19.01,12.46,12.46,12.43,12.46,7.66,7.66,7.66,7.67,4.99,4.99,4.99,4.99,3.43,3.43,3.43,3.43
fragment_01350,6,28.69,28.66,28.66,29.35,26.59,26.61,25.95,27.32,21.73,21.76,20.79,22.15,16.79,16.81,16.49,16.91,11.83,11.84,11.79,11.84,7.85,7.85,7.83,7.85,5.39,5.39,5.38,5.39
fragment_01351,2,27.91,27.92,27.9,27.92,26.46,26.48,26.45,26.48,20.38,20.4,20.36,20.4,15.14,15.16,15.11,15.16,11.59,11.61,11.58,11.61,8.31,8.31,8.31,8.31,5.74,5.74,5.74,5.74
fragment_01352,56,28.19,28.2,28.04,29.32,21.85,22.24,20.38,25.03,15.49,16.05,13.21,18.79,11.67,12.26,9.68,13.68,9.11,9.68,7.82,10.69,7.26,7.78,6.25,8.33,5.7,6.02,4.98,6.16
fragment_01353,9,28.64,28.53,28.44,29.32,24.76,24.47,24.36,27.0,19.35,19.04,19.04,21.77,14.43,14.2,14.2,16.16,10.31,10.27,10.27,10.64,6.93,6.93,6.92,6.93,4.76,4.76,4.76,4.76
fragment_01354,2,28.27,28.25,28.25,28.29,20.45,20.42,20.42,20.48,14.4,14.41,14.4,14.41,10.15,10.15,10.15,10.15,6.86,6.86,6.86,6.86,4.61,4.61,4.61,4.61,3.17,3.17,3.17,3.17
fragment_01355,8,29.49,29.51,29.28,29.89,27.87,28.09,25.21,28.09,23.5,23.74,20.26,23.74,17.71,17.84,15.72,17.84,12.33,12.34,11.48,12.37,8.32,8.32,8.2,8.33,5.72,5.72,5.72,5.72
fragment_01356,1,30.19,30.19,30.19,30.19,23.64,23.64,23.64,23.64,17.23,17.23,17.23,17.23,13.15,13.15,13.15,13.15,10.27,10.27,10.27,10.27,7.67,7.67,7.67,7.67,5.51,5.51,5.51,5.51
fragment_01357,2,28.83,28.84,28.79,28.84,21.69,21.7,21.67,21.7,15.23,15.23,15.23,15.24,11.36,11.36,11.36,11.39,8.49,8.48,8.48,8.5,6.43,6.43,6.43,6.44,4.85,4.85,4.85,4.85
fragment_01358,1,27.94,27.94,27.94,27.94,19.36,19.36,19.36,19.36,13.77,13.77,13.77,13.77,9.74,9.74,9.74,9.74,6.73,6.73,6.73,6.73,4.75,4.75,4.75,4.75,3.27,3.27,3.27,3.27
fragment_01359,1,26.97,26.97,26.97,26.97,22.78,22.78,22.78,22.78,16.89,16.89,16.89,16.89,11.8,11.8,11.8,11.8,8.86,8.86,8.86,8.86,6.62,6.62,6.62,6.62,5.09,5.09,5.09,5.09
fragment_01360,15,25.81,25.88,25.55,25.89,20.3,20.38,20.03,20.38,14.73,14.73,14.71,14.98,11.52,11.51,11.29,11.91,9.31,9.31,9.06,9.68,7.02,7.02,6.89,7.23,5.02,5.02,5.01,5.02
fragment_01361,8,30.12,30.1,30.06,30.79,23.52,23.34,23.34,26.4,16.68,16.2,16.2,19.48,11.4,11.03,11.03,12.45,7.53,7.47,7.47,7.63,4.96,4.96,4.95,4.97,3.4,3.4,3.4,3.41
fragment_01362,3,30.2,30.19,30.19,31.32,25.22,25.2,25.2,27.41,18.53,18.52,18.52,20.74,12.37,12.36,12.36,12.46,7.55,7.55,7.54,7.55,4.91,4.91,4.91,4.91,3.37,3.37,3.37,3.37
fragment_01363,10,28.3,28.07,28.07,28.55,20.35,20.61,19.89,22.03,14.87,15.32,14.15,16.35,11.0,11.21,10.61,11.79,7.66,7.72,7.59,7.72,5.03,5.03,5.02,5.03,3.45,3.45,3.45,3.45
fragment_01364,11,28.27,28.29,28.01,28.89,22.36,22.34,21.12,25.52,16.63,16.53,15.77,21.37,12.7,12.5,12.5,17.55,10.13,9.96,9.96,13.6,8.19,8.11,8.11,9.38,6.3,6.28,6.28,6.45
fragment_01365,14,28.42,28.41,28.14,28.69,23.04,23.03,23.02,24.77,16.73,16.89,16.48,20.15,12.59,13.02,11.73,16.43,9.6,9.66,8.98,12.59,7.73,7.52,7.38,8.82,5.91,5.84,5.77,6.07
fragment_01366,4,28.15,28.15,28.14,28.75,20.0,20.01,19.99,21.83,12.81,12.83,12.78,14.04,9.12,9.14,9.1,9.92,6.96,6.99,6.93,7.54,5.64,5.76,5.53,5.95,4.62,4.78,4.45,4.86
fragment_01367,5,28.17,28.17,28.16,28.67,20.16,20.16,20.06,21.79,13.89,13.89,13.57,15.2,10.81,10.81,10.35,11.93,8.87,8.86,8.52,9.72,7.16,7.16,6.9,7.48,5.62,5.62,5.51,5.75
fragment_01368,6,25.21,25.33,25.06,26.37,19.1,18.95,18.95,22.43,15.35,15.4,15.08,19.24,11.96,12.18,11.54,14.63,9.21,9.21,8.99,10.51,6.86,6.88,6.76,7.44,5.11,5.11,5.04,5.39
fragment_01369,6,28.95,27.99,27.99,29.57,25.55,23.41,23.41,26.97,21.97,19.15,19.15,23.87,18.14,15.94,15.35,19.63,14.16,13.11,12.68,14.88,10.05,9.94,9.74,10.13,6.96,6.96,6.95,6.96
fragment_01370,46,30.33,30.23,30.19,31.16,24.46,24.08,24.06,27.28,16.81,16.0,15.98,19.91,11.62,10.74,10.73,13.52,8.3,7.51,7.51,9.68,6.1,5.62,5.62,6.52,4.43,4.28,4.28,4.49
fragment_01371,16,28.19,28.1,28.05,28.99,21.08,21.35,20.69,23.95,15.74,16.25,15.06,18.25,11.07,11.35,10.4,11.56,6.98,6.98,6.9,7.0,4.55,4.54,4.54,4.56,3.12,3.12,3.12,3.13
fragment_01372,2,29.05,29.06,28.98,29.06,21.87,21.87,21.83,21.87,15.24,15.24,15.21,15.24,11.05,11.05,11.05,11.05,7.86,7.86,7.86,7.86,5.42,5.42,5.42,5.42,3.73,3.73,3.72,3.73
fragment_01373,5,27.58,27.59,27.5,27.61,19.73,19.73,19.7,19.75,13.5,13.5,13.47,13.5,10.25,10.25,10.22,10.32,8.25,8.25,8.24,8.42,6.12,6.12,6.12,6.17,4.3,4.3,4.3,4.31
fragment_01374,6,28.78,28.8,28.71,28.8,21.66,21.67,21.63,21.68,15.56,15.71,15.35,15.71,12.39,12.62,12.03,12.62,9.39,9.54,9.13,9.54,6.68,6.69,6.65,6.7,4.62,4.62,4.62,4.62
fragment_01375,3,28.27,28.26,28.26,28.31,20.44,20.42,20.42,20.48,14.56,14.57,14.54,14.57,10.66,10.66,10.64,10.66,6.92,6.92,6.92,6.92,4.51,4.51,4.51,4.52,3.1,3.1,3.1,3.1
fragment_01376,2,28.71,28.72,28.69,28.72,21.59,21.59,21.58,21.59,14.86,14.86,14.86,14.86,10.19,10.19,10.19,10.2,7.26,7.26,7.26,7.26,5.41,5.41,5.41,5.41,3.78,3.78,3.78,3.78
fragment_01377,1,29.93,29.93,29.93,29.93,26.97,26.97,26.97,26.97,21.96,21.96,21.96,21.96,16.54,16.54,16.54,16.54,11.43,11.43,11.43,11.43,7.59,7.59,7.59,7.59,5.22,5.22,5.22,5.22
fragment_01378,7,28.46,28.45,28.37,30.33,25.09,25.03,24.9,28.62,19.29,19.22,19.12,23.44,13.9,13.81,13.81,16.99,10.45,10.38,10.37,11.87,7.65,7.63,7.63,7.93,5.43,5.43,5.43,5.44
fragment_01379,1,28.43,28.43,28.43,28.43,22.68,22.68,22.68,22.68,17.6,17.6,17.6,17.6,13.41,13.41,13.41,13.41,10.34,10.34,10.34,10.34,7.44,7.44,7.44,7.44,5.18,5.18,5.18,5.18
fragment_01380,8,30.13,30.12,30.07,30.79,23.52,23.35,23.35,26.4,16.68,16.2,16.2,19.49,11.41,11.03,11.03,12.47,7.53,7.47,7.47,7.63,4.95,4.96,4.95,4.97,3.4,3.4,3.4,3.41
fragment_01381,5,28.77,28.79,28.71,28.8,21.67,21.68,21.64,21.68,15.14,15.14,15.13,15.15,11.08,11.07,11.05,11.08,8.46,8.46,8.37,8.47,6.6,6.6,6.54,6.6,4.82,4.82,4.82,4.82
fragment_01382,1,28.83,28.83,28.83,28.83,21.72,21.72,21.72,21.72,14.4,14.4,14.4,14.4,8.62,8.62,8.62,8.62,5.23,5.23,5.23,5.23,3.4,3.4,3.4,3.4,2.34,2.34,2.34,2.34
fragment_01383,2,27.61,27.6,27.6,27.62,25.52,25.52,25.52,25.53,19.24,19.24,19.24,19.25,13.98,13.98,13.98,13.99,10.47,10.47,10.47,10.47,7.24,7.24,7.24,7.24,4.97,4.97,4.97,4.97
fragment_01384,5,28.34,28.1,28.1,29.01,21.17,20.39,20.39,23.33,15.77,14.86,14.86,17.74,10.76,10.38,10.38,11.11,6.72,6.72,6.71,6.73,4.38,4.37,4.37,4.38,3.01,3.01,3.0,3.01
fragment_01385,2,27.78,27.78,27.68,27.78,20.56,20.57,20.51,20.57,14.01,14.01,13.98,14.01,9.29,9.29,9.26,9.29,6.52,6.52,6.51,6.52,4.48,4.48,4.48,4.48,3.08,3.08,3.08,3.08
fragment_01386,2,28.48,28.48,28.47,28.48,20.6,20.6,20.6,20.61,14.46,14.47,14.45,14.47,10.31,10.31,10.31,10.31,6.75,6.75,6.74,6.75,4.39,4.39,4.39,4.39,3.02,3.02,3.02,3.02
fragment_01387,7,28.8,28.8,28.74,28.82,21.68,21.68,21.64,21.69,15.15,15.14,15.12,15.16,11.03,11.02,10.99,11.04,8.44,8.44,8.38,8.44,6.78,6.78,6.75,6.78,5.07,5.07,5.06,5.07
fragment_01388,4,29.07,29.06,29.06,29.09,22.26,22.27,22.22,22.28,15.4,15.38,15.38,15.47,11.22,11.08,11.08,11.71,8.54,8.36,8.36,9.16,6.74,6.62,6.62,7.17,5.38,5.31,5.31,5.61
fragment_01389,4,28.24,28.2,28.2,28.41,22.76,22.92,20.38,23.06,16.68,16.86,13.75,17.08,12.6,12.74,10.03,12.97,9.43,9.55,7.61,9.67,6.82,6.88,6.03,6.91,4.76,4.78,4.62,4.78
fragment_01390,1,30.13,30.13,30.13,30.13,24.33,24.33,24.33,24.33,18.42,18.42,18.42,18.42,13.18,13.18,13.18,13.18,9.52,9.52,9.52,9.52,7.09,7.09,7.09,7.09,5.19,5.19,5.19,5.19
fragment_01391,8,28.13,28.17,27.99,28.63,21.61,21.85,20.5,22.81,15.53,15.75,13.66,17.26,12.06,12.25,10.37,13.69,9.6,9.75,8.36,10.57,7.57,7.64,6.81,7.99,5.65,5.67,5.39,5.67
fragment_01392,1,25.1,25.1,25.1,25.1,17.45,17.45,17.45,17.45,12.69,12.69,12.69,12.69,9.81,9.81,9.81,9.81,6.73,6.73,6.73,6.73,4.4,4.4,4.4,4.4,3.02,3.02,3.02,3.02
fragment_01393,6,29.97,29.97,29.97,30.52,24.22,24.22,24.21,25.17,17.99,17.96,17.96,19.0,14.09,14.0,14.0,14.58,10.24,10.14,10.09,10.7,7.22,7.2,7.19,7.3,5.02,5.02,5.02,5.03
fragment_01394,13,30.83,30.62,30.49,31.7,26.23,25.92,25.92,28.98,19.35,19.16,18.97,22.03,12.96,12.91,12.43,13.37,8.08,8.07,8.01,8.11,5.26,5.25,5.25,5.28,3.61,3.61,3.61,3.63
fragment_01395,2,28.81,28.81,28.13,28.81,22.03,22.04,21.47,22.04,16.3,16.31,16.02,16.31,12.1,12.1,11.89,12.1,8.6,8.6,8.54,8.6,5.78,5.78,5.78,5.78,3.97,3.97,3.97,3.97
fragment_01396,1,28.66,28.66,28.66,28.66,22.02,22.02,22.02,22.02,16.86,16.86,16.86,16.86,12.4,12.4,12.4,12.4,8.09,8.09,8.09,8.09,5.29,5.29,5.29,5.29,3.64,3.64,3.64,3.64
fragment_01397,2,30.43,30.43,30.42,30.43,24.53,24.54,24.53,24.54,17.92,17.92,17.91,17.92,13.0,13.0,12.99,13.0,9.23,9.23,9.23,9.23,6.33,6.33,6.33,6.33,4.35,4.35,4.35,4.35
fragment_01398,6,30.09,30.06,30.06,30.77,24.13,24.07,24.07,26.63,17.14,17.07,17.07,20.24,12.51,12.49,12.49,13.43,8.21,8.21,8.21,8.22,5.34,5.34,5.34,5.35,3.67,3.67,3.67,3.68
fragment_01399,1,30.1,30.1,30.1,30.1,23.57,23.57,23.57,23.57,16.94,16.94,16.94,16.94,11.74,11.74,11.74,11.74,7.97,7.97,7.97,7.97,5.62,5.62,5.62,5.62,3.89,3.89,3.89,3.89
fragment_01400,3,27.99,27.99,27.94,28.01,19.41,19.4,19.38,19.42,14.38,14.38,14.36,14.39,11.45,11.44,11.44,11.46,8.74,8.73,8.73,8.74,6.53,6.53,6.53,6.53,4.65,4.65,4.65,4.65
fragment_01401,10,27.83,27.71,27.71,28.33,19.17,18.71,18.71,21.14,12.58,11.94,11.93,14.66,8.69,8.29,8.29,9.93,6.17,5.95,5.95,6.86,4.48,4.43,4.43,4.57,3.14,3.13,3.13,3.14
fragment_01402,6,30.47,30.49,29.63,30.52,24.01,23.97,23.97,25.78,17.87,17.82,17.82,20.09,12.76,12.75,12.75,13.5,8.44,8.43,8.43,8.48,5.51,5.51,5.51,5.52,3.78,3.78,3.78,3.79
fragment_01403,2,29.76,29.91,29.61,29.91,22.64,23.08,22.18,23.08,15.64,16.14,15.11,16.14,11.35,11.74,10.94,11.74,8.45,8.64,8.26,8.64,6.24,6.34,6.12,6.34,4.64,4.69,4.59,4.69
fragment_01404,1,30.31,30.31,30.31,30.31,24.71,24.71,24.71,24.71,17.9,17.9,17.9,17.9,11.33,11.33,11.33,11.33,7.4,7.4,7.4,7.4,4.82,4.82,4.82,4.82,3.31,3.31,3.31,3.31
fragment_01405,7,27.86,27.73,27.73,28.42,19.29,18.83,18.83,23.03,13.29,12.55,12.55,17.21,9.95,9.54,9.54,11.5,6.9,6.81,6.81,7.04,4.57,4.57,4.57,4.58,3.14,3.14,3.14,3.15
fragment_01406,2,27.71,27.71,27.67,27.71,19.84,19.84,19.83,19.84,13.53,13.53,13.51,13.53,10.02,10.02,10.0,10.02,7.72,7.72,7.71,7.72,5.81,5.81,5.81,5.81,4.43,4.43,4.43,4.43
fragment_01407,44,29.39,29.38,28.84,29.77,24.47,24.89,23.49,25.79,19.84,20.19,18.29,21.59,14.24,14.54,12.52,15.28,9.27,9.38,8.67,9.41,6.11,6.11,6.07,6.12,4.2,4.2,4.2,4.21
fragment_01408,2,28.77,28.76,28.76,28.78,21.66,21.65,21.65,21.66,15.16,15.15,15.15,15.18,11.19,11.17,11.17,11.2,8.24,8.23,8.23,8.26,6.33,6.32,6.32,6.34,4.84,4.84,4.84,4.84
fragment_01409,5,29.29,29.39,28.82,29.39,26.84,26.92,26.49,26.92,21.14,21.15,21.07,21.23,15.4,15.35,15.34,15.66,10.33,10.31,10.31,10.39,6.77,6.77,6.77,6.78,4.65,4.65,4.65,4.66
fragment_01410,2,28.1,28.19,27.9,28.19,24.38,24.47,24.18,24.47,18.74,18.86,18.47,18.86,13.92,14.02,13.71,14.02,9.78,9.81,9.72,9.81,6.57,6.57,6.57,6.57,4.51,4.51,4.51,4.51
fragment_01411,5,28.24,28.25,28.19,28.25,21.33,21.34,21.3,21.34,15.08,15.09,15.07,15.09,10.94,10.95,10.93,10.95,8.81,8.81,8.8,8.81,6.85,6.85,6.85,6.86,5.39,5.39,5.39,5.39
fragment_01412,6,31.3,31.28,31.28,31.61,26.85,26.78,26.78,28.99,20.08,20.21,19.49,22.54,13.5,13.69,12.94,13.92,8.4,8.39,8.37,8.43,5.47,5.46,5.46,5.49,3.75,3.75,3.75,3.77
fragment_01413,8,28.29,28.22,28.17,30.04,23.02,22.92,22.43,26.13,17.49,17.35,16.99,21.41,13.12,12.95,12.65,16.34,10.14,10.06,9.79,11.56,7.47,7.45,7.35,7.74,5.3,5.3,5.29,5.31
fragment_01414,2,25.44,25.43,25.43,25.44,19.97,19.97,19.96,19.97,13.71,13.73,13.69,13.73,9.44,9.46,9.41,9.46,6.8,6.81,6.79,6.81,4.67,4.67,4.66,4.67,3.21,3.21,3.2,3.21
fragment_01415,3,28.03,28.05,27.99,28.05,19.42,19.43,19.39,19.43,14.13,14.14,14.13,14.14,10.6,10.6,10.6,10.61,7.82,7.82,7.82,7.82,5.75,5.75,5.75,5.75,3.99,3.99,3.99,3.99
fragment_01416,2,27.19,27.19,26.85,27.19,22.37,22.37,22.08,22.37,16.36,16.36,16.32,16.36,11.45,11.45,11.41,11.45,8.63,8.63,8.62,8.63,6.35,6.35,6.35,6.35,4.51,4.51,4.51,4.51
fragment_01417,13,27.72,27.74,27.68,28.62,19.23,19.05,18.87,20.37,13.45,13.27,12.52,14.9,10.34,10.3,9.59,11.53,8.25,8.2,7.79,8.95,6.68,6.68,6.52,6.95,5.31,5.34,5.27,5.39
fragment_01418,1,30.14,30.14,30.14,30.14,23.61,23.61,23.61,23.61,17.02,17.02,17.02,17.02,12.42,12.42,12.42,12.42,8.69,8.69,8.69,8.69,5.85,5.85,5.85,5.85,4.02,4.02,4.02,4.02
fragment_01419,8,29.17,29.41,28.5,29.41,22.81,22.64,22.46,24.51,18.21,17.83,17.68,21.21,13.86,13.6,13.05,16.44,10.27,10.07,9.87,11.54,7.52,7.49,7.38,7.78,5.33,5.34,5.33,5.34
fragment_01420,2,26.85,26.82,26.82,26.88,23.22,23.13,23.13,23.35,17.77,17.64,17.64,17.97,12.52,12.41,12.41,12.68,8.95,8.92,8.92,9.01,6.39,6.36,6.36,6.43,4.68,4.67,4.67,4.69
fragment_01421,2,28.38,28.36,28.36,28.42,20.54,20.53,20.53,20.58,14.55,14.55,14.55,14.56,10.74,10.73,10.73,10.75,7.24,7.24,7.24,7.24,4.74,4.74,4.74,4.74,3.26,3.26,3.26,3.26
fragment_01422,8,28.76,28.79,28.71,28.8,21.65,21.67,21.62,21.68,15.59,15.74,15.37,15.74,12.44,12.68,12.04,12.68,9.43,9.59,9.14,9.59,6.68,6.7,6.64,6.7,4.62,4.62,4.62,4.62
fragment_01423,2,30.19,30.19,30.19,30.2,24.38,24.38,24.38,24.38,18.82,18.82,18.82,18.82,14.3,14.29,14.29,14.3,10.63,10.63,10.63,10.63,7.6,7.6,7.6,7.6,5.26,5.26,5.26,5.26
fragment_01424,3,29.18,29.21,28.41,29.21,24.62,24.72,22.2,24.72,21.37,21.52,17.58,21.52,17.55,17.68,14.37,17.68,13.65,13.72,11.71,13.72,9.44,9.45,9.1,9.45,6.49,6.49,6.48,6.49
fragment_01425,3,28.12,28.13,26.79,28.13,23.86,23.86,22.92,23.9,17.75,17.74,17.33,18.43,13.29,13.28,12.95,13.57,9.76,9.76,9.66,10.02,7.16,7.15,7.12,7.26,5.15,5.15,5.14,5.16
fragment_01426,3,31.33,31.29,31.29,31.49,26.67,26.7,26.58,26.7,20.68,20.71,20.57,20.71,14.15,14.15,14.14,14.15,8.93,8.93,8.92,8.93,5.81,5.81,5.81,5.81,3.99,3.99,3.99,3.99
fragment_01427,3,28.17,28.17,28.15,28.89,20.02,20.02,20.02,21.95,12.83,12.83,12.7,14.02,9.22,9.22,9.01,9.85,7.08,7.09,6.86,7.58,5.59,5.59,5.48,5.84,4.48,4.49,4.34,4.53
fragment_01428,2,27.86,27.85,27.85,27.87,25.49,25.48,25.48,25.49,18.73,18.73,18.73,18.73,13.09,13.09,13.09,13.09,9.76,9.75,9.75,9.76,7.28,7.28,7.28,7.28,5.38,5.38,5.38,5.38
fragment_01429,10,28.14,28.1,28.01,28.87,21.23,21.53,20.77,24.02,16.54,17.17,15.44,18.95,12.45,12.79,11.45,13.58,8.29,8.33,8.1,8.35,5.43,5.43,5.43,5.44,3.73,3.73,3.73,3.74
fragment_01430,4,30.32,30.34,30.3,30.34,25.37,25.37,25.36,25.37,19.95,19.95,19.95,19.96,14.04,14.04,14.03,14.04,10.05,10.05,10.03,10.06,7.83,7.83,7.82,7.83,5.79,5.79,5.79,5.79
fragment_01431,1,30.39,30.39,30.39,30.39,24.15,24.15,24.15,24.15,17.62,17.62,17.62,17.62,12.87,12.87,12.87,12.87,8.96,8.96,8.96,8.96,6.0,6.0,6.0,6.0,4.12,4.12,4.12,4.12
fragment_01432,1,30.92,30.92,30.92,30.92,26.01,26.01,26.01,26.01,19.63,19.63,19.63,19.63,13.8,13.8,13.8,13.8,8.79,8.79,8.79,8.79,5.72,5.72,5.72,5.72,3.93,3.93,3.93,3.93
fragment_01433,1,26.8,26.8,26.8,26.8,22.62,22.62,22.62,22.62,16.75,16.75,16.75,16.75,10.7,10.7,10.7,10.7,6.56,6.56,6.56,6.56,4.27,4.27,4.27,4.27,2.93,2.93,2.93,2.93
fragment_01434,6,28.68,28.68,28.68,28.76,23.67,23.29,23.29,25.67,17.51,17.16,17.16,19.3,12.79,12.68,12.68,14.84,9.44,9.38,9.31,10.92,7.17,7.15,7.08,7.79,5.34,5.34,5.3,5.39
fragment_01435,9,27.55,27.55,27.55,27.6,19.7,19.71,19.68,19.73,13.54,13.54,13.52,13.55,10.21,10.21,10.2,10.26,8.16,8.16,8.15,8.28,5.99,5.99,5.99,6.01,4.16,4.16,4.15,4.16
fragment_01436,2,27.75,27.75,27.75,27.76,24.47,24.46,24.46,24.47,17.38,17.38,17.38,17.39,11.85,11.85,11.85,11.86,7.91,7.91,7.91,7.91,5.17,5.17,5.17,5.17,3.55,3.55,3.55,3.55
fragment_01437,2,27.96,27.94,27.94,27.98,19.39,19.38,19.38,19.41,14.11,14.1,14.1,14.12,10.93,10.93,10.93,10.93,7.44,7.44,7.44,7.44,4.86,4.86,4.86,4.86,3.34,3.34,3.34,3.34
fragment_01438,5,28.85,28.89,28.81,29.42,24.91,25.08,24.73,26.07,19.4,19.19,19.18,20.05,14.44,14.4,14.4,14.76,10.28,10.28,10.28,10.46,6.93,6.92,6.92,6.93,4.76,4.76,4.76,4.76
fragment_01439,1,27.85,27.85,27.85,27.85,22.45,22.45,22.45,22.45,15.98,15.98,15.98,15.98,11.8,11.8,11.8,11.8,9.13,9.13,9.13,9.13,6.74,6.74,6.74,6.74,4.75,4.75,4.75,4.75
fragment_01440,9,30.82,30.74,30.54,31.61,26.17,26.08,25.92,29.28,19.53,19.53,19.22,22.23,13.47,13.49,13.14,14.17,8.68,8.68,8.64,8.7,5.65,5.65,5.64,5.67,3.88,3.88,3.88,3.89
fragment_01441,2,28.2,28.22,28.15,28.22,21.13,21.14,21.08,21.14,14.69,14.69,14.66,14.69,10.63,10.63,10.59,10.63,7.59,7.59,7.56,7.59,5.38,5.39,5.38,5.39,3.71,3.71,3.7,3.71
fragment_01442,9,27.88,27.86,27.83,27.99,19.91,19.89,19.58,19.93,14.31,14.31,13.43,14.81,10.68,10.68,10.27,11.93,8.06,8.06,7.9,9.17,6.2,6.2,6.1,6.26,4.29,4.29,4.29,4.3
fragment_01443,5,30.63,30.69,30.33,31.25,25.32,25.41,24.81,27.09,17.91,17.93,17.71,19.47,11.47,11.46,11.42,11.56,6.99,6.99,6.97,7.01,4.55,4.55,4.54,4.56,3.13,3.13,3.12,3.13
fragment_01444,2,30.12,30.13,30.12,30.13,25.15,25.15,25.14,25.15,19.72,19.72,19.72,19.72,13.71,13.71,13.71,13.71,8.46,8.46,8.46,8.46,5.51,5.51,5.51,5.51,3.78,3.78,3.78,3.78
fragment_01445,5,27.69,27.66,27.65,28.33,23.15,23.15,22.29,23.84,16.61,16.62,15.67,17.23,11.38,11.39,10.9,11.45,6.94,6.93,6.93,6.95,4.51,4.51,4.51,4.52,3.1,3.1,3.1,3.11
fragment_01447,14,28.24,28.22,28.03,28.97,21.22,20.81,20.73,23.87,15.95,15.36,15.16,18.42,11.55,11.17,10.58,12.38,7.58,7.58,7.34,7.65,4.97,4.97,4.97,4.98,3.42,3.42,3.42,3.42
fragment_01448,1,28.3,28.3,28.3,28.3,22.4,22.4,22.4,22.4,16.6,16.6,16.6,16.6,12.04,12.04,12.04,12.04,9.21,9.21,9.21,9.21,7.06,7.06,7.06,7.06,5.37,5.37,5.37,5.37
fragment_01449,12,28.19,28.21,27.97,28.23,22.0,22.15,20.47,22.18,15.41,15.53,13.3,16.07,11.05,10.97,9.4,12.48,8.1,7.99,6.99,9.35,6.34,6.23,5.51,7.35,5.17,5.07,4.73,5.85
fragment_01450,2,28.52,28.52,28.52,28.55,20.6,20.6,20.6,20.63,14.8,14.81,14.77,14.81,11.47,11.48,11.45,11.48,8.83,8.84,8.81,8.84,6.59,6.59,6.58,6.59,4.92,4.92,4.92,4.92
fragment_01451,7,30.6,30.44,30.44,31.53,25.82,25.68,25.68,28.63,19.93,19.74,19.72,22.12,14.13,14.03,13.95,15.11,9.62,9.59,9.59,9.73,6.33,6.33,6.33,6.34,4.35,4.35,4.35,4.35
fragment_01452,1,29.3,29.3,29.3,29.3,23.0,23.0,23.0,23.0,17.25,17.25,17.25,17.25,13.36,13.36,13.36,13.36,9.25,9.25,9.25,9.25,6.05,6.05,6.05,6.05,4.15,4.15,4.15,4.15
fragment_01453,4,28.82,28.78,28.78,29.3,23.38,23.24,23.24,25.85,16.61,16.45,16.45,19.45,11.97,11.89,11.89,13.39,8.57,8.54,8.54,9.14,5.98,5.98,5.98,5.99,4.11,4.11,4.11,4.11
fragment_01454,4,29.1,29.1,29.1,29.11,21.67,21.67,21.67,22.21,15.1,15.09,14.93,15.1,11.25,11.25,10.77,11.26,7.89,7.89,7.79,7.89,5.24,5.24,5.24,5.24,3.6,3.6,3.6,3.6
fragment_01455,2,27.78,27.79,27.78,27.79,26.38,26.38,26.38,26.38,20.39,20.38,20.38,20.39,14.89,14.89,14.89,14.89,10.57,10.57,10.57,10.57,7.47,7.47,7.47,7.47,5.48,5.48,5.48,5.48
fragment_01456,2,27.81,27.8,27.8,27.82,25.41,25.4,25.4,25.42,18.71,18.7,18.7,18.72,13.14,13.13,13.13,13.15,9.82,9.82,9.82,9.83,7.36,7.36,7.36,7.37,5.59,5.59,5.59,5.59
fragment_01457,20,27.73,27.69,27.63,27.95,20.38,20.35,19.28,21.43,14.17,14.16,13.3,15.34,10.42,10.43,10.08,11.37,8.21,8.22,7.88,8.72,6.46,6.47,6.26,6.67,4.8,4.8,4.74,4.82
fragment_01458,17,28.66,28.51,28.04,30.52,23.88,23.6,23.16,27.29,18.62,18.43,17.69,22.24,14.4,14.26,13.44,17.07,11.12,11.03,10.62,12.43,8.15,8.14,8.0,8.37,5.74,5.74,5.73,5.75
fragment_01459,12,29.39,29.52,28.8,29.52,24.02,24.18,23.3,25.44,19.74,19.54,18.18,22.36,15.43,15.03,13.94,18.09,11.61,11.27,10.88,12.91,8.38,8.3,8.16,8.58,5.89,5.89,5.88,5.9
fragment_01460,8,28.23,28.23,28.18,29.03,20.07,20.06,20.05,23.21,13.31,13.3,13.3,16.98,10.5,10.48,10.31,12.95,8.51,8.49,8.29,9.68,6.49,6.48,6.48,6.83,4.68,4.68,4.68,4.7
fragment_01461,8,27.63,27.64,27.61,28.34,18.75,18.78,18.69,20.03,12.19,12.33,12.01,12.9,8.7,9.02,8.32,9.24,6.52,6.77,6.22,6.95,4.68,4.74,4.6,4.75,3.26,3.26,3.26,3.26
fragment_01462,1,29.07,29.07,29.07,29.07,25.09,25.09,25.09,25.09,19.78,19.78,19.78,19.78,14.13,14.13,14.13,14.13,8.7,8.7,8.7,8.7,5.66,5.66,5.66,5.66,3.89,3.89,3.89,3.89
fragment_01463,40,27.73,27.71,27.7,28.74,18.9,18.69,18.68,22.32,12.67,11.98,11.98,15.94,9.43,8.49,8.49,12.35,7.27,6.44,6.44,9.24,5.77,5.23,5.23,6.52,4.38,4.24,4.24,4.48
fragment_01464,1,28.18,28.18,28.18,28.18,21.75,21.75,21.75,21.75,16.03,16.03,16.03,16.03,12.05,12.05,12.05,12.05,8.81,8.81,8.81,8.81,5.9,5.9,5.9,5.9,4.06,4.06,4.06,4.06
fragment_01465,2,29.73,29.74,29.73,29.74,24.22,24.22,24.22,24.22,19.84,19.84,19.84,19.84,14.82,14.82,14.82,14.82,10.88,10.88,10.88,10.88,7.91,7.91,7.91,7.91,5.59,5.59,5.59,5.59
fragment_01466,3,31.32,31.31,31.28,31.78,25.86,25.86,25.85,26.06,19.85,19.86,19.56,19.88,15.42,15.43,15.12,15.45,11.66,11.66,11.44,11.68,8.88,8.88,8.72,8.89,6.68,6.68,6.62,6.68
fragment_01467,3,27.59,27.58,26.26,27.61,22.6,22.6,21.78,22.61,16.67,16.67,16.26,16.68,12.36,12.36,12.05,12.37,9.13,9.12,8.91,9.13,6.94,6.94,6.83,6.94,5.15,5.15,5.12,5.15
fragment_01468,8,28.63,28.58,28.54,29.31,23.38,23.12,23.11,25.81,16.64,16.33,16.33,19.44,11.81,11.65,11.65,13.24,8.35,8.28,8.28,8.9,5.8,5.8,5.8,5.81,3.99,3.99,3.99,3.99
fragment_01469,18,28.31,28.41,28.07,28.81,21.59,22.55,20.55,24.01,15.36,16.7,13.87,18.2,11.45,12.5,10.29,13.45,8.71,9.35,7.99,9.91,6.61,6.77,6.34,6.83,4.69,4.69,4.66,4.69
fragment_01470,4,30.15,30.14,30.14,30.65,24.3,24.3,24.3,25.31,17.86,17.85,17.85,18.69,13.68,13.68,13.68,13.86,9.36,9.36,9.36,9.39,6.11,6.11,6.11,6.12,4.2,4.2,4.2,4.2
fragment_01471,4,29.43,29.38,29.38,30.44,23.26,23.18,23.18,25.0,14.78,14.69,14.69,16.37,9.29,9.28,9.28,9.38,5.67,5.67,5.67,5.69,3.69,3.69,3.69,3.7,2.53,2.53,2.53,2.54
fragment_01472,2,27.99,28.03,27.92,28.03,20.36,20.39,20.3,20.39,14.53,14.53,14.52,14.53,10.48,10.48,10.48,10.48,8.02,8.02,8.01,8.02,6.0,6.0,5.99,6.0,4.5,4.5,4.49,4.5
fragment_01473,24,28.3,28.25,28.07,29.55,21.37,20.8,20.74,25.25,16.28,15.5,15.15,19.62,12.15,11.38,10.77,14.03,8.7,8.3,7.97,9.39,6.05,5.99,5.93,6.13,4.2,4.2,4.2,4.21
fragment_01474,3,29.44,29.4,29.4,30.21,23.22,23.15,23.15,24.37,14.41,14.34,14.34,15.49,8.7,8.69,8.69,8.73,5.28,5.28,5.28,5.29,3.44,3.44,3.44,3.44,2.36,2.36,2.36,2.37
fragment_01475,9,28.27,28.28,28.23,28.43,23.61,23.58,23.48,23.79,18.22,17.92,17.91,18.71,14.5,14.04,13.94,15.15,10.54,10.2,10.05,10.99,7.38,7.34,7.32,7.42,5.1,5.1,5.1,5.1
fragment_01476,7,25.23,25.32,25.08,26.67,19.05,18.91,18.91,22.44,15.34,15.37,15.05,19.22,11.99,12.15,11.53,14.6,9.21,9.2,8.97,10.46,6.86,6.87,6.75,7.39,5.07,5.06,5.0,5.24
fragment_01477,7,30.16,30.13,30.13,30.64,24.16,24.1,24.1,26.63,17.08,17.02,17.02,19.66,12.18,12.16,12.16,12.71,8.08,8.08,8.08,8.2,5.35,5.35,5.34,5.35,3.67,3.67,3.67,3.68
fragment_01478,1,28.91,28.91,28.91,28.91,22.63,22.63,22.63,22.63,17.57,17.57,17.57,17.57,13.22,13.22,13.22,13.22,9.17,9.17,9.17,9.17,6.0,6.0,6.0,6.0,4.12,4.12,4.12,4.12
fragment_01479,2,28.86,28.86,28.84,28.86,21.73,21.73,21.72,21.73,15.18,15.18,15.18,15.18,11.22,11.21,11.21,11.24,8.37,8.37,8.37,8.38,6.21,6.21,6.21,6.22,4.37,4.37,4.37,4.37
fragment_01480,8,30.55,30.54,30.53,30.71,26.88,26.86,25.87,26.95,22.35,22.37,20.97,22.41,17.54,17.56,16.4,17.56,11.89,11.89,11.48,11.91,7.76,7.76,7.75,7.76,5.33,5.33,5.32,5.33
fragment_01481,1,27.4,27.4,27.4,27.4,21.49,21.49,21.49,21.49,16.09,16.09,16.09,16.09,12.33,12.33,12.33,12.33,9.28,9.28,9.28,9.28,6.9,6.9,6.9,6.9,4.94,4.94,4.94,4.94
fragment_01482,4,30.0,30.18,28.74,30.18,26.25,26.25,25.4,28.49,20.52,20.29,20.29,22.51,15.61,15.57,15.57,16.17,10.97,10.97,10.94,11.21,7.37,7.37,7.37,7.38,5.07,5.07,5.07,5.07
fragment_01483,24,27.82,27.76,27.75,28.81,19.43,19.3,18.91,22.21,14.15,14.13,13.26,16.72,11.44,11.48,10.57,13.38,8.8,9.05,8.23,9.62,6.21,6.28,6.02,6.29,4.32,4.32,4.31,4.33
fragment_01484,10,28.22,28.25,27.98,28.69,22.13,22.02,21.05,25.13,16.54,16.34,15.69,20.27,12.77,12.46,12.46,16.25,10.07,9.79,9.79,12.53,7.97,7.83,7.83,8.82,5.95,5.92,5.92,6.08
fragment_01485,5,28.36,28.36,27.85,28.36,23.43,23.44,23.23,23.56,17.46,17.54,17.33,18.08,13.38,13.45,13.27,14.37,10.17,10.21,10.11,11.09,7.69,7.71,7.62,7.91,5.47,5.47,5.46,5.48
fragment_01486,8,27.01,26.95,26.61,27.28,21.91,21.66,21.66,23.91,14.87,14.33,14.33,18.31,11.24,10.9,10.9,13.49,8.85,8.64,8.64,9.98,6.81,6.74,6.74,7.07,4.86,4.86,4.86,4.87
fragment_01487,6,24.66,24.79,24.12,25.05,18.29,18.5,16.67,18.5,12.65,12.77,11.37,12.77,7.99,8.01,7.72,8.01,4.86,4.86,4.85,4.86,3.16,3.16,3.16,3.16,2.17,2.17,2.17,2.17
fragment_01488,1,30.09,30.09,30.09,30.09,24.27,24.27,24.27,24.27,18.12,18.12,18.12,18.12,12.24,12.24,12.24,12.24,8.26,8.26,8.26,8.26,5.79,5.79,5.79,5.79,4.0,4.0,4.0,4.0
fragment_01489,1,29.8,29.8,29.8,29.8,23.2,23.2,23.2,23.2,16.56,16.56,16.56,16.56,11.95,11.95,11.95,11.95,8.83,8.83,8.83,8.83,6.74,6.74,6.74,6.74,5.27,5.27,5.27,5.27
fragment_01490,1,30.34,30.34,30.34,30.34,24.11,24.11,24.11,24.11,17.6,17.6,17.6,17.6,12.81,12.81,12.81,12.81,9.32,9.32,9.32,9.32,6.58,6.58,6.58,6.58,4.55,4.55,4.55,4.55
fragment_01491,1,30.52,30.52,30.52,30.52,25.03,25.03,25.03,25.03,16.74,16.74,16.74,16.74,9.57,9.57,9.57,9.57,5.8,5.8,5.8,5.8,3.77,3.77,3.77,3.77,2.59,2.59,2.59,2.59
fragment_01492,2,27.86,27.87,27.86,27.87,26.03,26.05,26.02,26.05,19.57,19.58,19.56,19.58,13.69,13.7,13.68,13.7,9.76,9.77,9.76,9.77,6.91,6.91,6.91,6.91,5.02,5.02,5.02,5.02
fragment_01493,1,29.14,29.14,29.14,29.14,25.14,25.14,25.14,25.14,19.8,19.8,19.8,19.8,14.14,14.14,14.14,14.14,8.7,8.7,8.7,8.7,5.66,5.66,5.66,5.66,3.89,3.89,3.89,3.89
fragment_01494,1,30.48,30.48,30.48,30.48,24.2,24.2,24.2,24.2,16.1,16.1,16.1,16.1,9.21,9.21,9.21,9.21,5.58,5.58,5.58,5.58,3.63,3.63,3.63,3.63,2.49,2.49,2.49,2.49
fragment_01495,21,27.81,27.76,27.76,28.19,19.1,18.72,18.72,21.73,13.3,12.47,12.11,16.25,10.88,10.32,9.09,13.67,9.24,9.2,7.3,11.02,7.62,7.88,5.96,8.49,5.8,6.02,4.87,6.06
fragment_01496,8,25.17,25.14,25.14,26.12,20.36,20.33,20.27,22.32,17.23,17.22,15.98,20.36,14.02,14.0,12.65,16.91,10.92,10.91,10.22,12.11,7.92,7.92,7.75,8.03,5.51,5.51,5.51,5.52
fragment_01497,6,29.73,29.73,29.73,30.26,23.17,23.16,23.16,25.59,16.57,16.57,16.57,19.14,12.07,12.07,12.07,12.68,7.81,7.81,7.8,7.82,5.09,5.09,5.08,5.09,3.49,3.49,3.49,3.5
fragment_01498,1,30.58,30.58,30.58,30.58,24.5,24.5,24.5,24.5,18.24,18.24,18.24,18.24,14.27,14.27,14.27,14.27,10.43,10.43,10.43,10.43,7.22,7.22,7.22,7.22,5.02,5.02,5.02,5.02
fragment_01499,3,27.26,27.26,27.15,27.28,24.44,24.44,24.4,24.44,19.74,19.74,19.73,19.74,14.14,14.1,14.1,14.38,9.82,9.81,9.81,9.86,6.49,6.49,6.49,6.49,4.46,4.46,4.46,4.46
fragment_01500,6,33.32,33.24,32.84,33.63,29.91,29.58,29.58,31.04,19.74,19.43,19.43,20.74,11.52,11.52,11.51,11.52,6.98,6.98,6.97,6.98,4.54,4.54,4.54,4.54,3.12,3.12,3.12,3.12
fragment_01501,16,28.77,28.8,28.7,28.8,21.68,21.7,21.61,21.71,16.22,16.46,15.5,16.5,13.51,13.65,12.7,13.9,10.78,10.78,10.13,11.22,8.23,8.09,7.96,8.54,6.01,5.97,5.96,6.06
fragment_01502,5,25.18,25.16,25.16,26.72,20.32,20.44,18.97,22.83,16.67,16.75,15.84,18.96,13.05,13.05,12.76,14.67,9.99,10.0,9.72,11.05,7.3,7.3,7.23,7.5,5.15,5.15,5.15,5.16
fragment_01503,14,29.14,29.02,28.69,29.33,23.67,23.94,22.76,24.66,18.65,19.05,17.41,19.86,13.0,13.45,11.93,13.59,8.28,8.3,8.1,8.32,5.4,5.41,5.4,5.42,3.71,3.71,3.71,3.72
fragment_01504,1,29.64,29.64,29.64,29.64,23.08,23.08,23.08,23.08,16.36,16.36,16.36,16.36,11.69,11.69,11.69,11.69,8.78,8.78,8.78,8.78,6.53,6.53,6.53,6.53,4.57,4.57,4.57,4.57
fragment_01505,2,27.82,27.82,27.82,27.82,25.39,25.38,25.38,25.39,18.65,18.65,18.65,18.65,12.91,12.91,12.91,12.91,9.21,9.21,9.21,9.21,6.29,6.29,6.29,6.29,4.32,4.32,4.32,4.32
fragment_01506,5,27.2,27.18,27.14,27.22,23.11,22.96,22.96,23.33,18.35,18.09,18.09,18.72,14.13,13.73,13.73,14.68,10.51,10.09,10.09,11.08,7.85,7.7,7.7,8.05,5.63,5.62,5.62,5.64
fragment_01507,9,28.85,29.06,28.53,30.71,26.24,26.34,25.53,29.14,20.19,19.99,19.99,23.16,14.95,14.75,14.75,17.34,11.51,11.4,11.4,12.78,8.47,8.43,8.43,8.72,5.98,5.98,5.98,5.99
fragment_01508,2,28.8,28.79,28.79,28.82,21.68,21.68,21.68,21.69,15.15,15.14,15.14,15.16,10.99,10.98,10.98,11.0,7.74,7.74,7.74,7.74,5.47,5.47,5.47,5.47,3.92,3.92,3.92,3.92
fragment_01509,2,30.26,30.24,30.24,30.76,25.66,25.6,25.6,26.73,20.1,20.05,20.05,20.92,14.74,14.74,14.74,14.75,9.36,9.36,9.36,9.36,6.09,6.09,6.09,6.09,4.18,4.18,4.18,4.19
fragment_01510,6,28.26,28.25,28.24,28.44,23.65,23.65,23.64,23.95,18.16,18.14,18.13,19.21,14.11,14.07,14.06,15.62,10.37,10.34,10.33,11.51,7.68,7.67,7.67,7.87,5.4,5.4,5.4,5.41
fragment_01511,2,27.02,27.02,27.02,27.02,23.44,23.41,23.41,23.55,19.01,19.01,19.01,19.03,14.64,14.7,14.38,14.7,11.48,11.59,11.09,11.59,8.94,8.99,8.74,8.99,6.64,6.65,6.6,6.65
fragment_01512,2,27.91,27.91,27.52,27.91,22.65,22.65,22.26,22.65,16.13,16.13,16.07,16.13,11.53,11.53,11.44,11.53,8.63,8.63,8.58,8.63,6.72,6.72,6.67,6.72,5.21,5.21,5.17,5.21
fragment_01513,2,27.86,27.92,27.7,27.92,23.24,23.25,23.24,23.25,17.63,17.51,17.51,17.95,13.53,13.35,13.35,14.04,10.03,9.91,9.91,10.36,7.11,7.1,7.1,7.15,4.92,4.92,4.91,4.92
fragment_01514,1,30.42,30.42,30.42,30.42,24.41,24.41,24.41,24.41,18.08,18.08,18.08,18.08,13.8,13.8,13.8,13.8,9.77,9.77,9.77,9.77,6.95,6.95,6.95,6.95,5.05,5.05,5.05,5.05
fragment_01515,2,28.49,28.49,28.48,28.49,20.61,20.6,20.6,20.62,14.73,14.73,14.69,14.73,11.04,11.04,11.02,11.04,7.43,7.43,7.42,7.43,4.83,4.83,4.83,4.83,3.32,3.32,3.32,3.32
fragment_01516,3,29.56,29.56,29.26,29.67,22.63,22.62,22.31,22.81,16.12,16.12,15.37,16.25,11.19,11.19,11.13,11.5,8.11,8.11,7.97,8.77,6.09,6.09,6.09,6.54,4.67,4.67,4.67,4.8
fragment_01517,26,28.82,28.86,28.74,28.86,21.7,21.71,21.65,21.72,15.24,15.27,15.22,15.27,11.29,11.32,11.26,11.32,8.0,8.02,7.95,8.08,5.9,5.89,5.84,6.03,4.66,4.65,4.61,4.72
fragment_01518,6,25.17,25.17,25.16,25.24,17.75,17.75,17.75,17.93,14.02,14.02,13.59,14.33,11.7,11.7,11.17,12.01,8.73,8.73,8.47,9.06,6.06,6.06,6.04,6.06,4.16,4.16,4.15,4.16
fragment_01519,4,25.25,25.26,25.18,25.26,17.73,17.74,17.64,17.74,13.25,13.25,13.25,13.41,10.56,10.54,10.54,10.97,7.75,7.74,7.74,7.85,5.21,5.21,5.21,5.22,3.58,3.58,3.58,3.58
fragment_01520,6,25.29,25.33,25.16,26.36,19.11,19.18,18.95,22.48,15.24,15.17,15.08,19.24,11.78,11.59,11.55,14.65,9.2,9.16,9.09,10.62,7.03,7.01,6.98,7.35,5.04,5.04,5.04,5.05
fragment_01521,7,29.62,29.58,29.58,30.34,22.64,22.53,22.53,25.7,14.5,14.21,14.21,17.48,9.92,9.68,9.68,11.09,6.68,6.64,6.64,6.79,4.41,4.41,4.41,4.42,3.03,3.03,3.03,3.03
fragment_01522,6,27.81,27.76,27.76,28.36,22.8,22.96,22.37,24.35,16.38,16.62,15.61,18.14,11.47,11.64,10.93,11.78,7.16,7.16,7.15,7.17,4.66,4.66,4.66,4.67,3.2,3.2,3.2,3.21
fragment_01523,12,27.97,28.02,27.62,28.4,22.67,22.63,22.34,24.48,16.39,16.31,15.96,18.26,12.08,11.89,11.68,12.71,8.74,8.66,8.44,9.14,6.24,6.23,6.22,6.26,4.3,4.3,4.3,4.3
fragment_01524,3,30.2,30.19,30.19,31.32,25.21,25.2,25.2,27.45,18.53,18.52,18.52,20.76,12.37,12.36,12.36,12.46,7.55,7.55,7.54,7.55,4.91,4.91,4.91,4.91,3.37,3.37,3.37,3.37
fragment_01525,8,30.51,30.5,29.98,30.56,26.96,26.89,26.89,27.43,22.69,22.59,22.59,23.59,18.39,18.36,18.36,19.18,13.24,13.28,13.01,13.44,8.83,8.83,8.83,8.83,6.07,6.07,6.06,6.07
fragment_01526,1,29.93,29.93,29.93,29.93,23.21,23.21,23.21,23.21,16.84,16.84,16.84,16.84,12.96,12.96,12.96,12.96,9.67,9.67,9.67,9.67,7.38,7.38,7.38,7.38,5.32,5.32,5.32,5.32
fragment_01527,2,27.89,27.96,27.7,27.96,23.26,23.27,23.24,23.27,17.6,17.47,17.47,17.95,13.5,13.3,13.3,14.03,10.01,9.89,9.89,10.35,7.11,7.1,7.1,7.15,4.92,4.92,4.91,4.92
fragment_01528,19,28.17,28.2,28.07,28.2,21.25,21.27,21.19,21.27,15.22,15.18,15.06,15.28,11.95,11.9,11.42,12.04,10.17,10.14,9.52,10.24,8.05,8.05,7.64,8.07,5.87,5.88,5.81,5.88
fragment_01529,28,28.23,28.23,28.04,28.87,21.46,21.62,20.5,24.66,15.36,15.68,13.18,18.33,11.29,11.59,9.1,12.47,7.6,7.71,6.52,7.72,5.01,5.02,4.78,5.03,3.45,3.45,3.45,3.45
fragment_01530,5,31.67,31.68,31.17,31.68,26.83,26.85,26.25,26.85,20.67,20.66,20.66,21.2,15.76,15.75,15.75,16.27,11.44,11.44,11.38,11.57,7.72,7.72,7.72,7.72,5.3,5.3,5.3,5.31
fragment_01531,7,27.85,27.82,27.78,28.8,19.35,19.0,19.0,22.4,14.3,13.92,13.92,17.23,11.96,11.71,11.71,13.78,9.67,9.55,9.55,10.44,7.18,7.14,7.14,7.34,5.04,5.04,5.04,5.05
fragment_01532,1,30.18,30.18,30.18,30.18,23.98,23.98,23.98,23.98,17.18,17.18,17.18,17.18,11.61,11.61,11.61,11.61,7.3,7.3,7.3,7.3,4.75,4.75,4.75,4.75,3.26,3.26,3.26,3.26
fragment_01533,3,27.5,27.49,27.49,27.51,18.96,18.96,18.96,18.97,12.81,12.8,12.8,12.81,9.69,9.69,9.69,9.69,7.48,7.48,7.48,7.48,5.67,5.67,5.67,5.68,4.33,4.33,4.33,4.33
fragment_01534,2,26.81,26.82,26.36,26.82,22.59,22.6,22.08,22.6,16.93,16.93,16.61,16.93,12.84,12.84,12.51,12.84,9.66,9.66,9.47,9.66,6.77,6.77,6.76,6.77,4.65,4.65,4.65,4.65
fragment_01535,14,28.17,28.16,27.87,28.94,20.9,20.47,20.47,23.65,13.9,13.15,13.15,16.46,9.56,8.98,8.98,10.49,6.3,6.21,6.21,6.41,4.16,4.16,4.16,4.17,2.86,2.85,2.85,2.87
fragment_01536,4,30.29,30.48,30.0,30.48,25.29,25.66,24.82,25.66,18.99,19.31,18.63,19.49,12.41,12.44,12.36,12.46,7.54,7.54,7.54,7.55,4.91,4.91,4.91,4.91,3.37,3.37,3.37,3.38
fragment_01537,7,28.07,27.78,27.78,28.48,20.25,18.84,18.84,21.9,14.48,12.92,12.74,16.23,10.32,9.66,9.57,11.01,6.82,6.8,6.76,6.84,4.45,4.44,4.44,4.45,3.06,3.05,3.05,3.06
fragment_01538,6,28.12,28.15,28.1,28.19,21.07,21.09,21.05,21.13,14.67,14.67,14.65,14.78,10.57,10.55,10.52,10.96,7.45,7.43,7.41,7.86,5.56,5.56,5.54,5.79,4.32,4.31,4.3,4.51
fragment_01539,54,27.75,27.71,27.71,28.62,18.89,18.69,18.69,22.21,12.57,11.98,11.98,16.77,9.24,8.46,8.46,12.48,6.93,6.16,6.16,8.88,5.29,4.72,4.72,5.85,3.94,3.69,3.69,4.02
fragment_01540,12,28.73,28.68,28.5,29.41,23.39,23.16,23.03,26.06,17.22,16.94,16.94,21.66,13.17,13.0,13.0,16.66,10.13,10.03,10.03,11.95,7.56,7.51,7.51,8.36,5.6,5.58,5.58,5.95
fragment_01541,22,28.35,28.24,28.19,28.91,22.2,21.89,20.98,23.86,16.22,16.09,14.83,17.37,12.12,12.25,11.33,13.16,8.82,8.97,8.16,9.3,6.04,6.06,5.88,6.07,4.16,4.16,4.16,4.17
fragment_01542,2,27.75,27.76,27.17,27.76,22.11,22.12,21.54,22.12,16.21,16.21,16.17,16.21,12.31,12.31,12.25,12.31,9.26,9.26,9.21,9.26,6.9,6.9,6.87,6.9,4.95,4.95,4.95,4.95
fragment_01543,7,32.21,32.21,32.21,33.02,28.78,28.78,28.57,30.9,19.83,19.82,19.82,22.48,13.83,13.83,13.83,14.35,8.77,8.77,8.77,8.8,5.71,5.71,5.71,5.73,3.92,3.92,3.92,3.93
fragment_01544,14,27.94,27.76,27.76,28.47,19.82,18.88,18.87,22.15,14.06,12.97,12.78,17.03,10.63,9.9,9.51,12.78,8.08,7.57,7.53,9.2,6.07,6.01,5.93,6.24,4.28,4.28,4.27,4.28
fragment_01545,3,28.0,28.01,27.96,28.01,19.41,19.42,19.39,19.42,14.08,14.08,14.08,14.08,10.57,10.57,10.57,10.58,7.55,7.55,7.55,7.55,5.34,5.34,5.34,5.34,3.79,3.79,3.79,3.79
fragment_01546,4,30.47,30.46,30.46,31.31,24.37,24.33,24.33,27.24,17.02,16.97,16.97,20.41,12.28,12.25,12.25,13.97,8.82,8.81,8.81,9.42,6.16,6.16,6.16,6.24,4.28,4.28,4.28,4.29
fragment_01547,7,28.31,28.08,28.08,29.84,22.69,22.45,22.29,25.9,17.15,16.96,16.54,20.76,12.73,12.57,12.1,15.38,9.47,9.44,8.95,10.78,6.95,6.95,6.79,7.19,4.93,4.93,4.91,4.94
fragment_01548,24,28.24,28.25,28.02,29.24,21.62,21.96,20.86,25.32,17.01,17.4,15.6,20.44,13.1,13.3,11.97,14.54,8.93,8.92,8.65,8.97,5.83,5.83,5.83,5.84,4.01,4.01,4.0,4.01
fragment_01549,7,30.58,30.41,30.41,31.51,25.81,25.66,25.66,28.62,19.92,19.72,19.71,22.11,14.13,14.02,13.94,15.11,9.62,9.59,9.59,9.73,6.33,6.33,6.33,6.34,4.35,4.35,4.35,4.35
fragment_01550,5,28.17,28.13,28.12,29.41,25.61,25.59,25.23,26.07,20.49,20.46,19.53,21.15,15.34,15.31,15.22,16.01,10.54,10.54,10.54,10.62,6.97,6.97,6.96,6.97,4.79,4.79,4.78,4.79
fragment_01551,9,28.56,28.57,28.29,28.77,23.24,23.27,23.14,25.14,17.37,17.66,17.02,19.16,13.1,13.42,12.74,13.83,9.49,9.63,9.32,10.05,7.11,7.04,7.04,7.57,5.24,5.18,5.18,5.32
fragment_01552,2,29.98,29.74,29.74,30.46,23.72,23.32,23.32,24.53,16.12,15.67,15.67,17.03,10.38,10.23,10.23,10.68,6.58,6.58,6.58,6.58,4.28,4.28,4.28,4.28,2.94,2.94,2.94,2.94
fragment_01553,7,27.73,27.78,27.59,27.82,25.06,25.39,23.72,25.39,17.81,18.35,15.57,18.35,11.43,11.68,10.38,11.68,7.17,7.2,7.04,7.21,4.69,4.69,4.68,4.69,3.22,3.22,3.22,3.22
fragment_01554,13,27.76,27.72,27.64,27.85,20.3,20.19,19.46,20.59,14.09,14.01,13.5,14.31,10.41,10.39,10.17,10.55,8.34,8.4,7.9,8.54,6.77,6.92,6.15,6.99,5.16,5.27,4.75,5.28
fragment_01555,1,30.17,30.17,30.17,30.17,24.97,24.97,24.97,24.97,18.96,18.96,18.96,18.96,13.43,13.43,13.43,13.43,8.47,8.47,8.47,8.47,5.51,5.51,5.51,5.51,3.79,3.79,3.79,3.79
fragment_01556,2,27.71,27.73,27.67,27.73,20.36,20.37,20.36,20.37,13.95,13.96,13.94,13.96,10.19,10.2,10.18,10.2,7.87,7.88,7.87,7.88,5.9,5.9,5.9,5.9,4.47,4.47,4.47,4.47
fragment_01557,2,27.62,27.63,27.54,27.63,19.78,19.78,19.76,19.78,13.43,13.44,13.41,13.44,9.91,9.91,9.89,9.91,7.84,7.84,7.82,7.84,5.6,5.6,5.6,5.6,3.87,3.87,3.87,3.87
fragment_01558,2,29.71,29.72,29.12,29.72,26.0,26.0,25.98,26.0,20.12,20.11,20.11,20.87,15.34,15.34,15.34,15.42,10.59,10.59,10.59,10.59,6.92,6.92,6.92,6.93,4.76,4.76,4.76,4.76
fragment_01559,4,28.86,28.8,28.79,29.46,23.51,23.25,23.25,25.99,16.76,16.47,16.47,19.55,12.06,11.91,11.91,13.46,8.61,8.56,8.56,9.06,5.94,5.93,5.93,5.99,4.11,4.11,4.11,4.11
fragment_01560,2,30.46,30.45,30.45,30.47,25.48,25.48,25.48,25.49,20.02,20.01,20.01,20.02,14.34,14.34,14.34,14.34,9.92,9.92,9.92,9.92,7.02,7.01,7.01,7.02,4.85,4.85,4.85,4.85
fragment_01561,11,28.83,29.03,28.46,30.69,26.24,26.32,25.52,29.1,20.19,19.98,19.98,23.12,14.95,14.74,14.74,17.31,11.51,11.4,11.4,12.77,8.47,8.43,8.43,8.72,5.98,5.98,5.98,5.99
fragment_01562,10,31.3,31.2,31.16,31.83,27.44,26.92,26.92,29.32,21.79,21.2,21.2,23.5,14.95,14.67,14.45,15.88,9.67,9.64,9.57,9.75,6.33,6.33,6.32,6.35,4.35,4.35,4.34,4.36
fragment_01563,1,29.89,29.89,29.89,29.89,23.1,23.1,23.1,23.1,17.28,17.28,17.28,17.28,13.12,13.12,13.12,13.12,9.4,9.4,9.4,9.4,6.34,6.34,6.34,6.34,4.36,4.36,4.36,4.36
fragment_01564,4,29.1,29.15,28.74,29.15,22.33,22.23,22.23,22.87,15.4,15.26,15.26,16.13,9.92,9.9,9.9,10.01,6.07,6.06,6.06,6.07,3.95,3.95,3.95,3.95,2.71,2.71,2.71,2.72
fragment_01565,24,30.41,30.5,30.22,31.3,25.18,25.22,24.16,27.73,18.2,17.79,16.86,20.56,13.28,12.76,12.17,14.67,9.58,9.4,8.91,9.96,6.5,6.51,6.38,6.52,4.47,4.47,4.47,4.48
fragment_01566,4,28.15,28.14,28.14,29.39,20.53,20.51,20.51,24.21,15.13,15.11,15.11,17.96,10.7,10.69,10.69,11.13,6.89,6.89,6.88,6.9,4.48,4.48,4.48,4.49,3.08,3.08,3.08,3.08
fragment_01567,3,28.74,28.74,28.72,28.74,21.98,21.93,21.93,22.19,15.29,15.19,15.19,15.76,11.15,11.15,11.15,11.19,7.84,7.84,7.84,7.87,5.16,5.16,5.16,5.17,3.55,3.55,3.55,3.55
fragment_01568,2,28.22,28.22,28.21,28.22,23.4,23.4,23.4,23.4,17.01,17.0,17.0,17.01,11.84,11.84,11.84,11.84,7.25,7.25,7.25,7.25,4.72,4.72,4.72,4.72,3.24,3.24,3.24,3.24
fragment_01569,2,28.18,28.22,28.08,28.22,19.9,19.92,19.86,19.92,14.46,14.46,14.45,14.46,11.39,11.39,11.39,11.39,8.7,8.7,8.7,8.7,6.53,6.52,6.52,6.53,4.88,4.88,4.88,4.88
fragment_01570,8,28.62,28.55,28.55,29.27,23.34,23.1,23.1,25.73,16.6,16.32,16.32,19.36,11.81,11.66,11.66,13.29,8.44,8.37,8.37,9.09,5.97,5.97,5.97,6.02,4.13,4.13,4.13,4.14
fragment_01571,38,29.3,29.3,28.82,29.62,24.04,24.44,23.4,25.3,19.31,20.18,18.41,21.13,13.73,14.19,13.08,14.42,8.75,8.76,8.72,8.8,5.7,5.7,5.69,5.73,3.92,3.92,3.91,3.94
fragment_01572,3,27.64,27.6,27.6,27.67,19.87,19.84,19.84,19.9,13.64,13.64,13.64,13.65,8.88,8.87,8.87,8.88,5.39,5.39,5.39,5.39,3.51,3.51,3.51,3.51,2.41,2.41,2.41,2.41
fragment_01573,1,29.97,29.97,29.97,29.97,25.12,25.12,25.12,25.12,15.48,15.48,15.48,15.48,8.49,8.49,8.49,8.49,5.14,5.14,5.14,5.14,3.35,3.35,3.35,3.35,2.3,2.3,2.3,2.3
fragment_01574,2,27.67,27.67,27.67,27.67,26.24,26.24,26.24,26.24,20.34,20.34,20.34,20.34,15.29,15.29,15.29,15.29,11.36,11.36,11.36,11.36,8.13,8.13,8.13,8.13,5.73,5.73,5.73,5.73
fragment_01575,1,30.1,30.1,30.1,30.1,23.62,23.62,23.62,23.62,17.84,17.84,17.84,17.84,14.2,14.2,14.2,14.2,10.27,10.27,10.27,10.27,6.86,6.86,6.86,6.86,4.71,4.71,4.71,4.71
fragment_01576,4,29.93,30.01,29.74,30.14,24.55,25.39,23.13,25.39,18.33,19.12,16.99,19.12,13.82,14.26,13.06,14.26,10.23,10.51,9.74,10.51,7.56,7.64,7.42,7.64,5.33,5.34,5.32,5.34
fragment_01577,12,28.38,28.38,28.1,29.24,21.43,21.38,20.56,23.64,16.61,16.63,15.52,18.73,11.79,11.83,10.97,12.06,7.29,7.29,7.23,7.31,4.75,4.75,4.74,4.76,3.26,3.26,3.25,3.27
fragment_01578,7,28.14,28.16,28.11,28.16,21.08,21.09,21.05,21.1,14.77,14.78,14.74,14.8,11.12,11.13,11.07,11.17,8.56,8.56,8.52,8.66,6.38,6.38,6.37,6.4,4.41,4.41,4.41,4.41
fragment_01579,12,27.78,27.73,27.71,27.89,19.77,19.73,19.71,19.86,14.23,14.19,14.18,14.31,11.55,11.5,11.5,11.61,9.13,9.01,9.01,9.33,7.36,7.17,7.17,7.7,5.92,5.76,5.76,6.17
fragment_01580,12,28.21,28.22,27.98,28.84,21.18,20.81,20.81,23.93,16.02,15.36,15.29,18.55,11.63,11.17,10.58,12.41,7.61,7.58,7.34,7.65,4.97,4.97,4.97,4.98,3.42,3.42,3.42,3.42
fragment_01581,6,25.25,25.22,25.22,25.91,20.5,20.49,20.35,20.73,17.15,17.14,16.03,18.57,13.85,13.83,12.7,15.65,10.83,10.82,10.22,11.91,8.03,8.03,7.81,8.31,5.72,5.72,5.7,5.73
fragment_01582,1,28.09,28.09,28.09,28.09,22.75,22.75,22.75,22.75,16.01,16.01,16.01,16.01,10.73,10.73,10.73,10.73,6.71,6.71,6.71,6.71,4.37,4.37,4.37,4.37,3.0,3.0,3.0,3.0
fragment_01583,2,27.02,27.02,27.01,27.02,23.54,23.54,23.51,23.54,19.09,19.11,19.01,19.11,14.71,14.8,14.36,14.8,11.55,11.68,11.07,11.68,8.98,9.05,8.73,9.05,6.65,6.66,6.59,6.66
fragment_01584,2,27.87,27.87,27.86,27.87,25.5,25.51,25.5,25.51,18.77,18.78,18.77,18.78,13.08,13.08,13.07,13.08,9.64,9.64,9.63,9.64,7.11,7.12,7.11,7.12,5.29,5.29,5.29,5.29
fragment_01585,4,28.74,28.75,28.67,28.79,21.62,21.63,21.59,21.65,15.21,15.2,15.19,15.23,11.27,11.26,11.26,11.3,8.42,8.41,8.41,8.44,6.17,6.17,6.17,6.17,4.27,4.27,4.27,4.27
fragment_01586,6,25.24,25.33,25.09,26.67,19.05,18.91,18.91,22.48,15.34,15.36,15.04,19.3,11.99,12.15,11.52,14.66,9.21,9.2,8.97,10.5,6.86,6.86,6.74,7.37,5.07,5.07,5.01,5.24
fragment_01587,2,27.82,27.82,27.82,27.82,26.47,26.46,26.46,26.48,20.47,20.47,20.47,20.48,15.02,15.01,15.01,15.02,10.94,10.94,10.94,10.94,7.76,7.76,7.76,7.76,5.38,5.38,5.38,5.38
fragment_01588,26,28.42,28.22,28.12,28.76,22.46,21.82,20.59,24.0,16.53,16.25,14.33,17.83,12.46,12.67,11.09,14.06,9.55,9.93,8.33,10.88,7.26,7.49,6.43,7.65,5.31,5.34,5.11,5.34
fragment_01589,2,28.3,28.29,28.29,28.32,20.47,20.46,20.46,20.5,14.57,14.57,14.54,14.57,10.62,10.63,10.61,10.63,6.86,6.86,6.86,6.86,4.46,4.46,4.46,4.46,3.07,3.07,3.07,3.07
fragment_01590,4,28.12,28.17,28.07,28.17,19.88,19.9,19.85,19.9,14.3,14.31,14.29,14.31,11.31,11.31,11.31,11.32,8.73,8.72,8.72,8.73,6.39,6.39,6.39,6.39,4.43,4.43,4.43,4.43
fragment_01591,1,29.65,29.65,29.65,29.65,23.08,23.08,23.08,23.08,16.71,16.71,16.71,16.71,12.34,12.34,12.34,12.34,9.49,9.49,9.49,9.49,7.31,7.31,7.31,7.31,5.3,5.3,5.3,5.3
fragment_01592,8,28.99,29.03,28.49,29.23,25.63,26.47,24.87,26.47,19.97,20.99,18.94,20.99,14.8,14.99,14.64,14.99,10.44,10.49,10.4,10.49,6.95,6.95,6.94,6.95,4.77,4.78,4.77,4.78
fragment_01593,17,28.68,28.63,28.52,29.06,23.9,24.01,23.34,25.87,17.86,18.04,17.11,19.4,12.83,12.94,12.41,13.1,8.21,8.21,8.19,8.22,5.34,5.34,5.33,5.35,3.67,3.67,3.66,3.67
fragment_01594,2,28.71,28.74,28.65,28.74,21.6,21.62,21.57,21.62,15.33,15.34,15.31,15.34,11.99,12.0,11.98,12.0,9.45,9.45,9.45,9.45,6.61,6.61,6.61,6.61,4.54,4.54,4.54,4.54
fragment_01595,1,30.07,30.07,30.07,30.07,23.95,23.95,23.95,23.95,17.26,17.26,17.26,17.26,11.81,11.81,11.81,11.81,7.3,7.3,7.3,7.3,4.75,4.75,4.75,4.75,3.26,3.26,3.26,3.26
fragment_01596,1,30.31,30.31,30.31,30.31,24.57,24.57,24.57,24.57,18.47,18.47,18.47,18.47,12.72,12.72,12.72,12.72,7.97,7.97,7.97,7.97,5.19,5.19,5.19,5.19,3.56,3.56,3.56,3.56
fragment_01597,5,28.16,28.16,28.16,28.2,21.9,21.84,21.14,22.33,16.32,16.13,15.43,17.33,11.93,11.67,11.34,13.33,9.15,8.96,8.73,10.2,6.96,6.89,6.79,7.32,5.03,5.03,5.02,5.04
fragment_01598,20,30.12,30.15,30.07,30.56,24.09,24.1,24.04,25.06,17.21,17.32,16.95,17.94,12.95,13.42,12.06,14.21,9.83,9.92,9.19,11.23,7.92,7.69,7.42,8.93,6.07,5.98,5.83,6.24
fragment_01599,2,28.8,28.8,28.8,28.8,21.68,21.67,21.67,21.68,15.21,15.2,15.2,15.23,11.24,11.22,11.22,11.25,8.18,8.17,8.17,8.18,5.88,5.88,5.88,5.88,4.12,4.12,4.12,4.12
fragment_01600,17,28.82,28.86,28.74,28.86,21.7,21.72,21.65,21.72,15.31,15.33,15.29,15.33,11.64,11.66,11.62,11.66,8.46,8.47,8.43,8.48,6.15,6.15,6.04,6.29,4.78,4.78,4.66,4.89
fragment_01601,1,29.67,29.67,29.67,29.67,23.13,23.13,23.13,23.13,16.81,16.81,16.81,16.81,12.49,12.49,12.49,12.49,9.12,9.12,9.12,9.12,6.32,6.32,6.32,6.32,4.35,4.35,4.35,4.35
fragment_01602,2,29.79,29.79,29.26,29.79,23.04,23.04,22.65,23.04,17.17,17.17,16.86,17.17,12.92,12.92,12.74,12.92,8.5,8.5,8.48,8.5,5.56,5.56,5.56,5.56,3.82,3.82,3.82,3.82
fragment_01603,1,29.79,29.79,29.79,29.79,22.88,22.88,22.88,22.88,16.8,16.8,16.8,16.8,11.62,11.62,11.62,11.62,7.3,7.3,7.3,7.3,4.75,4.75,4.75,4.75,3.26,3.26,3.26,3.26
fragment_01604,11,27.83,27.8,27.65,27.92,20.74,20.74,19.2,21.38,14.45,14.44,12.76,15.81,10.92,10.92,9.33,12.21,8.66,8.65,7.62,9.21,6.86,6.86,6.35,6.93,5.01,5.01,4.92,5.01
fragment_01605,12,27.82,27.93,27.68,27.96,20.73,21.31,19.93,21.37,14.48,14.94,13.88,15.0,10.66,11.05,10.16,11.11,8.07,8.28,7.76,8.32,6.04,6.14,5.91,6.15,4.3,4.3,4.3,4.31
fragment_01606,2,28.35,28.33,28.33,28.39,20.5,20.48,20.48,20.53,14.57,14.57,14.57,14.57,10.88,10.87,10.87,10.9,8.14,8.14,8.14,8.15,5.78,5.79,5.78,5.79,3.99,3.99,3.99,3.99
fragment_01607,33,28.8,28.8,28.71,28.85,21.67,21.67,21.63,21.7,15.6,15.53,15.45,16.62,12.56,12.39,12.16,15.04,10.06,10.04,9.32,12.81,7.99,8.2,7.14,9.85,6.2,6.46,5.61,6.96
fragment_01608,2,28.34,28.32,28.32,28.36,20.49,20.48,20.48,20.52,14.75,14.77,14.72,14.77,11.05,11.07,11.02,11.07,7.67,7.68,7.66,7.68,5.18,5.18,5.18,5.18,3.56,3.56,3.56,3.56
fragment_01609,15,28.63,28.62,28.57,29.33,23.19,23.09,23.06,25.73,16.39,16.26,16.26,19.25,11.51,11.39,11.38,13.54,8.47,8.37,8.34,10.1,6.74,6.66,6.63,7.95,5.44,5.37,5.34,6.29
fragment_01610,10,27.93,27.92,27.85,27.94,25.57,25.56,25.44,25.6,18.85,18.85,18.7,18.87,13.5,13.74,13.26,13.74,10.41,10.9,10.0,10.9,8.17,8.59,7.68,8.59,6.33,6.52,6.03,6.52
fragment_01611,4,28.84,28.86,28.8,28.86,21.75,21.76,21.73,21.76,15.27,15.27,15.25,15.28,11.87,11.87,11.86,11.88,9.79,9.79,9.78,9.79,7.67,7.67,7.66,7.67,5.79,5.79,5.79,5.79
fragment_01612,1,28.42,28.42,28.42,28.42,21.64,21.64,21.64,21.64,16.3,16.3,16.3,16.3,11.46,11.46,11.46,11.46,7.58,7.58,7.58,7.58,4.96,4.96,4.96,4.96,3.4,3.4,3.4,3.4
fragment_01613,4,28.1,28.14,28.07,28.14,19.85,19.87,19.84,19.87,14.13,14.14,14.12,14.14,10.39,10.39,10.37,10.39,6.74,6.74,6.74,6.74,4.39,4.39,4.39,4.39,3.02,3.02,3.01,3.02
fragment_01614,45,29.18,29.17,28.64,29.47,23.3,22.92,22.54,24.89,18.41,17.78,17.02,20.45,13.49,13.54,11.66,15.62,9.79,9.88,8.47,11.12,7.3,7.33,6.5,7.81,5.33,5.36,5.11,5.39
fragment_01615,4,28.16,28.15,28.15,28.9,20.02,20.02,20.02,21.95,12.99,12.84,12.84,14.48,9.37,9.2,9.2,10.51,7.27,7.21,7.21,8.05,5.98,6.09,5.81,6.35,4.95,5.12,4.7,5.22
fragment_01616,3,28.0,27.99,27.99,28.03,20.37,20.36,20.36,20.39,14.4,14.4,14.4,14.4,9.9,9.9,9.9,9.91,7.15,7.15,7.15,7.15,5.08,5.08,5.08,5.08,3.5,3.5,3.5,3.5
fragment_01617,2,29.74,29.75,29.74,29.75,23.2,23.21,23.2,23.21,16.87,16.87,16.87,16.87,13.15,13.15,13.15,13.15,10.05,10.05,10.05,10.05,7.33,7.33,7.33,7.33,5.1,5.1,5.1,5.1
fragment_01618,2,28.39,28.43,28.33,28.43,20.54,20.56,20.49,20.56,14.79,14.78,14.78,14.81,11.2,11.19,11.19,11.22,8.36,8.35,8.35,8.37,6.32,6.32,6.32,6.33,4.83,4.83,4.83,4.84
fragment_01619,1,28.98,28.98,28.98,28.98,24.06,24.06,24.06,24.06,18.06,18.06,18.06,18.06,13.99,13.99,13.99,13.99,10.26,10.26,10.26,10.26,6.97,6.97,6.97,6.97,4.79,4.79,4.79,4.79
fragment_01620,7,28.92,28.97,28.46,29.25,25.6,26.43,24.89,26.43,20.01,20.99,19.05,20.99,15.02,15.16,14.87,15.18,10.9,10.89,10.82,10.96,7.46,7.47,7.46,7.47,5.13,5.13,5.12,5.13
fragment_01621,28,31.05,30.76,30.76,32.66,27.22,26.39,26.18,29.98,21.75,21.24,20.52,23.9,15.25,15.32,14.77,15.53,9.41,9.41,9.39,9.43,6.13,6.13,6.11,6.14,4.21,4.21,4.2,4.22
fragment_01622,2,30.93,30.89,30.89,30.96,26.0,26.88,25.04,26.88,19.49,21.16,17.66,21.16,13.86,15.01,12.59,15.01,9.95,10.59,9.24,10.59,7.08,7.24,6.9,7.24,4.97,4.97,4.97,4.97
fragment_01623,4,28.82,28.85,28.77,28.85,21.71,21.72,21.68,21.72,15.61,15.66,15.58,15.66,11.94,11.98,11.9,11.98,9.21,9.23,9.19,9.23,6.75,6.76,6.75,6.76,4.73,4.73,4.73,4.73
fragment_01624,6,28.18,28.01,28.0,28.69,21.4,21.39,19.86,22.59,15.85,15.9,13.8,17.25,11.91,11.81,10.48,13.13,9.18,8.99,8.15,10.25,7.0,6.87,6.39,7.61,5.32,5.32,5.06,5.46
fragment_01625,7,31.06,31.1,30.56,31.97,28.07,28.01,28.01,32.01,23.16,23.06,23.06,26.94,17.69,17.61,17.61,19.13,11.97,11.96,11.93,12.06,7.85,7.85,7.84,7.86,5.39,5.39,5.39,5.4
fragment_01626,27,27.78,27.73,27.73,28.17,18.91,18.7,18.7,21.81,12.53,11.98,11.98,16.17,9.09,8.45,8.45,11.19,6.53,6.1,6.1,7.0,4.53,4.47,4.47,4.56,3.13,3.13,3.12,3.13
fragment_01627,1,30.21,30.21,30.21,30.21,25.05,25.05,25.05,25.05,19.69,19.69,19.69,19.69,14.75,14.75,14.75,14.75,10.48,10.48,10.48,10.48,7.55,7.55,7.55,7.55,5.21,5.21,5.21,5.21
fragment_01628,3,29.85,29.85,29.85,29.88,23.15,23.15,23.15,23.19,18.42,18.42,18.37,18.42,13.89,13.89,13.89,13.95,10.27,10.26,10.26,10.49,7.76,7.76,7.76,7.84,5.53,5.53,5.53,5.54
fragment_01629,4,28.44,28.43,28.12,28.98,21.34,21.32,20.87,23.44,16.29,16.29,15.36,18.14,11.51,11.52,10.8,11.71,7.09,7.09,7.06,7.1,4.62,4.62,4.62,4.62,3.17,3.17,3.17,3.17
fragment_01630,4,28.74,28.72,28.72,28.76,21.62,21.62,21.61,21.64,15.4,15.37,15.37,15.44,11.78,11.74,11.74,11.82,9.11,9.09,9.09,9.14,6.95,6.94,6.94,6.96,4.97,4.97,4.97,4.97
fragment_01631,8,29.49,29.51,28.49,29.89,27.88,28.09,25.24,28.09,23.51,23.75,20.25,23.75,17.72,17.84,15.72,17.84,12.34,12.35,11.55,12.38,8.32,8.32,8.23,8.33,5.72,5.72,5.72,5.72
fragment_01632,1,29.87,29.87,29.87,29.87,23.26,23.26,23.26,23.26,16.51,16.51,16.51,16.51,11.87,11.87,11.87,11.87,8.34,8.34,8.34,8.34,5.65,5.65,5.65,5.65,3.88,3.88,3.88,3.88
fragment_01633,20,28.35,28.32,28.06,29.48,22.47,22.47,21.3,25.77,18.35,18.35,16.86,21.03,14.65,14.53,13.74,15.87,10.2,10.19,10.07,10.28,6.69,6.69,6.67,6.69,4.59,4.6,4.58,4.6
fragment_01634,10,29.4,29.53,28.8,29.53,24.02,24.19,23.3,25.42,19.7,19.55,18.33,22.36,15.39,15.04,13.94,18.09,11.58,11.27,10.88,12.91,8.37,8.3,8.16,8.58,5.89,5.89,5.88,5.9
fragment_01635,28,29.38,29.54,28.8,29.9,23.88,24.5,23.08,26.43,19.16,19.76,18.2,21.88,14.29,15.05,13.18,16.24,10.02,10.33,9.45,10.71,6.91,6.97,6.74,6.98,4.79,4.79,4.77,4.79
fragment_01636,3,27.5,27.5,27.49,27.51,18.96,18.95,18.95,18.96,12.8,12.8,12.8,12.81,9.69,9.69,9.69,9.69,7.48,7.48,7.48,7.48,5.65,5.65,5.65,5.66,4.27,4.27,4.27,4.27
fragment_01637,15,28.14,28.09,28.01,28.97,21.01,21.36,20.69,23.6,15.67,16.25,15.06,18.25,11.04,11.35,10.4,11.56,6.98,6.98,6.9,7.0,4.55,4.54,4.54,4.56,3.12,3.12,3.12,3.13
fragment_01638,10,25.61,25.62,25.22,27.24,19.94,19.84,19.38,22.38,15.95,15.63,15.28,19.18,12.81,12.55,12.23,15.86,10.2,10.1,9.93,11.5,7.49,7.47,7.38,7.63,5.23,5.23,5.22,5.24
fragment_01639,1,30.13,30.13,30.13,30.13,23.95,23.95,23.95,23.95,17.3,17.3,17.3,17.3,12.29,12.29,12.29,12.29,8.43,8.43,8.43,8.43,5.57,5.57,5.57,5.57,3.83,3.83,3.83,3.83
fragment_01640,4,28.73,28.76,28.66,28.77,21.62,21.64,21.59,21.64,15.19,15.18,15.18,15.22,11.35,11.33,11.33,11.38,8.43,8.42,8.42,8.44,5.85,5.85,5.85,5.85,4.02,4.02,4.02,4.02
fragment_01641,7,25.83,25.87,25.59,25.91,20.33,20.38,20.07,20.4,14.67,14.66,14.62,14.68,11.0,10.98,10.98,11.08,8.67,8.66,8.66,8.85,6.35,6.35,6.35,6.4,4.44,4.44,4.44,4.45
fragment_01642,7,28.81,28.79,28.73,28.82,21.68,21.68,21.63,21.69,15.15,15.14,15.12,15.16,11.01,11.0,10.99,11.02,8.33,8.33,8.27,8.33,6.65,6.65,6.57,6.66,4.9,4.9,4.9,4.9
fragment_01643,44,27.81,27.77,27.62,27.93,20.52,20.78,19.11,20.98,14.08,14.67,12.37,15.1,10.24,11.24,8.73,11.61,7.92,9.32,6.52,9.32,6.39,7.67,4.99,7.67,5.09,5.62,3.99,5.62
fragment_01644,4,29.01,28.99,28.99,29.02,22.16,22.15,22.15,22.32,15.45,15.44,15.44,15.87,11.75,11.77,11.27,11.77,8.83,8.85,8.26,8.85,6.8,6.8,6.46,6.8,5.43,5.44,5.07,5.44
fragment_01645,45,29.16,29.28,28.54,29.56,23.46,23.13,22.55,24.78,18.58,18.26,17.17,20.89,13.52,12.79,11.66,15.52,9.81,9.28,8.47,11.12,7.33,7.23,6.5,7.8,5.33,5.34,5.12,5.39
fragment_01646,5,30.3,30.2,30.2,30.98,24.36,24.04,24.04,26.82,16.81,16.35,16.35,20.81,11.81,11.55,11.55,14.02,8.42,8.31,8.31,9.25,5.99,5.98,5.98,6.04,4.15,4.15,4.14,4.15
fragment_01647,17,33.85,33.9,33.4,34.45,31.1,31.21,29.95,33.37,21.79,21.8,20.82,23.65,13.29,13.27,13.26,13.36,8.08,8.08,8.06,8.09,5.26,5.26,5.25,5.27,3.61,3.62,3.6,3.62
fragment_01648,1,30.1,30.1,30.1,30.1,25.35,25.35,25.35,25.35,19.01,19.01,19.01,19.01,13.4,13.4,13.4,13.4,9.78,9.78,9.78,9.78,6.98,6.98,6.98,6.98,4.84,4.84,4.84,4.84
fragment_01649,5,29.37,29.34,28.97,29.4,22.27,22.17,22.17,23.06,16.29,16.24,16.24,17.17,12.55,12.51,12.51,13.05,9.73,9.72,9.72,10.01,7.18,7.18,7.18,7.32,5.04,5.04,5.04,5.05
fragment_01650,2,28.44,28.44,28.39,28.44,20.36,20.37,20.35,20.37,14.45,14.45,14.41,14.45,10.49,10.49,10.49,10.49,7.37,7.37,7.36,7.37,4.93,4.93,4.93,4.93,3.39,3.39,3.38,3.39
fragment_01651,30,33.86,33.88,33.28,34.72,31.1,31.22,29.95,33.91,22.04,22.02,21.08,24.97,14.25,14.12,14.09,15.39,9.31,9.29,9.27,9.42,6.11,6.12,6.11,6.13,4.2,4.2,4.2,4.21
fragment_01652,3,28.75,28.73,28.73,29.16,23.27,23.19,23.18,25.67,16.54,16.44,16.43,19.48,12.11,12.05,12.05,13.75,8.93,8.9,8.9,9.83,6.54,6.53,6.53,6.97,4.89,4.88,4.88,5.16
fragment_01653,1,30.37,30.37,30.37,30.37,24.55,24.55,24.55,24.55,18.49,18.49,18.49,18.49,13.18,13.18,13.18,13.18,9.44,9.44,9.44,9.44,7.0,7.0,7.0,7.0,5.14,5.14,5.14,5.14
fragment_01654,4,28.52,28.31,28.31,29.15,22.32,22.07,22.07,23.52,15.6,15.52,15.14,16.32,9.57,9.58,9.54,9.63,5.8,5.81,5.79,5.84,3.77,3.78,3.77,3.8,2.59,2.6,2.59,2.61
fragment_01655,1,23.48,23.48,23.48,23.48,13.95,13.95,13.95,13.95,7.32,7.32,7.32,7.32,4.01,4.01,4.01,4.01,2.43,2.43,2.43,2.43,1.58,1.58,1.58,1.58,1.09,1.09,1.09,1.09
fragment_01656,2,28.24,28.21,28.21,28.27,20.39,20.37,20.37,20.43,14.18,14.19,14.18,14.19,9.74,9.74,9.74,9.74,6.78,6.78,6.78,6.78,4.91,4.91,4.91,4.91,3.42,3.42,3.42,3.42
fragment_01657,1,27.17,27.17,27.17,27.17,23.42,23.42,23.42,23.42,18.02,18.02,18.02,18.02,12.23,12.23,12.23,12.23,7.67,7.67,7.67,7.67,4.99,4.99,4.99,4.99,3.43,3.43,3.43,3.43
fragment_01658,2,28.89,28.88,28.88,28.89,21.76,21.76,21.76,21.77,15.17,15.17,15.17,15.18,11.39,11.37,11.37,11.42,8.7,8.69,8.69,8.73,6.65,6.64,6.64,6.67,5.25,5.24,5.24,5.26
fragment_01659,2,28.2,28.2,28.19,28.2,23.4,23.4,23.4,23.4,16.93,16.92,16.92,16.93,11.56,11.56,11.56,11.56,7.62,7.62,7.62,7.62,5.06,5.06,5.06,5.06,3.47,3.47,3.47,3.48
fragment_01660,4,28.68,28.71,28.64,28.71,21.58,21.6,21.56,21.6,15.04,15.03,15.03,15.05,10.92,10.91,10.91,10.94,7.25,7.24,7.24,7.25,4.74,4.74,4.74,4.74,3.26,3.26,3.26,3.26
fragment_01661,2,29.96,29.72,29.72,30.44,23.71,23.31,23.31,24.5,16.11,15.67,15.67,17.01,10.38,10.23,10.23,10.67,6.58,6.58,6.58,6.58,4.28,4.28,4.28,4.28,2.94,2.94,2.94,2.94
fragment_01662,8,29.43,28.99,28.94,30.05,24.52,25.23,22.97,25.77,19.04,19.7,17.05,20.3,13.9,14.46,12.29,15.09,9.76,10.15,8.71,10.4,6.89,7.0,6.5,7.03,4.82,4.84,4.79,4.84
fragment_01663,4,32.77,32.71,32.66,33.26,28.79,28.48,28.48,30.59,18.88,18.6,18.6,20.39,11.49,11.48,11.48,11.55,6.99,6.99,6.99,6.99,4.55,4.55,4.55,4.55,3.13,3.13,3.12,3.13
fragment_01664,3,30.04,30.04,30.02,30.43,24.04,24.04,24.04,24.95,17.07,17.05,17.05,18.1,12.63,12.59,12.59,13.87,9.33,9.31,9.31,10.16,6.84,6.83,6.83,6.97,4.78,4.78,4.78,4.79
fragment_01665,1,30.13,30.13,30.13,30.13,24.55,24.55,24.55,24.55,18.98,18.98,18.98,18.98,13.99,13.99,13.99,13.99,9.65,9.65,9.65,9.65,6.45,6.45,6.45,6.45,4.43,4.43,4.43,4.43
fragment_01666,3,27.67,27.67,27.66,28.5,18.81,18.81,18.81,20.11,12.37,12.36,12.36,12.92,8.92,8.92,8.92,9.33,6.92,6.92,6.92,7.17,5.53,5.53,5.53,5.63,4.39,4.39,4.39,4.46
fragment_01667,2,27.77,27.78,26.74,27.78,23.68,23.68,22.88,23.68,17.7,17.7,17.37,17.7,13.17,13.17,12.87,13.17,9.31,9.31,9.19,9.31,6.79,6.79,6.69,6.79,5.11,5.11,5.07,5.11
fragment_01668,2,27.75,27.75,27.75,27.75,26.34,26.34,26.34,26.34,20.35,20.35,20.35,20.35,14.87,14.86,14.86,14.87,10.52,10.52,10.52,10.52,7.24,7.24,7.24,7.24,5.03,5.03,5.03,5.03
fragment_01669,2,29.78,29.94,29.62,29.94,22.68,23.13,22.2,23.13,15.68,16.21,15.13,16.21,11.39,11.79,10.96,11.79,8.47,8.66,8.27,8.66,6.25,6.36,6.13,6.36,4.64,4.69,4.59,4.69
fragment_01670,2,31.33,31.32,31.32,31.33,27.84,27.84,27.84,27.85,23.21,23.21,23.21,23.22,16.05,16.05,16.05,16.05,10.08,10.08,10.08,10.08,6.56,6.56,6.56,6.56,4.51,4.51,4.51,4.51
fragment_01671,2,27.91,27.92,27.91,27.92,25.52,25.53,25.5,25.53,18.78,18.79,18.76,18.79,13.21,13.22,13.2,13.22,9.89,9.9,9.89,9.9,7.38,7.39,7.38,7.39,5.4,5.4,5.39,5.4
fragment_01672,2,27.96,27.96,27.55,27.96,22.68,22.68,22.29,22.68,16.13,16.13,16.08,16.13,11.53,11.53,11.44,11.53,8.59,8.59,8.56,8.59,6.45,6.45,6.43,6.45,4.76,4.76,4.75,4.76
fragment_01673,9,27.78,27.75,27.74,28.52,18.95,18.83,18.7,21.63,12.38,12.36,11.92,14.74,8.38,8.47,8.07,8.66,5.23,5.23,5.23,5.25,3.41,3.41,3.4,3.41,2.34,2.34,2.34,2.35
fragment_01674,1,32.21,32.21,32.21,32.21,27.63,27.63,27.63,27.63,18.02,18.02,18.02,18.02,9.87,9.87,9.87,9.87,5.98,5.98,5.98,5.98,3.89,3.89,3.89,3.89,2.67,2.67,2.67,2.67
fragment_01675,9,28.07,28.11,28.02,28.14,19.82,19.84,19.8,19.87,14.46,14.46,14.41,14.47,11.54,11.53,11.53,11.61,9.07,9.06,9.06,9.29,6.96,6.96,6.96,7.04,4.98,4.98,4.98,4.99
fragment_01676,7,28.23,28.23,28.2,29.22,20.06,20.05,20.05,22.16,13.29,13.27,13.17,14.78,9.99,10.0,9.65,11.03,8.15,8.14,7.94,9.05,6.57,6.51,6.51,7.54,5.28,5.22,5.22,5.9
fragment_01677,2,30.49,30.45,30.45,30.55,24.59,25.5,23.3,25.5,18.45,19.55,16.89,19.55,13.28,14.01,12.25,14.01,9.57,9.99,8.98,9.99,6.79,6.87,6.68,6.87,4.73,4.73,4.73,4.73
fragment_01678,1,27.22,27.22,27.22,27.22,24.53,24.53,24.53,24.53,20.36,20.36,20.36,20.36,15.47,15.47,15.47,15.47,11.34,11.34,11.34,11.34,7.74,7.74,7.74,7.74,5.32,5.32,5.32,5.32
fragment_01679,1,28.75,28.75,28.75,28.75,22.21,22.21,22.21,22.21,17.0,17.0,17.0,17.0,12.61,12.61,12.61,12.61,8.42,8.42,8.42,8.42,5.51,5.51,5.51,5.51,3.79,3.79,3.79,3.79
fragment_01680,2,28.32,28.31,28.31,28.35,20.5,20.49,20.49,20.53,14.76,14.78,14.73,14.78,10.98,10.99,10.96,10.99,7.28,7.28,7.27,7.28,4.74,4.74,4.74,4.74,3.26,3.26,3.26,3.26
fragment_01681,7,25.21,25.34,25.07,26.37,19.1,18.95,18.95,22.42,15.35,15.41,15.08,19.23,11.96,12.19,11.53,14.61,9.21,9.21,9.0,10.5,6.86,6.89,6.76,7.43,5.11,5.11,5.04,5.39
fragment_01682,1,30.0,30.0,30.0,30.0,23.5,23.5,23.5,23.5,16.98,16.98,16.98,16.98,12.21,12.21,12.21,12.21,8.91,8.91,8.91,8.91,6.7,6.7,6.7,6.7,4.79,4.79,4.79,4.79
fragment_01683,1,27.11,27.11,27.11,27.11,23.74,23.74,23.74,23.74,19.63,19.63,19.63,19.63,15.42,15.42,15.42,15.42,11.48,11.48,11.48,11.48,8.43,8.43,8.43,8.43,6.03,6.03,6.03,6.03
fragment_01684,16,30.13,30.12,30.06,30.68,24.45,24.42,24.23,26.63,18.37,18.34,17.55,20.25,14.47,14.46,13.41,15.94,10.45,10.44,9.72,11.11,7.31,7.31,7.12,7.33,5.04,5.04,5.04,5.04
fragment_01685,23,29.7,29.37,28.94,30.41,25.84,25.86,24.73,27.2,20.45,20.87,19.23,21.76,14.04,14.52,13.01,14.78,8.91,9.0,8.7,9.02,5.86,5.86,5.85,5.87,4.02,4.02,4.02,4.03
fragment_01686,13,31.07,30.78,30.78,32.3,27.0,26.17,26.17,29.61,21.08,20.42,20.42,23.28,14.26,14.24,14.23,14.36,8.69,8.68,8.68,8.7,5.65,5.65,5.65,5.66,3.88,3.88,3.88,3.89
fragment_01687,3,27.91,27.93,27.83,28.8,20.23,20.15,20.15,22.88,14.75,14.51,14.51,18.1,11.04,10.78,10.78,13.49,8.27,8.11,8.11,9.68,6.27,6.21,6.21,6.55,4.49,4.49,4.49,4.5
fragment_01688,7,28.45,28.45,28.32,28.71,23.06,23.05,23.0,24.91,16.65,16.61,16.61,19.36,12.36,12.3,12.3,14.95,9.14,9.1,9.1,10.22,6.63,6.63,6.63,6.73,4.61,4.61,4.61,4.62
fragment_01689,2,26.85,26.84,26.84,26.87,23.24,23.17,23.17,23.36,17.77,17.65,17.65,17.97,12.52,12.42,12.42,12.69,8.96,8.93,8.93,9.03,6.54,6.51,6.51,6.6,4.97,4.95,4.95,4.99
fragment_01690,2,25.09,25.09,25.08,25.09,18.84,18.83,18.83,18.86,12.76,12.76,12.76,12.76,8.42,8.42,8.42,8.42,5.68,5.68,5.68,5.68,3.71,3.71,3.7,3.71,2.55,2.55,2.55,2.55
fragment_01691,2,27.44,27.44,27.44,27.45,19.42,19.42,19.42,19.42,13.21,13.21,13.21,13.21,9.85,9.85,9.85,9.85,7.64,7.64,7.64,7.64,5.73,5.73,5.73,5.73,4.29,4.29,4.29,4.29
fragment_01692,2,30.44,30.44,30.44,31.26,24.34,24.32,24.32,27.19,16.98,16.95,16.95,20.38,12.25,12.24,12.24,13.94,8.8,8.79,8.79,9.5,6.22,6.22,6.22,6.23,4.28,4.28,4.28,4.28
fragment_01693,3,29.03,28.69,28.68,29.7,22.51,22.05,22.05,23.37,15.44,15.27,15.27,15.76,9.9,9.88,9.88,10.04,6.35,6.34,6.34,6.35,4.13,4.13,4.13,4.13,2.84,2.84,2.84,2.84
fragment_01694,2,29.91,29.91,29.26,29.91,23.21,23.22,22.5,23.22,18.4,18.4,18.02,18.4,13.57,13.57,13.57,13.6,9.39,9.39,9.39,9.4,6.55,6.55,6.55,6.55,4.64,4.64,4.64,4.64
fragment_01695,10,31.35,31.28,31.12,32.19,27.36,27.05,27.05,30.04,21.84,21.62,21.62,24.53,15.14,15.15,14.36,15.85,9.71,9.73,9.54,9.75,6.33,6.33,6.32,6.35,4.35,4.35,4.34,4.36
fragment_01696,2,30.32,30.31,30.31,30.33,25.34,25.34,25.34,25.34,20.1,20.1,20.1,20.1,14.77,14.77,14.77,14.77,10.13,10.12,10.12,10.13,6.76,6.76,6.76,6.76,4.64,4.64,4.64,4.64
fragment_01697,3,28.36,28.43,28.28,28.43,20.5,20.55,20.44,20.55,14.92,14.92,14.91,14.92,11.84,11.84,11.83,11.84,9.47,9.48,9.47,9.48,7.31,7.31,7.31,7.32,5.42,5.42,5.42,5.42
fragment_01698,4,29.5,29.49,29.45,29.53,24.17,24.18,24.11,24.19,18.85,18.88,18.67,18.91,15.36,15.37,15.25,15.4,12.42,12.42,12.39,12.44,8.86,8.85,8.85,8.88,6.11,6.11,6.11,6.11
fragment_01699,2,29.62,29.56,29.56,30.49,23.47,23.35,23.35,25.17,16.11,15.97,15.97,18.03,10.87,10.84,10.84,11.35,6.96,6.96,6.96,6.96,4.53,4.53,4.53,4.53,3.11,3.11,3.11,3.11
fragment_01700,6,25.22,25.33,25.06,26.38,19.08,18.94,18.94,22.5,15.35,15.4,15.08,19.35,11.97,12.18,11.55,14.71,9.21,9.21,9.0,10.51,6.85,6.87,6.75,7.26,4.98,4.98,4.95,5.05
fragment_01701,5,28.34,28.11,28.11,28.99,21.17,20.39,20.39,23.31,15.77,14.86,14.86,17.72,10.76,10.38,10.38,11.11,6.72,6.72,6.71,6.73,4.38,4.37,4.37,4.38,3.01,3.01,3.0,3.01
fragment_01702,2,28.65,28.67,28.63,28.67,21.1,21.09,21.09,21.1,14.78,14.78,14.77,14.78,11.23,11.24,11.22,11.24,8.49,8.5,8.48,8.5,5.95,5.95,5.94,5.95,4.13,4.13,4.12,4.13
fragment_01703,3,28.05,28.02,27.96,28.63,20.2,20.31,19.81,20.31,14.41,14.81,13.63,14.81,11.05,11.31,10.55,11.31,8.82,8.95,8.24,8.95,6.75,6.84,6.43,6.84,4.98,4.99,4.91,4.99
fragment_01704,10,29.63,29.42,29.42,30.65,23.3,23.21,23.13,26.29,15.34,14.88,14.88,18.21,10.4,10.05,10.05,11.47,6.92,6.86,6.86,7.01,4.55,4.55,4.55,4.56,3.13,3.12,3.12,3.13
fragment_01705,13,25.56,25.53,25.36,26.42,20.71,20.56,19.62,22.73,18.68,18.6,16.25,20.58,15.84,15.81,13.24,17.17,12.1,12.08,10.65,12.51,8.3,8.31,8.0,8.33,5.72,5.72,5.7,5.72
fragment_01706,9,28.27,28.2,28.2,29.46,22.01,21.95,21.76,25.11,17.28,17.23,16.38,20.95,13.59,13.55,12.87,16.59,10.63,10.62,10.2,12.11,7.89,7.89,7.7,8.12,5.57,5.57,5.56,5.58
fragment_01707,4,28.07,28.07,26.76,28.07,23.86,23.86,22.9,24.17,17.82,17.81,17.41,18.75,13.42,13.42,13.02,13.55,9.68,9.68,9.52,9.71,6.5,6.5,6.5,6.51,4.46,4.46,4.46,4.47
fragment_01708,1,29.24,29.24,29.24,29.24,24.06,24.06,24.06,24.06,19.56,19.56,19.56,19.56,15.44,15.44,15.44,15.44,11.52,11.52,11.52,11.52,7.99,7.99,7.99,7.99,5.49,5.49,5.49,5.49
fragment_01709,6,27.8,27.74,27.74,28.37,22.82,22.96,22.38,24.69,16.39,16.62,15.62,18.51,11.47,11.64,10.93,11.82,7.16,7.16,7.15,7.17,4.66,4.66,4.65,4.67,3.2,3.2,3.2,3.21
fragment_01710,6,28.23,28.28,28.17,28.28,21.32,21.35,21.28,21.35,15.08,15.08,15.06,15.09,11.07,11.08,11.06,11.08,9.02,9.02,9.0,9.03,7.13,7.13,7.12,7.13,5.65,5.66,5.64,5.66
fragment_01711,3,32.46,32.62,32.05,32.62,28.42,28.64,27.82,28.64,19.62,19.88,18.9,19.88,12.42,12.44,12.39,12.44,7.55,7.55,7.54,7.55,4.91,4.91,4.91,4.91,3.37,3.37,3.37,3.37
fragment_01712,13,29.4,29.47,28.27,29.95,26.84,26.81,25.36,29.98,22.49,22.53,20.48,26.51,17.4,17.44,15.78,19.55,11.89,11.93,11.03,12.18,7.92,7.92,7.9,7.93,5.44,5.44,5.44,5.45
fragment_01713,21,27.83,27.8,27.73,28.84,19.38,19.08,18.88,22.22,14.08,13.32,13.06,17.21,11.35,10.71,10.25,13.35,8.7,8.54,8.04,9.62,6.21,6.2,6.0,6.29,4.32,4.32,4.32,4.32
fragment_01714,7,23.87,23.92,23.57,24.07,18.6,18.39,18.09,20.45,15.71,15.38,15.26,18.57,11.76,11.4,11.32,13.99,8.77,8.54,8.48,9.95,6.51,6.45,6.44,6.66,4.57,4.57,4.57,4.57
fragment_01715,14,30.49,30.46,29.91,30.8,26.79,26.79,26.01,27.52,22.48,22.61,21.28,23.81,18.34,18.46,17.03,19.32,13.27,13.33,12.67,13.42,8.8,8.8,8.74,8.8,6.04,6.04,6.04,6.05
fragment_01716,10,28.59,28.58,28.49,29.15,23.17,23.07,23.01,25.55,16.37,16.25,16.24,19.07,11.48,11.4,11.4,13.18,8.33,8.27,8.27,9.55,6.4,6.36,6.36,7.21,5.05,5.02,5.02,5.6
fragment_01717,11,28.25,28.28,26.76,28.28,24.17,24.2,23.4,24.97,19.09,19.06,18.85,20.38,15.92,15.79,15.44,16.32,12.62,12.5,12.3,13.03,9.03,9.02,8.98,9.1,6.26,6.26,6.26,6.27
fragment_01718,13,30.78,30.68,30.56,31.89,27.88,28.33,27.05,29.62,23.19,24.0,21.95,25.26,17.97,18.34,17.42,18.74,11.99,12.04,11.82,12.05,7.85,7.84,7.84,7.85,5.39,5.39,5.39,5.4
fragment_01719,2,28.85,28.87,28.84,28.87,21.75,21.76,21.74,21.76,15.15,15.16,15.15,15.16,10.99,11.0,10.97,11.0,7.87,7.88,7.87,7.88,5.73,5.74,5.73,5.74,4.15,4.15,4.14,4.15
fragment_01720,8,26.99,26.94,26.62,27.28,21.91,21.64,21.64,23.91,14.86,14.32,14.32,18.33,11.23,10.89,10.89,13.5,8.85,8.63,8.63,9.98,6.81,6.74,6.74,7.07,4.86,4.86,4.86,4.87
fragment_01721,3,29.04,29.06,28.26,29.06,25.48,25.48,24.99,25.48,20.15,20.14,20.04,20.57,15.41,15.41,15.35,15.5,10.95,10.95,10.91,10.99,7.38,7.38,7.38,7.38,5.07,5.07,5.07,5.07
fragment_01722,2,28.84,28.84,28.76,28.84,21.7,21.71,21.66,21.71,15.07,15.08,15.06,15.08,10.97,10.97,10.97,10.99,8.09,8.09,8.09,8.1,5.78,5.78,5.78,5.78,3.97,3.97,3.97,3.97
fragment_01723,6,27.65,27.65,27.55,27.67,19.67,19.66,19.64,19.67,14.06,14.06,13.87,14.08,10.92,10.92,10.48,10.94,8.41,8.42,8.06,8.42,5.9,5.9,5.84,5.9,4.06,4.06,4.05,4.06
fragment_01724,4,30.06,30.06,30.05,30.13,25.68,25.67,25.67,25.8,21.36,21.38,21.2,21.39,16.08,16.11,15.83,16.12,10.14,10.14,10.14,10.15,6.6,6.6,6.6,6.6,4.54,4.54,4.54,4.54
fragment_01725,4,30.14,30.14,30.14,30.68,24.3,24.3,24.3,25.35,17.85,17.85,17.85,18.71,13.68,13.68,13.68,13.86,9.36,9.36,9.36,9.39,6.11,6.11,6.11,6.12,4.2,4.2,4.2,4.2
fragment_01726,1,30.72,30.72,30.72,30.72,24.38,24.38,24.38,24.38,18.57,18.57,18.57,18.57,13.9,13.9,13.9,13.9,9.82,9.82,9.82,9.82,6.65,6.65,6.65,6.65,4.57,4.57,4.57,4.57
fragment_01727,12,29.42,29.45,28.27,29.86,27.5,27.71,26.23,27.71,23.34,23.48,21.71,23.48,18.53,18.57,17.84,18.57,14.05,14.08,13.86,14.08,9.99,10.0,9.91,10.01,6.91,6.91,6.91,6.91
fragment_01728,31,28.12,28.16,27.97,29.03,20.99,21.06,20.36,24.23,14.41,14.76,13.07,17.64,10.7,11.29,9.04,12.54,8.05,8.59,6.55,9.17,6.31,6.78,5.06,7.03,5.06,5.39,4.11,5.52
fragment_01729,2,27.94,27.94,27.94,27.94,25.56,25.56,25.55,25.56,18.8,18.8,18.79,18.8,13.04,13.04,13.04,13.04,9.45,9.42,9.42,9.52,7.11,7.06,7.06,7.2,5.66,5.62,5.62,5.76
fragment_01730,2,30.44,30.43,30.43,31.23,24.34,24.31,24.31,27.16,16.98,16.95,16.95,20.35,12.25,12.24,12.24,13.92,8.79,8.79,8.79,9.5,6.22,6.22,6.22,6.23,4.28,4.28,4.28,4.28
fragment_01731,1,27.0,27.0,27.0,27.0,22.81,22.81,22.81,22.81,16.9,16.9,16.9,16.9,11.8,11.8,11.8,11.8,8.86,8.86,8.86,8.86,6.56,6.56,6.56,6.56,4.97,4.97,4.97,4.97
fragment_01732,10,23.52,23.54,23.48,23.57,15.3,15.57,14.92,18.51,12.0,12.46,11.31,16.08,10.15,10.39,9.77,13.63,8.19,8.35,7.99,9.57,6.09,6.17,5.98,6.23,4.27,4.26,4.26,4.28
fragment_01733,8,28.29,28.22,28.19,30.05,23.02,22.93,22.44,26.14,17.49,17.36,16.98,21.51,13.12,12.96,12.63,16.34,10.14,10.07,9.78,11.5,7.47,7.46,7.35,7.73,5.3,5.3,5.29,5.31
fragment_01734,1,27.89,27.89,27.89,27.89,25.29,25.29,25.29,25.29,17.69,17.69,17.69,17.69,10.52,10.52,10.52,10.52,6.38,6.38,6.38,6.38,4.15,4.15,4.15,4.15,2.85,2.85,2.85,2.85
fragment_01735,5,30.7,30.73,30.59,31.35,26.73,26.82,26.59,27.06,20.72,20.95,20.11,20.95,15.02,15.18,14.44,15.18,10.14,10.21,10.01,10.22,6.67,6.67,6.66,6.67,4.58,4.58,4.58,4.59
fragment_01736,2,28.41,28.45,28.37,28.45,20.58,20.61,20.55,20.61,14.55,14.54,14.54,14.55,10.85,10.84,10.84,10.86,7.9,7.89,7.89,7.9,5.69,5.69,5.69,5.69,3.94,3.94,3.94,3.94
fragment_01737,2,25.13,25.13,25.13,25.13,19.01,19.0,19.0,19.04,13.48,13.49,13.42,13.49,9.73,9.74,9.68,9.74,6.92,6.92,6.9,6.92,4.67,4.67,4.67,4.67,3.21,3.21,3.21,3.21
fragment_01738,19,34.77,34.98,33.96,35.07,33.54,34.47,30.55,35.91,25.52,26.22,22.9,27.8,16.43,16.45,16.35,16.52,10.0,10.01,9.99,10.01,6.51,6.51,6.5,6.51,4.47,4.47,4.47,4.47
fragment_01739,4,28.19,28.18,28.18,28.85,20.04,20.03,20.03,21.9,12.83,12.81,12.81,14.1,9.13,9.11,9.11,9.98,6.97,6.95,6.95,7.57,5.62,5.55,5.55,5.97,4.58,4.48,4.48,4.85
fragment_01740,9,27.99,28.07,27.83,28.68,21.15,21.29,20.45,21.29,15.54,15.43,14.56,15.8,11.25,11.32,10.92,11.48,8.35,8.43,8.18,8.53,6.43,6.46,6.3,6.51,5.01,5.04,4.95,5.06
fragment_01741,10,28.41,28.28,28.13,28.86,22.32,21.99,20.6,23.75,16.09,15.8,14.38,17.16,11.6,11.49,11.12,11.95,7.97,7.96,7.83,7.99,5.2,5.2,5.19,5.21,3.57,3.57,3.57,3.58
fragment_01742,1,30.51,30.51,30.51,30.51,24.22,24.22,24.22,24.22,16.1,16.1,16.1,16.1,9.21,9.21,9.21,9.21,5.58,5.58,5.58,5.58,3.63,3.63,3.63,3.63,2.49,2.49,2.49,2.49
fragment_01743,1,27.89,27.89,27.89,27.89,25.52,25.52,25.52,25.52,18.75,18.75,18.75,18.75,13.01,13.01,13.01,13.01,9.31,9.31,9.31,9.31,6.55,6.55,6.55,6.55,4.66,4.66,4.66,4.66
fragment_01744,2,27.56,27.56,27.56,27.56,25.8,25.81,25.8,25.81,20.02,20.03,20.02,20.03,14.89,14.9,14.89,14.9,10.31,10.31,10.31,10.31,6.82,6.82,6.82,6.82,4.68,4.68,4.68,4.68
fragment_01745,45,30.3,30.21,30.18,31.15,24.49,24.94,24.06,27.56,16.91,18.2,15.98,20.49,11.86,13.73,10.73,14.26,8.75,10.31,7.75,10.36,6.7,7.35,6.09,7.37,4.99,5.06,4.84,5.07
fragment_01746,3,27.91,27.94,27.81,28.8,20.22,20.15,20.15,22.85,14.74,14.51,14.51,18.07,11.03,10.78,10.78,13.46,8.27,8.11,8.11,9.66,6.27,6.22,6.22,6.55,4.49,4.49,4.49,4.5
fragment_01747,3,27.41,27.42,27.4,27.42,19.4,19.4,19.39,19.4,13.2,13.2,13.2,13.2,9.84,9.84,9.84,9.84,7.63,7.64,7.63,7.64,5.72,5.72,5.72,5.72,4.28,4.28,4.28,4.28
fragment_01748,4,28.59,28.78,28.2,28.78,23.02,24.21,20.55,24.21,17.46,18.89,14.48,18.89,14.09,15.26,11.64,15.26,10.89,11.47,9.66,11.47,7.65,7.8,7.32,7.8,5.36,5.36,5.35,5.36
fragment_01749,2,26.32,26.33,25.94,26.33,22.14,22.15,21.66,22.15,16.49,16.5,16.21,16.5,12.03,12.04,11.77,12.04,8.88,8.88,8.75,8.88,6.25,6.25,6.22,6.25,4.35,4.35,4.35,4.35
fragment_01750,1,30.48,30.48,30.48,30.48,24.52,24.52,24.52,24.52,18.74,18.74,18.74,18.74,13.15,13.15,13.15,13.15,8.83,8.83,8.83,8.83,6.18,6.18,6.18,6.18,4.28,4.28,4.28,4.28
fragment_01751,7,28.42,28.42,28.4,28.83,23.05,23.03,23.03,25.25,16.56,16.55,16.55,18.71,11.7,11.7,11.66,12.11,7.71,7.71,7.68,7.82,5.1,5.1,5.09,5.1,3.5,3.5,3.5,3.5
fragment_01752,25,28.25,28.22,28.04,28.74,21.68,21.79,20.66,24.62,15.68,15.84,14.65,18.92,12.24,12.37,11.41,14.44,9.37,9.65,8.77,10.32,6.67,6.74,6.53,6.75,4.63,4.63,4.62,4.64
fragment_01753,1,29.56,29.56,29.56,29.56,22.35,22.35,22.35,22.35,16.29,16.29,16.29,16.29,11.28,11.28,11.28,11.28,7.09,7.09,7.09,7.09,4.62,4.62,4.62,4.62,3.17,3.17,3.17,3.17
fragment_01754,26,30.76,30.67,30.37,31.65,25.84,25.58,24.69,29.53,19.26,18.9,18.06,22.45,13.44,13.23,12.87,14.3,8.67,8.68,8.56,8.71,5.66,5.66,5.65,5.67,3.89,3.89,3.88,3.9
fragment_01755,1,30.2,30.2,30.2,30.2,24.65,24.65,24.65,24.65,18.89,18.89,18.89,18.89,13.55,13.55,13.55,13.55,9.45,9.45,9.45,9.45,6.71,6.71,6.71,6.71,4.64,4.64,4.64,4.64
fragment_01756,8,25.19,25.16,25.16,26.09,20.43,20.42,20.24,22.09,17.16,17.17,15.96,20.06,13.89,13.9,12.64,16.75,10.86,10.86,10.22,12.29,8.04,8.04,7.81,8.33,5.72,5.72,5.7,5.73
fragment_01757,5,30.2,30.19,29.7,30.21,24.38,24.37,23.75,24.4,18.97,19.03,18.59,19.03,14.46,14.65,14.21,14.65,10.04,10.17,9.83,10.17,6.76,6.76,6.75,6.76,4.64,4.64,4.64,4.64
fragment_01758,1,30.24,30.24,30.24,30.24,24.99,24.99,24.99,24.99,16.9,16.9,16.9,16.9,9.53,9.53,9.53,9.53,5.77,5.77,5.77,5.77,3.76,3.76,3.76,3.76,2.58,2.58,2.58,2.58
fragment_01759,4,28.13,28.13,28.13,29.39,20.54,20.52,20.52,24.2,15.13,15.11,15.11,17.95,10.7,10.69,10.69,11.13,6.89,6.89,6.88,6.9,4.48,4.48,4.48,4.49,3.08,3.08,3.08,3.08
fragment_01760,1,28.54,28.54,28.54,28.54,22.49,22.49,22.49,22.49,16.93,16.93,16.93,16.93,12.25,12.25,12.25,12.25,9.13,9.13,9.13,9.13,6.72,6.72,6.72,6.72,5.03,5.03,5.03,5.03
fragment_01761,4,28.18,28.16,28.16,28.97,20.07,20.02,20.02,22.01,13.07,12.85,12.85,14.69,9.58,9.21,9.21,10.84,7.62,7.21,7.21,8.74,6.31,5.99,5.99,7.13,5.32,5.1,5.1,5.85
fragment_01762,18,28.21,28.22,28.02,28.96,21.87,22.48,20.64,23.92,15.9,16.96,14.1,17.6,12.73,14.08,11.02,14.08,10.22,11.38,8.6,11.38,7.8,8.34,6.95,8.34,5.68,5.77,5.44,5.77
fragment_01763,6,30.27,29.93,29.93,31.01,24.46,24.33,24.03,26.42,17.18,17.07,17.06,18.8,11.11,11.1,11.07,11.2,6.76,6.75,6.75,6.79,4.4,4.4,4.4,4.42,3.02,3.02,3.02,3.03
fragment_01764,4,29.45,29.38,29.38,30.49,23.28,23.18,23.18,24.99,14.8,14.69,14.69,16.38,9.29,9.28,9.28,9.38,5.67,5.67,5.67,5.68,3.69,3.69,3.69,3.7,2.53,2.53,2.53,2.54
fragment_01765,2,27.91,27.91,27.91,27.91,26.1,26.1,26.1,26.1,19.63,19.63,19.63,19.63,13.89,13.89,13.89,13.89,10.25,10.25,10.25,10.25,7.28,7.28,7.28,7.28,5.04,5.04,5.04,5.04
fragment_01766,6,26.81,26.81,26.76,26.95,17.22,17.22,17.22,18.38,12.16,12.17,12.12,14.06,10.13,10.14,10.11,11.63,8.28,8.29,8.27,9.03,6.33,6.33,6.33,6.44,4.47,4.46,4.46,4.47
fragment_01767,42,27.76,27.7,27.69,28.67,18.92,18.69,18.68,22.17,12.84,11.97,11.97,16.1,9.72,8.46,8.46,11.6,7.3,6.26,6.26,8.38,5.26,4.8,4.8,5.48,3.75,3.66,3.66,3.77
fragment_01768,3,28.77,28.78,28.7,28.79,21.65,21.66,21.61,21.66,15.23,15.22,15.21,15.25,11.34,11.32,11.32,11.36,8.47,8.46,8.46,8.48,6.12,6.12,6.12,6.12,4.28,4.28,4.28,4.28
fragment_01769,1,30.39,30.39,30.39,30.39,24.43,24.43,24.43,24.43,18.68,18.68,18.68,18.68,13.13,13.13,13.13,13.13,8.74,8.74,8.74,8.74,5.98,5.98,5.98,5.98,4.11,4.11,4.11,4.11
fragment_01770,4,28.17,28.16,28.16,29.01,20.02,20.0,20.0,22.04,12.71,12.66,12.66,14.03,8.9,8.85,8.85,9.54,6.58,6.54,6.54,7.02,5.24,5.16,5.16,5.41,4.27,4.22,4.22,4.44
fragment_01771,7,31.3,31.84,30.5,31.84,27.03,27.29,25.55,28.38,21.19,20.61,20.26,22.77,16.34,16.03,16.03,17.51,11.56,11.54,11.54,11.93,7.78,7.77,7.77,7.79,5.34,5.34,5.34,5.35
fragment_01772,4,28.14,28.13,28.13,28.82,20.02,20.01,20.01,21.89,12.83,12.83,12.83,14.1,9.13,9.13,9.13,9.99,6.98,7.0,6.96,7.57,5.67,5.78,5.57,6.02,4.67,4.83,4.51,4.95
fragment_01773,2,27.29,27.29,26.58,27.29,21.42,21.42,20.9,21.42,15.59,15.59,15.56,15.59,10.72,10.72,10.7,10.72,6.72,6.72,6.72,6.72,4.37,4.37,4.37,4.38,3.0,3.0,3.0,3.01
fragment_01774,8,30.57,30.94,30.16,31.19,26.02,26.63,25.02,26.63,18.57,18.94,17.5,18.98,10.69,10.68,10.68,10.76,6.47,6.47,6.47,6.52,4.21,4.21,4.21,4.24,2.89,2.89,2.89,2.91
fragment_01775,7,28.14,28.15,28.11,28.89,20.15,20.24,20.0,21.97,13.48,13.9,12.91,14.83,10.06,10.56,9.38,10.93,8.15,8.71,7.42,8.71,6.76,7.22,6.16,7.22,5.62,5.94,5.21,5.94
fragment_01776,4,29.64,29.64,29.51,31.01,23.11,23.1,23.1,26.31,16.3,16.28,16.28,19.67,11.99,11.98,11.98,13.96,8.87,8.86,8.86,10.02,6.67,6.66,6.66,7.02,4.83,4.83,4.83,4.84
fragment_01777,9,27.78,27.74,27.74,28.06,19.02,18.72,18.72,21.58,12.69,11.99,11.99,15.47,9.07,8.42,8.42,10.26,6.23,5.99,5.99,6.36,4.13,4.12,4.12,4.14,2.84,2.83,2.83,2.84
fragment_01778,4,28.14,28.13,28.13,28.82,20.02,20.01,20.01,21.9,12.74,12.74,12.74,14.01,9.07,9.07,9.07,9.82,6.88,6.88,6.87,7.49,5.46,5.46,5.46,5.75,4.31,4.3,4.3,4.44
fragment_01779,2,28.75,28.75,28.74,28.75,21.63,21.63,21.63,21.63,15.04,15.04,15.04,15.04,10.61,10.61,10.61,10.61,7.47,7.47,7.46,7.47,5.54,5.54,5.54,5.54,4.01,4.01,4.01,4.01
fragment_01780,16,29.81,29.65,29.55,30.49,23.68,23.46,23.4,25.27,17.13,16.96,16.55,18.44,12.88,12.96,12.23,13.64,9.52,9.56,9.16,10.01,6.91,6.97,6.77,7.03,4.83,4.83,4.82,4.83
fragment_01781,2,28.67,28.68,28.65,28.68,21.55,21.55,21.54,21.55,15.07,15.06,15.06,15.1,11.17,11.15,11.15,11.22,8.51,8.51,8.51,8.54,6.31,6.31,6.31,6.32,4.69,4.69,4.69,4.69
fragment_01782,1,27.96,27.96,27.96,27.96,22.67,22.67,22.67,22.67,16.18,16.18,16.18,16.18,11.49,11.49,11.49,11.49,8.39,8.39,8.39,8.39,5.82,5.82,5.82,5.82,4.0,4.0,4.0,4.0
fragment_01783,2,30.01,30.01,30.01,30.01,25.29,25.29,25.29,25.29,20.08,20.08,20.08,20.08,14.29,14.29,14.29,14.29,9.27,9.27,9.27,9.27,6.04,6.03,6.03,6.04,4.15,4.15,4.15,4.15
fragment_01784,3,27.84,27.68,27.68,27.97,19.11,18.57,18.57,19.52,11.47,11.09,11.09,11.76,6.46,6.46,6.46,6.47,3.92,3.92,3.92,3.92,2.55,2.55,2.55,2.55,1.75,1.75,1.75,1.75
fragment_01785,5,28.06,28.08,27.98,28.64,21.06,21.08,20.44,21.08,15.6,15.68,14.35,15.68,11.42,11.52,10.96,11.52,8.54,8.6,8.29,8.6,6.61,6.66,6.44,6.66,5.18,5.2,5.12,5.27
fragment_01786,1,29.37,29.37,29.37,29.37,23.06,23.06,23.06,23.06,17.18,17.18,17.18,17.18,12.81,12.81,12.81,12.81,9.55,9.55,9.55,9.55,6.65,6.65,6.65,6.65,4.6,4.6,4.6,4.6
fragment_01787,12,27.75,27.7,27.68,27.85,20.45,20.25,19.89,20.86,14.24,14.1,13.82,14.61,10.47,10.26,10.07,10.96,7.93,7.73,7.62,8.34,5.95,5.84,5.79,6.15,4.3,4.3,4.29,4.3
fragment_01788,3,30.02,30.21,29.52,30.21,24.49,25.04,23.36,25.04,17.47,18.04,16.32,18.04,11.83,12.04,11.31,12.04,7.33,7.33,7.32,7.33,4.77,4.77,4.77,4.77,3.28,3.28,3.27,3.28
fragment_01789,2,27.9,27.9,27.51,27.9,22.64,22.64,22.25,22.64,16.12,16.12,16.06,16.12,11.57,11.57,11.49,11.57,8.87,8.87,8.86,8.87,7.15,7.15,7.13,7.15,5.59,5.59,5.57,5.59
fragment_01790,2,27.56,27.57,27.5,27.57,18.91,18.91,18.88,18.91,12.89,12.9,12.87,12.9,9.73,9.73,9.71,9.73,7.56,7.56,7.55,7.56,5.79,5.79,5.78,5.79,4.5,4.5,4.5,4.5
fragment_01791,14,30.8,30.65,30.58,31.98,27.07,26.61,26.59,30.24,21.0,20.58,20.12,24.14,15.14,14.99,14.21,16.22,10.16,10.14,9.91,10.27,6.67,6.67,6.66,6.69,4.58,4.58,4.57,4.59
fragment_01792,4,28.15,28.13,28.13,28.95,20.02,20.0,20.0,21.98,13.0,12.83,12.83,14.51,9.38,9.18,9.18,10.54,7.25,7.15,7.15,8.06,5.83,5.83,5.82,6.21,4.65,4.66,4.64,4.85
fragment_01793,2,30.39,30.34,30.34,30.62,24.6,24.45,24.45,25.31,18.32,18.12,18.12,19.27,13.24,13.23,13.23,13.34,8.94,8.94,8.94,8.94,6.26,6.26,6.26,6.26,4.33,4.33,4.33,4.33
fragment_01794,2,27.71,27.7,27.7,27.72,19.83,19.83,19.83,19.83,13.57,13.58,13.57,13.58,10.04,10.04,10.04,10.04,7.71,7.71,7.71,7.71,5.66,5.66,5.66,5.66,3.97,3.97,3.97,3.97
fragment_01795,3,27.84,27.86,27.79,27.86,20.13,20.14,20.09,20.14,14.06,14.06,14.05,14.06,9.28,9.28,9.26,9.3,6.57,6.57,6.56,6.6,4.57,4.57,4.57,4.57,3.14,3.14,3.14,3.14
fragment_01796,3,31.21,31.19,31.19,32.34,26.69,26.65,26.65,29.67,20.6,20.55,20.55,23.65,16.01,15.98,15.98,17.37,11.55,11.54,11.54,11.84,7.78,7.78,7.77,7.78,5.35,5.35,5.34,5.35
fragment_01797,21,27.76,27.72,27.67,28.0,20.47,20.46,19.37,21.57,14.29,14.26,13.41,15.55,10.59,10.53,10.22,11.8,8.34,8.29,7.97,9.19,6.56,6.53,6.33,7.03,5.04,5.03,4.91,5.2
fragment_01798,2,26.0,26.01,25.77,26.01,21.36,21.36,21.11,21.36,15.84,15.85,15.61,15.85,11.53,11.53,11.36,11.53,8.31,8.32,8.29,8.32,5.79,5.79,5.79,5.79,4.01,4.01,4.01,4.01
fragment_01799,4,27.03,27.03,27.0,27.03,23.4,23.32,23.17,23.55,19.04,19.02,18.88,19.09,14.65,14.77,14.32,14.98,11.5,11.7,11.14,12.05,9.08,9.19,8.88,9.52,6.88,6.9,6.83,6.95
fragment_01800,4,32.58,32.5,32.5,33.11,28.51,28.38,28.38,30.32,20.67,20.52,20.52,22.81,13.71,13.68,13.68,13.95,8.44,8.44,8.44,8.45,5.49,5.49,5.49,5.5,3.77,3.77,3.77,3.78
fragment_01801,2,30.4,30.34,30.34,30.68,24.59,24.45,24.45,25.34,18.3,18.12,18.12,19.27,13.24,13.23,13.23,13.34,8.98,8.98,8.98,8.98,6.38,6.38,6.38,6.38,4.47,4.47,4.47,4.47
fragment_01802,2,27.63,27.62,27.62,27.64,23.85,23.85,23.85,23.86,16.24,16.23,16.23,16.25,11.0,10.99,10.99,11.01,8.2,8.2,8.2,8.2,6.36,6.35,6.35,6.36,5.01,5.01,5.01,5.01
fragment_01803,9,27.5,27.49,27.46,27.92,23.76,23.62,23.62,26.25,16.26,16.12,15.56,18.77,10.84,10.8,10.29,11.47,6.91,6.91,6.82,6.96,4.5,4.5,4.5,4.53,3.09,3.09,3.09,3.11
fragment_01804,10,31.34,31.26,31.14,32.21,27.35,27.03,27.03,30.02,21.81,21.58,21.58,24.5,15.12,15.13,14.36,15.85,9.71,9.73,9.54,9.75,6.33,6.33,6.32,6.35,4.35,4.35,4.34,4.36
fragment_01805,3,27.62,27.62,27.62,28.65,18.8,18.82,18.79,20.27,12.06,12.08,12.05,12.79,8.11,8.12,8.11,8.39,5.59,5.59,5.59,5.65,3.68,3.68,3.68,3.68,2.53,2.53,2.53,2.53
fragment_01806,2,28.71,28.73,28.66,28.73,21.59,21.61,21.57,21.61,15.22,15.23,15.21,15.23,11.73,11.74,11.73,11.74,8.67,8.67,8.67,8.67,5.81,5.81,5.81,5.81,3.99,3.99,3.99,3.99
fragment_01807,1,26.72,26.72,26.72,26.72,16.79,16.79,16.79,16.79,9.26,9.26,9.26,9.26,5.08,5.08,5.08,5.08,3.08,3.08,3.08,3.08,2.0,2.0,2.0,2.0,1.38,1.38,1.38,1.38
fragment_01808,6,25.31,25.34,25.22,26.43,19.11,19.2,18.96,22.49,15.29,15.19,15.08,19.46,11.86,11.59,11.53,15.04,9.18,9.07,9.0,11.12,7.06,6.96,6.95,7.94,5.36,5.31,5.31,5.54
fragment_01809,4,30.38,30.44,30.26,31.27,24.66,24.86,24.24,27.85,17.19,17.44,16.7,19.83,11.74,11.81,11.6,12.12,7.49,7.49,7.48,7.49,4.87,4.87,4.87,4.88,3.35,3.35,3.34,3.35
fragment_01810,2,28.41,28.43,28.3,28.43,21.46,21.47,21.4,21.47,15.17,15.17,15.15,15.17,10.76,10.76,10.75,10.76,8.24,8.24,8.23,8.24,6.31,6.31,6.31,6.31,4.9,4.9,4.9,4.9
fragment_01811,1,27.8,27.8,27.8,27.8,22.39,22.39,22.39,22.39,15.92,15.92,15.92,15.92,11.8,11.8,11.8,11.8,8.98,8.98,8.98,8.98,6.52,6.52,6.52,6.52,4.6,4.6,4.6,4.6
fragment_01812,41,25.45,25.47,24.99,25.58,18.88,19.3,17.53,20.05,16.37,17.27,14.19,18.14,14.61,15.45,12.92,16.26,11.39,11.79,10.24,12.12,8.02,8.06,7.68,8.08,5.53,5.54,5.53,5.56
fragment_01813,18,28.2,28.21,28.0,28.81,21.92,22.5,20.64,23.59,15.96,16.99,14.09,17.28,12.79,14.12,11.01,14.12,10.27,11.4,8.59,11.4,7.82,8.35,6.94,8.35,5.69,5.77,5.44,5.77
fragment_01814,3,28.26,28.25,28.2,28.59,21.01,21.17,19.84,21.17,15.37,15.64,13.38,15.64,11.83,12.07,9.93,12.07,9.46,9.63,8.1,9.63,7.46,7.57,6.58,7.57,5.84,5.91,5.3,5.91
fragment_01815,44,28.28,28.22,28.05,29.25,21.75,21.95,20.88,24.55,17.24,17.37,15.71,19.41,13.54,13.46,12.5,15.17,9.77,9.78,9.07,10.28,6.67,6.69,6.49,6.7,4.6,4.6,4.59,4.6
fragment_01816,1,30.22,30.22,30.22,30.22,26.01,26.01,26.01,26.01,20.65,20.65,20.65,20.65,14.72,14.72,14.72,14.72,10.49,10.49,10.49,10.49,7.4,7.4,7.4,7.4,5.2,5.2,5.2,5.2
fragment_01817,4,28.84,28.87,28.82,29.41,24.9,25.06,24.74,26.07,19.4,19.19,19.18,20.04,14.44,14.39,14.39,14.76,10.28,10.28,10.28,10.45,6.93,6.92,6.92,6.93,4.76,4.76,4.76,4.76
fragment_01818,2,26.91,26.89,26.89,27.12,23.39,23.38,23.38,23.49,18.17,18.19,17.99,18.19,13.14,13.16,12.92,13.16,9.11,9.11,9.06,9.11,6.07,6.07,6.07,6.07,4.17,4.17,4.17,4.17
fragment_01819,2,28.78,28.77,28.77,28.8,21.66,21.65,21.65,21.67,15.44,15.41,15.41,15.48,11.78,11.75,11.75,11.82,9.1,9.09,9.09,9.12,7.17,7.16,7.16,7.19,5.69,5.68,5.68,5.7
fragment_01820,2,28.93,28.94,28.92,28.94,21.79,21.8,21.79,21.8,15.16,15.16,15.15,15.16,11.03,11.02,11.02,11.04,8.0,8.0,8.0,8.01,5.67,5.66,5.66,5.67,3.94,3.94,3.94,3.94
fragment_01821,4,27.85,27.85,26.73,27.86,23.71,23.71,22.87,23.72,17.71,17.71,17.36,17.71,13.18,13.17,12.86,13.18,9.35,9.35,9.21,9.35,7.05,7.05,6.91,7.05,5.65,5.65,5.56,5.65
fragment_01822,2,28.85,28.86,28.79,28.86,21.71,21.71,21.67,21.71,15.1,15.1,15.09,15.1,10.8,10.79,10.79,10.8,7.09,7.09,7.09,7.09,4.61,4.61,4.61,4.61,3.17,3.17,3.17,3.17
fragment_01823,10,31.17,30.79,30.79,31.95,26.62,26.15,26.1,29.26,19.78,19.72,19.26,22.4,13.4,13.53,12.8,14.29,8.65,8.68,8.55,8.71,5.65,5.65,5.64,5.67,3.88,3.88,3.88,3.89
fragment_01824,42,27.83,27.76,27.76,28.68,19.3,18.95,18.93,22.3,13.84,13.06,13.06,17.15,11.02,10.09,10.06,14.07,8.5,7.8,7.48,10.16,6.28,6.05,5.61,6.7,4.55,4.57,4.32,4.6
fragment_01825,11,28.64,28.53,28.48,29.32,24.81,24.47,24.36,26.98,19.41,19.04,19.04,21.81,14.48,14.2,14.2,16.18,10.32,10.27,10.27,10.64,6.93,6.93,6.93,6.94,4.76,4.76,4.76,4.77
fragment_01826,1,30.06,30.06,30.06,30.06,23.6,23.6,23.6,23.6,17.75,17.75,17.75,17.75,13.82,13.82,13.82,13.82,10.08,10.08,10.08,10.08,6.86,6.86,6.86,6.86,4.71,4.71,4.71,4.71
fragment_01827,2,30.5,30.48,30.48,30.54,24.61,25.54,23.3,25.54,18.47,19.59,16.89,19.59,13.29,14.03,12.25,14.03,9.58,10.0,8.98,10.0,6.79,6.87,6.68,6.87,4.73,4.73,4.73,4.73
fragment_01828,2,27.52,27.52,27.51,27.52,23.23,23.23,23.23,23.23,17.21,17.21,17.21,17.21,12.02,12.02,12.02,12.02,8.49,8.49,8.48,8.49,6.46,6.46,6.46,6.46,5.1,5.1,5.1,5.11
fragment_01829,43,29.2,29.02,28.58,29.59,24.07,23.75,23.02,26.14,19.41,19.01,17.63,21.73,14.3,13.89,13.11,15.74,9.55,9.43,9.41,9.63,6.26,6.26,6.25,6.27,4.3,4.3,4.29,4.31
fragment_01830,7,25.27,25.26,25.05,26.0,20.16,20.16,19.85,21.54,16.69,16.72,15.71,18.94,13.25,13.27,12.28,15.53,10.15,10.15,9.72,11.49,7.56,7.56,7.32,8.15,5.61,5.61,5.51,5.7
fragment_01831,6,25.29,25.27,25.11,27.1,19.95,19.91,19.65,22.68,16.45,16.59,15.68,18.76,13.09,13.25,12.38,15.26,10.2,10.26,9.83,11.21,7.39,7.39,7.31,7.44,5.11,5.11,5.11,5.11
fragment_01832,1,26.99,26.99,26.99,26.99,23.13,23.13,23.13,23.13,17.7,17.7,17.7,17.7,12.87,12.87,12.87,12.87,10.45,10.45,10.45,10.45,8.14,8.14,8.14,8.14,5.71,5.71,5.71,5.71
fragment_01833,4,28.74,28.63,28.63,29.31,23.68,23.75,23.43,23.78,17.92,17.92,17.84,18.11,13.22,13.16,13.16,13.43,9.93,9.9,9.9,10.08,7.22,7.21,7.21,7.26,5.04,5.04,5.04,5.04
fragment_01834,23,28.2,28.22,28.03,29.13,22.02,22.19,20.5,24.48,15.77,15.75,14.1,18.09,12.27,12.11,10.73,14.69,9.9,9.75,8.83,11.83,7.97,7.95,7.31,8.81,6.02,6.04,5.78,6.08
fragment_01835,6,30.98,30.96,30.52,31.25,27.33,27.16,26.23,28.41,22.27,22.16,21.17,23.14,16.85,16.86,16.46,16.93,11.49,11.49,11.44,11.54,7.54,7.54,7.53,7.55,5.18,5.18,5.18,5.18
fragment_01836,2,28.02,28.02,27.62,28.02,22.75,22.75,22.34,22.75,16.14,16.14,16.1,16.14,11.69,11.69,11.54,11.69,9.18,9.18,9.07,9.18,7.22,7.22,7.15,7.22,5.57,5.57,5.53,5.57
fragment_01837,4,28.44,28.44,28.4,28.6,23.71,23.86,23.13,25.14,18.09,18.21,17.62,19.26,13.97,13.93,13.93,15.1,10.37,10.27,10.27,11.21,7.65,7.64,7.64,7.74,5.32,5.31,5.31,5.32
fragment_01838,24,30.7,30.75,30.52,31.74,25.85,25.86,24.58,29.15,19.61,19.76,18.11,22.2,14.19,14.4,13.61,14.99,9.55,9.61,9.49,9.64,6.26,6.26,6.26,6.28,4.3,4.3,4.3,4.31
fragment_01839,2,27.02,27.02,27.02,27.04,23.0,22.96,22.96,23.21,18.51,18.49,18.49,18.61,14.19,14.22,13.99,14.22,11.09,11.17,10.61,11.17,8.56,8.6,8.31,8.6,6.34,6.36,6.26,6.36
fragment_01840,4,28.37,28.37,28.23,28.38,22.98,22.98,22.98,24.88,16.67,16.66,16.66,18.78,12.51,12.5,12.5,13.89,9.43,9.43,9.43,10.41,7.15,7.15,7.15,7.49,5.16,5.16,5.16,5.18
fragment_01841,1,32.5,32.5,32.5,32.5,28.53,28.53,28.53,28.53,20.92,20.92,20.92,20.92,14.32,14.32,14.32,14.32,8.84,8.84,8.84,8.84,5.76,5.76,5.76,5.76,3.95,3.95,3.95,3.95
fragment_01842,3,27.08,27.11,26.95,27.11,23.78,23.83,23.6,23.83,19.13,19.13,19.12,19.15,13.98,13.92,13.92,14.2,9.69,9.68,9.68,9.74,6.48,6.48,6.48,6.48,4.45,4.45,4.45,4.45
fragment_01843,3,28.42,28.43,28.27,28.43,24.05,24.06,23.85,24.06,17.88,17.89,17.74,17.89,12.46,12.47,12.35,12.47,7.6,7.6,7.6,7.6,4.95,4.95,4.95,4.95,3.4,3.4,3.4,3.4
fragment_01844,2,28.37,28.38,27.81,28.38,21.57,21.58,21.07,21.58,15.78,15.79,15.56,15.79,11.32,11.32,11.17,11.32,7.96,7.96,7.92,7.96,5.34,5.34,5.34,5.34,3.67,3.67,3.67,3.67
fragment_01845,36,28.76,28.56,28.38,29.52,23.83,23.49,22.97,26.67,18.77,18.42,18.08,21.24,14.27,13.86,13.56,17.18,10.29,9.96,9.58,11.89,7.4,7.24,6.92,7.79,5.33,5.3,5.16,5.35
fragment_01846,2,29.0,29.0,28.3,29.0,22.84,22.84,22.32,22.84,16.84,16.84,16.48,16.84,12.6,12.6,12.26,12.6,9.57,9.58,9.38,9.58,6.8,6.8,6.77,6.8,4.68,4.68,4.68,4.68
fragment_01847,3,28.03,28.04,27.96,28.05,20.38,20.39,20.33,20.4,14.55,14.55,14.54,14.55,10.49,10.49,10.49,10.49,8.02,8.02,8.02,8.02,6.1,6.1,6.1,6.1,4.87,4.87,4.87,4.87
fragment_01848,6,29.79,29.77,29.65,30.07,25.2,25.21,25.06,25.32,21.06,21.1,20.62,21.36,15.69,15.73,15.39,15.79,10.15,10.15,10.15,10.16,6.61,6.61,6.61,6.62,4.54,4.54,4.54,4.54
fragment_01849,10,30.57,30.58,29.91,30.77,26.71,26.69,26.07,26.9,21.9,21.89,21.1,22.39,16.81,16.81,16.18,16.92,12.17,12.17,12.1,12.24,9.21,9.21,9.18,9.26,6.74,6.74,6.73,6.75
fragment_01850,8,25.25,25.35,25.1,26.46,19.16,19.0,19.0,22.51,15.36,15.44,15.09,19.24,11.96,12.21,11.56,14.67,9.4,9.37,9.14,10.85,7.29,7.28,7.11,8.11,5.74,5.69,5.59,6.14
fragment_01851,2,25.22,25.22,25.22,25.24,19.04,19.03,19.03,19.08,13.17,13.17,13.16,13.17,9.24,9.23,9.23,9.26,6.67,6.67,6.67,6.68,4.75,4.75,4.75,4.75,3.26,3.26,3.26,3.26
fragment_01852,2,27.74,27.74,27.74,27.74,26.33,26.33,26.33,26.33,20.37,20.37,20.37,20.37,14.93,14.93,14.93,14.93,10.82,10.82,10.82,10.82,7.83,7.83,7.83,7.83,5.8,5.8,5.8,5.8
fragment_01853,3,27.78,27.78,27.76,27.79,24.2,24.18,24.18,24.21,18.95,18.94,18.94,18.96,13.49,13.49,13.49,13.5,9.38,9.38,9.34,9.39,7.08,7.08,7.01,7.09,5.54,5.54,5.49,5.55
fragment_01854,2,31.27,31.21,31.21,31.34,26.34,26.3,26.3,26.38,17.86,17.87,17.85,17.87,10.18,10.18,10.17,10.18,6.16,6.17,6.16,6.17,4.01,4.01,4.01,4.01,2.76,2.76,2.76,2.76
fragment_01855,2,28.72,28.72,28.71,28.72,23.66,23.67,23.66,23.67,17.71,17.71,17.71,17.71,13.88,13.88,13.88,13.88,10.87,10.87,10.87,10.87,8.05,8.05,8.05,8.05,5.76,5.76,5.76,5.76
fragment_01856,1,29.23,29.23,29.23,29.23,22.83,22.83,22.83,22.83,16.83,16.83,16.83,16.83,12.58,12.58,12.58,12.58,8.33,8.33,8.33,8.33,5.42,5.42,5.42,5.42,3.73,3.73,3.73,3.73
fragment_01857,11,29.16,29.12,28.99,29.64,23.25,23.02,22.76,24.14,17.82,17.31,17.31,19.27,11.88,11.49,11.49,12.37,7.47,7.46,7.46,7.5,4.86,4.86,4.86,4.88,3.34,3.34,3.34,3.35
fragment_01858,6,30.11,29.63,29.63,31.02,25.11,24.9,24.81,27.1,17.78,17.67,17.67,19.48,11.46,11.46,11.43,11.56,6.98,6.97,6.97,7.01,4.54,4.54,4.54,4.56,3.12,3.12,3.12,3.13
fragment_01859,4,24.82,24.61,24.39,25.22,20.03,19.99,19.56,20.13,16.64,16.9,16.13,17.29,13.3,13.54,12.79,14.4,10.45,10.54,10.25,10.94,7.59,7.61,7.55,7.67,5.29,5.29,5.29,5.3
fragment_01860,2,28.14,28.14,27.68,28.14,22.82,22.82,22.41,22.82,16.4,16.4,16.4,16.44,11.81,11.81,11.81,11.88,7.97,7.97,7.97,7.98,5.19,5.19,5.19,5.2,3.57,3.57,3.57,3.57
fragment_01861,2,28.81,28.81,28.74,28.81,21.64,21.64,21.61,21.64,15.02,15.02,15.01,15.02,11.1,11.1,11.1,11.12,8.1,8.1,8.1,8.11,5.71,5.71,5.71,5.71,3.97,3.97,3.97,3.97
fragment_01862,1,29.83,29.83,29.83,29.83,23.16,23.16,23.16,23.16,17.45,17.45,17.45,17.45,13.55,13.55,13.55,13.55,9.84,9.84,9.84,9.84,6.86,6.86,6.86,6.86,4.77,4.77,4.77,4.77
fragment_01863,5,30.08,30.01,29.99,30.41,24.86,24.97,24.44,25.46,18.81,18.84,18.45,19.79,13.67,13.76,13.5,14.03,9.41,9.42,9.37,9.46,6.16,6.16,6.16,6.17,4.23,4.23,4.23,4.24
fragment_01864,3,26.23,26.23,25.34,26.23,20.48,20.48,19.85,20.49,13.94,13.94,13.77,13.94,8.38,8.37,8.37,8.38,5.07,5.07,5.07,5.08,3.3,3.3,3.3,3.3,2.27,2.27,2.27,2.27
fragment_01865,27,27.79,27.73,27.73,28.24,18.92,18.71,18.71,21.97,12.65,11.98,11.98,16.51,9.32,8.45,8.45,11.78,6.86,6.15,6.15,7.65,4.88,4.64,4.64,4.99,3.42,3.42,3.42,3.43
fragment_01866,5,32.79,32.76,32.76,33.44,28.83,28.72,28.72,30.87,20.08,19.97,19.97,21.82,12.47,12.47,12.47,12.57,7.6,7.6,7.6,7.62,4.95,4.95,4.94,4.96,3.4,3.4,3.4,3.41
fragment_01867,2,30.74,30.48,30.48,31.25,26.0,26.5,25.01,26.5,20.07,21.11,18.01,21.11,14.25,15.03,12.72,15.03,10.28,10.73,9.39,10.73,7.48,7.72,7.02,7.72,5.51,5.62,5.28,5.62
fragment_01868,14,28.79,28.8,28.71,28.82,21.67,21.69,21.63,21.69,15.11,15.08,15.07,15.36,11.02,10.95,10.81,11.86,8.75,8.64,8.46,10.01,7.37,7.2,7.1,8.74,5.94,5.84,5.73,6.85
fragment_01869,17,28.23,28.24,28.0,29.52,21.41,21.52,20.61,25.35,15.42,15.57,14.56,18.63,12.2,12.34,11.31,15.07,9.79,9.87,9.0,12.12,7.71,7.61,7.43,8.8,5.88,5.88,5.78,6.07
fragment_01870,2,26.37,26.37,26.3,26.37,19.58,19.58,19.57,19.58,13.4,13.4,13.4,13.65,10.27,10.27,10.27,10.57,8.0,8.0,8.0,8.18,5.85,5.85,5.85,5.94,4.1,4.1,4.1,4.1
fragment_01871,1,27.74,27.74,27.74,27.74,24.7,24.7,24.7,24.7,17.88,17.88,17.88,17.88,12.08,12.08,12.08,12.08,7.92,7.92,7.92,7.92,5.17,5.17,5.17,5.17,3.55,3.55,3.55,3.55
fragment_01872,5,28.85,28.89,28.8,28.89,21.75,21.77,21.72,21.77,15.18,15.19,15.17,15.2,11.48,11.47,11.47,11.51,8.86,8.84,8.84,8.88,6.84,6.83,6.83,6.86,5.52,5.52,5.52,5.54
fragment_01873,1,29.11,29.11,29.11,29.11,21.75,21.75,21.75,21.75,15.51,15.51,15.51,15.51,10.35,10.35,10.35,10.35,6.95,6.95,6.95,6.95,4.63,4.63,4.63,4.63,3.18,3.18,3.18,3.18
fragment_01874,3,30.59,30.59,30.59,31.27,26.54,26.52,26.21,27.62,20.36,20.35,19.84,21.15,12.76,12.76,12.76,12.86,7.78,7.78,7.78,7.8,5.06,5.06,5.06,5.08,3.48,3.48,3.48,3.49
fragment_01875,12,27.84,27.78,27.75,27.93,22.88,23.05,22.53,23.05,17.29,17.71,16.74,17.71,13.56,14.17,12.85,14.17,10.23,10.71,9.6,10.71,7.55,7.71,7.35,7.71,5.34,5.34,5.33,5.34
fragment_01876,4,28.82,28.82,28.81,28.83,21.7,21.71,21.7,21.71,15.14,15.15,15.13,15.15,11.18,11.2,11.16,11.2,8.73,8.74,8.72,8.74,6.94,6.94,6.94,6.95,5.5,5.5,5.5,5.5
fragment_01877,29,28.23,28.09,28.05,29.04,21.26,21.83,20.76,24.18,16.02,16.82,15.13,19.0,11.66,12.08,10.53,13.15,8.13,8.26,7.48,8.68,5.62,5.65,5.45,5.66,3.88,3.88,3.88,3.89
fragment_01878,2,28.74,28.75,28.68,28.75,21.61,21.62,21.58,21.62,14.99,14.99,14.99,14.99,10.9,10.9,10.9,10.93,8.22,8.22,8.22,8.23,6.28,6.28,6.28,6.3,4.68,4.68,4.68,4.69
fragment_01879,1,28.73,28.73,28.73,28.73,21.15,21.15,21.15,21.15,13.72,13.72,13.72,13.72,8.29,8.29,8.29,8.29,5.04,5.04,5.04,5.04,3.28,3.28,3.28,3.28,2.26,2.26,2.26,2.26
fragment_01880,4,29.66,29.66,29.52,31.13,23.12,23.12,23.12,26.47,16.3,16.29,16.29,19.83,11.99,11.98,11.98,14.07,8.87,8.86,8.86,10.07,6.67,6.66,6.66,7.03,4.83,4.83,4.83,4.84
fragment_01881,10,28.39,28.38,28.01,28.69,22.36,22.34,20.43,23.61,16.48,16.53,13.84,17.1,12.47,12.52,11.04,12.53,9.59,9.65,8.82,10.43,7.36,7.4,6.84,7.97,5.64,5.66,5.36,5.95
fragment_01882,4,29.11,29.08,29.01,29.41,23.88,23.84,23.84,24.1,18.58,18.45,18.45,19.09,14.15,14.02,14.02,14.71,10.04,10.02,10.02,10.13,6.6,6.6,6.59,6.6,4.53,4.53,4.53,4.53
fragment_01883,1,30.69,30.69,30.69,30.69,24.86,24.86,24.86,24.86,18.28,18.28,18.28,18.28,12.49,12.49,12.49,12.49,7.91,7.91,7.91,7.91,5.15,5.15,5.15,5.15,3.54,3.54,3.54,3.54
fragment_01884,1,27.01,27.01,27.01,27.01,22.82,22.82,22.82,22.82,16.89,16.89,16.89,16.89,11.66,11.66,11.66,11.66,8.62,8.62,8.62,8.62,6.27,6.27,6.27,6.27,4.41,4.41,4.41,4.41
fragment_01885,11,31.02,31.29,30.48,31.7,26.74,26.9,25.94,29.17,20.16,20.64,19.34,23.25,13.98,14.53,13.1,15.24,9.3,9.51,8.83,9.62,6.24,6.24,6.2,6.26,4.29,4.28,4.28,4.3
fragment_01886,3,28.05,28.09,27.99,28.09,20.4,20.43,20.35,20.43,14.57,14.57,14.56,14.57,10.74,10.74,10.74,10.74,8.57,8.57,8.56,8.57,6.71,6.71,6.71,6.71,4.79,4.79,4.79,4.79
fragment_01887,4,30.58,30.67,30.35,31.01,24.57,24.74,24.03,26.32,17.27,17.35,17.06,18.81,11.11,11.09,11.07,11.2,6.77,6.77,6.76,6.79,4.41,4.41,4.4,4.42,3.03,3.03,3.02,3.03
fragment_01888,10,28.76,28.68,28.52,29.42,23.44,23.16,23.03,25.95,16.84,16.52,16.51,19.72,12.34,12.15,12.15,14.0,9.07,8.95,8.95,10.11,6.89,6.84,6.83,7.4,5.14,5.14,5.14,5.22
fragment_01889,7,30.58,30.58,30.31,31.44,25.55,25.52,25.52,27.94,18.75,18.72,18.72,20.63,11.98,11.98,11.97,12.07,7.3,7.3,7.3,7.31,4.75,4.75,4.75,4.76,3.26,3.26,3.26,3.27
fragment_01890,5,28.77,28.8,28.74,28.8,21.66,21.68,21.64,21.68,15.24,15.23,15.23,15.27,11.47,11.45,11.45,11.5,8.9,8.89,8.89,8.92,6.99,6.98,6.98,6.99,5.14,5.14,5.14,5.14
fragment_01891,2,28.88,28.87,28.87,28.89,21.74,21.74,21.74,21.75,15.23,15.22,15.22,15.25,11.61,11.59,11.59,11.65,9.0,8.98,8.98,9.02,7.09,7.07,7.07,7.11,5.53,5.53,5.53,5.55
fragment_01892,2,28.21,28.25,27.79,28.25,24.02,23.99,23.99,24.31,18.51,18.46,18.46,19.0,12.98,12.97,12.97,13.13,8.09,8.09,8.09,8.09,5.27,5.27,5.27,5.27,3.62,3.62,3.62,3.62
fragment_01893,4,28.68,28.72,28.61,28.72,21.57,21.59,21.53,21.59,14.96,14.96,14.95,14.98,10.81,10.79,10.79,10.84,7.52,7.51,7.51,7.53,4.99,4.99,4.99,4.99,3.43,3.43,3.43,3.43
fragment_01894,6,27.43,27.38,27.38,28.62,20.09,20.06,20.06,22.29,15.36,15.36,15.23,15.95,11.55,11.55,11.41,11.94,8.21,8.21,8.15,8.28,5.39,5.39,5.39,5.4,3.7,3.7,3.7,3.71
fragment_01895,18,28.16,28.19,28.02,28.89,20.83,20.99,20.5,23.54,13.96,14.15,13.13,16.22,9.46,9.59,8.9,9.95,6.02,6.03,5.97,6.05,3.92,3.92,3.92,3.94,2.7,2.7,2.69,2.7
fragment_01896,2,28.32,28.3,28.3,28.36,20.48,20.46,20.46,20.52,14.43,14.43,14.42,14.43,10.2,10.2,10.2,10.2,7.17,7.17,7.17,7.17,5.33,5.33,5.33,5.33,3.84,3.84,3.84,3.84
fragment_01897,7,28.79,28.8,28.72,28.8,21.68,21.68,21.64,21.68,15.1,15.1,15.08,15.1,11.2,11.13,11.04,11.43,8.73,8.58,8.51,9.09,7.19,6.99,6.93,7.62,5.51,5.37,5.37,5.78
fragment_01898,11,28.77,28.8,28.7,28.86,21.64,21.66,21.6,21.7,15.6,15.65,15.55,15.68,12.21,12.26,12.15,12.38,9.84,9.87,9.8,10.12,7.56,7.56,7.54,7.61,5.25,5.25,5.25,5.25
fragment_01899,2,28.85,28.85,28.85,28.86,21.74,21.74,21.74,21.74,15.15,15.15,15.15,15.16,11.03,11.02,11.02,11.04,8.03,8.03,8.03,8.04,6.23,6.22,6.22,6.23,5.0,5.0,5.0,5.0
fragment_01900,3,27.53,27.54,27.52,27.54,23.24,23.25,23.23,23.25,17.23,17.25,17.21,17.25,12.05,12.09,12.02,12.09,8.51,8.54,8.49,8.54,6.48,6.51,6.46,6.51,5.12,5.14,5.1,5.14
fragment_01901,17,29.36,29.45,28.85,29.63,24.62,24.81,23.42,24.81,20.49,20.54,18.62,20.91,14.57,14.72,13.02,14.72,9.02,9.02,8.8,9.02,5.87,5.87,5.86,5.87,4.03,4.03,4.03,4.03
fragment_01902,16,25.04,25.1,24.4,25.34,20.46,20.56,19.67,21.05,17.44,17.52,16.05,18.73,13.09,12.9,11.88,14.63,9.8,9.67,9.21,10.84,7.21,7.19,6.93,7.3,5.02,5.02,5.01,5.03
fragment_01903,23,28.92,29.28,28.46,30.17,24.34,24.66,22.99,26.64,19.68,20.17,18.11,21.5,15.33,15.67,14.06,17.14,11.13,11.17,10.28,11.95,7.74,7.74,7.51,7.79,5.34,5.34,5.33,5.35
fragment_01904,2,27.06,27.08,26.97,27.08,24.1,24.13,23.95,24.13,18.76,18.79,18.63,18.79,13.31,13.35,13.11,13.35,9.23,9.24,9.2,9.24,6.08,6.08,6.08,6.08,4.18,4.17,4.17,4.18
fragment_01905,55,30.31,30.26,30.15,31.18,24.46,25.01,24.01,27.53,16.99,18.94,15.95,19.83,11.89,14.12,10.71,14.12,8.42,9.64,7.49,9.64,6.0,6.28,5.56,6.3,4.29,4.31,4.19,4.33
fragment_01906,3,28.72,28.73,28.36,28.73,25.17,25.17,24.48,25.17,19.7,19.68,19.53,20.35,14.71,14.71,14.63,14.72,10.04,10.04,10.04,10.04,6.57,6.57,6.57,6.57,4.51,4.51,4.51,4.52
fragment_01907,7,27.78,27.78,27.69,28.43,19.22,19.22,18.81,22.79,13.92,14.44,12.57,18.62,11.64,12.49,9.98,14.6,9.33,9.96,8.02,10.73,7.08,7.44,6.31,7.57,5.15,5.21,4.99,5.21
fragment_01908,12,28.4,28.39,28.08,29.23,21.43,21.38,20.55,23.65,16.62,16.62,15.52,18.78,11.8,11.83,10.96,12.05,7.29,7.29,7.23,7.31,4.75,4.75,4.74,4.76,3.26,3.26,3.26,3.27
fragment_01909,2,27.81,27.81,27.81,27.81,25.4,25.41,25.4,25.41,18.7,18.7,18.69,18.7,13.14,13.15,13.14,13.15,9.83,9.84,9.83,9.84,7.4,7.41,7.4,7.41,5.65,5.66,5.65,5.66
fragment_01910,17,28.7,28.68,28.51,29.19,24.18,24.1,23.42,25.7,18.82,18.72,18.0,21.09,14.69,14.62,13.88,17.26,10.94,10.9,10.41,12.61,8.09,8.07,7.93,8.38,5.74,5.74,5.72,5.76
fragment_01911,2,27.35,27.36,27.27,27.36,18.65,18.65,18.61,18.65,12.53,12.54,12.5,12.54,8.64,8.65,8.62,8.65,6.08,6.08,6.07,6.08,4.04,4.04,4.04,4.04,2.77,2.78,2.77,2.78
fragment_01912,5,28.52,28.53,28.3,28.63,23.8,23.97,23.1,25.04,18.39,18.61,17.6,19.4,14.52,14.62,14.17,15.01,11.05,11.02,10.52,11.4,8.11,8.11,7.87,8.15,5.63,5.63,5.62,5.64
fragment_01913,1,29.19,29.19,29.19,29.19,21.75,21.75,21.75,21.75,15.45,15.45,15.45,15.45,10.5,10.5,10.5,10.5,6.97,6.97,6.97,6.97,4.62,4.62,4.62,4.62,3.17,3.17,3.17,3.17
fragment_01914,37,28.34,28.23,28.11,28.85,22.21,21.92,20.58,24.8,16.26,16.2,14.38,19.02,12.17,12.33,11.11,14.05,9.07,9.27,8.16,10.17,6.58,6.65,6.01,6.93,4.73,4.75,4.55,4.77
fragment_01915,1,28.01,28.01,28.01,28.01,21.5,21.5,21.5,21.5,15.82,15.82,15.82,15.82,9.98,9.98,9.98,9.98,6.08,6.08,6.08,6.08,3.96,3.96,3.96,3.96,2.72,2.72,2.72,2.72
fragment_01916,3,25.23,25.06,25.06,25.41,18.46,18.84,18.07,18.84,13.94,14.91,13.08,14.91,9.95,10.23,9.26,10.23,6.41,6.41,6.37,6.42,4.18,4.17,4.17,4.18,2.87,2.87,2.87,2.87
fragment_01917,4,27.76,27.75,27.75,28.18,18.76,18.73,18.73,20.32,12.54,12.47,12.47,14.65,9.89,9.84,9.84,11.31,8.11,8.09,8.09,8.86,6.3,6.29,6.29,6.48,4.46,4.46,4.46,4.47
fragment_01918,6,30.53,30.52,30.25,30.62,25.03,25.0,25.0,26.33,19.07,19.06,18.73,20.34,13.58,13.58,13.4,14.04,8.83,8.83,8.83,8.87,5.75,5.75,5.75,5.77,3.95,3.95,3.95,3.96
fragment_01919,5,28.11,28.03,28.03,28.61,20.03,20.03,19.62,20.13,13.61,13.63,12.63,13.78,9.62,9.6,8.78,9.95,7.2,7.2,6.55,7.34,5.59,5.59,5.23,5.68,4.58,4.58,4.27,4.66
fragment_01920,1,29.48,29.48,29.48,29.48,22.37,22.37,22.37,22.37,16.63,16.63,16.63,16.63,13.42,13.42,13.42,13.42,10.11,10.11,10.11,10.11,7.47,7.47,7.47,7.47,5.34,5.34,5.34,5.34
fragment_01921,4,27.03,27.04,27.0,27.04,23.44,23.39,23.18,23.53,19.07,19.06,18.9,19.08,14.67,14.81,14.33,15.0,11.52,11.73,11.13,12.06,9.09,9.21,8.88,9.52,6.88,6.91,6.82,6.95
fragment_01922,2,27.79,27.8,27.67,27.8,19.8,19.81,19.77,19.81,13.76,13.76,13.71,13.76,10.38,10.39,10.35,10.39,8.21,8.21,8.19,8.21,6.02,6.02,6.02,6.02,4.22,4.22,4.22,4.22
fragment_01923,12,27.74,27.59,27.59,27.98,25.06,25.03,24.93,26.47,18.44,18.19,18.19,19.83,13.47,13.15,13.15,13.87,9.69,9.56,9.56,9.92,6.58,6.57,6.57,6.58,4.52,4.51,4.51,4.52
fragment_01924,2,28.15,28.15,27.59,28.15,23.61,23.62,22.95,23.62,17.82,17.82,17.52,17.82,13.59,13.59,13.36,13.59,9.81,9.81,9.76,9.81,6.56,6.56,6.56,6.56,4.51,4.51,4.51,4.51
fragment_01925,2,27.49,27.5,27.37,27.5,20.07,20.07,20.01,20.07,13.61,13.61,13.58,13.61,9.1,9.1,9.09,9.1,5.84,5.84,5.84,5.84,3.8,3.8,3.8,3.8,2.61,2.61,2.61,2.61
fragment_01926,1,28.85,28.85,28.85,28.85,21.79,21.79,21.79,21.79,14.68,14.68,14.68,14.68,10.28,10.28,10.28,10.28,7.79,7.79,7.79,7.79,6.04,6.04,6.04,6.04,4.78,4.78,4.78,4.78
fragment_01927,6,27.98,27.97,27.96,28.02,20.34,20.34,20.32,20.38,14.53,14.53,14.52,14.53,10.75,10.76,10.75,10.76,8.64,8.64,8.63,8.64,6.64,6.64,6.64,6.64,4.71,4.71,4.71,4.71
fragment_01928,27,29.33,29.55,28.81,29.97,24.06,24.51,23.04,26.49,19.35,19.77,18.06,21.92,14.57,15.07,13.18,16.25,10.17,10.33,9.45,10.71,6.94,6.97,6.74,6.98,4.79,4.79,4.77,4.79
fragment_01929,7,30.1,30.1,30.1,30.57,24.1,24.09,24.09,26.55,17.35,17.34,17.34,19.81,12.77,12.77,12.77,13.5,8.62,8.62,8.62,8.82,5.74,5.74,5.74,5.74,3.94,3.94,3.94,3.94
fragment_01930,25,27.77,27.71,27.7,28.59,18.95,18.69,18.69,22.1,12.94,12.33,11.97,16.77,9.9,9.42,8.46,12.7,7.46,7.25,6.28,8.61,5.36,5.37,4.84,5.61,3.83,3.85,3.72,3.86
fragment_01931,5,30.55,30.55,30.23,30.63,25.04,25.02,25.02,26.06,19.07,19.06,18.81,20.33,13.59,13.58,13.41,14.04,8.83,8.83,8.83,8.87,5.75,5.75,5.75,5.77,3.95,3.95,3.95,3.96
fragment_01932,2,28.07,28.08,27.79,28.08,22.2,22.21,21.88,22.21,16.9,16.9,16.69,16.9,11.98,11.99,11.86,11.99,8.36,8.36,8.34,8.36,5.46,5.46,5.46,5.46,3.75,3.75,3.75,3.75
fragment_01933,42,27.81,27.76,27.75,28.33,19.25,18.96,18.96,21.9,13.78,13.07,13.07,17.05,11.01,10.09,10.05,14.11,8.51,7.78,7.48,10.16,6.29,6.03,5.61,6.7,4.55,4.57,4.32,4.6
fragment_01934,1,29.79,29.79,29.79,29.79,23.25,23.25,23.25,23.25,16.58,16.58,16.58,16.58,12.08,12.08,12.08,12.08,8.16,8.16,8.16,8.16,5.31,5.31,5.31,5.31,3.65,3.65,3.65,3.65
fragment_01935,2,27.3,27.3,27.3,27.3,19.29,19.29,19.29,19.29,13.26,13.25,13.25,13.26,9.85,9.85,9.85,9.85,7.41,7.41,7.41,7.41,5.37,5.37,5.37,5.37,3.69,3.7,3.69,3.7
fragment_01936,9,31.19,31.29,30.6,31.7,26.77,26.89,25.96,29.19,20.18,20.64,19.34,23.29,13.97,14.53,13.1,15.24,9.26,9.51,8.83,9.62,6.23,6.24,6.2,6.26,4.29,4.28,4.28,4.3
fragment_01937,5,28.22,28.21,28.21,28.67,23.02,22.92,22.92,24.95,16.97,16.8,16.8,19.09,12.98,12.84,12.84,15.1,9.49,9.44,9.44,10.19,6.68,6.68,6.68,6.71,4.6,4.6,4.6,4.61
fragment_01938,52,27.74,27.7,27.7,28.25,18.95,18.69,18.69,21.96,12.68,11.98,11.97,16.34,9.3,8.47,8.46,11.73,6.87,6.33,6.17,8.04,5.05,4.87,4.68,5.28,3.61,3.61,3.51,3.63
fragment_01939,12,28.34,28.32,27.99,29.08,21.76,21.94,20.51,23.19,15.27,15.6,13.87,16.32,10.48,10.63,9.96,10.76,6.79,6.79,6.76,6.8,4.42,4.42,4.41,4.42,3.04,3.04,3.03,3.04
fragment_01940,3,27.99,28.0,27.97,28.0,19.38,19.38,19.36,19.38,13.6,13.61,13.59,13.61,9.91,9.91,9.89,9.92,7.46,7.46,7.46,7.47,5.88,5.88,5.87,5.88,4.73,4.73,4.73,4.73
fragment_01941,4,30.48,30.46,30.46,31.35,24.37,24.33,24.33,27.29,17.02,16.97,16.97,20.45,12.28,12.25,12.25,13.99,8.82,8.81,8.81,9.43,6.16,6.16,6.16,6.23,4.28,4.28,4.28,4.28
fragment_01942,10,25.6,25.62,25.36,27.26,19.94,19.83,19.37,22.41,15.95,15.63,15.28,19.32,12.82,12.56,12.23,15.95,10.2,10.1,9.93,11.51,7.49,7.47,7.38,7.63,5.23,5.23,5.22,5.24
fragment_01943,1,30.22,30.22,30.22,30.22,24.27,24.27,24.27,24.27,17.14,17.14,17.14,17.14,10.85,10.85,10.85,10.85,6.94,6.94,6.94,6.94,4.52,4.52,4.52,4.52,3.1,3.1,3.1,3.1
fragment_01944,6,28.81,28.79,28.72,28.92,21.68,21.67,21.63,21.74,15.41,15.35,15.32,15.66,11.92,11.78,11.75,12.38,8.73,8.58,8.54,9.19,6.47,6.39,6.36,6.73,4.93,4.88,4.86,5.12
fragment_01945,3,30.12,30.12,30.12,30.51,24.19,24.19,24.19,25.18,18.08,18.08,17.62,18.85,14.47,14.47,13.35,14.47,11.04,11.04,9.95,11.04,7.94,7.94,7.58,7.94,5.49,5.49,5.48,5.49
fragment_01946,1,28.35,28.35,28.35,28.35,22.95,22.95,22.95,22.95,17.2,17.2,17.2,17.2,10.36,10.36,10.36,10.36,6.28,6.28,6.28,6.28,4.09,4.09,4.09,4.09,2.81,2.81,2.81,2.81
fragment_01947,4,30.21,30.22,30.19,30.22,24.38,24.39,24.37,24.39,19.0,19.04,18.87,19.34,14.54,14.69,14.15,14.92,10.12,10.27,9.77,10.33,6.88,6.9,6.84,6.9,4.74,4.74,4.74,4.74
fragment_01948,4,31.7,31.39,31.38,33.02,26.56,26.43,26.43,27.11,21.08,21.06,21.06,21.16,17.23,17.24,17.15,17.24,13.12,13.14,13.04,13.14,9.25,9.25,9.25,9.25,6.37,6.37,6.37,6.37
fragment_01949,2,28.78,28.78,28.78,28.78,21.67,21.67,21.67,21.67,15.07,15.08,15.07,15.08,10.62,10.62,10.61,10.62,7.34,7.34,7.34,7.34,5.33,5.33,5.33,5.33,4.28,4.28,4.27,4.28
fragment_01950,35,29.37,29.56,28.65,29.67,23.96,24.57,22.76,25.55,19.45,20.4,18.25,21.5,14.56,15.77,13.13,16.34,10.18,10.71,9.38,10.71,6.94,6.97,6.7,6.98,4.79,4.79,4.77,4.79
fragment_01951,6,28.79,28.8,28.78,28.8,21.68,21.68,21.67,21.69,15.09,15.09,15.08,15.1,11.17,11.09,11.04,11.39,8.68,8.54,8.51,9.05,7.14,6.97,6.94,7.6,5.49,5.36,5.36,5.78
fragment_01952,1,27.57,27.57,27.57,27.57,20.28,20.28,20.28,20.28,13.67,13.67,13.67,13.67,8.24,8.24,8.24,8.24,4.99,4.99,4.99,4.99,3.25,3.25,3.25,3.25,2.23,2.23,2.23,2.23
fragment_01953,1,27.63,27.63,27.63,27.63,19.49,19.49,19.49,19.49,13.16,13.16,13.16,13.16,8.78,8.78,8.78,8.78,6.09,6.09,6.09,6.09,4.07,4.07,4.07,4.07,2.8,2.8,2.8,2.8
fragment_01954,12,27.75,27.71,27.69,27.83,20.38,20.38,20.03,20.54,14.16,14.19,13.89,14.26,10.46,10.66,10.08,10.75,8.27,8.6,7.81,8.67,6.56,6.93,6.09,6.96,4.97,5.16,4.72,5.16
fragment_01955,24,30.52,30.55,29.93,30.86,26.88,26.81,26.01,28.06,22.46,22.07,21.14,24.05,17.93,17.55,16.37,19.32,12.72,12.5,11.53,13.5,8.75,8.71,8.11,8.84,6.07,6.07,5.96,6.07
fragment_01956,7,30.12,30.09,30.09,30.76,24.14,24.09,24.09,26.56,17.13,17.06,17.06,20.17,12.51,12.48,12.48,13.42,8.21,8.21,8.21,8.22,5.34,5.34,5.34,5.35,3.67,3.67,3.67,3.68
fragment_01957,19,24.96,24.99,23.84,25.45,20.44,20.44,19.61,21.14,17.49,17.48,16.5,18.79,12.96,12.82,12.14,14.68,9.57,9.47,9.29,10.54,6.94,6.94,6.79,6.95,4.77,4.77,4.77,4.77
fragment_01958,2,30.43,30.43,30.42,30.43,24.18,24.18,24.17,24.18,17.46,17.46,17.46,17.46,12.16,12.16,12.16,12.16,8.92,8.92,8.92,8.93,7.09,7.09,7.09,7.09,5.27,5.27,5.27,5.27
fragment_01959,16,27.05,27.06,27.03,27.14,22.93,22.94,22.84,23.02,18.07,18.07,18.01,18.38,13.55,13.61,13.35,14.53,10.31,10.28,10.07,11.44,7.96,7.91,7.85,8.54,5.99,5.99,5.96,6.07
fragment_01960,5,27.51,27.51,27.51,27.53,23.23,23.22,23.22,23.23,17.21,17.21,17.2,17.24,12.04,12.02,12.02,12.19,8.57,8.54,8.53,8.83,6.62,6.6,6.6,6.84,5.3,5.29,5.29,5.38
fragment_01961,4,28.69,28.69,28.69,28.83,25.81,25.83,24.61,25.83,21.05,21.08,18.82,21.08,15.47,15.48,14.64,15.48,10.6,10.6,10.46,10.6,7.0,7.0,6.99,7.0,4.81,4.81,4.8,4.81
fragment_01962,12,28.26,28.29,28.0,28.81,22.29,22.28,21.04,25.34,16.63,16.52,15.67,20.84,12.75,12.51,12.51,16.89,10.14,9.92,9.92,13.03,8.15,8.04,8.04,9.18,6.19,6.16,6.16,6.32
fragment_01963,1,30.1,30.1,30.1,30.1,25.34,25.34,25.34,25.34,18.99,18.99,18.99,18.99,13.38,13.38,13.38,13.38,9.78,9.78,9.78,9.78,6.98,6.98,6.98,6.98,4.84,4.84,4.84,4.84
fragment_01964,25,30.69,30.6,30.31,31.96,25.66,25.6,24.53,29.15,19.24,19.46,17.91,21.67,13.72,13.99,13.26,14.62,9.33,9.41,9.27,9.42,6.12,6.12,6.11,6.13,4.21,4.21,4.2,4.21
fragment_01965,20,29.24,29.27,28.71,29.32,23.94,24.56,23.35,24.57,19.19,20.09,18.31,20.58,13.68,14.35,12.51,14.6,8.89,8.94,8.54,8.95,5.82,5.82,5.82,5.82,4.0,4.0,4.0,4.0
fragment_01966,6,30.6,30.57,30.21,30.79,26.6,26.65,26.29,26.66,21.7,21.79,21.17,21.97,16.16,16.21,15.88,16.25,10.49,10.49,10.49,10.49,6.83,6.83,6.83,6.83,4.69,4.69,4.69,4.7
fragment_01967,1,29.74,29.74,29.74,29.74,24.0,24.0,24.0,24.0,18.3,18.3,18.3,18.3,13.61,13.61,13.61,13.61,9.32,9.32,9.32,9.32,6.14,6.14,6.14,6.14,4.22,4.22,4.22,4.22
fragment_01968,4,27.8,27.8,27.8,27.82,25.43,25.43,25.42,25.44,18.77,18.76,18.76,18.8,13.58,13.55,13.55,13.93,10.62,10.57,10.57,11.07,8.15,8.11,8.11,8.45,6.09,6.09,6.09,6.11
fragment_01969,1,28.84,28.84,28.84,28.84,21.94,21.94,21.94,21.94,15.04,15.04,15.04,15.04,11.02,11.02,11.02,11.02,8.32,8.32,8.32,8.32,6.16,6.16,6.16,6.16,4.59,4.59,4.59,4.59
fragment_01970,14,33.35,33.45,32.86,34.0,30.08,30.81,28.93,32.87,21.24,21.82,20.29,23.64,13.64,13.66,13.62,13.74,8.31,8.32,8.3,8.32,5.41,5.41,5.4,5.42,3.72,3.72,3.71,3.72
fragment_01971,2,26.82,26.83,26.36,26.83,22.59,22.59,22.07,22.59,16.89,16.9,16.59,16.9,12.5,12.5,12.26,12.5,9.18,9.18,9.11,9.18,6.62,6.62,6.62,6.62,4.65,4.65,4.65,4.65
fragment_01972,27,30.74,30.66,30.55,31.68,25.58,25.59,24.49,28.73,18.68,18.58,17.45,21.6,12.7,12.65,12.24,13.65,8.27,8.3,8.18,8.33,5.41,5.41,5.4,5.42,3.72,3.72,3.71,3.72
fragment_01973,1,29.62,29.62,29.62,29.62,23.05,23.05,23.05,23.05,17.8,17.8,17.8,17.8,12.8,12.8,12.8,12.8,9.32,9.32,9.32,9.32,6.92,6.92,6.92,6.92,4.92,4.92,4.92,4.92
fragment_01974,13,28.09,28.07,27.99,28.54,20.31,20.36,19.62,20.36,14.52,14.61,12.7,14.61,10.48,10.54,8.81,10.54,8.0,8.03,7.03,8.22,6.25,6.28,5.52,6.87,5.02,5.04,4.43,5.53
fragment_01975,1,30.24,30.24,30.24,30.24,24.99,24.99,24.99,24.99,18.72,18.72,18.72,18.72,13.34,13.34,13.34,13.34,8.83,8.83,8.83,8.83,5.75,5.75,5.75,5.75,3.95,3.95,3.95,3.95
fragment_01976,6,27.98,27.94,27.91,28.47,20.21,20.3,19.55,20.3,14.68,14.91,12.66,14.92,10.39,10.56,8.51,10.56,7.51,7.59,6.24,7.59,5.46,5.5,4.88,5.5,3.87,3.87,3.75,3.88
fragment_01977,2,27.44,27.44,27.44,27.44,19.42,19.42,19.42,19.42,13.22,13.22,13.22,13.22,9.86,9.86,9.86,9.86,7.65,7.65,7.65,7.65,5.83,5.83,5.83,5.83,4.54,4.54,4.54,4.54
fragment_01978,1,27.76,27.76,27.76,27.76,24.15,24.15,24.15,24.15,18.9,18.9,18.9,18.9,13.48,13.48,13.48,13.48,9.18,9.18,9.18,9.18,6.63,6.63,6.63,6.63,5.04,5.04,5.04,5.04
fragment_01979,1,29.63,29.63,29.63,29.63,24.18,24.18,24.18,24.18,18.38,18.38,18.38,18.38,13.88,13.88,13.88,13.88,9.81,9.81,9.81,9.81,6.68,6.68,6.68,6.68,4.59,4.59,4.59,4.59
fragment_01980,4,28.64,28.65,28.58,28.68,21.54,21.54,21.52,21.57,14.9,14.89,14.89,14.92,10.72,10.71,10.71,10.75,8.02,8.01,8.01,8.03,6.12,6.12,6.12,6.14,4.55,4.55,4.55,4.55
fragment_01981,4,29.67,29.68,29.17,29.68,22.78,22.79,22.25,22.79,16.24,16.24,15.52,16.25,11.3,11.29,11.29,12.01,8.33,8.32,8.32,9.2,6.4,6.39,6.39,6.96,5.06,5.05,5.05,5.34
fragment_01982,4,27.63,27.64,27.51,27.64,19.64,19.64,19.61,19.64,13.75,13.73,13.67,13.84,9.76,9.7,9.66,9.98,6.72,6.65,6.64,6.94,4.55,4.55,4.55,4.55,3.13,3.13,3.12,3.13
fragment_01983,4,28.53,28.8,28.22,28.8,22.53,24.21,20.59,24.22,16.86,18.91,14.52,18.92,13.58,15.27,11.65,15.28,10.67,11.56,9.66,11.56,7.72,8.06,7.33,8.06,5.52,5.57,5.47,5.57
fragment_01984,4,28.82,28.85,28.77,28.85,21.7,21.71,21.67,21.71,15.26,15.25,15.25,15.27,11.28,11.27,11.27,11.3,8.3,8.29,8.29,8.3,6.13,6.13,6.13,6.13,4.3,4.3,4.3,4.3
fragment_01985,2,27.65,27.66,27.65,27.66,24.93,24.93,24.93,24.93,18.33,18.34,18.33,18.34,12.78,12.78,12.77,12.78,9.1,9.1,9.1,9.1,6.68,6.68,6.68,6.68,4.88,4.88,4.88,4.88
fragment_01986,14,31.55,31.43,31.09,31.99,27.75,27.22,27.22,30.23,22.26,21.9,21.9,24.89,15.42,15.45,14.72,16.16,9.9,9.92,9.75,9.95,6.46,6.46,6.45,6.48,4.44,4.44,4.43,4.45
fragment_01987,2,28.79,28.8,28.78,28.8,21.68,21.69,21.68,21.69,15.19,15.21,15.18,15.21,11.19,11.2,11.17,11.2,7.9,7.9,7.9,7.9,5.28,5.28,5.28,5.28,3.63,3.63,3.63,3.63
fragment_01988,3,28.8,28.81,28.74,28.82,21.69,21.69,21.65,21.7,15.2,15.19,15.19,15.22,11.14,11.13,11.13,11.16,8.35,8.35,8.35,8.37,6.64,6.63,6.63,6.65,5.39,5.38,5.38,5.4
fragment_01989,1,29.83,29.83,29.83,29.83,23.04,23.04,23.04,23.04,16.43,16.43,16.43,16.43,13.11,13.11,13.11,13.11,10.45,10.45,10.45,10.45,7.54,7.54,7.54,7.54,5.21,5.21,5.21,5.21
fragment_01990,6,29.1,29.11,28.56,29.29,26.94,26.95,26.24,27.14,21.98,22.24,21.24,22.28,16.2,16.39,15.84,16.39,11.14,11.18,11.0,11.18,7.59,7.6,7.55,7.6,5.24,5.24,5.24,5.25
fragment_01991,1,30.06,30.06,30.06,30.06,24.49,24.49,24.49,24.49,18.75,18.75,18.75,18.75,13.17,13.17,13.17,13.17,8.77,8.77,8.77,8.77,6.01,6.01,6.01,6.01,4.13,4.13,4.13,4.13
fragment_01992,25,28.3,28.28,28.04,29.39,21.11,21.09,20.37,23.82,16.3,16.54,15.11,18.05,12.34,12.35,11.34,14.02,8.86,8.75,8.18,9.41,6.09,6.12,5.91,6.13,4.2,4.2,4.2,4.21
fragment_01993,19,29.39,29.38,28.68,29.66,24.44,24.22,23.75,25.75,19.96,20.19,19.18,21.85,14.62,14.83,13.72,15.69,9.56,9.58,9.39,9.61,6.24,6.24,6.23,6.25,4.29,4.29,4.28,4.3
fragment_01994,2,28.85,28.84,28.84,28.87,21.72,21.71,21.71,21.74,15.19,15.17,15.17,15.2,11.39,11.37,11.37,11.42,8.73,8.72,8.72,8.75,6.77,6.76,6.76,6.77,5.35,5.35,5.35,5.35
fragment_01995,2,26.72,26.72,26.3,26.72,22.59,22.59,22.05,22.59,17.01,17.01,16.69,17.01,10.95,10.95,10.95,10.96,6.66,6.66,6.66,6.66,4.33,4.33,4.33,4.34,2.98,2.98,2.98,2.98
fragment_01996,1,27.0,27.0,27.0,27.0,22.42,22.42,22.42,22.42,15.99,15.99,15.99,15.99,11.3,11.3,11.3,11.3,8.55,8.55,8.55,8.55,6.3,6.3,6.3,6.3,4.6,4.6,4.6,4.6
fragment_01997,2,28.71,28.72,28.62,28.72,21.54,21.55,21.48,21.55,14.94,14.95,14.88,14.95,11.04,11.04,10.98,11.04,8.04,8.05,8.02,8.05,5.44,5.44,5.44,5.44,3.74,3.74,3.74,3.74
fragment_01998,1,29.72,29.72,29.72,29.72,22.76,22.76,22.76,22.76,16.84,16.84,16.84,16.84,12.2,12.2,12.2,12.2,8.95,8.95,8.95,8.95,6.68,6.68,6.68,6.68,4.75,4.75,4.75,4.75
fragment_01999,7,27.77,27.76,27.75,28.21,19.07,19.09,18.89,22.46,13.84,14.11,12.94,17.83,11.84,12.33,10.47,14.08,9.77,10.27,8.35,10.86,7.46,7.77,6.56,7.94,5.54,5.65,5.17,5.69
fragment_02000,2,27.9,27.9,27.9,27.9,26.09,26.09,26.09,26.09,19.64,19.64,19.64,19.64,13.93,13.93,13.93,13.93,10.31,10.31,10.31,10.31,7.42,7.42,7.42,7.42,5.18,5.18,5.18,5.18
fragment_02001,2,30.48,30.39,30.39,30.71,24.73,24.5,24.5,25.39,18.47,18.17,18.17,19.32,13.27,13.24,13.24,13.35,9.17,9.17,9.17,9.17,6.67,6.67,6.67,6.67,4.68,4.68,4.68,4.68
fragment_02002,6,23.39,23.38,23.37,24.04,16.25,16.35,15.77,18.08,13.02,13.15,12.43,14.32,10.59,10.69,10.14,11.8,8.28,8.32,8.07,9.02,6.1,6.11,6.08,6.24,4.28,4.28,4.28,4.3
fragment_02003,2,33.33,33.33,33.33,33.38,30.51,30.51,30.51,30.52,20.67,20.67,20.66,20.67,11.72,11.72,11.72,11.72,7.1,7.1,7.1,7.1,4.62,4.62,4.62,4.62,3.18,3.18,3.17,3.18
fragment_02004,11,29.63,29.41,29.41,30.6,23.3,23.22,22.9,26.24,15.36,14.9,14.9,18.18,10.4,10.04,10.04,11.46,6.92,6.86,6.86,7.01,4.55,4.54,4.54,4.56,3.13,3.12,3.12,3.13
fragment_02005,4,30.21,30.18,30.18,31.34,25.75,25.72,25.72,27.16,19.31,19.27,19.27,21.28,13.87,13.85,13.85,15.08,9.42,9.42,9.42,9.48,6.16,6.16,6.16,6.17,4.23,4.23,4.23,4.24
fragment_02006,29,31.04,30.77,30.77,32.67,27.18,26.39,26.17,30.02,21.73,21.24,20.54,23.77,15.26,15.32,14.79,15.52,9.41,9.41,9.4,9.43,6.13,6.13,6.12,6.14,4.21,4.21,4.2,4.22
fragment_02007,2,26.84,26.84,26.37,26.84,22.6,22.61,22.08,22.61,16.94,16.94,16.61,16.94,12.9,12.9,12.55,12.9,9.78,9.78,9.56,9.78,6.95,6.96,6.92,6.96,4.79,4.79,4.79,4.79
fragment_02008,16,27.76,27.71,27.65,27.86,20.42,20.49,19.34,21.31,14.18,14.23,13.54,15.92,10.47,10.53,10.21,12.54,8.37,8.42,8.19,9.54,6.74,6.76,6.66,7.06,5.0,5.01,4.99,5.03
fragment_02009,2,29.58,29.65,29.49,29.65,22.34,22.61,21.97,22.61,15.08,15.33,14.74,15.33,10.49,10.69,10.22,10.69,7.9,8.04,7.7,8.04,6.13,6.22,5.99,6.22,4.83,4.89,4.76,4.89
fragment_02010,6,25.29,25.32,25.18,26.32,19.11,19.17,18.95,22.46,15.24,15.17,15.08,19.28,11.78,11.59,11.55,14.71,9.2,9.16,9.09,10.67,7.03,7.01,6.98,7.35,5.04,5.04,5.04,5.05
fragment_02011,5,28.59,28.58,28.58,28.59,21.54,21.54,21.53,21.55,16.26,16.26,16.25,16.26,12.56,12.56,12.52,12.69,9.77,9.77,9.58,9.95,7.82,7.82,7.63,8.03,6.02,6.02,5.92,6.17
fragment_02012,3,27.73,27.7,27.7,27.76,24.21,24.29,24.14,24.29,19.02,19.14,18.9,19.14,13.46,13.41,13.41,13.51,9.36,9.34,9.34,9.38,7.04,7.01,7.01,7.06,5.5,5.48,5.48,5.51
fragment_02013,1,29.42,29.42,29.42,29.42,22.91,22.91,22.91,22.91,17.48,17.48,17.48,17.48,11.93,11.93,11.93,11.93,7.33,7.33,7.33,7.33,4.77,4.77,4.77,4.77,3.28,3.28,3.28,3.28
fragment_02014,2,23.36,23.36,23.35,23.36,15.78,15.79,15.12,15.79,12.76,12.77,11.74,12.77,10.09,10.1,9.62,10.1,6.98,6.98,6.98,7.02,4.58,4.58,4.58,4.59,3.15,3.15,3.15,3.15
fragment_02015,2,27.98,27.98,27.97,27.98,22.09,22.09,22.08,22.09,16.67,16.67,16.67,16.67,12.27,12.27,12.27,12.27,9.17,9.17,9.17,9.17,6.23,6.23,6.23,6.23,4.28,4.28,4.28,4.28
fragment_02016,4,25.95,26.27,25.53,26.27,19.88,19.49,19.49,20.16,13.49,12.77,12.77,13.94,8.39,8.29,8.29,8.44,5.11,5.1,5.1,5.12,3.33,3.32,3.32,3.33,2.29,2.28,2.28,2.29
fragment_02017,6,28.44,28.44,28.09,28.44,23.04,23.03,23.01,24.7,16.54,16.48,16.47,18.36,11.77,11.66,11.65,13.1,8.67,8.57,8.56,9.64,6.8,6.78,6.75,7.04,4.86,4.86,4.86,4.86
fragment_02018,9,27.59,27.56,27.56,27.63,24.1,24.25,23.8,24.25,17.03,17.84,16.2,17.84,12.05,12.6,11.24,12.6,9.24,9.38,8.72,9.43,7.17,7.13,7.04,7.28,5.58,5.52,5.52,5.64
fragment_02019,3,28.07,28.04,27.94,28.65,20.22,20.32,19.82,20.32,14.46,14.84,13.62,14.84,11.08,11.33,10.53,11.33,8.84,8.97,8.24,8.97,6.76,6.84,6.42,6.84,4.98,4.99,4.91,4.99
fragment_02020,4,28.79,28.81,28.74,28.82,21.68,21.69,21.65,21.69,15.29,15.3,15.28,15.3,11.66,11.67,11.65,11.67,8.35,8.36,8.34,8.36,5.52,5.52,5.52,5.52,3.79,3.79,3.79,3.79
fragment_02021,13,28.04,28.02,28.01,28.58,20.26,20.28,19.64,20.33,13.64,13.67,12.69,13.77,9.22,9.25,8.29,9.28,6.5,6.51,5.93,6.54,5.0,5.01,4.56,5.05,4.05,4.05,3.66,4.07
fragment_02022,2,30.12,30.15,30.06,30.15,24.22,24.08,24.08,24.49,16.89,16.64,16.64,17.36,10.01,10.01,10.01,10.02,6.07,6.07,6.07,6.07,3.95,3.95,3.95,3.95,2.71,2.71,2.71,2.71
fragment_02023,13,33.41,33.36,33.24,33.83,29.92,29.66,29.66,32.28,20.18,19.92,19.92,22.93,12.99,12.9,12.9,14.12,8.58,8.55,8.55,8.69,5.64,5.64,5.64,5.66,3.88,3.88,3.88,3.89
fragment_02024,1,26.94,26.94,26.94,26.94,23.17,23.17,23.17,23.17,17.91,17.91,17.91,17.91,13.23,13.23,13.23,13.23,10.86,10.86,10.86,10.86,8.6,8.6,8.6,8.6,6.05,6.05,6.05,6.05
fragment_02025,4,28.42,28.43,28.37,29.01,23.47,23.11,23.11,25.28,17.14,16.77,16.77,18.98,12.52,12.39,12.39,13.14,9.12,9.05,9.05,9.47,7.03,6.98,6.98,7.25,5.51,5.49,5.49,5.62
fragment_02026,4,30.72,30.58,30.58,30.91,25.16,25.29,24.99,25.3,19.27,19.62,18.8,19.62,14.0,14.02,13.97,14.02,10.09,10.1,10.08,10.1,7.48,7.48,7.47,7.48,5.38,5.38,5.38,5.38
fragment_02027,2,30.28,30.28,30.28,30.28,25.28,25.28,25.28,25.29,19.93,19.93,19.93,19.93,14.32,14.32,14.32,14.32,9.57,9.56,9.56,9.57,6.34,6.34,6.34,6.35,4.36,4.36,4.36,4.36
fragment_02028,1,29.48,29.48,29.48,29.48,22.37,22.37,22.37,22.37,16.63,16.63,16.63,16.63,13.42,13.42,13.42,13.42,10.11,10.11,10.11,10.11,7.47,7.47,7.47,7.47,5.34,5.34,5.34,5.34
fragment_02029,1,29.51,29.51,29.51,29.51,23.68,23.68,23.68,23.68,17.5,17.5,17.5,17.5,12.39,12.39,12.39,12.39,9.45,9.45,9.45,9.45,6.99,6.99,6.99,6.99,4.98,4.98,4.98,4.98
fragment_02030,1,30.04,30.04,30.04,30.04,24.21,24.21,24.21,24.21,18.05,18.05,18.05,18.05,12.34,12.34,12.34,12.34,8.02,8.02,8.02,8.02,5.22,5.22,5.22,5.22,3.59,3.59,3.59,3.59
fragment_02031,5,28.37,28.38,27.89,28.38,23.44,23.46,23.25,23.57,17.46,17.56,17.28,18.08,13.37,13.46,13.22,14.37,10.17,10.22,10.08,11.09,7.69,7.72,7.62,7.91,5.47,5.47,5.46,5.48
fragment_02032,12,29.44,29.48,28.23,29.83,27.5,27.72,26.23,27.72,23.36,23.51,21.75,23.51,18.54,18.59,17.88,18.59,14.05,14.09,13.87,14.09,9.99,10.0,9.91,10.01,6.91,6.91,6.9,6.91
fragment_02033,1,28.92,28.92,28.92,28.92,24.85,24.85,24.85,24.85,21.21,21.21,21.21,21.21,15.48,15.48,15.48,15.48,10.88,10.88,10.88,10.88,7.37,7.37,7.37,7.37,5.06,5.06,5.06,5.06
fragment_02034,14,30.78,30.68,30.52,32.01,25.54,25.58,24.49,28.6,18.48,18.72,17.27,21.04,12.28,12.45,11.9,12.59,7.61,7.61,7.6,7.63,4.96,4.95,4.95,4.97,3.4,3.4,3.4,3.41
fragment_02035,6,28.59,28.59,28.56,28.76,26.18,25.79,25.78,26.67,21.79,21.06,21.06,22.73,17.19,16.96,16.3,17.49,11.84,11.8,11.74,11.88,7.82,7.82,7.82,7.83,5.37,5.37,5.37,5.38
fragment_02036,3,28.02,28.04,27.96,28.04,20.37,20.39,20.33,20.39,14.54,14.55,14.54,14.55,10.51,10.51,10.51,10.51,8.05,8.06,8.05,8.06,6.06,6.06,6.06,6.06,4.71,4.71,4.71,4.71
fragment_02037,3,29.52,29.48,29.05,29.59,23.47,24.67,21.97,24.67,17.12,18.45,15.45,18.45,13.07,13.99,11.92,13.99,9.61,10.07,9.04,10.07,6.88,6.99,6.74,6.99,4.81,4.81,4.81,4.81
fragment_02038,4,31.3,31.3,30.91,31.31,26.93,26.94,26.69,26.94,21.56,21.56,21.56,21.6,17.25,17.26,17.25,17.26,12.86,12.86,12.83,12.86,8.62,8.62,8.62,8.62,5.92,5.92,5.92,5.92
fragment_02039,61,29.55,29.55,28.86,30.1,25.83,26.11,24.14,27.14,21.87,22.06,19.56,23.84,16.89,16.7,15.64,18.33,11.37,11.18,11.12,11.58,7.54,7.54,7.52,7.54,5.18,5.18,5.17,5.18
fragment_02040,6,28.35,28.1,28.09,30.17,26.22,26.05,26.04,29.36,20.82,20.69,20.63,24.81,15.77,15.6,15.6,19.17,12.57,12.48,12.48,14.6,9.68,9.66,9.66,10.06,6.91,6.91,6.9,6.91
fragment_02041,2,27.72,27.71,27.71,27.72,25.85,25.86,25.85,25.86,19.86,19.86,19.85,19.86,14.54,14.54,14.54,14.54,10.47,10.47,10.47,10.47,7.36,7.36,7.36,7.36,5.11,5.11,5.11,5.11
fragment_02042,7,28.33,28.33,28.3,28.36,20.56,20.58,20.48,20.58,15.44,15.6,14.78,15.6,11.91,12.1,11.02,12.1,8.16,8.26,7.66,8.26,5.38,5.38,5.36,5.38,3.7,3.7,3.69,3.7
fragment_02043,4,29.61,29.67,29.48,29.7,22.39,22.63,21.95,22.69,15.13,15.35,14.72,15.4,10.53,10.71,10.21,10.75,7.93,8.06,7.69,8.09,6.19,6.31,6.02,6.31,4.96,5.04,4.83,5.04
fragment_02044,1,32.58,32.58,32.58,32.58,30.62,30.62,30.62,30.62,25.21,25.21,25.21,25.21,18.31,18.31,18.31,18.31,12.71,12.71,12.71,12.71,8.7,8.7,8.7,8.7,5.98,5.98,5.98,5.98
fragment_02045,1,29.75,29.75,29.75,29.75,23.14,23.14,23.14,23.14,16.46,16.46,16.46,16.46,11.69,11.69,11.69,11.69,8.71,8.71,8.71,8.71,6.79,6.79,6.79,6.79,5.27,5.27,5.27,5.27
fragment_02046,1,30.0,30.0,30.0,30.0,23.22,23.22,23.22,23.22,17.37,17.37,17.37,17.37,13.22,13.22,13.22,13.22,8.84,8.84,8.84,8.84,5.78,5.78,5.78,5.78,3.97,3.97,3.97,3.97
fragment_02047,2,28.82,28.83,28.79,28.83,21.65,21.65,21.63,21.65,14.98,14.98,14.98,14.98,10.88,10.88,10.88,10.9,7.74,7.74,7.74,7.75,5.34,5.34,5.34,5.34,3.67,3.67,3.67,3.67
fragment_02048,27,30.75,30.73,30.62,31.74,25.8,25.85,24.58,29.15,19.6,19.74,18.12,22.2,14.17,14.39,13.61,14.98,9.56,9.61,9.49,9.64,6.26,6.26,6.26,6.28,4.3,4.3,4.3,4.31
fragment_02049,27,27.78,27.74,27.74,28.55,19.04,18.9,18.72,21.78,13.66,14.01,12.51,17.43,11.58,12.4,10.04,14.69,9.85,10.75,8.48,12.12,8.07,8.7,7.09,9.29,6.25,6.47,5.84,6.5
fragment_02050,21,30.47,30.43,30.33,31.52,25.54,25.35,25.32,28.77,19.18,18.55,18.55,22.19,13.12,12.4,12.4,14.85,9.0,8.53,8.53,9.72,6.26,6.13,6.13,6.35,4.35,4.35,4.35,4.36
fragment_02051,8,29.68,29.6,29.6,30.34,22.56,22.54,22.38,25.73,14.51,14.2,14.2,17.5,9.94,9.68,9.68,11.1,6.68,6.64,6.64,6.79,4.41,4.41,4.41,4.42,3.03,3.03,3.03,3.04
fragment_02052,13,30.8,30.64,30.6,31.96,27.03,26.59,26.59,30.21,20.97,20.57,20.08,24.11,15.14,14.99,14.21,16.21,10.16,10.13,9.91,10.27,6.67,6.67,6.66,6.69,4.58,4.58,4.57,4.59
fragment_02053,10,27.84,27.83,27.78,28.68,19.37,19.02,19.02,22.59,14.38,13.92,13.92,17.79,12.02,11.71,11.71,14.17,9.7,9.54,9.54,10.66,7.18,7.14,7.14,7.34,5.04,5.04,5.03,5.05
fragment_02054,15,27.78,27.73,27.69,27.87,20.45,20.4,19.48,20.61,14.38,14.39,13.5,14.59,10.94,11.13,10.19,11.28,8.71,8.97,7.9,9.05,6.88,7.14,6.17,7.18,5.31,5.48,4.85,5.49
fragment_02055,1,26.98,26.98,26.98,26.98,22.79,22.79,22.79,22.79,16.89,16.89,16.89,16.89,11.79,11.79,11.79,11.79,8.85,8.85,8.85,8.85,6.67,6.67,6.67,6.67,5.31,5.31,5.31,5.31
fragment_02056,4,28.7,28.71,28.68,28.72,21.58,21.59,21.57,21.6,14.85,14.85,14.85,14.85,10.2,10.2,10.2,10.2,7.14,7.14,7.13,7.14,5.17,5.17,5.17,5.18,3.61,3.61,3.61,3.61
fragment_02057,4,27.75,27.76,27.74,27.79,24.14,24.14,24.12,24.21,18.9,18.9,18.89,18.97,13.51,13.5,13.5,13.63,9.46,9.44,9.44,9.68,7.22,7.21,7.21,7.37,5.71,5.7,5.7,5.74
fragment_02058,5,28.55,28.58,28.23,28.62,23.76,23.93,23.09,24.97,18.34,18.56,17.59,19.34,14.5,14.59,14.16,14.97,11.03,10.99,10.52,11.39,8.11,8.1,7.87,8.15,5.63,5.63,5.62,5.64
fragment_02059,2,27.73,27.73,27.73,27.73,26.29,26.29,26.29,26.29,20.3,20.3,20.3,20.3,14.95,14.94,14.94,14.95,10.86,10.86,10.86,10.86,8.05,8.05,8.05,8.05,6.15,6.15,6.15,6.15
fragment_02060,1,29.45,29.45,29.45,29.45,23.84,23.84,23.84,23.84,18.28,18.28,18.28,18.28,12.78,12.78,12.78,12.78,9.46,9.46,9.46,9.46,6.95,6.95,6.95,6.95,5.1,5.1,5.1,5.1
fragment_02061,2,28.87,28.88,28.87,28.88,21.74,21.74,21.74,21.74,15.17,15.16,15.16,15.18,11.19,11.18,11.18,11.22,8.31,8.3,8.3,8.33,6.04,6.03,6.03,6.04,4.4,4.4,4.4,4.4
fragment_02062,7,25.35,25.31,25.29,26.49,19.36,19.33,19.32,21.3,15.18,15.16,15.15,17.87,11.71,11.64,11.58,14.29,9.02,8.95,8.95,10.04,6.61,6.59,6.59,6.73,4.61,4.61,4.6,4.62
fragment_02063,3,25.56,25.56,24.37,25.56,19.84,19.84,19.54,19.84,15.9,15.9,15.89,15.91,11.75,11.75,11.75,11.81,8.9,8.9,8.9,8.95,6.62,6.62,6.62,6.65,4.98,4.98,4.98,5.0
fragment_02064,5,28.5,28.33,28.05,29.15,22.29,22.08,21.92,23.55,15.59,15.53,15.14,16.34,9.57,9.58,9.54,9.63,5.8,5.81,5.79,5.84,3.77,3.78,3.77,3.8,2.59,2.6,2.59,2.61
fragment_02065,4,28.17,28.17,28.17,28.81,20.03,20.02,20.02,21.88,12.83,12.84,12.83,14.08,9.14,9.14,9.13,9.97,6.99,7.01,6.96,7.56,5.68,5.8,5.56,6.01,4.68,4.85,4.51,4.95
fragment_02066,5,28.68,28.69,28.63,28.71,21.58,21.59,21.56,21.6,15.18,15.17,15.17,15.21,11.42,11.4,11.4,11.45,8.7,8.69,8.69,8.72,6.64,6.63,6.61,6.65,4.82,4.82,4.82,4.82
fragment_02067,1,27.08,27.08,27.08,27.08,22.46,22.46,22.46,22.46,16.06,16.06,16.06,16.06,10.84,10.84,10.84,10.84,6.91,6.91,6.91,6.91,4.49,4.49,4.49,4.49,3.09,3.09,3.09,3.09
fragment_02068,6,25.54,25.5,25.39,25.85,20.65,20.43,19.63,21.46,18.63,18.39,16.48,19.19,15.84,15.61,13.58,16.42,12.44,12.27,10.93,12.88,9.26,9.16,8.38,9.51,7.02,6.97,6.48,7.15
fragment_02069,17,28.33,28.33,28.08,29.43,22.55,22.46,21.29,25.82,18.41,18.36,16.85,21.07,14.66,14.56,13.74,15.85,10.21,10.2,10.07,10.28,6.69,6.69,6.67,6.69,4.59,4.6,4.58,4.6
fragment_02070,1,29.73,29.73,29.73,29.73,23.14,23.14,23.14,23.14,16.43,16.43,16.43,16.43,11.63,11.63,11.63,11.63,8.66,8.66,8.66,8.66,6.63,6.63,6.63,6.63,5.07,5.07,5.07,5.07
fragment_02071,1,29.36,29.36,29.36,29.36,23.58,23.58,23.58,23.58,17.76,17.76,17.76,17.76,13.16,13.16,13.16,13.16,8.78,8.78,8.78,8.78,5.74,5.74,5.74,5.74,3.94,3.94,3.94,3.94
fragment_02072,4,30.51,30.54,29.98,30.55,25.78,25.79,25.59,25.79,20.38,20.36,20.36,20.58,15.36,15.34,15.34,15.63,11.42,11.41,11.41,11.6,8.31,8.3,8.3,8.35,5.8,5.8,5.8,5.8
fragment_02073,1,30.05,30.05,30.05,30.05,24.24,24.24,24.24,24.24,18.17,18.17,18.17,18.17,12.59,12.59,12.59,12.59,8.72,8.72,8.72,8.72,6.09,6.09,6.09,6.09,4.21,4.21,4.21,4.21
fragment_02074,3,28.79,28.83,28.68,28.83,24.26,24.3,24.13,24.3,17.68,17.72,17.54,17.72,12.48,12.51,12.35,12.51,9.17,9.19,9.09,9.19,6.67,6.67,6.65,6.67,4.66,4.66,4.66,4.66
fragment_02075,3,28.04,28.02,28.02,28.51,20.09,20.09,19.81,20.1,13.69,13.69,13.45,13.7,9.6,9.6,9.59,9.86,7.15,7.16,7.15,7.22,5.36,5.36,5.36,5.37,3.85,3.85,3.85,3.85
fragment_02076,3,28.21,28.12,28.12,28.53,20.71,20.97,19.78,20.98,14.71,15.09,13.37,15.1,10.56,10.85,9.52,10.86,7.87,8.03,7.32,8.03,5.51,5.54,5.43,5.54,3.82,3.82,3.82,3.82
fragment_02077,1,27.15,27.15,27.15,27.15,23.32,23.32,23.32,23.32,18.6,18.6,18.6,18.6,13.94,13.94,13.94,13.94,9.93,9.93,9.93,9.93,7.31,7.31,7.31,7.31,5.09,5.09,5.09,5.09
fragment_02078,18,28.0,27.99,27.96,28.46,20.2,20.22,19.55,20.36,14.69,14.74,12.99,14.91,10.84,10.82,9.85,11.03,8.77,8.65,8.33,9.18,7.2,6.97,6.8,7.92,5.9,5.66,5.56,6.61
fragment_02079,4,27.82,27.8,27.8,27.86,25.44,25.42,25.42,25.48,18.77,18.75,18.75,18.79,13.57,13.54,13.54,13.73,10.53,10.46,10.45,10.86,8.02,7.97,7.96,8.23,5.91,5.91,5.91,5.93
fragment_02080,45,28.31,28.18,27.96,29.34,21.92,22.04,20.96,25.54,17.46,17.43,15.71,21.21,13.74,13.5,12.54,15.67,9.84,9.82,9.07,10.28,6.68,6.69,6.49,6.7,4.6,4.6,4.59,4.6
fragment_02081,16,29.81,29.64,29.56,30.47,23.69,23.46,23.41,25.24,17.15,16.95,16.55,18.44,12.89,12.96,12.23,13.67,9.53,9.56,9.16,10.01,6.91,6.97,6.77,7.03,4.83,4.83,4.83,4.83
fragment_02082,1,28.03,28.03,28.03,28.03,19.05,19.05,19.05,19.05,12.17,12.17,12.17,12.17,7.12,7.12,7.12,7.12,4.31,4.31,4.31,4.31,2.81,2.81,2.81,2.81,1.93,1.93,1.93,1.93
fragment_02083,16,28.81,28.85,28.74,28.86,21.69,21.71,21.65,21.72,15.31,15.32,15.29,15.32,11.65,11.66,11.63,11.66,8.46,8.47,8.44,8.51,6.14,6.19,6.07,6.27,4.74,4.8,4.66,4.83
fragment_02084,6,28.21,28.19,28.17,28.41,24.83,24.82,24.82,25.07,19.25,19.22,19.22,19.64,14.45,14.43,14.42,14.79,10.48,10.48,10.48,10.61,7.07,7.07,7.07,7.07,4.86,4.86,4.86,4.86
fragment_02085,1,28.9,28.9,28.9,28.9,22.85,22.85,22.85,22.85,17.08,17.08,17.08,17.08,11.97,11.97,11.97,11.97,8.38,8.38,8.38,8.38,5.47,5.47,5.47,5.47,3.76,3.76,3.76,3.76
fragment_02086,7,28.6,28.41,28.15,30.47,23.61,23.52,23.03,26.67,18.39,17.81,17.43,22.41,14.46,13.63,13.28,17.55,11.23,10.87,10.58,12.32,8.23,8.15,7.99,8.53,5.89,5.89,5.83,5.95
fragment_02087,10,27.79,27.79,27.61,27.89,20.37,20.74,19.13,20.87,13.83,14.17,12.46,14.25,9.69,9.9,8.79,9.92,6.82,6.91,6.45,6.92,4.77,4.78,4.7,4.78,3.28,3.28,3.27,3.29
fragment_02088,21,30.3,30.22,30.14,31.09,24.38,24.38,24.0,27.21,16.65,16.91,16.02,20.63,11.84,12.38,11.03,14.68,8.83,9.37,8.0,10.33,6.65,6.95,6.19,7.12,4.86,4.9,4.8,4.91
fragment_02089,9,28.25,28.2,28.12,29.02,21.71,22.16,20.99,24.21,17.02,17.88,16.07,18.54,12.82,13.37,12.02,13.37,8.64,8.68,8.49,8.68,5.65,5.65,5.64,5.65,3.88,3.88,3.87,3.88
fragment_02090,21,27.77,27.75,27.74,28.52,18.89,18.72,18.72,22.71,12.82,12.44,12.44,17.65,10.16,9.84,9.84,13.39,8.36,8.24,8.03,9.7,6.46,6.46,6.23,6.66,4.57,4.57,4.55,4.58
fragment_02091,4,28.44,28.44,28.44,28.6,25.77,25.77,25.76,26.09,21.13,21.13,21.13,21.23,16.98,17.0,16.37,17.0,11.85,11.85,11.79,11.85,8.08,8.08,8.08,8.08,5.58,5.58,5.58,5.59
fragment_02092,7,28.3,28.23,28.12,28.56,24.18,23.67,23.54,24.91,18.78,18.35,18.2,20.01,15.13,14.9,14.38,16.77,11.52,11.33,10.74,12.98,8.71,8.52,8.29,9.44,6.5,6.45,6.33,6.58
fragment_02093,2,28.25,28.27,28.18,28.27,21.33,21.34,21.3,21.34,15.1,15.11,15.09,15.11,10.82,10.82,10.82,10.82,8.36,8.36,8.35,8.36,6.03,6.03,6.03,6.03,4.14,4.14,4.14,4.14
fragment_02094,2,28.11,28.11,27.68,28.11,22.78,22.78,22.37,22.78,16.33,16.33,16.13,16.33,12.24,12.24,11.98,12.24,9.7,9.7,9.53,9.7,7.45,7.45,7.42,7.45,5.33,5.33,5.33,5.33
fragment_02095,2,29.4,29.4,29.05,29.4,25.67,25.67,25.67,25.7,19.79,19.78,19.78,20.34,14.8,14.8,14.73,14.8,10.03,10.03,10.03,10.03,6.56,6.56,6.56,6.57,4.51,4.51,4.51,4.51
fragment_02096,4,29.19,29.18,29.18,29.27,21.75,21.75,21.75,22.28,15.31,15.31,15.06,15.32,11.55,11.55,11.2,11.55,8.44,8.44,8.44,8.47,5.78,5.78,5.78,5.78,3.97,3.97,3.97,3.97
fragment_02097,2,28.28,28.28,28.28,28.29,20.45,20.44,20.44,20.47,14.73,14.74,14.69,14.74,10.99,10.99,10.96,10.99,7.83,7.83,7.83,7.83,5.34,5.34,5.34,5.34,3.67,3.67,3.67,3.67
fragment_02098,3,24.1,24.11,23.49,24.12,18.27,18.28,17.72,18.28,13.64,13.64,13.55,13.64,8.17,8.17,8.16,8.17,4.95,4.95,4.95,4.95,3.22,3.22,3.22,3.22,2.21,2.21,2.21,2.21
fragment_02099,6,25.31,25.34,25.21,26.41,19.11,19.21,18.96,22.47,15.29,15.19,15.09,19.35,11.85,11.59,11.54,14.91,9.17,9.06,9.0,11.06,7.06,6.95,6.95,7.94,5.36,5.31,5.31,5.54
fragment_02100,5,30.49,30.69,30.2,30.69,25.41,25.82,25.06,25.82,19.25,19.65,18.84,19.65,13.27,13.36,12.96,13.36,8.17,8.17,8.16,8.17,5.32,5.32,5.31,5.32,3.65,3.65,3.65,3.65
fragment_02101,2,28.16,28.16,28.16,28.9,20.03,20.02,20.02,21.95,13.21,13.21,13.21,14.6,9.68,9.68,9.68,10.82,7.57,7.57,7.57,8.42,6.09,6.09,6.09,6.5,4.84,4.84,4.84,5.05
fragment_02102,14,30.78,30.68,30.52,31.98,25.54,25.59,24.49,28.57,18.48,18.72,17.27,21.03,12.28,12.45,11.9,12.59,7.61,7.61,7.6,7.63,4.96,4.95,4.95,4.97,3.4,3.4,3.4,3.41
fragment_02103,10,28.6,28.59,28.48,29.13,23.19,23.07,23.01,25.51,16.4,16.25,16.23,19.05,11.5,11.4,11.4,13.16,8.34,8.27,8.26,9.51,6.41,6.36,6.36,7.2,5.05,5.02,5.02,5.58
fragment_02104,3,26.87,26.84,26.84,27.09,23.36,23.35,23.35,23.45,18.14,18.16,17.96,18.16,13.12,13.15,12.9,13.15,9.19,9.2,9.11,9.2,6.59,6.6,6.53,6.6,4.85,4.85,4.83,4.85
fragment_02105,1,28.5,28.5,28.5,28.5,23.25,23.25,23.25,23.25,16.51,16.51,16.51,16.51,11.88,11.88,11.88,11.88,8.83,8.83,8.83,8.83,6.12,6.12,6.12,6.12,4.2,4.2,4.2,4.2
fragment_02106,10,27.93,27.95,27.91,27.98,19.37,19.38,19.35,19.4,14.08,14.09,14.05,14.1,10.84,10.84,10.82,10.88,8.39,8.4,8.38,8.6,6.44,6.44,6.38,6.51,4.53,4.53,4.53,4.53
fragment_02107,2,28.2,28.24,27.78,28.24,24.01,23.98,23.98,24.29,18.5,18.46,18.46,18.97,12.98,12.97,12.97,13.12,8.09,8.09,8.09,8.09,5.27,5.27,5.27,5.27,3.62,3.62,3.62,3.62
fragment_02108,5,25.19,25.19,25.12,26.17,19.52,19.5,19.24,21.27,16.16,16.28,15.29,18.27,12.86,13.02,12.07,14.61,9.87,9.92,9.51,10.56,6.91,6.91,6.91,6.92,4.75,4.75,4.75,4.75
fragment_02109,7,29.59,29.61,28.71,29.8,27.93,28.03,26.82,28.03,23.51,23.57,22.36,23.57,18.53,18.53,18.32,18.75,14.24,14.23,14.19,14.41,10.26,10.25,10.24,10.39,7.19,7.19,7.19,7.2
fragment_02110,1,30.18,30.18,30.18,30.18,24.64,24.64,24.64,24.64,18.87,18.87,18.87,18.87,13.61,13.61,13.61,13.61,9.58,9.58,9.58,9.58,6.85,6.85,6.85,6.85,4.93,4.93,4.93,4.93
fragment_02111,4,28.1,28.18,27.95,28.68,19.97,20.02,19.86,21.78,12.79,12.82,12.7,14.02,9.1,9.13,9.03,9.94,6.95,6.96,6.9,7.54,5.56,5.56,5.52,5.87,4.45,4.45,4.43,4.64
fragment_02112,2,27.49,27.49,27.49,27.5,18.96,18.96,18.96,18.96,12.95,12.95,12.94,12.95,10.3,10.31,10.29,10.31,8.47,8.48,8.46,8.48,6.48,6.49,6.48,6.49,4.52,4.52,4.52,4.52
fragment_02113,1,29.82,29.82,29.82,29.82,23.25,23.25,23.25,23.25,16.5,16.5,16.5,16.5,11.82,11.82,11.82,11.82,8.88,8.88,8.88,8.88,6.57,6.57,6.57,6.57,4.59,4.59,4.59,4.59
fragment_02114,3,25.93,25.97,25.6,25.97,21.12,21.18,20.73,21.18,16.0,16.03,15.83,16.03,11.87,11.89,11.72,11.89,8.54,8.54,8.48,8.54,6.28,6.28,6.23,6.28,4.77,4.78,4.75,4.78
fragment_02115,1,30.45,30.45,30.45,30.45,24.43,24.43,24.43,24.43,18.09,18.09,18.09,18.09,13.81,13.81,13.81,13.81,9.75,9.75,9.75,9.75,6.77,6.77,6.77,6.77,4.71,4.71,4.71,4.71
fragment_02116,25,27.63,27.61,27.41,27.8,23.9,23.74,23.71,26.02,16.19,16.12,15.56,19.43,11.22,11.34,10.48,12.89,7.81,7.91,7.32,8.06,5.24,5.24,5.15,5.25,3.6,3.6,3.59,3.61
fragment_02117,4,28.39,28.38,28.37,28.54,23.65,23.83,23.07,25.1,17.69,17.96,16.84,18.89,13.11,13.3,12.51,13.34,8.39,8.4,8.35,8.41,5.47,5.47,5.46,5.47,3.76,3.76,3.75,3.76
fragment_02118,6,27.75,27.74,27.71,27.79,24.24,24.32,24.18,24.32,19.04,19.15,18.93,19.15,13.44,13.39,13.38,13.5,9.27,9.22,9.22,9.32,6.85,6.78,6.78,6.92,5.31,5.3,5.28,5.34
fragment_02119,8,28.82,28.82,28.8,28.82,21.69,21.69,21.68,21.7,15.2,15.19,15.19,15.21,11.13,11.12,11.12,11.15,8.38,8.37,8.37,8.43,6.83,6.82,6.81,6.97,5.75,5.74,5.74,5.93
fragment_02120,1,27.97,27.97,27.97,27.97,21.35,21.35,21.35,21.35,15.82,15.82,15.82,15.82,11.51,11.51,11.51,11.51,8.21,8.21,8.21,8.21,5.51,5.51,5.51,5.51,3.79,3.79,3.79,3.79
fragment_02121,2,30.37,30.37,30.37,30.37,24.5,24.5,24.49,24.5,17.78,17.78,17.77,17.78,12.15,12.15,12.15,12.15,8.32,8.33,8.32,8.33,5.99,5.99,5.99,5.99,4.19,4.19,4.19,4.19
fragment_02122,8,28.18,28.19,28.17,28.8,20.03,20.03,20.02,21.86,12.83,12.84,12.8,14.07,9.13,9.15,9.11,9.95,7.05,7.14,6.95,7.59,5.8,6.01,5.56,6.15,4.84,5.07,4.57,5.14
fragment_02123,11,28.48,28.3,28.16,29.06,21.41,21.5,20.45,24.24,16.33,16.61,15.33,19.38,12.81,12.8,12.31,15.4,9.97,9.91,9.7,11.41,7.45,7.45,7.35,7.76,5.32,5.32,5.31,5.33
fragment_02124,1,28.05,28.05,28.05,28.05,21.46,21.46,21.46,21.46,16.15,16.15,16.15,16.15,11.56,11.56,11.56,11.56,8.55,8.55,8.55,8.55,6.61,6.61,6.61,6.61,5.15,5.15,5.15,5.15
fragment_02125,8,31.25,31.34,30.51,31.49,26.43,26.43,25.83,27.23,19.69,19.59,19.58,21.54,13.85,13.8,13.8,14.37,8.78,8.78,8.78,8.8,5.72,5.72,5.71,5.73,3.93,3.93,3.93,3.94
fragment_02126,7,27.78,27.79,27.77,28.23,19.08,19.12,18.88,22.33,13.85,14.12,12.93,17.7,11.84,12.24,10.48,13.94,9.76,10.17,8.37,10.78,7.5,7.77,6.56,7.97,5.67,5.8,5.18,5.89
fragment_02127,12,25.7,25.67,25.34,26.36,20.7,20.61,20.03,23.85,16.2,16.17,15.51,21.4,12.99,12.98,12.1,17.87,10.34,10.32,9.82,12.61,7.9,7.9,7.67,8.27,5.67,5.67,5.64,5.68
fragment_02128,9,30.49,30.44,30.41,31.45,25.51,25.33,25.33,28.61,19.0,18.53,18.53,21.76,12.77,12.39,12.39,13.82,8.34,8.28,8.28,8.43,5.48,5.48,5.47,5.49,3.76,3.76,3.76,3.77
fragment_02129,5,30.97,30.89,30.89,31.85,26.91,27.22,26.01,29.63,20.4,20.77,19.29,23.94,14.87,15.38,13.7,17.04,10.69,11.12,9.85,11.75,7.64,7.77,7.38,7.8,5.35,5.36,5.33,5.36
fragment_02130,4,28.08,28.06,28.06,28.11,19.84,19.82,19.82,19.85,14.44,14.43,14.43,14.44,11.13,11.12,11.12,11.13,7.43,7.43,7.43,7.43,4.83,4.83,4.83,4.83,3.32,3.32,3.32,3.32
fragment_02131,4,30.39,30.45,30.26,31.25,24.65,24.86,24.24,27.82,17.19,17.43,16.71,19.81,11.74,11.81,11.6,12.12,7.49,7.49,7.48,7.49,4.87,4.87,4.87,4.88,3.35,3.35,3.34,3.35
fragment_02132,6,28.04,27.98,27.97,28.57,19.91,19.96,19.54,20.39,13.53,13.66,12.63,14.75,9.77,9.87,8.98,10.61,7.57,7.65,6.96,7.95,5.84,5.89,5.47,6.12,4.46,4.47,4.35,4.51
fragment_02133,31,28.46,28.45,28.24,29.1,23.06,23.04,23.01,26.72,16.65,16.95,16.48,23.42,12.15,13.09,11.64,20.39,9.33,9.66,8.92,16.36,7.71,7.44,7.44,11.67,6.21,5.92,5.91,8.04
fragment_02134,4,26.34,26.34,25.7,26.34,19.58,19.58,19.5,20.01,13.06,13.06,13.06,13.76,9.81,9.81,9.81,9.97,6.96,6.95,6.95,7.05,4.6,4.6,4.6,4.61,3.16,3.16,3.16,3.17
fragment_02135,5,29.6,29.59,29.31,30.39,26.35,26.34,26.2,27.94,21.9,21.91,20.18,22.74,16.58,16.59,15.81,16.82,11.54,11.54,11.52,11.72,7.73,7.73,7.73,7.74,5.31,5.31,5.31,5.31
fragment_02136,10,28.62,28.61,28.54,29.14,23.16,23.08,23.04,25.57,16.35,16.26,16.25,19.02,11.43,11.37,11.37,13.08,8.22,8.18,8.17,9.53,6.39,6.36,6.36,7.18,5.01,4.99,4.99,5.43
fragment_02137,2,27.68,27.68,27.15,27.68,21.91,21.91,21.07,21.91,17.17,17.17,16.65,17.17,12.86,12.86,12.49,12.86,9.68,9.68,9.46,9.68,7.0,7.0,6.94,7.0,4.9,4.9,4.9,4.9
fragment_02138,8,28.51,28.52,28.38,28.53,21.94,21.95,21.92,22.04,16.81,16.84,16.6,17.1,12.69,12.71,12.56,13.07,9.71,9.72,9.66,9.92,6.93,6.93,6.93,6.94,4.79,4.79,4.78,4.79
fragment_02139,3,27.68,27.68,27.68,27.68,19.82,19.81,19.81,19.85,13.5,13.5,13.48,13.5,9.78,9.78,9.77,9.78,7.46,7.46,7.46,7.46,5.47,5.47,5.47,5.47,3.82,3.82,3.82,3.82
fragment_02140,4,30.67,30.65,30.6,31.64,25.99,25.89,25.89,29.51,19.45,19.42,19.42,23.94,13.88,13.95,13.72,17.1,10.03,10.07,9.93,11.77,7.47,7.5,7.42,7.81,5.34,5.35,5.34,5.36
fragment_02141,13,29.17,29.22,28.77,29.32,23.49,24.11,22.34,24.44,18.32,19.17,16.99,19.52,12.65,13.21,11.59,13.29,8.06,8.09,7.89,8.1,5.26,5.26,5.26,5.27,3.61,3.62,3.61,3.62
fragment_02142,1,27.15,27.15,27.15,27.15,23.72,23.72,23.72,23.72,19.56,19.56,19.56,19.56,15.33,15.33,15.33,15.33,11.27,11.27,11.27,11.27,8.18,8.18,8.18,8.18,5.71,5.71,5.71,5.71
fragment_02143,13,27.8,27.85,27.65,27.87,20.58,21.1,19.23,21.12,14.33,14.81,12.84,14.85,10.59,11.08,9.23,11.13,8.08,8.4,7.23,8.43,6.11,6.26,5.73,6.28,4.44,4.45,4.37,4.45
fragment_02144,3,33.16,33.18,33.15,33.76,30.69,30.68,30.39,30.7,21.15,21.14,20.42,21.17,12.0,12.0,12.0,12.03,7.27,7.27,7.27,7.3,4.73,4.73,4.73,4.75,3.25,3.25,3.25,3.26
fragment_02145,12,30.56,30.53,30.44,31.58,26.24,26.5,25.18,29.16,20.1,20.48,18.58,23.22,13.68,13.9,12.69,15.49,9.15,9.2,8.8,9.68,6.27,6.28,6.18,6.3,4.32,4.32,4.31,4.33
fragment_02146,1,29.89,29.89,29.89,29.89,23.17,23.17,23.17,23.17,17.53,17.53,17.53,17.53,13.89,13.89,13.89,13.89,10.45,10.45,10.45,10.45,7.36,7.36,7.36,7.36,5.06,5.06,5.06,5.06
fragment_02147,4,28.08,28.02,28.01,28.38,23.47,23.46,23.45,23.56,17.45,17.5,17.23,17.5,12.19,12.2,12.17,12.2,8.02,8.02,8.01,8.02,5.31,5.31,5.31,5.31,3.65,3.65,3.65,3.65
fragment_02148,9,29.88,29.84,29.53,30.5,23.93,24.14,23.39,24.57,17.56,18.09,16.47,18.11,13.24,13.84,12.2,13.88,9.67,9.93,9.13,10.11,6.93,7.03,6.77,7.03,4.83,4.83,4.83,4.83
fragment_02149,11,30.34,30.29,30.2,31.25,24.52,24.23,24.06,27.17,16.59,16.55,15.91,19.16,10.91,11.06,10.57,11.56,6.98,6.98,6.97,7.01,4.55,4.54,4.54,4.56,3.12,3.12,3.12,3.13
fragment_02150,1,24.21,24.21,24.21,24.21,16.1,16.1,16.1,16.1,9.41,9.41,9.41,9.41,5.15,5.15,5.15,5.15,3.12,3.12,3.12,3.12,2.03,2.03,2.03,2.03,1.4,1.4,1.4,1.4
fragment_02151,3,28.42,28.45,28.33,28.45,21.51,21.52,21.46,21.52,15.18,15.19,15.16,15.19,10.47,10.47,10.47,10.47,8.03,8.03,8.03,8.03,6.16,6.16,6.16,6.16,4.81,4.81,4.81,4.81
fragment_02152,3,25.31,25.41,25.21,25.41,22.92,23.22,22.23,23.22,18.82,19.03,18.01,19.03,13.18,13.26,12.63,13.26,8.53,8.53,8.53,8.53,5.55,5.55,5.55,5.56,3.81,3.81,3.81,3.82
fragment_02153,9,28.29,28.22,28.19,29.09,22.05,22.09,20.42,25.3,16.15,16.06,14.38,20.75,12.97,12.8,11.81,16.81,10.49,10.39,9.99,12.29,7.75,7.72,7.66,8.13,5.56,5.56,5.56,5.58
fragment_02154,1,28.82,28.82,28.82,28.82,22.32,22.32,22.32,22.32,17.16,17.16,17.16,17.16,12.85,12.85,12.85,12.85,8.63,8.63,8.63,8.63,5.62,5.62,5.62,5.62,3.86,3.86,3.86,3.86
fragment_02155,4,28.77,28.77,28.77,28.77,21.65,21.65,21.64,21.65,15.05,15.05,15.05,15.05,10.64,10.64,10.64,10.64,7.67,7.67,7.66,7.67,5.81,5.81,5.81,5.82,4.41,4.41,4.41,4.41
fragment_02156,6,32.39,32.3,32.3,33.36,27.69,27.5,27.5,30.6,19.31,19.06,19.06,22.71,13.82,13.65,13.65,15.65,9.98,9.88,9.88,11.05,7.38,7.34,7.34,7.7,5.29,5.29,5.29,5.31
fragment_02157,2,30.39,30.39,30.39,30.4,24.17,24.17,24.17,24.17,18.21,18.22,18.21,18.22,14.45,14.46,14.44,14.46,10.41,10.41,10.41,10.41,6.88,6.88,6.88,6.88,4.72,4.72,4.72,4.72
fragment_02158,1,29.45,29.45,29.45,29.45,23.5,23.5,23.5,23.5,17.48,17.48,17.48,17.48,13.58,13.58,13.58,13.58,10.26,10.26,10.26,10.26,7.93,7.93,7.93,7.93,5.98,5.98,5.98,5.98
fragment_02159,2,27.45,27.45,27.43,27.45,18.91,18.91,18.89,18.91,12.51,12.51,12.5,12.51,8.28,8.28,8.27,8.28,5.33,5.33,5.32,5.33,3.47,3.47,3.47,3.47,2.38,2.38,2.38,2.38
fragment_02160,2,31.35,31.35,30.78,31.35,26.57,26.57,25.94,26.57,20.57,20.57,20.35,20.57,14.82,14.82,14.82,14.94,9.41,9.41,9.39,9.41,6.13,6.13,6.11,6.13,4.21,4.21,4.2,4.21
fragment_02161,4,28.19,28.18,28.18,28.82,20.04,20.04,20.04,21.88,12.83,12.82,12.82,14.09,9.14,9.12,9.12,9.98,6.99,6.99,6.99,7.57,5.74,5.77,5.7,6.05,4.83,4.86,4.77,5.1
fragment_02162,5,25.37,25.33,25.23,25.71,18.49,18.43,18.43,19.0,13.5,13.42,13.42,14.37,10.39,10.35,10.29,10.81,8.21,8.24,7.85,8.24,6.17,6.17,6.02,6.21,4.5,4.5,4.46,4.51
fragment_02163,13,31.08,30.76,30.76,32.3,26.79,26.17,26.17,29.62,20.85,20.41,20.41,23.29,14.25,14.24,14.22,14.36,8.69,8.68,8.68,8.7,5.65,5.65,5.65,5.66,3.88,3.88,3.88,3.89
fragment_02164,6,25.23,25.34,25.06,26.37,19.1,18.95,18.95,22.43,15.36,15.41,15.08,19.25,11.98,12.19,11.55,14.63,9.21,9.21,8.99,10.47,6.85,6.87,6.75,7.25,4.98,4.98,4.95,5.05
fragment_02165,14,27.81,27.71,27.71,27.97,22.81,22.79,22.36,23.4,16.96,16.92,16.22,17.65,13.02,13.24,12.5,13.29,9.51,9.71,9.06,9.75,6.59,6.6,6.54,6.61,4.54,4.54,4.54,4.55
fragment_02166,9,29.32,29.4,28.41,29.41,25.17,25.12,25.11,25.66,19.42,19.34,19.33,20.39,15.02,15.0,15.0,15.46,10.74,10.77,10.67,10.94,8.12,8.17,8.06,8.28,6.41,6.43,6.38,6.48
fragment_02167,2,32.7,32.81,32.01,32.81,28.55,28.66,27.84,28.66,20.61,20.73,19.86,20.73,12.57,12.57,12.52,12.57,7.62,7.62,7.6,7.62,4.96,4.96,4.95,4.96,3.41,3.41,3.4,3.41
fragment_02168,5,31.66,31.73,30.58,32.05,27.85,27.93,27.15,28.35,22.2,22.31,21.81,23.14,14.93,14.94,14.9,15.0,9.11,9.11,9.09,9.11,5.93,5.93,5.92,5.93,4.07,4.07,4.07,4.07
fragment_02169,12,27.97,27.92,27.79,28.04,19.35,19.31,19.2,19.38,12.44,12.4,11.88,12.48,8.36,8.34,8.1,8.38,6.27,6.26,6.05,6.29,5.13,5.12,4.89,5.15,4.15,4.14,4.04,4.16
fragment_02170,51,28.27,28.08,28.08,29.49,22.31,22.58,20.98,25.7,18.1,18.58,15.79,21.12,14.35,14.89,12.22,15.73,10.34,10.57,9.13,10.89,7.09,7.12,6.91,7.13,4.89,4.89,4.88,4.9
fragment_02171,20,28.23,28.24,28.2,28.4,23.83,23.81,23.77,24.78,18.44,18.53,18.16,20.54,14.76,14.99,14.26,17.19,11.02,11.09,10.74,12.88,8.38,8.41,8.26,9.06,6.2,6.2,6.18,6.24
fragment_02172,14,28.28,28.29,28.2,28.85,21.25,21.68,20.54,22.51,14.18,14.95,13.04,15.71,9.4,9.73,8.82,9.93,6.05,6.08,5.99,6.08,3.95,3.96,3.95,3.96,2.72,2.72,2.71,2.72
fragment_02173,4,28.71,28.72,28.67,28.73,21.59,21.6,21.57,21.6,14.86,14.86,14.85,14.86,10.28,10.29,10.28,10.29,7.83,7.84,7.82,7.84,6.37,6.38,6.37,6.38,4.72,4.72,4.72,4.72
fragment_02174,4,28.09,28.01,28.01,28.51,20.05,20.12,19.62,20.13,13.52,13.62,12.88,13.64,9.05,9.07,8.93,9.08,6.42,6.42,6.42,6.45,4.45,4.45,4.45,4.45,3.06,3.06,3.06,3.06
fragment_02175,23,28.24,28.27,28.19,28.27,21.33,21.35,21.3,21.35,15.04,15.05,15.03,15.05,10.19,10.19,10.18,10.2,7.01,7.01,7.0,7.02,5.18,5.2,5.14,5.21,4.38,4.41,4.33,4.42
fragment_02176,1,30.5,30.5,30.5,30.5,24.46,24.46,24.46,24.46,18.22,18.22,18.22,18.22,14.35,14.35,14.35,14.35,10.68,10.68,10.68,10.68,7.38,7.38,7.38,7.38,5.07,5.07,5.07,5.07
fragment_02177,4,27.76,27.76,27.75,27.77,24.14,24.14,24.13,24.17,18.9,18.9,18.89,18.93,13.53,13.51,13.51,13.85,9.58,9.55,9.55,10.1,7.43,7.41,7.41,7.86,5.99,5.98,5.98,6.15
fragment_02178,14,29.38,29.35,29.3,30.04,27.28,27.15,27.14,28.12,22.8,22.72,22.39,23.59,16.43,16.49,16.12,16.67,10.22,10.21,10.21,10.23,6.65,6.65,6.65,6.66,4.57,4.57,4.57,4.57
fragment_02179,10,25.18,25.14,25.14,26.11,20.36,20.33,20.28,22.21,17.22,17.22,15.96,20.24,14.19,14.18,12.87,17.12,11.4,11.39,10.69,12.76,8.65,8.65,8.32,8.84,6.08,6.08,6.08,6.09
fragment_02180,1,29.59,29.59,29.59,29.59,24.4,24.4,24.4,24.4,18.75,18.75,18.75,18.75,14.28,14.28,14.28,14.28,11.07,11.07,11.07,11.07,8.11,8.11,8.11,8.11,5.66,5.66,5.66,5.66
fragment_02181,15,28.04,28.01,27.9,28.44,20.16,20.09,19.54,21.17,14.24,13.72,13.0,15.82,10.36,9.63,9.44,12.26,8.05,7.22,7.22,9.83,6.49,5.84,5.84,7.63,5.28,4.97,4.97,5.77
fragment_02182,3,28.02,28.04,27.98,28.04,20.37,20.39,20.33,20.39,14.91,14.9,14.9,14.93,11.37,11.36,11.36,11.39,9.23,9.22,9.22,9.24,6.98,6.98,6.98,6.98,4.93,4.93,4.93,4.93
fragment_02183,10,33.71,33.77,33.29,34.31,31.27,31.31,30.98,33.46,23.74,23.76,23.56,26.13,16.35,16.36,16.23,17.52,11.08,11.07,11.06,11.23,7.29,7.29,7.29,7.31,5.01,5.01,5.01,5.02
fragment_02184,2,28.73,28.73,28.73,28.73,21.62,21.63,21.62,21.63,15.04,15.04,15.04,15.04,10.62,10.62,10.62,10.62,7.46,7.46,7.46,7.46,5.55,5.55,5.54,5.55,4.24,4.24,4.24,4.24
fragment_02185,2,29.53,29.48,29.48,29.58,23.48,24.68,21.97,24.68,17.13,18.45,15.45,18.45,13.08,13.99,11.92,13.99,9.62,10.07,9.04,10.07,6.88,6.99,6.74,6.99,4.81,4.81,4.81,4.81
fragment_02186,1,28.2,28.2,28.2,28.2,20.97,20.97,20.97,20.97,14.78,14.78,14.78,14.78,9.95,9.95,9.95,9.95,6.27,6.27,6.27,6.27,4.08,4.08,4.08,4.08,2.8,2.8,2.8,2.8
fragment_02187,2,30.11,30.1,30.1,30.11,24.54,24.54,24.54,24.54,19.28,19.28,19.28,19.28,14.84,14.84,14.84,14.84,10.97,10.97,10.97,10.97,7.81,7.81,7.81,7.81,5.4,5.4,5.4,5.4
fragment_02188,26,30.33,30.27,30.2,31.14,24.51,24.65,24.06,27.62,17.05,17.92,16.1,20.04,11.86,12.87,10.78,13.66,8.19,8.65,7.51,8.67,5.59,5.64,5.42,5.65,3.87,3.87,3.87,3.88
fragment_02189,53,28.82,28.85,28.72,28.87,21.69,21.72,21.65,21.72,15.31,15.33,15.28,15.33,11.66,11.71,11.62,11.73,8.58,8.79,8.42,8.83,6.39,6.67,6.06,6.76,5.06,5.27,4.7,5.33
fragment_02190,2,28.55,28.55,28.51,28.55,20.45,20.45,20.44,20.45,14.94,14.95,14.88,14.95,11.66,11.67,11.63,11.67,8.93,8.94,8.91,8.94,6.67,6.67,6.66,6.67,4.97,4.97,4.96,4.97
fragment_02191,1,26.3,26.3,26.3,26.3,19.42,19.42,19.42,19.42,12.7,12.7,12.7,12.7,8.45,8.45,8.45,8.45,5.3,5.3,5.3,5.3,3.45,3.45,3.45,3.45,2.37,2.37,2.37,2.37
fragment_02192,3,27.72,27.7,27.7,27.74,24.2,24.29,24.12,24.29,19.0,19.14,18.89,19.14,13.46,13.41,13.41,13.5,9.36,9.33,9.33,9.39,7.04,7.01,7.01,7.06,5.5,5.48,5.48,5.51
fragment_02193,3,27.37,27.37,27.36,27.37,19.38,19.38,19.38,19.38,13.18,13.18,13.18,13.18,9.67,9.67,9.67,9.67,7.39,7.39,7.39,7.39,5.59,5.59,5.58,5.59,4.15,4.15,4.15,4.15
fragment_02194,42,28.28,28.23,28.02,29.4,21.79,21.42,20.38,25.42,15.95,15.18,13.37,21.22,12.6,11.35,10.74,17.86,10.19,8.93,8.92,14.68,8.23,7.38,7.37,10.24,6.56,6.16,6.15,7.04
fragment_02195,1,27.65,27.65,27.65,27.65,24.7,24.7,24.7,24.7,19.77,19.77,19.77,19.77,15.82,15.82,15.82,15.82,12.17,12.17,12.17,12.17,8.32,8.32,8.32,8.32,5.72,5.72,5.72,5.72
fragment_02196,1,29.71,29.71,29.71,29.71,24.59,24.59,24.59,24.59,18.48,18.48,18.48,18.48,13.15,13.15,13.15,13.15,9.59,9.59,9.59,9.59,6.8,6.8,6.8,6.8,4.7,4.7,4.7,4.7
fragment_02197,37,28.38,28.38,28.13,28.87,21.98,22.14,20.9,24.08,17.16,17.38,15.26,18.86,14.41,14.65,12.26,15.51,10.94,11.08,9.13,11.22,7.38,7.39,6.74,7.41,5.08,5.08,5.02,5.09
fragment_02198,3,28.68,28.71,28.61,28.71,21.57,21.59,21.54,21.59,14.93,14.93,14.92,14.94,10.57,10.56,10.56,10.59,7.07,7.06,7.06,7.07,4.61,4.61,4.61,4.61,3.17,3.17,3.17,3.17
fragment_02199,1,32.19,32.19,32.19,32.19,27.99,27.99,27.99,27.99,17.06,17.06,17.06,17.06,9.35,9.35,9.35,9.35,5.67,5.67,5.67,5.67,3.69,3.69,3.69,3.69,2.53,2.53,2.53,2.53
fragment_02200,1,29.91,29.91,29.91,29.91,23.42,23.42,23.42,23.42,16.78,16.78,16.78,16.78,11.47,11.47,11.47,11.47,7.09,7.09,7.09,7.09,4.62,4.62,4.62,4.62,3.17,3.17,3.17,3.17
fragment_02201,10,23.52,23.54,23.48,23.57,15.33,15.57,14.91,18.35,12.02,12.45,11.3,15.96,10.15,10.38,9.76,13.6,8.21,8.35,7.99,9.57,6.09,6.17,5.98,6.23,4.27,4.26,4.26,4.28
fragment_02202,5,29.29,29.36,28.89,29.36,27.02,27.16,26.32,27.16,21.86,21.88,21.17,22.22,16.13,16.11,15.82,16.42,11.07,11.07,10.97,11.12,7.32,7.32,7.32,7.32,5.03,5.03,5.03,5.03
fragment_02203,7,29.29,29.36,28.59,29.55,26.04,26.89,25.25,26.89,20.53,21.48,19.4,21.48,15.41,15.71,15.04,15.71,10.65,10.73,10.53,10.73,7.28,7.3,7.25,7.3,5.03,5.03,5.02,5.03
fragment_02204,4,28.19,28.19,28.18,28.85,20.04,20.04,20.04,21.9,12.83,12.82,12.82,14.1,9.13,9.12,9.12,9.99,6.96,6.96,6.96,7.57,5.61,5.57,5.57,5.95,4.58,4.48,4.48,4.91
fragment_02205,1,29.8,29.8,29.8,29.8,23.2,23.2,23.2,23.2,16.56,16.56,16.56,16.56,11.97,11.97,11.97,11.97,8.86,8.86,8.86,8.86,6.71,6.71,6.71,6.71,5.16,5.16,5.16,5.16
fragment_02206,4,30.4,30.35,30.35,30.9,24.39,24.12,24.12,25.75,15.81,15.56,15.56,16.75,9.34,9.33,9.33,9.36,5.67,5.67,5.67,5.67,3.69,3.69,3.69,3.69,2.53,2.53,2.53,2.54
fragment_02207,2,28.65,28.66,28.63,28.66,23.92,23.92,23.92,23.93,19.85,19.84,19.84,19.86,14.86,14.86,14.86,14.87,9.61,9.61,9.61,9.61,6.26,6.26,6.26,6.26,4.3,4.3,4.3,4.3
fragment_02208,2,28.85,28.85,28.21,28.85,22.74,22.74,22.25,22.74,16.79,16.79,16.46,16.79,12.47,12.47,12.15,12.47,9.38,9.38,9.2,9.38,6.57,6.57,6.54,6.57,4.52,4.52,4.52,4.52
fragment_02209,3,31.06,31.14,30.97,31.14,25.54,25.97,25.15,25.97,15.81,16.15,15.49,16.15,8.87,8.87,8.86,8.87,5.37,5.38,5.37,5.38,3.5,3.5,3.5,3.5,2.4,2.4,2.4,2.4
fragment_02210,28,27.77,27.71,27.71,28.7,18.91,18.7,18.69,22.58,12.62,11.97,11.97,17.39,9.36,8.46,8.46,12.68,6.95,6.12,6.12,8.02,5.0,4.54,4.54,5.23,3.55,3.45,3.45,3.59
fragment_02211,4,29.61,29.69,29.48,29.7,22.4,22.65,21.95,22.68,15.14,15.38,14.72,15.39,10.54,10.73,10.21,10.74,7.93,8.07,7.7,8.08,6.19,6.32,6.03,6.32,4.96,5.05,4.83,5.05
fragment_02212,6,29.21,29.22,28.74,29.38,23.09,23.1,22.58,24.08,18.51,18.53,17.36,19.29,12.73,12.74,11.91,12.87,7.78,7.78,7.76,7.81,5.06,5.06,5.06,5.08,3.48,3.48,3.48,3.49
fragment_02213,4,28.75,28.75,28.74,28.76,21.64,21.64,21.64,21.64,15.05,15.05,15.05,15.05,10.62,10.62,10.62,10.62,7.27,7.27,7.27,7.27,5.23,5.23,5.23,5.23,3.98,3.97,3.97,3.98
fragment_02214,9,28.32,28.34,28.24,28.7,22.96,22.95,22.92,25.39,16.9,16.73,16.73,20.64,13.04,12.65,12.65,16.62,9.71,9.32,9.32,11.8,7.33,7.13,7.13,7.92,5.38,5.35,5.35,5.44
fragment_02215,9,31.42,31.8,30.84,31.93,26.42,26.74,25.76,27.94,20.25,20.43,19.54,20.99,14.73,14.76,14.36,15.08,9.84,9.86,9.79,9.86,6.42,6.43,6.41,6.43,4.41,4.42,4.41,4.42
fragment_02216,7,28.18,28.17,28.16,29.0,20.1,20.02,20.02,22.01,13.39,12.88,12.88,14.95,9.89,9.27,9.27,11.19,7.81,7.37,7.37,8.76,6.29,6.17,6.17,6.72,5.03,5.01,4.96,5.21
fragment_02217,6,30.15,30.15,30.15,30.69,24.17,24.16,24.16,26.7,17.2,17.19,17.19,20.07,12.5,12.49,12.49,13.22,8.14,8.14,8.14,8.16,5.3,5.3,5.3,5.31,3.64,3.64,3.64,3.65
fragment_02218,6,27.87,27.86,27.84,27.93,24.27,24.26,24.26,24.31,19.36,19.41,19.16,19.41,14.66,14.76,14.36,14.76,10.62,10.71,10.34,10.71,7.86,7.91,7.72,7.91,6.06,6.08,6.0,6.08
fragment_02219,2,29.73,29.72,29.72,29.74,23.2,23.2,23.2,23.2,16.84,16.84,16.83,16.84,12.92,12.91,12.91,12.92,9.79,9.78,9.78,9.79,7.07,7.07,7.07,7.08,4.91,4.91,4.91,4.91
fragment_02220,1,30.48,30.48,30.48,30.48,23.42,23.42,23.42,23.42,13.14,13.14,13.14,13.14,7.2,7.2,7.2,7.2,4.36,4.36,4.36,4.36,2.84,2.84,2.84,2.84,1.95,1.95,1.95,1.95
fragment_02221,2,28.64,28.65,28.53,28.65,21.49,21.49,21.43,21.49,14.76,14.76,14.72,14.76,10.11,10.11,10.1,10.11,6.75,6.75,6.75,6.75,4.49,4.49,4.49,4.49,3.09,3.09,3.09,3.09
fragment_02222,10,28.2,28.18,28.17,28.67,20.92,20.06,20.05,25.26,15.27,14.16,14.15,21.26,12.99,12.24,12.23,17.75,10.89,10.59,10.59,13.07,8.19,8.13,8.13,8.64,5.91,5.9,5.9,5.94
fragment_02223,47,30.31,30.25,30.15,31.13,24.47,25.1,24.01,27.55,17.01,19.05,15.96,19.83,11.89,14.19,10.72,14.19,8.4,9.65,7.49,9.65,5.99,6.28,5.56,6.3,4.29,4.32,4.19,4.33
fragment_02224,4,28.68,28.71,28.63,28.71,21.57,21.59,21.54,21.59,15.08,15.08,15.07,15.1,11.11,11.09,11.09,11.13,7.71,7.7,7.7,7.72,5.19,5.19,5.19,5.19,3.57,3.57,3.57,3.57
fragment_02225,4,26.73,26.74,26.25,26.74,22.52,22.53,21.99,22.53,16.96,16.93,16.68,17.01,13.26,13.18,13.01,13.42,10.19,10.1,10.06,10.36,7.03,7.02,7.02,7.03,4.83,4.83,4.83,4.83
fragment_02226,10,28.9,28.64,28.15,29.4,24.2,23.66,22.96,27.07,19.6,19.0,18.0,23.52,15.3,14.67,14.12,20.08,11.32,10.85,10.33,14.16,8.39,8.18,7.79,9.37,6.23,6.15,5.98,6.44
fragment_02227,2,27.56,27.58,27.5,27.58,18.91,18.92,18.88,18.92,13.31,13.31,13.31,13.32,10.68,10.68,10.68,10.69,8.67,8.67,8.67,8.67,6.66,6.66,6.66,6.66,4.77,4.77,4.77,4.77
fragment_02228,10,29.59,29.61,29.22,29.9,27.72,28.03,25.05,28.03,23.3,23.66,20.11,24.11,17.47,17.66,15.49,18.4,11.98,12.0,11.27,12.18,7.96,7.96,7.88,7.97,5.47,5.47,5.47,5.47
fragment_02229,3,29.82,29.82,29.7,30.07,22.91,22.85,22.85,24.22,14.36,14.32,14.32,15.4,8.69,8.69,8.69,8.75,5.28,5.28,5.28,5.3,3.44,3.44,3.44,3.45,2.36,2.36,2.36,2.37
fragment_02230,8,30.4,30.14,30.14,31.11,24.84,24.17,24.17,26.91,17.15,16.39,16.39,19.31,11.32,11.07,11.01,12.02,7.27,7.25,7.23,7.32,4.75,4.75,4.75,4.76,3.26,3.26,3.26,3.27
fragment_02231,9,28.81,28.82,28.8,28.82,21.69,21.69,21.68,21.7,15.2,15.19,15.19,15.21,11.13,11.12,11.11,11.15,8.42,8.4,8.39,8.49,7.12,7.11,7.08,7.17,6.15,6.15,6.12,6.23
fragment_02232,2,27.14,27.16,27.07,27.16,24.16,24.19,24.04,24.19,18.8,18.84,18.66,18.84,13.75,13.83,13.47,13.83,10.21,10.26,10.04,10.26,7.52,7.53,7.46,7.53,5.44,5.44,5.43,5.44
fragment_02233,4,28.74,28.76,28.68,28.78,21.65,21.66,21.62,21.67,15.17,15.17,15.16,15.19,11.09,11.08,11.08,11.11,8.37,8.36,8.36,8.38,6.82,6.81,6.81,6.83,5.52,5.52,5.52,5.52
fragment_02234,1,32.38,32.38,32.38,32.38,28.53,28.53,28.53,28.53,18.99,18.99,18.99,18.99,11.04,11.04,11.04,11.04,6.69,6.69,6.69,6.69,4.36,4.36,4.36,4.36,2.99,2.99,2.99,2.99
fragment_02235,4,28.39,28.39,28.39,28.57,23.65,23.82,23.07,25.14,17.69,17.95,16.84,18.92,13.11,13.3,12.51,13.33,8.39,8.4,8.35,8.41,5.47,5.47,5.46,5.47,3.76,3.76,3.75,3.76
fragment_02236,12,27.78,27.71,27.71,27.89,20.53,20.51,19.75,22.72,14.28,14.28,14.05,17.88,10.89,10.94,10.62,14.1,8.85,8.91,8.64,10.42,7.06,7.1,6.94,7.67,5.41,5.42,5.39,5.51
fragment_02237,9,28.03,27.98,27.97,28.5,20.39,20.65,19.55,20.65,14.91,15.25,12.66,15.25,10.76,11.02,8.53,11.02,8.36,8.51,6.49,8.51,6.81,6.92,5.53,6.92,5.44,5.48,4.73,5.48
fragment_02238,2,27.71,27.72,27.66,27.72,20.36,20.37,20.36,20.37,13.96,13.96,13.94,13.96,10.19,10.2,10.19,10.2,7.88,7.88,7.87,7.88,5.93,5.93,5.93,5.93,4.5,4.5,4.5,4.5
fragment_02239,6,25.3,25.28,25.11,25.99,20.24,20.23,19.96,21.51,16.78,16.82,15.8,18.93,13.4,13.44,12.44,15.65,10.45,10.47,10.01,11.61,7.65,7.65,7.51,8.0,5.51,5.51,5.47,5.55
fragment_02240,2,27.87,27.88,27.86,27.88,26.02,26.03,26.02,26.03,19.56,19.56,19.55,19.56,13.67,13.67,13.67,13.67,9.76,9.76,9.76,9.76,7.08,7.08,7.07,7.08,5.32,5.32,5.32,5.32
fragment_02241,1,27.92,27.92,27.92,27.92,20.79,20.79,20.79,20.79,15.17,15.17,15.17,15.17,11.2,11.2,11.2,11.2,7.92,7.92,7.92,7.92,5.29,5.29,5.29,5.29,3.64,3.64,3.64,3.64
fragment_02242,3,27.97,27.99,27.93,27.99,20.33,20.35,20.3,20.35,14.88,14.88,14.88,14.89,11.21,11.2,11.2,11.22,8.94,8.93,8.93,8.94,7.15,7.15,7.15,7.16,5.6,5.59,5.59,5.6
fragment_02243,14,30.7,30.7,30.4,31.53,25.64,25.27,25.27,28.96,19.84,19.34,19.34,24.33,14.52,14.27,14.02,17.68,10.78,10.57,10.35,12.72,8.21,8.07,7.9,9.1,6.17,6.13,6.06,6.36
fragment_02244,3,29.97,29.92,29.92,30.77,24.09,24.08,24.08,25.35,15.89,15.91,15.88,16.6,9.4,9.41,9.4,9.42,5.7,5.7,5.69,5.71,3.71,3.71,3.71,3.71,2.55,2.55,2.55,2.55
fragment_02245,1,30.31,30.31,30.31,30.31,24.44,24.44,24.44,24.44,17.75,17.75,17.75,17.75,12.13,12.13,12.13,12.13,8.21,8.21,8.21,8.21,5.79,5.79,5.79,5.79,4.01,4.01,4.01,4.01
fragment_02246,5,27.84,27.83,27.83,27.97,19.88,19.88,19.39,19.9,14.3,14.3,13.27,14.31,10.63,10.63,10.1,10.63,7.03,7.03,7.02,7.03,4.58,4.58,4.58,4.58,3.14,3.14,3.14,3.15
fragment_02247,13,28.83,28.86,28.74,28.87,21.7,21.71,21.65,21.72,15.24,15.27,15.22,15.27,11.29,11.32,11.27,11.32,8.0,8.05,7.96,8.06,5.94,5.98,5.88,6.0,4.74,4.75,4.72,4.76
fragment_02248,7,29.48,29.73,28.53,29.9,24.62,25.06,22.92,25.79,19.32,19.82,16.74,20.02,15.1,15.6,13.06,15.6,11.31,11.58,10.26,11.66,7.93,7.99,7.67,7.99,5.5,5.5,5.49,5.5
fragment_02249,25,28.19,28.13,28.11,29.15,20.42,20.19,20.19,23.85,14.68,14.13,14.13,17.85,10.35,9.64,9.64,12.17,7.37,6.9,6.9,8.08,5.2,5.07,5.07,5.28,3.62,3.62,3.61,3.63
fragment_02250,1,29.39,29.39,29.39,29.39,23.02,23.02,23.02,23.02,17.16,17.16,17.16,17.16,13.12,13.12,13.12,13.12,8.91,8.91,8.91,8.91,5.84,5.84,5.84,5.84,4.01,4.01,4.01,4.01
fragment_02251,1,30.84,30.84,30.84,30.84,28.44,28.44,28.44,28.44,24.96,24.96,24.96,24.96,19.58,19.58,19.58,19.58,13.66,13.66,13.66,13.66,8.96,8.96,8.96,8.96,6.15,6.15,6.15,6.15
fragment_02252,4,30.3,30.28,30.28,31.07,24.23,24.14,24.14,26.98,16.83,16.72,16.72,20.29,12.09,12.03,12.03,13.76,8.55,8.53,8.53,9.16,5.99,5.99,5.99,6.04,4.15,4.15,4.15,4.15
fragment_02253,7,31.22,31.33,30.66,31.51,26.45,26.42,25.82,27.2,19.74,19.59,19.58,21.05,13.86,13.8,13.8,14.32,8.78,8.78,8.78,8.8,5.72,5.72,5.71,5.73,3.93,3.93,3.93,3.94
fragment_02254,2,25.21,25.21,25.19,25.21,19.05,19.05,19.05,19.08,13.16,13.17,13.15,13.17,9.06,9.06,9.06,9.07,6.2,6.2,6.2,6.21,4.34,4.34,4.34,4.34,2.98,2.98,2.98,2.98
fragment_02255,67,29.57,29.63,28.79,30.1,25.77,25.65,24.58,27.7,22.42,22.24,20.41,25.0,18.33,18.27,17.06,19.87,12.77,12.79,12.45,12.88,8.38,8.38,8.37,8.39,5.75,5.75,5.75,5.76
fragment_02256,23,27.8,27.75,27.75,28.65,19.14,18.93,18.93,22.91,13.29,12.68,12.68,17.54,10.15,9.41,9.41,12.2,7.42,6.88,6.88,8.09,5.2,5.06,5.06,5.27,3.62,3.61,3.61,3.63
fragment_02257,2,29.22,29.23,29.16,29.23,23.6,23.64,23.44,23.64,17.67,17.7,17.53,17.7,12.8,12.81,12.74,12.81,9.4,9.42,9.31,9.42,6.27,6.27,6.27,6.27,4.31,4.31,4.31,4.31
fragment_02258,13,27.83,27.83,27.68,27.92,20.42,20.3,19.17,20.9,14.26,14.3,12.64,14.45,10.56,10.45,8.96,10.94,8.09,7.8,7.05,8.65,6.39,6.1,5.88,6.9,5.09,4.9,4.74,5.42
fragment_02259,3,27.5,27.5,27.49,27.5,18.96,18.97,18.96,18.97,12.8,12.8,12.8,12.8,9.69,9.69,9.69,9.69,7.47,7.47,7.47,7.47,5.46,5.46,5.46,5.46,3.81,3.81,3.81,3.81
fragment_02260,39,28.33,28.23,27.98,29.06,21.97,21.69,20.62,24.94,16.32,16.21,14.12,19.0,12.86,12.9,10.65,14.4,9.52,9.69,7.96,10.1,6.5,6.56,5.92,6.58,4.5,4.51,4.43,4.52
fragment_02261,1,30.19,30.19,30.19,30.19,24.36,24.36,24.36,24.36,18.31,18.31,18.31,18.31,13.0,13.0,13.0,13.0,9.47,9.47,9.47,9.47,7.05,7.05,7.05,7.05,5.07,5.07,5.07,5.07
fragment_02262,5,28.46,28.32,28.06,29.27,22.28,22.13,22.0,23.82,15.83,15.81,15.52,16.86,9.97,9.97,9.88,9.99,6.04,6.04,6.04,6.05,3.93,3.93,3.93,3.94,2.7,2.7,2.7,2.71
fragment_02263,9,28.61,28.59,28.48,29.17,23.22,23.07,23.01,25.54,16.42,16.25,16.24,19.05,11.51,11.39,11.39,13.15,8.34,8.26,8.26,9.51,6.41,6.35,6.35,7.19,5.05,5.01,5.01,5.58
fragment_02264,3,28.13,28.14,26.87,28.14,23.89,23.89,22.97,24.25,17.86,17.86,17.38,18.83,13.65,13.65,13.19,13.75,10.12,10.12,9.88,10.12,7.02,7.02,7.01,7.02,4.82,4.82,4.82,4.82
fragment_02265,9,28.01,28.03,27.96,28.05,20.37,20.38,20.33,20.4,14.99,14.99,14.92,15.0,11.44,11.45,11.24,11.46,9.17,9.17,9.17,9.29,7.42,7.42,7.41,7.53,5.91,5.91,5.9,5.93
fragment_02266,10,28.46,28.38,28.05,29.37,21.76,21.46,20.68,24.16,17.0,16.77,15.42,19.25,12.27,12.18,11.07,12.71,7.72,7.72,7.57,7.74,5.03,5.03,5.03,5.04,3.46,3.45,3.45,3.46
fragment_02267,6,29.04,28.98,28.6,29.1,22.94,22.78,22.61,23.27,17.56,17.36,17.26,17.93,11.44,11.43,11.41,11.53,6.98,6.98,6.98,6.98,4.54,4.55,4.54,4.55,3.12,3.12,3.12,3.12
fragment_02268,7,28.09,28.44,27.81,28.46,20.11,21.52,18.91,21.56,14.04,15.76,12.54,15.79,9.63,10.21,9.02,10.21,6.19,6.21,6.13,6.21,4.04,4.04,4.03,4.04,2.77,2.78,2.77,2.78
fragment_02269,8,30.57,30.57,30.34,31.44,25.56,25.52,25.52,27.74,18.76,18.73,18.73,20.51,11.98,11.98,11.97,12.07,7.3,7.3,7.3,7.31,4.75,4.75,4.75,4.76,3.26,3.26,3.26,3.27
fragment_02270,1,30.47,30.47,30.47,30.47,24.21,24.21,24.21,24.21,17.67,17.67,17.67,17.67,13.37,13.37,13.37,13.37,9.87,9.87,9.87,9.87,6.61,6.61,6.61,6.61,4.54,4.54,4.54,4.54
fragment_02271,13,28.17,28.2,27.73,28.4,21.21,21.08,20.87,22.61,16.44,16.33,15.92,18.04,11.43,11.41,10.98,12.01,7.3,7.3,7.25,7.31,4.75,4.75,4.75,4.76,3.26,3.26,3.26,3.27
fragment_02272,10,31.52,31.33,31.24,32.0,27.84,26.97,26.97,30.05,22.17,21.59,21.59,24.25,14.83,14.85,14.81,14.96,9.03,9.03,9.03,9.06,5.88,5.88,5.88,5.9,4.04,4.04,4.04,4.05
fragment_02273,3,30.3,30.3,30.28,30.31,24.49,24.49,24.47,24.5,18.44,18.44,18.43,18.44,13.36,13.38,13.15,13.38,10.06,10.1,9.65,10.1,7.86,7.91,7.31,7.91,5.96,5.99,5.62,5.99
fragment_02274,2,28.16,28.16,28.16,28.78,20.03,20.03,20.03,21.86,12.83,12.83,12.83,14.07,9.13,9.13,9.13,9.96,6.96,6.96,6.96,7.55,5.57,5.57,5.57,5.88,4.45,4.45,4.45,4.64
fragment_02275,3,29.97,29.91,29.91,30.77,24.08,24.07,24.07,25.36,15.88,15.9,15.86,16.6,9.4,9.41,9.4,9.42,5.7,5.7,5.69,5.71,3.71,3.71,3.71,3.71,2.55,2.55,2.55,2.55
fragment_02276,6,29.96,29.97,29.72,30.26,23.21,23.06,23.01,25.1,15.31,15.05,15.05,17.76,10.28,10.17,10.17,11.06,6.69,6.68,6.68,6.73,4.36,4.36,4.36,4.38,3.0,3.0,3.0,3.01
fragment_02277,8,25.55,25.48,25.31,25.9,20.66,20.42,19.63,21.44,18.63,18.38,16.49,19.22,15.84,15.6,13.59,16.44,12.43,12.26,10.94,12.88,9.25,9.15,8.39,9.51,7.01,6.96,6.49,7.15
fragment_02278,2,27.97,27.97,27.57,27.97,22.69,22.69,22.3,22.69,16.14,16.14,16.09,16.14,11.54,11.54,11.45,11.54,8.6,8.6,8.56,8.6,6.52,6.52,6.49,6.52,4.83,4.83,4.82,4.83
fragment_02279,9,29.89,29.86,29.54,30.5,23.92,24.12,23.4,24.55,17.55,18.05,16.45,18.11,13.23,13.81,12.19,13.87,9.66,9.92,9.13,10.11,6.93,7.03,6.77,7.03,4.83,4.83,4.83,4.83
fragment_02280,23,30.68,30.55,30.46,31.73,25.69,25.51,24.53,29.09,19.26,19.39,17.91,21.86,13.72,13.96,13.27,14.63,9.33,9.4,9.26,9.43,6.12,6.12,6.11,6.13,4.21,4.21,4.2,4.21
fragment_02281,2,29.32,29.32,29.32,29.32,23.93,23.93,23.92,23.93,19.34,19.34,19.34,19.34,13.85,13.85,13.85,13.85,9.21,9.21,9.21,9.21,6.1,6.1,6.1,6.1,4.19,4.19,4.19,4.19
fragment_02282,6,27.52,27.53,27.51,27.6,20.2,20.2,20.19,20.25,14.11,14.11,13.96,14.11,10.12,10.12,9.79,10.13,7.07,7.07,6.77,7.08,4.67,4.67,4.66,4.67,3.21,3.21,3.2,3.21
fragment_02283,11,28.01,28.02,27.97,28.03,20.35,20.36,20.32,20.37,14.38,14.38,14.37,14.38,10.08,10.08,10.01,10.09,7.79,7.78,7.7,7.88,6.11,6.11,6.04,6.13,4.26,4.26,4.26,4.26
fragment_02284,11,28.69,28.64,28.22,29.78,23.38,22.89,22.65,25.79,17.86,17.53,16.65,19.45,13.06,13.0,12.03,13.8,8.65,8.67,8.52,8.68,5.64,5.64,5.64,5.65,3.88,3.88,3.87,3.88
fragment_02285,5,30.98,30.97,30.5,31.21,27.16,27.17,26.23,27.17,22.13,22.17,21.17,22.17,16.84,16.86,16.46,16.86,11.49,11.49,11.44,11.54,7.54,7.54,7.53,7.54,5.18,5.18,5.18,5.18
fragment_02286,12,27.96,27.93,27.81,28.02,19.34,19.31,19.21,19.39,12.44,12.4,11.87,12.5,8.37,8.34,8.16,8.41,6.37,6.34,6.14,6.4,5.14,5.12,4.96,5.18,4.32,4.28,4.1,4.38
fragment_02287,1,30.93,30.93,30.93,30.93,26.02,26.02,26.02,26.02,19.63,19.63,19.63,19.63,13.8,13.8,13.8,13.8,8.79,8.79,8.79,8.79,5.72,5.72,5.72,5.72,3.93,3.93,3.93,3.93
fragment_02288,8,29.17,29.19,29.04,29.19,22.35,22.29,22.27,22.75,15.65,15.55,15.55,16.41,11.82,11.82,11.7,12.23,8.72,8.71,8.71,8.9,5.96,5.96,5.96,5.97,4.1,4.1,4.1,4.1
fragment_02289,47,28.23,28.23,28.02,28.53,21.5,21.48,20.62,22.58,15.21,14.96,14.2,17.8,11.73,11.42,10.66,14.56,9.19,9.42,7.96,11.17,7.01,7.28,6.23,7.6,5.16,5.22,4.98,5.23
fragment_02290,1,28.53,28.53,28.53,28.53,21.41,21.41,21.41,21.41,14.59,14.59,14.59,14.59,9.72,9.72,9.72,9.72,6.63,6.63,6.63,6.63,4.52,4.52,4.52,4.52,3.1,3.1,3.1,3.1
fragment_02291,3,28.46,28.46,28.41,28.63,23.07,23.07,23.07,25.12,16.86,16.85,16.85,18.96,12.76,12.76,12.76,13.89,9.42,9.42,9.42,10.11,7.03,7.03,7.03,7.29,5.06,5.06,5.06,5.07
fragment_02292,6,27.96,27.92,27.8,28.02,19.36,19.34,19.21,19.39,12.45,12.45,11.88,12.49,8.38,8.37,8.17,8.4,6.37,6.37,6.15,6.39,5.13,5.13,4.96,5.15,4.17,4.17,4.08,4.18
fragment_02293,2,27.72,27.73,27.71,27.73,26.38,26.39,26.36,26.39,20.53,20.55,20.51,20.55,15.2,15.21,15.18,15.21,10.83,10.84,10.82,10.84,7.45,7.45,7.44,7.45,5.17,5.17,5.17,5.17
fragment_02294,2,27.53,27.53,27.5,27.53,23.24,23.24,23.22,23.24,17.21,17.21,17.21,17.21,12.0,12.01,12.0,12.01,8.48,8.48,8.43,8.48,6.47,6.48,6.41,6.48,5.13,5.13,5.07,5.13
fragment_02295,8,27.88,27.84,27.84,28.18,19.25,18.99,18.99,23.2,13.88,13.45,13.45,18.64,11.74,11.49,11.49,14.35,9.43,9.26,9.26,10.76,7.19,7.15,7.15,7.53,5.17,5.16,5.16,5.17
fragment_02296,5,25.15,24.95,24.95,26.49,18.93,18.8,18.8,22.36,15.06,15.12,14.9,19.1,11.57,11.79,11.2,14.31,8.7,8.87,8.43,10.05,6.48,6.54,6.4,6.67,4.58,4.58,4.58,4.58
fragment_02297,6,28.76,28.78,28.73,28.8,21.66,21.67,21.64,21.67,15.18,15.18,15.17,15.2,11.23,11.22,11.22,11.25,8.61,8.6,8.54,8.62,6.99,6.99,6.99,7.01,5.75,5.74,5.74,5.85
fragment_02298,4,28.87,28.87,28.79,28.87,24.55,24.56,24.36,24.56,19.13,19.14,18.68,19.14,15.1,15.11,14.78,15.11,11.68,11.69,11.52,11.69,8.29,8.3,8.27,8.3,5.75,5.75,5.75,5.75
fragment_02299,2,28.37,28.41,28.31,28.41,20.53,20.55,20.48,20.55,14.78,14.77,14.77,14.8,11.19,11.18,11.18,11.21,8.36,8.35,8.35,8.37,6.4,6.39,6.39,6.41,4.71,4.71,4.71,4.71
fragment_02300,1,30.14,30.14,30.14,30.14,23.66,23.66,23.66,23.66,17.8,17.8,17.8,17.8,13.86,13.86,13.86,13.86,10.35,10.35,10.35,10.35,7.45,7.45,7.45,7.45,5.21,5.21,5.21,5.21
fragment_02301,1,30.19,30.19,30.19,30.19,23.77,23.77,23.77,23.77,18.26,18.26,18.26,18.26,14.11,14.11,14.11,14.11,10.91,10.91,10.91,10.91,7.89,7.89,7.89,7.89,5.46,5.46,5.46,5.46
fragment_02302,1,30.35,30.35,30.35,30.35,24.47,24.47,24.47,24.47,17.76,17.76,17.76,17.76,12.15,12.15,12.15,12.15,8.2,8.2,8.2,8.2,5.77,5.77,5.77,5.77,4.14,4.14,4.14,4.14
fragment_02303,6,25.79,25.59,24.84,26.14,20.67,19.3,19.3,22.64,15.91,14.03,13.87,19.19,12.55,11.16,10.97,15.16,9.61,8.82,8.62,11.13,7.35,6.99,6.82,8.05,5.46,5.37,5.31,5.61
fragment_02304,14,29.1,29.03,28.69,29.33,23.61,23.93,22.8,24.67,18.57,19.05,17.5,19.76,12.91,13.45,11.93,13.59,8.27,8.3,8.1,8.32,5.4,5.41,5.4,5.41,3.71,3.71,3.71,3.72
fragment_02305,26,28.17,28.07,27.98,29.08,20.48,20.2,20.2,23.32,14.9,14.45,14.23,18.06,10.81,10.39,10.07,13.12,8.14,7.9,7.71,9.34,5.99,5.93,5.92,6.13,4.2,4.2,4.2,4.21
fragment_02306,3,29.04,29.07,28.28,30.23,26.93,26.99,26.19,26.99,22.53,22.62,20.71,22.62,16.87,16.91,16.08,16.91,11.53,11.53,11.47,11.53,7.57,7.57,7.57,7.57,5.2,5.2,5.2,5.2
fragment_02307,3,27.97,27.98,27.94,27.98,19.41,19.41,19.38,19.41,14.28,14.28,14.26,14.28,11.42,11.42,11.42,11.42,9.04,9.04,9.04,9.05,7.0,7.0,7.0,7.0,5.65,5.65,5.64,5.65
fragment_02308,2,30.36,30.32,30.32,30.59,24.57,24.44,24.44,25.3,18.3,18.12,18.12,19.27,13.23,13.22,13.22,13.33,8.71,8.71,8.71,8.71,5.78,5.78,5.78,5.79,3.97,3.97,3.97,3.98
fragment_02309,8,28.25,28.23,28.11,29.64,21.5,21.23,21.23,24.7,17.31,16.98,16.22,21.39,14.2,13.9,12.51,16.98,10.9,10.74,10.09,11.93,7.91,7.88,7.68,8.1,5.56,5.56,5.54,5.57
fragment_02310,2,29.58,29.65,29.47,29.65,22.31,22.57,21.93,22.57,15.05,15.29,14.69,15.29,10.47,10.66,10.18,10.66,7.88,8.02,7.68,8.02,6.11,6.21,5.97,6.21,4.82,4.87,4.75,4.87
fragment_02311,9,29.67,29.65,29.5,30.24,22.8,22.58,22.58,25.56,15.14,14.77,14.77,19.01,11.4,11.14,11.14,13.88,9.0,8.87,8.87,10.09,6.8,6.77,6.77,6.97,4.78,4.78,4.78,4.79
fragment_02312,2,29.59,29.44,29.44,29.97,22.49,22.57,22.31,22.57,14.23,14.38,13.87,14.38,8.2,8.2,8.2,8.21,4.97,4.97,4.97,4.98,3.23,3.23,3.23,3.24,2.22,2.22,2.22,2.23
fragment_02313,11,30.4,30.28,30.28,31.34,25.53,25.32,25.32,28.26,19.15,19.03,18.69,22.29,12.86,12.88,12.66,13.76,8.3,8.32,8.25,8.36,5.42,5.42,5.41,5.44,3.72,3.73,3.72,3.74
fragment_02314,4,28.16,28.15,28.15,28.81,20.02,20.01,20.01,21.87,12.81,12.8,12.8,14.07,9.11,9.11,9.11,9.94,6.93,6.93,6.93,7.54,5.5,5.48,5.48,5.82,4.35,4.33,4.33,4.51
fragment_02315,5,28.45,28.26,28.07,28.76,22.77,21.5,20.62,24.67,17.3,15.44,14.98,19.66,13.44,12.07,11.81,15.16,10.55,9.75,9.36,11.66,8.32,7.75,7.58,9.05,6.44,6.2,6.14,6.75
fragment_02316,1,29.27,29.27,29.27,29.27,23.49,23.49,23.49,23.49,17.69,17.69,17.69,17.69,13.1,13.1,13.1,13.1,8.77,8.77,8.77,8.77,5.73,5.73,5.73,5.73,3.94,3.94,3.94,3.94
fragment_02317,2,27.64,27.66,27.6,27.66,19.17,19.18,19.14,19.18,13.37,13.37,13.34,13.37,9.59,9.6,9.58,9.6,6.3,6.3,6.3,6.3,4.11,4.11,4.11,4.11,2.82,2.82,2.82,2.82
fragment_02318,2,28.34,28.33,28.33,28.37,20.49,20.48,20.48,20.52,14.38,14.38,14.38,14.39,10.42,10.42,10.42,10.44,6.9,6.9,6.9,6.9,4.52,4.52,4.52,4.52,3.1,3.1,3.1,3.1
fragment_02319,1,26.29,26.29,26.29,26.29,20.16,20.16,20.16,20.16,15.08,15.08,15.08,15.08,11.18,11.18,11.18,11.18,8.05,8.05,8.05,8.05,5.46,5.46,5.46,5.46,3.75,3.75,3.75,3.75
fragment_02320,3,28.37,28.44,28.29,28.44,20.51,20.56,20.45,20.56,14.93,14.93,14.92,14.93,11.84,11.85,11.84,11.85,9.47,9.48,9.47,9.48,7.31,7.3,7.3,7.31,5.19,5.19,5.19,5.19
fragment_02321,3,29.49,29.43,29.43,29.96,22.58,22.34,22.34,23.6,13.78,13.6,13.6,14.55,8.01,8.0,8.0,8.02,4.85,4.85,4.85,4.86,3.16,3.16,3.16,3.16,2.17,2.17,2.17,2.17
fragment_02322,2,30.36,30.38,30.25,30.38,24.69,24.53,24.53,25.72,17.62,17.39,17.39,19.13,11.75,11.72,11.72,11.94,7.24,7.24,7.24,7.24,4.71,4.71,4.71,4.71,3.24,3.24,3.24,3.24
fragment_02323,2,28.9,28.91,28.9,28.91,21.77,21.77,21.77,21.77,15.17,15.17,15.17,15.17,11.1,11.09,11.09,11.12,8.13,8.13,8.13,8.14,5.76,5.76,5.76,5.76,4.01,4.01,4.01,4.01
fragment_02324,22,30.59,30.79,30.35,31.53,25.58,26.52,24.45,28.16,19.0,20.0,17.64,21.76,13.04,13.37,12.52,13.57,8.2,8.2,8.15,8.25,5.34,5.34,5.34,5.37,3.67,3.67,3.67,3.69
fragment_02325,3,27.05,27.08,26.93,27.08,23.75,23.8,23.57,23.8,19.11,19.11,19.1,19.13,13.97,13.92,13.92,14.19,9.75,9.72,9.72,9.84,6.96,6.94,6.94,7.02,5.11,5.11,5.11,5.13
fragment_02326,4,28.21,28.21,26.88,28.25,23.94,23.91,22.96,24.66,18.12,18.03,17.57,20.06,14.57,14.51,14.21,15.74,11.27,11.26,11.17,11.44,7.56,7.56,7.55,7.57,5.19,5.19,5.19,5.2
fragment_02327,2,26.79,26.8,26.37,26.8,22.59,22.59,22.09,22.59,16.91,16.92,16.62,16.92,12.64,12.64,12.37,12.64,9.24,9.24,9.12,9.24,6.25,6.25,6.25,6.25,4.29,4.29,4.29,4.3
fragment_02328,2,27.7,27.71,27.65,27.71,19.83,19.83,19.82,19.83,13.71,13.71,13.67,13.71,10.62,10.62,10.59,10.62,8.63,8.63,8.61,8.63,6.62,6.62,6.61,6.62,4.95,4.95,4.95,4.95
fragment_02329,24,30.1,30.07,30.0,30.58,24.33,24.7,24.03,26.78,18.28,18.82,17.3,21.71,15.01,15.26,13.92,16.92,11.68,11.62,10.94,12.86,8.69,8.6,8.1,9.05,6.22,6.21,6.08,6.25
fragment_02330,5,29.8,29.8,29.74,30.17,23.06,23.05,23.05,25.08,16.04,16.04,16.04,18.06,11.08,11.08,11.08,11.45,6.95,6.95,6.95,6.97,4.53,4.53,4.53,4.54,3.11,3.11,3.11,3.12
fragment_02331,1,30.34,30.34,30.34,30.34,24.47,24.47,24.47,24.47,17.82,17.82,17.82,17.82,12.45,12.45,12.45,12.45,8.17,8.17,8.17,8.17,5.32,5.32,5.32,5.32,3.65,3.65,3.65,3.65
fragment_02332,26,30.07,30.02,30.01,30.6,24.08,24.0,24.0,26.45,17.21,17.23,16.96,19.46,13.02,13.18,12.07,16.08,9.92,10.16,8.82,12.25,7.96,8.24,6.89,9.58,6.55,6.73,5.76,7.43
fragment_02333,3,27.4,27.33,27.33,27.58,22.87,22.94,22.71,22.95,17.09,17.38,16.37,17.73,12.86,13.15,12.15,13.71,9.56,9.68,9.24,10.07,6.68,6.7,6.62,6.71,4.61,4.61,4.61,4.61
fragment_02334,33,28.74,28.55,28.33,29.52,23.78,23.5,23.29,26.61,18.71,18.41,18.11,21.21,14.19,13.85,13.58,17.15,10.21,9.95,9.65,11.88,7.37,7.24,6.95,7.78,5.32,5.3,5.18,5.35
fragment_02335,6,29.04,29.04,28.48,29.05,23.18,23.18,22.75,23.18,17.37,17.37,17.06,17.65,12.74,12.74,12.52,13.03,9.31,9.31,9.26,9.37,6.27,6.27,6.26,6.27,4.3,4.3,4.3,4.31
fragment_02336,17,27.54,27.54,27.51,27.55,19.68,19.69,19.65,19.7,13.6,13.6,13.59,13.65,10.66,10.67,10.48,10.93,8.76,8.78,8.54,9.03,6.62,6.63,6.5,6.77,4.74,4.74,4.73,4.74
fragment_02337,12,28.4,28.57,28.06,29.11,21.86,22.27,20.69,23.98,17.46,17.85,15.94,19.57,12.94,13.09,11.83,13.29,8.14,8.15,8.09,8.15,5.3,5.31,5.29,5.31,3.64,3.65,3.64,3.65
fragment_02338,12,30.84,31.0,30.33,31.64,25.64,25.82,24.49,28.03,18.24,18.31,17.26,20.06,11.5,11.49,11.45,11.57,6.99,6.99,6.98,7.01,4.55,4.55,4.54,4.56,3.13,3.13,3.12,3.13
fragment_02339,2,27.83,27.84,27.83,27.84,25.97,25.97,25.97,25.97,19.52,19.52,19.52,19.53,13.72,13.72,13.72,13.72,9.96,9.96,9.96,9.96,7.03,7.03,7.03,7.03,4.89,4.89,4.89,4.89
fragment_02340,4,28.28,28.32,28.21,28.32,21.37,21.39,21.33,21.39,15.1,15.1,15.08,15.1,10.62,10.62,10.61,10.62,8.29,8.29,8.28,8.29,6.13,6.13,6.13,6.14,4.28,4.28,4.28,4.28
fragment_02341,1,31.12,31.12,31.12,31.12,26.16,26.16,26.16,26.16,20.89,20.89,20.89,20.89,15.74,15.74,15.74,15.74,11.02,11.02,11.02,11.02,7.39,7.39,7.39,7.39,5.08,5.08,5.08,5.08
fragment_02342,13,29.43,29.41,29.07,29.51,23.65,23.63,23.21,23.73,18.52,18.52,18.12,18.57,14.36,14.39,13.95,14.43,11.62,11.65,11.06,11.68,9.01,9.01,8.64,9.06,6.57,6.57,6.5,6.57
fragment_02343,17,28.77,28.79,28.68,28.79,21.65,21.66,21.59,21.66,15.33,15.33,15.3,15.35,12.09,12.03,12.0,12.26,9.99,9.94,9.93,10.18,7.75,7.72,7.7,7.92,5.74,5.74,5.73,5.76
fragment_02344,2,28.19,28.19,28.19,28.19,23.48,23.47,23.47,23.48,18.03,18.03,18.03,18.03,14.14,14.14,14.14,14.14,9.97,9.97,9.97,9.97,6.65,6.65,6.65,6.65,4.57,4.57,4.57,4.57
fragment_02345,1,30.0,30.0,30.0,30.0,23.56,23.56,23.56,23.56,17.68,17.68,17.68,17.68,13.69,13.69,13.69,13.69,9.57,9.57,9.57,9.57,6.33,6.33,6.33,6.33,4.35,4.35,4.35,4.35
fragment_02346,1,30.21,30.21,30.21,30.21,23.68,23.68,23.68,23.68,18.01,18.01,18.01,18.01,14.67,14.67,14.67,14.67,11.52,11.52,11.52,11.52,8.59,8.59,8.59,8.59,6.13,6.13,6.13,6.13
fragment_02347,3,30.03,29.85,29.85,31.03,27.62,26.99,26.99,28.55,23.61,22.86,22.86,24.82,17.42,17.02,17.02,18.05,11.35,11.34,11.34,11.36,7.39,7.38,7.38,7.4,5.07,5.07,5.07,5.08
fragment_02348,9,26.26,26.27,26.01,26.27,20.17,20.17,20.14,21.6,15.03,15.02,14.93,16.6,11.63,11.62,11.18,12.8,9.29,9.29,8.7,9.71,7.08,7.07,6.79,7.21,5.14,5.14,5.11,5.16
fragment_02349,3,28.06,28.09,27.99,28.09,20.4,20.42,20.35,20.42,14.56,14.56,14.55,14.56,10.51,10.51,10.51,10.51,8.06,8.06,8.06,8.06,6.22,6.22,6.22,6.23,4.83,4.83,4.83,4.83
fragment_02350,5,25.2,25.2,25.12,26.17,19.53,19.5,19.24,21.28,16.16,16.28,15.29,18.3,12.86,13.02,12.07,14.64,9.87,9.92,9.52,10.56,6.91,6.91,6.91,6.92,4.75,4.75,4.75,4.75
fragment_02351,11,29.68,29.65,29.48,30.41,22.84,22.58,22.58,25.6,15.18,14.76,14.76,19.04,11.44,11.14,11.14,13.9,9.01,8.87,8.87,10.1,6.8,6.77,6.77,6.97,4.78,4.78,4.78,4.79
fragment_02352,6,27.95,27.91,27.8,28.01,19.36,19.32,19.2,19.41,12.45,12.43,11.89,12.51,8.37,8.36,8.16,8.41,6.37,6.35,6.14,6.39,5.13,5.12,4.95,5.15,4.17,4.16,4.08,4.18
fragment_02353,4,28.18,28.18,28.18,28.97,20.03,20.03,20.03,22.0,12.74,12.74,12.66,14.01,8.93,8.93,8.93,9.63,6.69,6.68,6.68,7.22,5.48,5.5,5.22,5.58,4.45,4.46,4.25,4.54
fragment_02354,1,27.09,27.09,27.09,27.09,23.26,23.26,23.26,23.26,17.77,17.77,17.77,17.77,12.73,12.73,12.73,12.73,10.17,10.17,10.17,10.17,7.61,7.61,7.61,7.61,5.33,5.33,5.33,5.33
fragment_02355,10,31.5,31.33,31.23,32.01,27.84,26.99,26.99,30.05,22.18,21.61,21.61,24.25,14.83,14.85,14.81,14.96,9.03,9.04,9.03,9.07,5.88,5.88,5.88,5.9,4.04,4.04,4.04,4.05
fragment_02356,6,30.67,30.52,30.52,31.5,25.89,25.73,25.73,27.68,18.47,18.43,18.17,19.85,11.5,11.5,11.45,11.55,6.98,6.97,6.97,7.0,4.54,4.54,4.54,4.55,3.12,3.12,3.12,3.13
fragment_02357,6,29.48,29.63,29.26,29.66,22.55,22.54,21.83,22.82,17.04,17.46,16.13,17.66,12.97,13.5,12.16,13.8,9.77,10.19,9.16,10.37,7.16,7.27,7.01,7.3,5.02,5.02,5.02,5.02
fragment_02358,4,28.74,28.72,28.7,29.21,23.33,23.19,23.18,25.73,16.63,16.45,16.45,19.53,12.39,12.29,12.29,14.02,9.33,9.27,9.27,10.35,7.19,7.15,7.15,7.86,5.77,5.75,5.75,6.15
fragment_02359,3,28.75,28.72,28.72,28.85,24.2,24.13,24.13,24.46,18.44,18.42,18.42,18.53,14.2,14.18,14.18,14.25,11.13,11.11,11.11,11.21,8.01,7.99,7.99,8.07,5.59,5.59,5.59,5.59
fragment_02360,1,29.83,29.83,29.83,29.83,23.98,23.98,23.98,23.98,17.9,17.9,17.9,17.9,13.56,13.56,13.56,13.56,9.4,9.4,9.4,9.4,6.12,6.12,6.12,6.12,4.21,4.21,4.21,4.21
fragment_02361,4,30.3,30.31,30.29,30.31,25.36,25.36,25.36,25.36,19.95,19.95,19.95,19.95,14.0,14.01,14.0,14.01,9.85,9.85,9.85,9.85,7.6,7.61,7.6,7.61,5.62,5.62,5.62,5.62
fragment_02362,16,23.98,24.03,23.51,24.2,19.17,19.55,18.08,19.97,16.45,17.06,15.07,17.86,12.4,12.97,10.81,13.48,8.92,9.17,8.16,9.36,6.21,6.24,6.08,6.25,4.29,4.29,4.29,4.29
fragment_02363,1,28.84,28.84,28.84,28.84,21.78,21.78,21.78,21.78,14.67,14.67,14.67,14.67,10.28,10.28,10.28,10.28,7.78,7.78,7.78,7.78,6.04,6.04,6.04,6.04,4.78,4.78,4.78,4.78
fragment_02364,25,24.96,24.96,24.14,25.35,20.66,21.02,19.45,22.0,17.78,18.42,16.18,19.75,13.37,13.9,11.8,14.99,9.55,9.79,8.95,9.99,6.5,6.5,6.43,6.51,4.46,4.46,4.46,4.48
fragment_02365,12,28.2,28.04,28.03,28.48,20.15,20.39,19.61,20.82,13.91,14.18,13.06,14.59,9.46,9.51,9.02,9.85,6.37,6.39,6.26,6.42,4.17,4.17,4.17,4.18,2.87,2.87,2.87,2.87
fragment_02366,1,28.83,28.83,28.83,28.83,21.79,21.79,21.79,21.79,14.66,14.66,14.66,14.66,10.25,10.25,10.25,10.25,7.77,7.77,7.77,7.77,6.0,6.0,6.0,6.0,4.71,4.71,4.71,4.71
fragment_02367,25,27.75,27.74,27.73,28.2,19.1,19.14,18.71,21.62,13.32,13.56,12.13,16.5,10.45,10.83,8.85,13.18,8.28,8.52,7.2,10.12,6.71,6.85,6.06,7.39,5.15,5.18,4.97,5.21
fragment_02368,3,30.47,30.36,30.36,31.92,25.58,25.47,25.47,27.91,19.46,19.36,19.36,21.82,13.39,13.38,13.38,13.5,8.17,8.17,8.17,8.18,5.32,5.32,5.32,5.32,3.65,3.65,3.65,3.66
fragment_02369,10,29.45,29.61,28.6,29.61,23.91,24.55,23.11,25.34,19.42,20.31,18.21,21.7,15.04,16.12,13.64,17.04,11.19,11.95,10.56,12.17,8.01,8.2,7.83,8.21,5.64,5.64,5.63,5.65
fragment_02370,10,28.89,28.91,28.82,28.91,21.77,21.78,21.73,21.78,15.16,15.16,15.14,15.16,11.03,11.02,11.0,11.07,8.31,8.34,8.26,8.39,6.72,6.84,6.56,6.88,5.54,5.67,5.36,5.69
fragment_02371,9,30.19,30.01,30.01,30.64,24.74,24.23,24.19,26.46,18.16,17.77,17.19,19.83,13.48,13.36,12.76,14.81,9.76,9.67,9.48,10.48,6.94,6.95,6.88,6.98,4.79,4.79,4.79,4.8
fragment_02372,19,27.87,27.88,27.83,27.91,20.24,20.25,20.2,20.27,14.52,14.52,14.51,14.53,10.99,11.04,10.85,11.17,9.03,9.07,8.85,9.25,6.98,7.0,6.85,7.14,5.13,5.13,5.12,5.14
fragment_02373,1,26.93,26.93,26.93,26.93,23.08,23.08,23.08,23.08,17.68,17.68,17.68,17.68,12.73,12.73,12.73,12.73,10.76,10.76,10.76,10.76,9.59,9.59,9.59,9.59,8.07,8.07,8.07,8.07
fragment_02374,8,28.02,27.99,27.8,28.59,20.01,19.83,19.82,22.92,15.13,14.92,14.92,18.9,11.3,11.14,11.14,14.0,8.54,8.42,8.42,10.2,6.6,6.53,6.53,7.04,4.83,4.83,4.83,4.84
fragment_02375,20,30.1,30.11,30.05,30.63,24.1,24.11,24.05,25.21,17.75,18.23,17.26,18.72,14.12,14.83,13.15,15.21,10.65,11.34,9.87,11.81,7.81,8.22,7.23,8.31,5.64,5.71,5.4,5.72
fragment_02376,1,27.8,27.8,27.8,27.8,18.77,18.77,18.77,18.77,11.23,11.23,11.23,11.23,7.21,7.21,7.21,7.21,4.58,4.58,4.58,4.58,2.98,2.98,2.98,2.98,2.05,2.05,2.05,2.05
fragment_02377,1,25.36,25.36,25.36,25.36,17.67,17.67,17.67,17.67,11.93,11.93,11.93,11.93,7.34,7.34,7.34,7.34,4.45,4.45,4.45,4.45,2.9,2.9,2.9,2.9,1.99,1.99,1.99,1.99
fragment_02378,5,25.14,24.93,24.87,26.49,18.92,18.78,18.78,22.36,15.05,15.11,14.9,19.1,11.57,11.78,11.21,14.31,8.7,8.86,8.43,10.05,6.48,6.53,6.4,6.67,4.58,4.58,4.58,4.58
fragment_02379,30,29.21,29.32,28.55,29.72,23.36,23.32,22.67,26.04,18.48,18.92,17.1,21.46,13.65,13.75,11.93,15.38,9.89,9.9,8.86,10.65,6.92,6.95,6.73,6.98,4.79,4.78,4.78,4.8
fragment_02380,1,30.95,30.95,30.95,30.95,24.41,24.41,24.41,24.41,17.65,17.65,17.65,17.65,13.21,13.21,13.21,13.21,9.58,9.58,9.58,9.58,6.56,6.56,6.56,6.56,4.51,4.51,4.51,4.51
fragment_02381,1,30.11,30.11,30.11,30.11,24.53,24.53,24.53,24.53,19.22,19.22,19.22,19.22,14.33,14.33,14.33,14.33,9.95,9.95,9.95,9.95,6.75,6.75,6.75,6.75,4.64,4.64,4.64,4.64
fragment_02382,2,27.32,27.32,27.03,27.32,23.66,23.67,22.81,23.67,18.01,18.02,16.87,18.02,11.7,11.7,11.58,11.7,7.14,7.14,7.14,7.14,4.65,4.65,4.65,4.65,3.19,3.19,3.19,3.19
fragment_02383,2,27.91,27.93,27.89,27.93,26.36,26.38,26.35,26.38,20.55,20.56,20.53,20.56,15.35,15.37,15.34,15.37,11.27,11.28,11.26,11.28,7.97,7.97,7.97,7.97,5.51,5.51,5.51,5.51
fragment_02384,1,28.09,28.09,28.09,28.09,22.16,22.16,22.16,22.16,16.76,16.76,16.76,16.76,11.06,11.06,11.06,11.06,6.74,6.74,6.74,6.74,4.39,4.39,4.39,4.39,3.01,3.01,3.01,3.01
fragment_02385,3,30.28,30.19,30.19,30.79,24.49,24.46,24.46,24.65,19.06,19.1,18.89,19.1,14.87,14.89,14.8,14.89,10.28,10.29,10.2,10.29,7.1,7.11,7.06,7.11,4.93,4.93,4.93,4.93
fragment_02386,1,30.25,30.25,30.25,30.25,24.28,24.28,24.28,24.28,17.11,17.11,17.11,17.11,10.96,10.96,10.96,10.96,6.93,6.93,6.93,6.93,4.51,4.51,4.51,4.51,3.1,3.1,3.1,3.1
fragment_02387,6,25.2,25.29,25.08,26.37,19.1,18.95,18.95,22.5,15.37,15.43,15.08,19.43,11.98,12.21,11.54,14.88,9.24,9.28,9.0,10.77,6.95,7.01,6.84,7.35,5.04,5.04,5.03,5.05
fragment_02388,2,26.46,26.46,26.19,26.46,21.74,21.74,21.47,21.74,16.29,16.29,16.02,16.29,12.18,12.18,11.99,12.18,8.55,8.55,8.51,8.55,5.71,5.71,5.71,5.71,3.93,3.93,3.93,3.93
fragment_02389,45,34.69,34.96,33.62,35.16,33.08,33.85,30.41,35.59,24.6,25.11,22.32,26.83,15.45,15.47,15.36,15.54,9.4,9.41,9.37,9.41,6.12,6.12,6.1,6.13,4.2,4.21,4.19,4.21
fragment_02390,2,28.0,28.02,27.92,28.02,19.18,19.19,19.15,19.19,14.16,14.17,14.13,14.17,11.22,11.22,11.21,11.22,8.54,8.54,8.54,8.54,6.4,6.4,6.4,6.4,4.57,4.57,4.56,4.57
fragment_02391,8,28.18,28.19,28.0,28.69,21.46,22.06,20.48,22.33,14.98,15.57,13.3,15.58,10.94,11.19,9.38,11.19,7.55,7.56,6.8,7.61,4.98,4.98,4.88,4.99,3.42,3.42,3.42,3.43
fragment_02392,9,27.91,27.92,27.49,27.96,25.52,25.84,23.74,25.88,18.22,18.63,15.7,18.68,11.66,11.83,10.56,11.84,7.28,7.28,7.17,7.29,4.74,4.74,4.73,4.74,3.26,3.26,3.25,3.26
fragment_02393,20,30.32,30.38,30.22,31.36,24.51,24.63,24.05,27.94,17.05,17.33,16.1,20.6,11.84,12.02,10.97,13.55,8.08,8.1,7.71,8.43,5.46,5.47,5.41,5.49,3.76,3.76,3.76,3.77
fragment_02394,2,29.54,29.51,29.51,29.76,21.73,21.31,21.31,24.37,15.68,15.26,15.26,18.31,12.14,11.86,11.86,13.91,9.13,8.99,8.99,9.98,6.7,6.67,6.67,6.87,4.72,4.72,4.72,4.72
fragment_02395,41,29.48,29.34,28.87,29.95,24.66,24.6,23.89,26.65,20.63,21.1,18.93,22.96,15.71,15.98,13.83,17.58,11.17,11.1,10.09,11.99,7.76,7.76,7.53,7.83,5.37,5.36,5.35,5.38
fragment_02396,1,30.31,30.31,30.31,30.31,24.42,24.42,24.42,24.42,18.54,18.54,18.54,18.54,12.71,12.71,12.71,12.71,7.96,7.96,7.96,7.96,5.18,5.18,5.18,5.18,3.56,3.56,3.56,3.56
fragment_02397,2,27.73,27.73,27.73,27.73,20.05,20.06,20.05,20.06,14.01,14.01,14.01,14.01,10.25,10.25,10.25,10.25,6.94,6.94,6.94,6.94,4.53,4.53,4.53,4.53,3.11,3.11,3.11,3.11
fragment_02398,7,28.0,27.73,27.73,28.47,19.83,18.83,18.83,21.52,13.8,12.68,12.41,15.77,9.77,9.19,8.93,10.8,6.69,6.51,6.51,6.97,4.53,4.53,4.52,4.54,3.11,3.11,3.11,3.12
fragment_02399,26,30.75,30.67,30.56,31.71,25.61,25.6,24.49,29.08,18.7,18.6,17.46,21.77,12.71,12.67,12.24,13.66,8.27,8.3,8.18,8.33,5.41,5.41,5.4,5.42,3.72,3.72,3.71,3.72
fragment_02400,10,30.48,30.44,30.4,31.52,25.51,25.35,25.35,28.59,19.01,18.55,18.55,21.75,12.77,12.39,12.39,13.82,8.34,8.28,8.28,8.43,5.48,5.48,5.47,5.49,3.76,3.76,3.76,3.77
fragment_02401,44,28.39,28.42,28.06,29.2,21.11,20.74,20.37,23.92,16.47,15.94,15.15,19.01,12.86,12.52,11.38,14.82,9.76,9.73,8.88,10.69,6.93,6.96,6.76,6.99,4.79,4.79,4.78,4.8
fragment_02402,1,30.13,30.13,30.13,30.13,23.62,23.62,23.62,23.62,17.1,17.1,17.1,17.1,12.3,12.3,12.3,12.3,8.13,8.13,8.13,8.13,5.29,5.29,5.29,5.29,3.64,3.64,3.64,3.64
fragment_02403,26,27.76,27.74,27.74,28.46,19.14,19.22,18.7,21.6,13.12,13.39,12.03,16.1,9.68,9.86,8.73,11.56,6.97,6.97,6.47,7.72,4.98,5.01,4.82,5.04,3.46,3.46,3.45,3.46
fragment_02404,3,26.67,26.69,26.64,27.64,20.99,20.93,20.93,21.77,14.57,14.46,14.46,14.74,9.3,9.25,9.12,9.37,5.75,5.75,5.75,5.76,3.74,3.74,3.74,3.75,2.57,2.57,2.57,2.57
fragment_02405,3,25.78,25.81,25.54,25.81,20.52,20.55,20.26,20.55,15.47,15.49,15.3,15.49,11.57,11.59,11.45,11.59,8.25,8.25,8.22,8.25,5.72,5.72,5.72,5.72,3.93,3.93,3.93,3.93
fragment_02406,9,28.83,28.83,28.78,28.85,21.69,21.69,21.67,21.71,15.09,15.09,15.09,15.11,11.1,11.11,11.04,11.11,8.79,8.8,8.5,8.8,7.52,7.53,7.11,7.53,5.99,5.99,5.69,6.0
fragment_02407,2,28.83,28.84,28.83,28.84,21.7,21.7,21.7,21.7,15.09,15.09,15.09,15.09,10.67,10.67,10.67,10.67,7.85,7.85,7.85,7.85,6.26,6.26,6.26,6.26,4.59,4.59,4.59,4.59
fragment_02408,3,26.01,26.06,25.71,26.06,21.19,21.24,20.86,21.24,16.04,16.06,15.89,16.06,11.93,11.95,11.81,11.95,8.85,8.85,8.82,8.85,6.41,6.41,6.41,6.41,4.49,4.49,4.49,4.5
fragment_02409,3,27.94,27.95,27.92,27.96,19.38,19.39,19.37,19.39,14.06,14.06,14.04,14.07,10.47,10.48,10.46,10.48,6.92,6.92,6.92,6.92,4.51,4.51,4.51,4.51,3.1,3.1,3.1,3.1
fragment_02410,1,28.85,28.85,28.85,28.85,21.78,21.78,21.78,21.78,14.63,14.63,14.63,14.63,10.08,10.08,10.08,10.08,7.57,7.57,7.57,7.57,5.92,5.92,5.92,5.92,4.65,4.65,4.65,4.65
fragment_02411,4,28.92,28.93,28.66,28.93,26.29,26.3,24.59,26.3,21.55,21.55,18.94,21.56,15.65,15.66,14.69,15.66,10.76,10.76,10.51,10.76,7.59,7.59,7.46,7.59,5.5,5.5,5.46,5.5
fragment_02412,23,28.17,28.13,27.88,28.97,20.38,20.21,20.21,23.18,14.65,14.14,14.14,17.76,10.33,9.64,9.64,12.8,7.36,6.9,6.9,8.11,5.2,5.07,5.07,5.28,3.62,3.62,3.61,3.62
fragment_02413,5,32.79,32.77,32.77,33.43,28.84,28.73,28.73,30.86,20.08,19.97,19.97,21.82,12.48,12.47,12.47,12.57,7.6,7.6,7.6,7.62,4.95,4.95,4.94,4.96,3.4,3.4,3.4,3.41
fragment_02414,13,28.5,28.53,28.41,28.78,23.17,23.17,23.14,25.15,17.26,17.26,17.25,19.15,13.09,13.1,13.04,14.14,10.03,10.03,9.8,10.61,7.74,7.74,7.61,8.01,5.82,5.82,5.77,5.89
fragment_02415,1,29.51,29.51,29.51,29.51,22.97,22.97,22.97,22.97,16.18,16.18,16.18,16.18,10.76,10.76,10.76,10.76,6.75,6.75,6.75,6.75,4.39,4.39,4.39,4.39,3.02,3.02,3.02,3.02
fragment_02416,22,30.55,30.56,30.37,31.62,26.06,26.47,25.19,29.14,19.87,20.44,18.55,23.1,13.57,13.87,12.66,15.25,9.07,9.14,8.74,9.48,6.14,6.16,6.09,6.17,4.23,4.23,4.21,4.24
fragment_02417,2,28.4,28.4,28.38,28.4,20.54,20.54,20.54,20.55,14.43,14.43,14.41,14.43,10.55,10.55,10.55,10.56,7.89,7.89,7.89,7.9,5.7,5.7,5.7,5.7,3.97,3.97,3.97,3.97
fragment_02418,34,28.59,29.13,28.02,29.37,23.15,25.12,20.38,25.16,17.49,19.53,13.6,20.56,13.72,15.14,10.67,18.42,10.83,11.79,8.85,14.73,8.49,8.99,7.33,10.04,6.57,6.77,6.1,6.91
fragment_02419,15,27.85,27.84,27.56,28.19,25.23,25.05,25.02,26.41,18.44,18.3,18.23,19.85,13.47,13.45,13.29,14.36,9.86,9.84,9.76,10.21,6.92,6.91,6.91,6.95,4.76,4.76,4.76,4.77
fragment_02420,2,29.81,29.63,29.63,30.02,22.68,22.19,22.19,23.25,15.83,15.23,15.23,16.54,11.74,11.27,11.27,12.3,8.91,8.71,8.71,9.15,6.34,6.3,6.3,6.39,4.39,4.39,4.39,4.39
fragment_02421,1,29.81,29.81,29.81,29.81,23.22,23.22,23.22,23.22,16.42,16.42,16.42,16.42,11.22,11.22,11.22,11.22,7.1,7.1,7.1,7.1,4.62,4.62,4.62,4.62,3.17,3.17,3.17,3.17
fragment_02422,2,27.81,27.81,27.42,27.81,22.55,22.55,22.17,22.55,16.14,16.14,16.14,16.23,11.77,11.77,11.77,11.89,8.58,8.58,8.58,8.64,5.84,5.84,5.84,5.84,4.01,4.01,4.01,4.01
fragment_02423,2,30.42,30.41,30.41,31.31,24.33,24.29,24.29,27.22,16.97,16.93,16.93,20.35,12.21,12.19,12.19,13.92,8.74,8.73,8.73,9.49,6.21,6.21,6.21,6.23,4.28,4.28,4.28,4.28
fragment_02424,9,28.15,28.14,28.14,29.03,20.12,20.01,20.01,22.05,13.51,12.89,12.89,15.13,10.08,9.29,9.29,11.44,8.03,7.42,7.42,9.02,6.47,6.27,6.27,6.93,5.17,5.15,5.09,5.35
fragment_02425,1,30.18,30.18,30.18,30.18,23.63,23.63,23.63,23.63,16.98,16.98,16.98,16.98,11.76,11.76,11.76,11.76,8.2,8.2,8.2,8.2,6.04,6.04,6.04,6.04,4.24,4.24,4.24,4.24
fragment_02426,2,30.19,30.18,30.18,30.19,24.38,24.38,24.38,24.39,18.35,18.35,18.35,18.36,12.69,12.69,12.69,12.69,8.65,8.65,8.65,8.65,6.2,6.2,6.2,6.2,4.33,4.33,4.33,4.33
fragment_02427,5,30.5,30.68,30.22,30.68,25.41,25.81,25.06,25.81,19.25,19.65,18.85,19.65,13.26,13.35,12.96,13.36,8.17,8.17,8.16,8.17,5.32,5.32,5.31,5.32,3.65,3.65,3.65,3.65
fragment_02428,2,28.41,28.4,28.4,28.44,20.57,20.56,20.56,20.6,14.53,14.53,14.52,14.53,10.64,10.63,10.63,10.66,7.83,7.83,7.83,7.84,5.54,5.54,5.54,5.54,3.86,3.86,3.86,3.86
fragment_02429,49,27.74,27.72,27.69,28.52,18.87,18.69,18.68,22.22,12.51,11.98,11.98,16.6,9.11,8.46,8.46,11.88,6.77,6.16,6.16,8.23,5.1,4.69,4.69,5.42,3.7,3.61,3.61,3.72
fragment_02430,16,28.04,27.99,27.99,28.59,20.24,20.26,19.64,20.31,13.6,13.64,12.7,13.75,9.19,9.21,8.29,9.24,6.52,6.53,5.95,6.61,5.11,5.12,4.63,5.18,4.23,4.24,3.79,4.27
fragment_02431,4,28.84,28.86,28.79,28.86,21.74,21.75,21.72,21.76,15.26,15.26,15.25,15.27,11.88,11.88,11.88,11.89,9.79,9.79,9.77,9.79,7.67,7.67,7.67,7.68,5.72,5.72,5.72,5.72
fragment_02432,12,30.81,30.62,30.56,31.83,26.17,25.93,25.93,28.84,19.4,19.33,19.04,21.69,13.17,13.15,12.55,13.67,8.29,8.29,8.21,8.32,5.4,5.39,5.39,5.41,3.71,3.71,3.71,3.72
fragment_02433,27,30.36,30.27,30.2,31.15,24.64,24.69,24.07,27.55,17.29,17.98,16.0,20.01,12.05,12.91,10.75,13.64,8.26,8.65,7.48,8.67,5.6,5.64,5.4,5.65,3.87,3.87,3.87,3.88
fragment_02434,6,28.59,28.55,28.55,29.34,26.6,26.61,25.93,27.33,21.78,21.81,20.8,22.17,16.83,16.84,16.49,16.92,11.91,11.92,11.87,11.92,8.35,8.36,8.34,8.36,6.06,6.06,6.05,6.06
fragment_02435,2,27.54,27.54,27.54,27.54,20.21,20.21,20.21,20.21,13.94,13.94,13.94,13.94,9.68,9.68,9.68,9.68,6.64,6.64,6.64,6.64,4.59,4.59,4.59,4.59,3.15,3.15,3.15,3.15
fragment_02436,2,28.69,28.7,28.67,28.7,21.57,21.58,21.56,21.58,14.85,14.85,14.84,14.85,10.2,10.2,10.2,10.21,6.99,6.99,6.99,6.99,4.97,4.97,4.97,4.97,3.56,3.56,3.56,3.56
fragment_02437,2,23.79,23.79,23.79,23.79,16.96,16.97,16.95,16.97,13.0,13.01,12.99,13.01,10.97,10.97,10.96,10.97,9.23,9.23,9.22,9.23,7.44,7.45,7.44,7.45,5.78,5.78,5.78,5.78
fragment_02438,7,23.87,23.92,23.59,24.05,18.56,18.37,18.09,20.4,15.61,15.36,15.22,18.51,11.66,11.39,11.27,13.95,8.71,8.54,8.45,9.99,6.53,6.47,6.44,6.9,4.74,4.72,4.71,4.78
fragment_02439,8,29.67,29.74,29.47,29.82,22.48,22.72,21.93,22.95,15.35,15.56,14.79,15.77,10.94,11.13,10.36,11.32,8.37,8.5,7.93,8.66,6.44,6.54,6.28,6.69,5.13,5.19,5.02,5.28
fragment_02440,12,30.39,30.28,30.28,31.32,25.49,25.28,25.28,28.27,19.15,19.05,18.69,22.3,12.87,12.91,12.65,13.75,8.3,8.32,8.25,8.36,5.42,5.42,5.41,5.44,3.72,3.72,3.72,3.74
fragment_02441,2,29.6,29.4,29.4,30.09,22.99,22.48,22.48,24.2,15.81,15.24,15.24,17.18,11.36,10.91,10.91,12.43,8.49,8.29,8.29,8.96,6.1,6.06,6.06,6.21,4.27,4.27,4.27,4.27
fragment_02442,2,30.42,30.43,30.34,30.43,25.27,25.25,25.25,25.38,17.48,17.45,17.45,17.71,10.97,10.95,10.95,11.06,6.97,6.97,6.96,6.97,4.54,4.54,4.53,4.54,3.12,3.12,3.11,3.12
fragment_02443,2,28.4,28.39,28.39,28.42,20.54,20.54,20.54,20.57,14.59,14.59,14.59,14.59,10.91,10.9,10.9,10.93,8.22,8.22,8.22,8.23,6.22,6.22,6.22,6.23,4.49,4.49,4.49,4.49
fragment_02444,2,26.87,26.84,26.84,26.93,23.26,23.17,23.17,23.4,17.8,17.67,17.67,18.02,12.81,12.67,12.67,13.05,9.62,9.54,9.54,9.76,6.84,6.83,6.83,6.85,4.71,4.71,4.71,4.71
fragment_02445,8,28.43,28.31,28.31,29.26,22.65,23.17,20.51,24.95,16.67,17.39,13.9,19.49,12.64,13.42,10.15,14.95,9.6,10.29,7.73,11.15,7.32,7.81,6.11,8.12,5.43,5.68,4.73,5.69
fragment_02446,5,30.52,30.39,30.39,30.78,25.25,24.22,24.19,27.72,19.16,17.72,17.72,22.63,14.44,13.56,13.48,16.56,10.36,9.96,9.84,11.24,7.34,7.25,7.19,7.47,5.13,5.13,5.13,5.13
fragment_02447,6,27.62,27.61,27.6,28.43,23.46,23.53,22.32,23.97,17.85,17.96,16.14,17.96,13.58,13.67,12.1,13.67,9.04,9.05,8.72,9.05,5.9,5.9,5.89,5.9,4.05,4.05,4.05,4.05
fragment_02448,6,27.89,27.92,27.84,27.92,20.26,20.29,20.22,20.29,14.85,14.84,14.83,14.87,11.24,11.23,11.23,11.26,9.17,9.16,9.16,9.18,7.39,7.38,7.38,7.4,5.77,5.76,5.76,5.77
fragment_02449,1,28.59,28.59,28.59,28.59,21.53,21.53,21.53,21.53,16.55,16.55,16.55,16.55,13.13,13.13,13.13,13.13,9.3,9.3,9.3,9.3,6.11,6.11,6.11,6.11,4.19,4.19,4.19,4.19
fragment_02450,3,28.53,28.52,28.49,28.57,23.44,23.13,23.13,25.18,17.54,17.25,17.25,19.34,13.67,13.51,13.51,14.82,10.4,10.37,10.37,11.25,7.81,7.79,7.79,8.08,5.62,5.62,5.62,5.63
fragment_02451,5,28.16,28.16,28.16,28.2,21.91,21.88,21.13,22.2,16.33,16.17,15.48,17.2,11.94,11.69,11.37,13.24,9.16,8.98,8.73,10.16,6.96,6.9,6.8,7.31,5.03,5.03,5.02,5.04
fragment_02452,2,28.8,28.82,28.76,28.82,21.69,21.7,21.68,21.7,14.96,14.96,14.96,14.96,10.66,10.65,10.65,10.68,7.88,7.87,7.87,7.89,5.66,5.65,5.65,5.66,3.94,3.94,3.94,3.94
fragment_02453,4,27.76,27.75,27.74,27.77,18.09,18.09,18.06,18.1,11.29,11.38,11.18,11.38,8.22,8.25,8.16,8.27,6.51,6.49,6.49,6.54,5.22,5.23,5.2,5.24,4.22,4.21,4.21,4.23
fragment_02454,5,28.05,28.03,28.03,28.08,20.54,20.5,20.5,20.56,16.06,16.05,16.0,16.08,13.07,13.07,13.02,13.09,11.03,11.02,11.0,11.04,8.46,8.46,8.45,8.46,6.09,6.09,6.09,6.09
fragment_02455,1,30.0,30.0,30.0,30.0,24.18,24.18,24.18,24.18,18.23,18.23,18.23,18.23,12.62,12.62,12.62,12.62,7.94,7.94,7.94,7.94,5.17,5.17,5.17,5.17,3.55,3.55,3.55,3.55
fragment_02456,1,27.88,27.88,27.88,27.88,25.51,25.51,25.51,25.51,18.8,18.8,18.8,18.8,13.4,13.4,13.4,13.4,10.36,10.36,10.36,10.36,7.77,7.77,7.77,7.77,5.4,5.4,5.4,5.4
fragment_02457,4,28.14,28.14,28.14,28.77,20.01,20.01,20.01,21.85,12.81,12.81,12.8,14.06,9.12,9.12,9.11,9.94,6.94,6.95,6.93,7.54,5.55,5.61,5.49,5.86,4.45,4.55,4.35,4.64
fragment_02458,12,30.94,30.7,30.7,32.3,26.6,26.06,26.06,29.77,20.47,20.06,20.06,23.05,13.65,13.64,13.59,13.74,8.3,8.29,8.29,8.33,5.4,5.4,5.4,5.42,3.71,3.71,3.71,3.72
fragment_02459,2,27.78,27.77,27.77,27.78,27.07,27.06,27.06,27.07,21.64,21.63,21.63,21.65,16.08,16.07,16.07,16.08,11.33,11.33,11.33,11.34,7.94,7.94,7.94,7.94,5.74,5.74,5.74,5.74
fragment_02460,38,28.26,28.24,27.98,28.87,21.69,21.71,20.61,23.6,16.07,16.22,14.1,17.56,12.73,12.93,10.64,13.85,9.49,9.71,7.92,10.1,6.5,6.56,5.89,6.58,4.51,4.51,4.42,4.52
fragment_02461,4,28.27,28.31,28.2,28.31,21.36,21.38,21.33,21.38,15.06,15.07,15.05,15.07,10.31,10.33,10.21,10.33,7.29,7.31,7.16,7.31,5.06,5.06,5.03,5.06,3.48,3.48,3.48,3.48
fragment_02462,2,27.43,27.43,27.43,27.43,19.41,19.41,19.41,19.41,13.21,13.21,13.21,13.22,9.85,9.85,9.85,9.85,7.64,7.64,7.64,7.64,5.84,5.84,5.84,5.84,4.61,4.61,4.61,4.61
fragment_02463,27,28.9,29.33,28.27,30.21,24.32,24.62,22.93,28.06,19.68,20.11,18.08,23.37,15.34,15.64,14.07,17.42,11.14,11.15,10.29,11.95,7.74,7.74,7.51,7.8,5.34,5.34,5.33,5.36
fragment_02464,7,28.87,28.58,28.55,29.48,22.88,22.28,22.26,24.3,16.31,15.83,15.82,17.55,10.46,10.45,10.35,10.56,6.38,6.37,6.37,6.39,4.15,4.15,4.14,4.16,2.85,2.85,2.85,2.86
fragment_02465,2,26.06,26.06,26.06,26.08,19.36,19.36,19.36,21.01,13.61,13.61,13.61,15.58,11.04,11.04,11.04,11.97,8.6,8.6,8.6,9.17,6.28,6.28,6.28,6.32,4.34,4.34,4.34,4.34
fragment_02466,2,27.75,27.77,27.72,27.77,26.32,26.35,26.3,26.35,20.35,20.37,20.33,20.37,14.86,14.88,14.85,14.88,10.56,10.57,10.55,10.57,7.6,7.61,7.59,7.61,5.68,5.68,5.68,5.68
fragment_02467,4,28.77,28.79,28.71,28.8,21.67,21.69,21.64,21.69,15.13,15.14,15.12,15.14,11.21,11.23,11.19,11.23,8.4,8.42,8.39,8.42,6.12,6.12,6.12,6.12,4.27,4.27,4.27,4.27
fragment_02468,3,28.71,28.74,28.68,28.74,21.13,21.13,21.11,21.14,15.08,15.1,15.05,15.1,11.71,11.72,11.69,11.72,8.98,8.98,8.96,8.98,6.72,6.72,6.71,6.72,4.8,4.8,4.8,4.8
fragment_02469,5,30.51,30.39,30.31,30.83,26.66,26.57,25.31,27.76,19.9,19.76,18.2,21.2,14.14,13.89,12.93,15.28,10.55,10.25,9.64,11.54,7.89,7.69,7.35,8.45,5.92,5.89,5.71,6.04
fragment_02470,2,27.85,27.84,27.84,28.69,20.39,20.4,19.98,20.4,13.81,13.82,13.13,13.82,8.07,8.07,8.05,8.07,4.89,4.89,4.89,4.89,3.18,3.18,3.18,3.18,2.19,2.19,2.19,2.19
fragment_02471,2,29.52,29.51,29.51,29.52,25.73,25.73,25.73,25.73,19.96,19.96,19.96,19.96,15.86,15.86,15.86,15.86,12.53,12.53,12.53,12.53,8.84,8.84,8.84,8.84,6.11,6.11,6.11,6.11
fragment_02472,1,27.89,27.89,27.89,27.89,19.33,19.33,19.33,19.33,13.76,13.76,13.76,13.76,9.69,9.69,9.69,9.69,6.42,6.42,6.42,6.42,4.25,4.25,4.25,4.25,2.92,2.92,2.92,2.92
fragment_02473,3,26.87,26.86,26.82,26.9,20.98,20.97,20.96,21.0,14.77,14.78,14.76,14.78,10.79,10.8,10.77,10.8,7.06,7.06,7.06,7.06,4.59,4.59,4.59,4.59,3.16,3.16,3.16,3.16
fragment_02474,6,27.93,27.93,27.91,27.93,24.3,24.32,24.24,24.33,19.23,19.26,19.05,19.35,14.42,14.43,14.16,14.43,10.35,10.36,10.23,10.42,7.61,7.61,7.6,7.78,5.78,5.78,5.78,5.86
fragment_02475,5,28.41,28.39,28.37,28.48,20.56,20.55,20.53,20.61,14.83,14.89,14.58,14.97,11.36,11.54,10.77,11.62,8.02,8.16,7.56,8.19,5.38,5.38,5.36,5.38,3.7,3.7,3.69,3.7
fragment_02476,4,26.37,26.38,25.74,26.38,19.56,19.55,19.55,20.22,13.51,13.5,13.5,14.64,10.53,10.51,10.51,11.07,7.59,7.58,7.58,7.82,5.08,5.08,5.08,5.09,3.49,3.49,3.49,3.5
fragment_02477,25,27.79,27.79,27.6,27.96,20.43,20.7,19.11,20.88,14.03,14.49,12.38,14.49,10.13,10.77,8.81,11.08,7.73,8.31,6.73,8.81,6.06,6.39,5.37,7.02,4.7,4.79,4.36,5.05
fragment_02478,11,27.82,27.9,27.68,27.91,20.7,21.18,19.93,21.21,14.45,14.83,13.88,14.85,10.65,10.98,10.17,10.99,8.09,8.31,7.76,8.32,6.18,6.4,5.94,6.41,4.67,4.8,4.5,4.81
fragment_02479,25,30.36,30.4,30.22,31.22,24.45,24.21,24.07,27.58,16.74,16.07,16.07,19.82,11.51,10.76,10.76,13.3,7.93,7.47,7.47,8.31,5.39,5.35,5.35,5.42,3.72,3.72,3.71,3.72
fragment_02480,2,28.07,28.07,28.07,28.07,21.73,21.73,21.73,21.73,16.08,16.08,16.08,16.08,13.0,13.0,13.0,13.0,10.9,10.91,10.9,10.91,8.86,8.86,8.86,8.86,6.53,6.53,6.53,6.53
fragment_02481,14,27.94,28.01,27.79,28.03,19.35,19.38,19.21,19.43,12.44,12.49,11.88,12.56,8.55,8.57,8.2,8.92,6.83,6.86,6.34,7.15,5.73,5.75,5.34,5.92,4.73,4.74,4.59,4.75
fragment_02482,2,30.67,30.67,30.67,30.67,26.75,26.75,26.75,26.75,20.13,20.13,20.12,20.13,11.86,11.86,11.86,11.87,7.19,7.19,7.19,7.19,4.68,4.68,4.68,4.68,3.21,3.21,3.21,3.21
fragment_02483,14,29.14,29.36,28.32,29.44,26.12,26.83,25.01,26.83,20.59,21.35,19.38,21.35,15.46,15.79,14.88,15.79,11.19,11.39,10.86,11.39,8.1,8.2,7.93,8.2,5.72,5.72,5.71,5.72
fragment_02484,6,28.56,28.55,28.51,29.12,23.22,22.87,22.8,24.44,17.01,16.71,16.67,17.95,13.08,12.93,12.91,13.4,10.05,10.0,10.0,10.12,7.58,7.58,7.54,7.59,5.79,5.77,5.77,5.83
fragment_02485,8,28.79,28.81,28.69,28.82,21.66,21.67,21.58,21.68,15.39,15.42,15.36,15.53,11.82,11.85,11.78,11.85,9.66,9.68,9.43,9.68,7.77,7.77,7.66,7.77,5.76,5.76,5.73,5.76
fragment_02486,8,30.5,30.24,30.24,31.29,25.22,24.18,24.18,27.8,18.18,16.8,16.8,21.57,13.3,12.33,12.33,15.74,10.07,9.33,9.33,11.56,7.67,7.23,7.23,8.38,5.74,5.6,5.6,5.9
fragment_02487,8,28.52,28.55,28.26,29.32,22.06,22.32,20.98,25.21,18.2,18.85,16.9,20.66,14.24,14.82,13.81,14.82,9.63,9.71,9.55,9.72,6.32,6.33,6.32,6.33,4.35,4.35,4.34,4.35
fragment_02488,2,27.87,27.87,27.87,27.88,26.07,26.06,26.06,26.07,19.6,19.6,19.6,19.61,13.84,13.83,13.83,13.84,10.14,10.14,10.14,10.14,7.07,7.07,7.07,7.07,4.88,4.88,4.88,4.88
fragment_02489,10,31.42,31.16,31.15,32.06,28.11,27.13,27.13,30.41,22.54,21.98,21.74,24.64,15.32,15.22,14.45,16.06,9.7,9.73,9.57,9.76,6.33,6.33,6.32,6.35,4.35,4.35,4.34,4.37
fragment_02490,11,28.32,28.2,27.93,28.98,21.03,20.32,20.32,23.68,15.82,15.04,15.04,17.78,11.67,11.22,11.22,12.43,8.0,7.97,7.93,8.08,5.26,5.26,5.25,5.27,3.61,3.61,3.61,3.62
fragment_02491,1,28.54,28.54,28.54,28.54,22.5,22.5,22.5,22.5,16.94,16.94,16.94,16.94,12.25,12.25,12.25,12.25,9.13,9.13,9.13,9.13,6.62,6.62,6.62,6.62,4.66,4.66,4.66,4.66
fragment_02492,11,28.11,28.08,28.0,28.59,20.25,20.3,19.65,20.37,13.85,13.85,12.71,14.02,9.83,9.85,8.51,10.06,7.57,7.6,6.6,7.67,6.05,6.1,5.43,6.14,4.87,4.92,4.45,4.94
fragment_02493,4,32.64,32.54,32.12,33.28,28.75,28.39,28.39,30.6,18.85,18.54,18.54,20.4,11.48,11.47,11.47,11.55,6.99,6.99,6.97,6.99,4.55,4.55,4.54,4.55,3.13,3.13,3.12,3.13
fragment_02494,4,28.87,28.87,28.86,28.9,21.79,21.78,21.78,21.83,14.66,14.58,14.58,15.07,10.2,10.07,10.07,10.8,7.66,7.58,7.58,8.03,5.57,5.56,5.56,5.62,3.86,3.86,3.86,3.86
fragment_02495,1,30.17,30.17,30.17,30.17,25.01,25.01,25.01,25.01,20.27,20.27,20.27,20.27,15.97,15.97,15.97,15.97,11.28,11.28,11.28,11.28,7.39,7.39,7.39,7.39,5.08,5.08,5.08,5.08
fragment_02496,4,28.17,28.18,28.15,28.94,20.03,20.03,20.01,21.99,12.7,12.71,12.64,14.02,8.9,8.89,8.89,9.59,6.69,6.68,6.68,7.2,5.5,5.56,5.19,5.62,4.48,4.54,4.11,4.54
fragment_02497,2,30.58,30.8,29.91,30.8,25.04,24.57,24.57,26.53,19.21,18.42,18.42,21.69,14.59,14.01,14.01,16.42,10.83,10.55,10.55,11.69,7.82,7.74,7.74,8.07,5.54,5.54,5.54,5.55
fragment_02498,12,27.95,27.91,27.8,28.01,19.35,19.34,19.21,19.4,12.43,12.44,11.88,12.51,8.37,8.37,8.16,8.41,6.37,6.37,6.14,6.41,5.13,5.14,4.96,5.16,4.23,4.23,4.08,4.25
fragment_02499,11,28.15,28.14,27.99,28.77,20.14,20.0,19.99,22.07,13.71,12.96,12.91,15.56,10.6,9.93,9.44,11.76,8.45,7.98,7.6,9.28,6.72,6.51,6.43,7.18,5.37,5.34,5.3,5.54
fragment_02500,1,30.2,30.2,30.2,30.2,24.94,24.94,24.94,24.94,19.52,19.52,19.52,19.52,14.45,14.45,14.45,14.45,9.39,9.39,9.39,9.39,6.11,6.11,6.11,6.11,4.2,4.2,4.2,4.2
fragment_02501,25,31.11,31.36,30.6,32.16,26.7,26.74,25.95,29.21,19.88,19.27,19.24,22.36,13.66,12.81,12.81,15.38,9.19,8.75,8.75,9.65,6.25,6.18,6.18,6.3,4.31,4.32,4.31,4.33
fragment_02502,12,28.68,28.57,28.35,29.56,22.97,22.61,22.48,26.12,17.12,16.59,16.46,20.06,12.13,11.81,11.66,13.21,7.96,7.93,7.88,8.05,5.22,5.23,5.22,5.24,3.59,3.59,3.59,3.6
fragment_02503,2,29.92,29.92,29.92,30.2,25.35,25.35,25.35,25.35,20.83,20.83,20.57,20.83,15.13,15.13,15.08,15.13,9.52,9.52,9.52,9.53,6.2,6.2,6.2,6.2,4.26,4.26,4.26,4.26
fragment_02504,15,28.58,28.78,27.6,29.35,27.46,26.77,26.09,28.96,23.76,23.08,21.81,25.29,18.16,17.94,17.27,18.89,11.96,11.99,11.8,11.99,7.8,7.81,7.79,7.81,5.36,5.36,5.35,5.36
fragment_02505,2,27.33,27.33,26.6,27.33,21.47,21.48,20.92,21.48,15.7,15.7,15.67,15.7,11.29,11.29,11.21,11.29,8.3,8.3,8.27,8.3,6.4,6.4,6.38,6.4,5.1,5.1,5.08,5.1
fragment_02506,1,24.98,24.98,24.98,24.98,17.46,17.46,17.46,17.46,12.84,12.84,12.84,12.84,10.56,10.56,10.56,10.56,8.18,8.18,8.18,8.18,6.45,6.45,6.45,6.45,5.08,5.08,5.08,5.08
fragment_02507,4,30.1,30.1,30.1,30.61,24.4,24.39,24.39,26.57,18.18,18.18,18.18,20.13,13.95,13.95,13.95,14.95,10.26,10.26,10.26,11.01,7.8,7.8,7.8,7.9,5.49,5.49,5.49,5.49
fragment_02508,10,29.59,29.64,28.46,29.71,27.85,28.22,25.15,28.22,23.58,23.96,20.43,23.96,17.93,18.1,15.86,18.59,12.58,12.63,11.66,12.92,8.7,8.7,8.44,8.73,6.0,6.0,5.99,6.0
fragment_02509,15,30.8,30.77,30.6,31.82,26.92,27.1,26.2,29.6,21.07,21.37,19.74,22.61,15.22,15.4,14.35,15.73,9.99,10.0,9.86,10.02,6.51,6.51,6.5,6.52,4.47,4.47,4.47,4.48
fragment_02510,1,27.94,27.94,27.94,27.94,27.01,27.01,27.01,27.01,20.85,20.85,20.85,20.85,14.18,14.18,14.18,14.18,8.86,8.86,8.86,8.86,5.76,5.76,5.76,5.76,3.96,3.96,3.96,3.96
fragment_02511,17,27.67,27.58,27.46,27.76,24.18,23.69,23.69,26.5,16.74,15.63,15.63,20.29,11.57,10.73,10.73,13.89,8.03,7.62,7.62,8.61,5.52,5.44,5.44,5.6,3.84,3.84,3.83,3.85
fragment_02512,26,30.33,30.26,30.21,31.19,24.5,24.1,24.1,27.55,16.82,16.02,16.02,19.72,11.52,10.75,10.75,13.16,8.03,7.51,7.51,8.69,5.59,5.47,5.47,5.67,3.89,3.88,3.88,3.9
fragment_02513,21,28.63,28.61,28.44,29.23,23.3,23.11,23.0,25.79,16.75,16.5,16.5,20.07,12.42,12.24,12.23,14.82,9.52,9.4,9.37,11.23,7.49,7.43,7.43,8.24,5.63,5.62,5.62,5.72
fragment_02514,1,30.13,30.13,30.13,30.13,24.97,24.97,24.97,24.97,18.67,18.67,18.67,18.67,12.98,12.98,12.98,12.98,8.13,8.13,8.13,8.13,5.29,5.29,5.29,5.29,3.63,3.63,3.63,3.63
fragment_02515,9,31.18,31.13,30.53,31.77,27.44,27.37,26.28,29.06,21.28,21.51,19.64,22.99,14.7,15.03,13.21,15.08,9.51,9.59,8.88,9.61,6.25,6.25,6.21,6.26,4.29,4.29,4.28,4.3
fragment_02516,8,25.26,25.31,25.09,26.14,18.89,18.67,18.67,22.12,15.2,15.01,14.8,19.09,12.0,11.99,11.41,14.63,9.28,9.1,8.88,10.52,7.03,6.92,6.8,7.41,5.1,5.09,5.07,5.13
fragment_02517,12,27.81,27.83,27.6,27.9,20.57,20.71,19.13,20.71,14.36,14.49,12.49,14.49,10.94,11.1,8.83,11.1,8.68,8.81,6.69,8.81,6.97,7.07,5.53,7.07,5.35,5.38,4.72,5.38
fragment_02518,4,28.7,28.68,28.68,28.72,21.6,21.59,21.59,21.61,15.46,15.43,15.42,15.51,11.89,11.85,11.85,11.93,9.24,9.23,9.23,9.25,7.34,7.34,7.34,7.34,5.92,5.92,5.92,5.93
fragment_02519,2,24.06,24.0,24.0,24.25,15.67,15.65,15.65,15.72,11.21,11.2,11.2,11.22,8.65,8.65,8.65,8.67,6.79,6.79,6.79,6.79,5.3,5.3,5.3,5.31,3.95,3.95,3.95,3.95
fragment_02520,11,25.4,25.35,25.29,26.97,20.44,20.44,20.07,22.74,16.83,16.94,15.77,19.68,13.66,13.76,12.63,16.52,11.12,11.16,10.52,12.53,8.57,8.58,8.28,8.86,6.09,6.09,6.09,6.1
fragment_02521,1,29.79,29.79,29.79,29.79,23.23,23.23,23.23,23.23,17.78,17.78,17.78,17.78,12.81,12.81,12.81,12.81,9.33,9.33,9.33,9.33,6.6,6.6,6.6,6.6,4.55,4.55,4.55,4.55
fragment_02522,1,30.56,30.56,30.56,30.56,25.52,25.52,25.52,25.52,19.76,19.76,19.76,19.76,13.94,13.94,13.94,13.94,9.09,9.09,9.09,9.09,6.04,6.04,6.04,6.04,4.15,4.15,4.15,4.15
fragment_02523,10,27.83,27.73,27.72,28.06,19.29,18.77,18.65,20.58,12.54,12.09,11.43,14.14,8.32,8.32,7.49,8.97,5.49,5.54,5.22,5.56,3.62,3.62,3.61,3.62,2.48,2.48,2.48,2.48
fragment_02524,32,28.27,28.3,28.04,28.81,21.83,21.76,20.51,22.54,15.39,15.55,13.17,16.12,11.02,11.31,9.09,11.47,7.27,7.35,6.5,7.35,4.78,4.78,4.72,4.79,3.29,3.29,3.28,3.29
fragment_02525,7,30.49,30.42,30.27,31.22,24.5,24.4,24.4,28.52,18.1,17.99,17.99,23.03,13.8,13.74,13.63,16.61,10.02,9.99,9.88,11.56,7.45,7.44,7.38,7.74,5.31,5.31,5.3,5.32
fragment_02526,6,27.95,27.92,27.8,28.01,19.34,19.31,19.21,19.38,12.43,12.41,11.88,12.48,8.37,8.35,8.17,8.39,6.36,6.35,6.15,6.38,5.13,5.12,4.96,5.14,4.17,4.16,4.08,4.18
fragment_02527,2,27.44,27.43,27.43,27.44,19.42,19.42,19.42,19.42,13.21,13.22,13.21,13.22,9.85,9.85,9.85,9.85,7.64,7.64,7.64,7.64,5.74,5.74,5.74,5.74,4.35,4.35,4.35,4.35
fragment_02528,11,28.67,28.59,28.52,29.33,23.38,23.12,23.07,25.83,16.74,16.46,16.45,19.62,12.06,11.9,11.9,13.82,8.76,8.67,8.67,9.75,6.45,6.43,6.43,6.57,4.51,4.51,4.51,4.51
fragment_02529,10,28.15,28.16,28.11,28.62,20.09,20.0,19.99,21.74,13.21,12.78,12.78,14.56,9.82,9.47,9.39,10.7,7.91,7.56,7.42,8.67,6.55,6.27,6.14,7.19,5.46,5.3,5.15,5.88
fragment_02530,7,28.02,28.01,27.98,28.03,20.36,20.35,20.33,20.37,14.39,14.39,14.38,14.39,10.4,10.44,10.06,10.44,8.77,8.83,8.11,8.84,7.74,7.79,6.97,7.8,6.28,6.32,5.66,6.33
fragment_02531,3,31.54,31.46,31.46,32.48,26.76,26.7,26.7,27.37,21.16,21.15,21.15,21.3,15.97,15.97,15.9,15.97,11.29,11.3,11.26,11.3,7.61,7.61,7.61,7.61,5.23,5.23,5.23,5.23
fragment_02532,4,28.15,28.15,28.14,28.82,20.02,20.01,20.01,21.9,12.83,12.83,12.83,14.1,9.13,9.13,9.13,9.99,6.99,6.96,6.96,7.57,5.69,5.57,5.57,6.03,4.7,4.51,4.51,4.99
fragment_02533,31,28.3,28.35,27.92,28.55,21.56,21.27,21.07,24.05,16.94,16.52,16.44,20.24,12.65,12.17,12.15,15.79,9.63,9.34,9.3,11.44,7.22,7.14,7.09,7.54,5.17,5.17,5.15,5.18
fragment_02534,2,27.81,27.82,27.81,27.82,24.21,24.21,24.21,24.21,18.96,18.96,18.96,18.96,13.53,13.53,13.53,13.53,9.5,9.5,9.5,9.5,7.2,7.2,7.2,7.2,5.56,5.56,5.56,5.56
fragment_02535,1,30.85,30.85,30.85,30.85,28.45,28.45,28.45,28.45,24.99,24.99,24.99,24.99,19.6,19.6,19.6,19.6,13.66,13.66,13.66,13.66,8.96,8.96,8.96,8.96,6.15,6.15,6.15,6.15
fragment_02536,4,26.76,26.77,25.72,26.77,22.91,22.92,21.97,22.92,18.3,18.3,17.93,18.3,14.45,14.45,14.27,14.45,11.22,11.22,11.19,11.22,7.94,7.94,7.94,7.94,5.49,5.49,5.49,5.5
fragment_02537,6,28.24,28.27,28.19,28.27,21.32,21.34,21.29,21.34,15.08,15.08,15.07,15.08,10.78,10.78,10.78,10.78,8.53,8.54,8.53,8.54,6.33,6.33,6.33,6.34,4.47,4.47,4.46,4.47
fragment_02538,18,28.71,28.68,28.44,29.18,23.04,23.38,21.68,23.58,17.06,17.48,15.94,18.05,13.47,13.77,12.84,13.93,10.3,10.45,9.68,10.45,7.13,7.15,7.03,7.16,4.91,4.92,4.91,4.92
fragment_02539,1,29.08,29.08,29.08,29.08,24.51,24.51,24.51,24.51,19.41,19.41,19.41,19.41,14.5,14.5,14.5,14.5,10.27,10.27,10.27,10.27,6.99,6.99,6.99,6.99,4.81,4.81,4.81,4.81
fragment_02540,15,31.44,31.32,30.91,31.94,28.11,28.11,27.16,29.78,22.79,23.15,21.56,24.04,15.7,16.06,14.76,16.22,9.9,9.92,9.77,9.95,6.46,6.46,6.45,6.48,4.44,4.44,4.43,4.45
fragment_02541,4,27.95,27.96,27.94,27.96,21.89,21.9,21.84,21.91,16.39,16.4,16.35,16.41,13.02,13.02,13.02,13.03,9.89,9.88,9.88,9.94,7.06,7.06,7.06,7.09,4.87,4.87,4.87,4.87
fragment_02542,7,33.38,33.33,33.24,33.72,29.97,29.69,29.68,32.24,20.49,20.21,20.02,23.19,13.14,13.08,12.96,13.88,8.39,8.39,8.38,8.41,5.46,5.46,5.46,5.47,3.75,3.75,3.75,3.76
fragment_02543,6,29.33,29.52,28.56,29.52,25.66,25.21,25.2,26.84,20.01,19.37,19.37,21.41,15.22,15.02,15.01,15.69,10.64,10.56,10.56,10.8,7.49,7.45,7.45,7.57,5.37,5.37,5.37,5.38
fragment_02544,11,28.32,28.31,27.99,28.73,22.36,22.23,20.83,25.38,16.62,16.38,15.33,20.79,12.8,12.44,12.44,17.3,10.33,10.04,10.04,13.56,8.41,8.29,8.29,9.65,6.48,6.46,6.46,6.65
fragment_02545,1,29.45,29.45,29.45,29.45,23.84,23.84,23.84,23.84,18.29,18.29,18.29,18.29,12.78,12.78,12.78,12.78,9.46,9.46,9.46,9.46,6.98,6.98,6.98,6.98,5.24,5.24,5.24,5.24
fragment_02546,4,30.39,30.38,30.38,30.41,24.72,24.73,24.7,24.74,17.94,17.96,17.91,17.98,12.32,12.6,12.03,12.6,9.48,9.85,9.08,9.85,7.52,7.81,7.12,7.81,5.75,5.86,5.58,5.86
fragment_02547,4,27.93,27.92,27.92,27.95,19.37,19.36,19.35,19.38,14.04,14.05,14.02,14.05,10.59,10.61,10.57,10.61,7.27,7.27,7.26,7.27,4.76,4.76,4.76,4.76,3.27,3.27,3.27,3.27
fragment_02548,2,30.36,30.38,30.24,30.38,24.68,24.53,24.53,25.7,17.62,17.39,17.39,19.12,11.75,11.72,11.72,11.94,7.24,7.24,7.24,7.24,4.71,4.71,4.71,4.71,3.24,3.24,3.24,3.24
fragment_02549,4,27.74,27.75,27.71,27.78,24.13,24.15,24.1,24.19,18.91,18.92,18.87,18.96,13.5,13.51,13.5,13.51,9.38,9.38,9.38,9.4,7.06,7.06,7.06,7.07,5.54,5.51,5.51,5.61
fragment_02550,1,29.91,29.91,29.91,29.91,24.09,24.09,24.09,24.09,17.86,17.86,17.86,17.86,11.8,11.8,11.8,11.8,7.97,7.97,7.97,7.97,5.58,5.58,5.58,5.58,3.84,3.84,3.84,3.84
fragment_02551,2,28.73,28.74,28.71,28.74,21.14,21.13,21.13,21.15,15.08,15.09,15.05,15.09,11.71,11.72,11.69,11.72,8.98,8.98,8.96,8.98,6.72,6.72,6.71,6.72,4.92,4.92,4.92,4.92
fragment_02552,20,28.57,28.46,28.18,30.9,25.0,25.21,22.33,28.39,20.06,20.52,16.5,22.56,15.0,15.45,11.79,15.65,10.19,10.32,8.89,10.57,6.89,6.91,6.64,6.92,4.75,4.75,4.74,4.75
fragment_02553,1,28.13,28.13,28.13,28.13,21.76,21.76,21.76,21.76,16.04,16.04,16.04,16.04,12.09,12.09,12.09,12.09,9.33,9.33,9.33,9.33,7.17,7.17,7.17,7.17,5.51,5.51,5.51,5.51
fragment_02554,1,29.5,29.5,29.5,29.5,23.32,23.32,23.32,23.32,15.04,15.04,15.04,15.04,8.54,8.54,8.54,8.54,5.17,5.17,5.17,5.17,3.37,3.37,3.37,3.37,2.31,2.31,2.31,2.31
fragment_02555,2,25.27,25.27,25.27,25.27,19.08,19.08,19.08,19.11,13.29,13.29,13.24,13.29,9.22,9.22,9.19,9.22,6.03,6.03,6.03,6.03,3.93,3.93,3.92,3.93,2.7,2.7,2.7,2.7
fragment_02556,15,30.78,30.74,30.61,31.82,26.91,27.08,26.21,29.61,21.07,21.37,19.75,22.59,15.22,15.41,14.36,15.73,9.99,10.0,9.86,10.02,6.51,6.51,6.5,6.52,4.47,4.47,4.47,4.48
fragment_02557,1,29.82,29.82,29.82,29.82,23.12,23.12,23.12,23.12,17.4,17.4,17.4,17.4,13.31,13.31,13.31,13.31,9.43,9.43,9.43,9.43,6.73,6.73,6.73,6.73,4.9,4.9,4.9,4.9
fragment_02558,2,28.81,28.81,28.81,28.82,21.7,21.7,21.7,21.71,15.16,15.15,15.15,15.16,11.06,11.05,11.05,11.08,8.12,8.12,8.12,8.14,6.03,6.03,6.03,6.03,4.22,4.22,4.22,4.22
fragment_02559,6,28.66,28.56,28.56,29.26,23.55,23.1,23.1,25.66,16.88,16.33,16.33,19.43,12.02,11.7,11.7,13.55,8.77,8.53,8.53,9.86,6.73,6.57,6.57,7.49,5.29,5.21,5.21,5.65
fragment_02560,7,30.42,30.43,29.89,30.43,24.63,24.66,23.86,24.67,19.35,19.57,18.51,19.57,14.9,15.23,14.13,15.24,10.43,10.62,10.0,10.62,6.98,6.98,6.94,6.98,4.79,4.79,4.79,4.79
fragment_02561,1,30.63,30.63,30.63,30.63,26.27,26.27,26.27,26.27,21.82,21.82,21.82,21.82,18.17,18.17,18.17,18.17,14.19,14.19,14.19,14.19,10.37,10.37,10.37,10.37,7.27,7.27,7.27,7.27
fragment_02562,7,27.94,27.91,27.73,28.01,19.36,19.35,19.19,19.42,12.45,12.47,11.94,12.53,8.59,8.57,8.57,8.63,6.72,6.71,6.64,6.76,5.5,5.5,5.36,5.53,4.49,4.5,4.37,4.51
fragment_02563,6,27.99,27.93,27.93,28.53,20.12,20.14,19.76,20.18,14.15,14.2,13.56,14.23,10.87,10.91,10.37,10.95,8.86,9.01,8.23,9.01,7.18,7.31,6.81,7.31,5.83,5.89,5.73,5.89
fragment_02564,23,30.74,30.69,30.48,31.67,25.68,25.8,24.67,29.28,19.02,19.25,17.99,22.33,13.18,13.35,12.73,13.75,8.31,8.31,8.29,8.33,5.41,5.41,5.4,5.42,3.72,3.72,3.71,3.73
fragment_02565,2,25.12,25.05,25.05,25.23,18.18,18.29,18.03,18.29,12.99,13.38,12.45,13.38,8.3,8.37,8.22,8.37,5.07,5.07,5.06,5.07,3.3,3.3,3.3,3.3,2.27,2.27,2.26,2.27
fragment_02566,9,26.21,26.22,25.69,26.23,21.44,21.45,20.83,21.46,16.48,16.49,16.21,16.67,12.88,12.89,12.68,13.23,10.14,10.14,9.91,10.46,7.56,7.57,7.44,7.77,5.4,5.4,5.39,5.4
fragment_02567,58,29.25,29.24,28.84,29.63,24.23,24.91,23.48,25.28,19.92,21.33,18.3,22.05,14.95,16.54,12.56,17.03,10.77,11.71,9.05,12.16,7.95,8.34,6.93,8.37,5.71,5.75,5.41,5.76
fragment_02568,1,27.1,27.1,27.1,27.1,22.85,22.85,22.85,22.85,17.77,17.77,17.77,17.77,13.16,13.16,13.16,13.16,9.49,9.49,9.49,9.49,6.34,6.34,6.34,6.34,4.36,4.36,4.36,4.36
fragment_02569,25,28.46,28.45,28.1,29.61,20.93,20.65,20.61,25.58,16.01,15.41,14.9,21.08,12.31,11.87,10.98,14.84,8.71,8.71,7.71,9.19,5.9,5.97,5.55,5.99,4.1,4.1,4.07,4.11
fragment_02570,1,27.02,27.02,27.02,27.02,22.82,22.82,22.82,22.82,16.94,16.94,16.94,16.94,12.21,12.21,12.21,12.21,9.42,9.42,9.42,9.42,7.02,7.02,7.02,7.02,4.95,4.95,4.95,4.95
fragment_02571,16,27.77,27.74,27.66,27.95,21.04,21.37,19.31,21.48,15.64,15.93,13.93,15.93,12.7,12.86,11.36,12.87,10.2,10.24,8.78,10.25,8.0,8.03,7.13,8.04,5.99,6.02,5.58,6.02
fragment_02572,2,28.52,28.51,28.51,28.55,20.6,20.59,20.59,20.63,14.8,14.81,14.77,14.81,11.47,11.48,11.45,11.48,8.83,8.84,8.82,8.84,6.59,6.59,6.58,6.59,4.94,4.94,4.94,4.94
fragment_02573,2,27.44,27.44,27.44,27.45,19.42,19.41,19.41,19.42,13.22,13.21,13.21,13.22,9.85,9.85,9.85,9.85,7.64,7.64,7.64,7.64,5.77,5.77,5.77,5.77,4.41,4.41,4.41,4.41
fragment_02574,2,27.59,27.59,27.05,27.59,22.0,22.01,21.45,22.01,15.99,15.99,15.99,16.02,11.47,11.47,11.47,11.51,7.42,7.42,7.42,7.42,4.83,4.83,4.83,4.83,3.32,3.32,3.32,3.32
fragment_02575,25,28.23,28.25,28.0,29.49,22.2,22.88,20.62,25.35,16.66,17.64,14.38,18.76,13.74,14.92,11.35,15.0,11.18,12.19,9.09,12.19,8.62,9.15,7.56,9.15,6.24,6.32,5.97,6.33
fragment_02576,19,27.61,27.62,27.43,27.8,23.79,23.76,23.69,25.98,16.27,16.41,15.56,18.88,11.62,11.96,10.48,12.63,8.4,8.72,7.38,8.74,5.83,5.93,5.34,5.94,4.06,4.07,3.97,4.08
fragment_02577,4,28.55,28.54,28.41,28.56,23.44,23.15,23.15,25.13,17.54,17.26,17.26,19.36,13.67,13.52,13.52,14.88,10.4,10.37,10.37,11.24,7.81,7.79,7.79,8.08,5.62,5.62,5.61,5.63
fragment_02578,16,27.82,27.66,27.66,28.61,22.85,22.81,22.34,24.03,16.99,16.95,16.23,18.26,13.04,13.25,12.51,13.52,9.51,9.71,9.07,9.8,6.59,6.6,6.53,6.62,4.54,4.54,4.54,4.55
fragment_02579,1,28.64,28.64,28.64,28.64,21.29,21.29,21.29,21.29,14.08,14.08,14.08,14.08,8.61,8.61,8.61,8.61,5.22,5.22,5.22,5.22,3.4,3.4,3.4,3.4,2.33,2.33,2.33,2.33
fragment_02580,7,29.56,29.58,28.97,29.72,27.83,27.91,26.59,27.91,23.42,23.48,22.08,23.48,18.3,18.3,18.05,18.55,13.83,13.82,13.79,14.2,9.88,9.87,9.85,10.03,6.94,6.94,6.94,6.94
fragment_02581,5,30.69,30.7,30.61,31.31,26.72,26.8,26.59,27.04,20.71,20.94,20.11,20.94,15.01,15.18,14.44,15.18,10.14,10.21,10.01,10.22,6.67,6.67,6.66,6.67,4.58,4.58,4.58,4.59
fragment_02582,2,28.46,28.45,28.45,28.48,20.58,20.57,20.57,20.6,14.69,14.69,14.66,14.69,11.39,11.39,11.36,11.39,8.94,8.94,8.93,8.94,6.84,6.84,6.83,6.84,5.39,5.39,5.38,5.39
fragment_02583,8,23.86,23.91,23.55,24.08,18.59,18.35,18.07,20.46,15.65,15.36,15.24,18.57,11.69,11.4,11.31,13.98,8.73,8.54,8.47,10.08,6.58,6.5,6.47,7.14,4.9,4.85,4.83,5.14
fragment_02584,6,27.96,27.92,27.8,28.03,19.33,19.28,19.21,19.36,12.42,12.37,11.88,12.47,8.36,8.33,8.17,8.39,6.36,6.33,6.15,6.38,5.13,5.11,4.96,5.14,4.17,4.15,4.09,4.18
fragment_02585,5,28.37,28.36,28.32,29.71,20.14,20.08,20.08,24.53,13.36,13.29,13.1,17.92,9.79,9.75,9.45,12.84,7.18,7.15,7.09,8.95,5.5,5.49,5.49,6.01,4.09,4.09,4.09,4.13
fragment_02586,3,25.96,26.01,25.61,26.01,21.14,21.21,20.74,21.21,16.15,16.17,16.01,16.17,12.7,12.72,12.6,12.72,9.69,9.69,9.66,9.69,6.54,6.54,6.54,6.54,4.49,4.49,4.49,4.49
fragment_02587,22,28.21,28.23,27.99,28.99,22.07,22.24,20.54,24.49,15.85,15.8,14.11,17.8,12.4,12.16,10.74,14.66,10.01,9.78,8.84,11.81,8.03,7.97,7.3,8.81,6.02,6.05,5.78,6.08
fragment_02588,2,29.8,29.64,29.64,29.98,22.65,22.2,22.2,23.19,15.79,15.23,15.23,16.46,11.72,11.27,11.27,12.24,8.9,8.71,8.71,9.12,6.34,6.3,6.3,6.38,4.39,4.39,4.39,4.39
fragment_02589,2,30.95,30.95,30.61,30.95,26.11,26.11,26.11,26.84,19.88,19.88,19.88,21.48,14.54,14.54,14.54,15.46,10.48,10.48,10.48,11.13,7.86,7.86,7.86,8.21,5.88,5.88,5.88,5.98
fragment_02590,2,29.62,29.56,29.56,30.49,23.47,23.35,23.35,25.18,16.1,15.97,15.97,18.04,10.87,10.84,10.84,11.36,6.96,6.96,6.96,6.96,4.53,4.53,4.53,4.53,3.11,3.11,3.11,3.11
fragment_02591,11,28.76,28.77,28.63,28.77,21.65,21.65,21.54,21.65,15.24,15.24,15.21,15.31,11.95,11.95,11.51,11.95,9.51,9.51,8.79,9.51,7.34,7.34,6.9,7.34,5.43,5.43,5.34,5.43
fragment_02592,10,28.34,28.13,28.13,30.49,23.18,22.84,22.7,26.67,18.3,18.17,17.43,22.38,14.63,14.68,13.28,17.59,11.38,11.47,10.58,12.48,8.26,8.29,7.99,8.57,5.9,5.92,5.83,5.95
fragment_02593,13,28.82,28.87,28.76,28.87,21.69,21.71,21.66,21.71,15.58,15.55,15.44,15.74,11.95,11.89,11.78,12.14,8.74,8.77,8.68,8.77,6.41,6.53,6.27,6.53,4.57,4.59,4.55,4.59
fragment_02594,13,28.24,28.15,28.06,28.94,21.22,21.72,20.73,23.76,15.92,16.67,15.13,18.23,11.37,11.91,10.47,12.0,7.32,7.34,7.13,7.35,4.78,4.78,4.78,4.79,3.28,3.28,3.28,3.29
fragment_02595,1,30.67,30.67,30.67,30.67,24.79,24.79,24.79,24.79,18.25,18.25,18.25,18.25,12.75,12.75,12.75,12.75,9.32,9.32,9.32,9.32,6.96,6.96,6.96,6.96,5.02,5.02,5.02,5.02
fragment_02596,6,33.96,33.97,33.31,33.99,32.61,32.56,32.56,34.3,26.85,26.75,26.75,30.37,19.02,18.93,18.93,22.32,13.15,13.09,13.09,15.17,9.55,9.52,9.52,10.5,7.02,7.0,7.0,7.46
fragment_02597,9,27.65,27.65,27.63,28.54,18.77,18.78,18.71,20.15,12.21,12.25,12.0,12.89,8.7,8.86,8.29,9.19,6.47,6.61,6.16,6.76,4.53,4.56,4.49,4.57,3.14,3.14,3.13,3.14
fragment_02598,2,30.09,30.07,30.07,30.1,24.54,24.53,24.53,24.55,18.79,18.79,18.79,18.79,13.2,13.2,13.2,13.2,8.96,8.96,8.96,8.96,6.4,6.4,6.4,6.4,4.47,4.47,4.47,4.47
fragment_02599,15,28.3,28.36,27.42,28.54,21.56,21.24,21.04,23.37,16.95,16.45,16.38,19.59,12.36,11.9,11.86,14.36,8.7,8.59,8.56,8.96,5.82,5.82,5.82,5.83,4.0,4.0,4.0,4.01
fragment_02600,10,27.93,27.95,27.89,27.97,19.36,19.38,19.35,19.41,14.06,14.07,14.03,14.07,10.82,10.82,10.8,10.85,8.36,8.36,8.35,8.5,6.33,6.33,6.33,6.38,4.43,4.43,4.43,4.44
fragment_02601,2,31.12,31.12,31.12,31.12,26.77,26.77,26.77,26.78,21.52,21.52,21.52,21.52,15.02,15.01,15.01,15.02,9.75,9.75,9.75,9.76,6.35,6.35,6.35,6.35,4.36,4.36,4.36,4.36
fragment_02602,8,28.43,28.46,28.33,28.51,23.12,23.14,23.05,25.16,16.93,17.09,16.67,18.91,12.44,12.78,11.93,14.21,8.52,8.83,8.06,9.02,5.8,5.87,5.68,5.88,4.03,4.04,4.03,4.04
fragment_02603,10,28.71,28.79,28.24,29.06,21.73,22.1,20.46,24.49,16.5,16.9,15.32,19.76,12.88,12.93,12.33,15.41,10.0,9.97,9.7,11.41,7.46,7.45,7.35,7.76,5.32,5.32,5.31,5.33
fragment_02604,49,28.22,28.23,28.02,28.84,21.51,21.54,20.68,23.48,15.18,14.94,14.14,17.55,11.61,11.27,10.63,14.25,8.83,8.89,7.85,10.23,6.44,6.57,5.84,6.76,4.6,4.63,4.44,4.65
fragment_02605,6,29.73,29.72,29.72,30.17,23.16,23.16,23.16,25.59,16.57,16.57,16.57,19.14,12.07,12.07,12.07,12.68,7.81,7.81,7.8,7.82,5.08,5.08,5.08,5.09,3.49,3.49,3.49,3.5
fragment_02606,2,28.52,28.53,28.48,28.53,20.98,20.98,20.98,20.99,14.83,14.84,14.79,14.84,10.87,10.88,10.85,10.88,7.09,7.09,7.09,7.09,4.61,4.62,4.61,4.62,3.17,3.17,3.17,3.17
fragment_02607,11,28.59,28.53,28.23,30.15,23.98,24.24,22.92,26.94,18.44,18.57,17.17,20.24,13.42,13.35,12.56,13.94,8.97,8.95,8.89,9.05,5.88,5.88,5.88,5.89,4.04,4.04,4.04,4.05
fragment_02608,2,28.33,28.36,28.23,28.36,20.48,20.49,20.4,20.49,14.51,14.5,14.5,14.52,10.72,10.71,10.71,10.74,8.07,8.07,8.07,8.08,6.12,6.12,6.12,6.13,4.7,4.7,4.7,4.7
fragment_02609,1,29.8,29.8,29.8,29.8,23.17,23.17,23.17,23.17,16.41,16.41,16.41,16.41,11.76,11.76,11.76,11.76,8.8,8.8,8.8,8.8,6.55,6.55,6.55,6.55,4.58,4.58,4.58,4.58
fragment_02610,9,28.76,28.76,28.69,28.77,21.64,21.65,21.61,21.65,15.05,15.05,15.04,15.06,10.62,10.62,10.62,10.62,7.27,7.27,7.27,7.27,5.23,5.23,5.23,5.23,4.18,4.18,4.18,4.19
fragment_02611,1,27.12,27.12,27.12,27.12,22.87,22.87,22.87,22.87,17.79,17.79,17.79,17.79,13.17,13.17,13.17,13.17,9.49,9.49,9.49,9.49,6.34,6.34,6.34,6.34,4.36,4.36,4.36,4.36
fragment_02612,2,27.45,27.45,27.45,27.45,19.42,19.42,19.42,19.42,13.22,13.22,13.22,13.22,9.85,9.85,9.85,9.85,7.65,7.65,7.65,7.65,5.69,5.69,5.69,5.69,4.15,4.15,4.15,4.15
fragment_02613,25,27.76,27.7,27.7,28.3,19.01,18.69,18.69,21.97,12.75,11.98,11.98,16.24,9.35,8.48,8.48,11.69,7.04,6.4,6.4,8.37,5.36,5.08,5.08,5.73,3.92,3.89,3.89,3.94
fragment_02614,13,28.51,28.48,28.48,28.87,23.12,23.11,23.11,25.19,17.17,17.14,17.14,19.01,12.95,12.99,12.92,13.9,9.65,9.52,9.52,10.24,7.32,7.24,7.24,7.61,5.33,5.32,5.32,5.35
fragment_02615,20,27.37,27.38,27.34,27.38,18.86,18.86,18.84,18.86,12.86,12.86,12.85,12.93,10.47,10.49,10.27,10.7,8.67,8.68,8.43,8.9,6.6,6.61,6.48,6.75,4.73,4.73,4.73,4.73
fragment_02616,6,27.95,27.91,27.81,28.0,19.35,19.33,19.21,19.4,12.44,12.44,11.89,12.5,8.37,8.36,8.17,8.41,6.37,6.36,6.14,6.4,5.13,5.13,4.96,5.15,4.17,4.17,4.08,4.18
fragment_02617,1,30.13,30.13,30.13,30.13,24.3,24.3,24.3,24.3,18.29,18.29,18.29,18.29,12.99,12.99,12.99,12.99,8.98,8.98,8.98,8.98,6.02,6.02,6.02,6.02,4.14,4.14,4.14,4.14
fragment_02618,2,32.09,31.96,31.96,32.48,27.76,27.63,27.63,28.14,18.72,18.58,18.58,19.17,11.52,11.52,11.52,11.54,6.99,6.99,6.99,6.99,4.55,4.55,4.55,4.55,3.13,3.13,3.13,3.13
fragment_02619,1,30.05,30.05,30.05,30.05,23.58,23.58,23.58,23.58,17.74,17.74,17.74,17.74,13.83,13.83,13.83,13.83,10.24,10.24,10.24,10.24,7.14,7.14,7.14,7.14,4.9,4.9,4.9,4.9
fragment_02620,6,30.2,30.21,30.18,30.21,24.39,24.42,24.38,24.42,19.21,19.77,18.86,19.77,15.11,15.75,14.53,15.75,11.53,12.06,10.91,12.06,8.49,8.72,8.09,8.72,6.02,6.04,5.96,6.04
fragment_02621,2,29.87,29.86,29.86,29.87,24.09,24.09,24.09,24.09,19.13,19.13,19.13,19.13,13.7,13.7,13.7,13.7,8.92,8.93,8.92,8.93,5.84,5.84,5.84,5.84,4.02,4.02,4.02,4.02
fragment_02622,3,29.82,29.82,29.78,29.82,23.03,23.03,23.0,23.03,16.4,16.4,16.28,16.4,13.02,13.03,12.76,13.03,10.31,10.32,10.01,10.32,7.25,7.25,7.23,7.25,5.0,5.0,5.0,5.0
fragment_02623,3,29.31,29.31,29.31,30.66,23.73,23.73,23.73,24.99,18.62,18.62,18.31,18.62,14.42,14.42,13.95,14.42,10.07,10.07,10.05,10.1,6.6,6.6,6.6,6.6,4.54,4.54,4.54,4.54
fragment_02624,13,28.69,28.56,28.18,29.56,22.97,22.6,22.49,26.1,17.1,16.58,16.5,20.05,12.12,11.8,11.66,13.21,7.96,7.93,7.88,8.05,5.22,5.22,5.22,5.24,3.59,3.59,3.59,3.6
fragment_02625,20,30.49,30.45,30.39,31.42,25.54,25.36,25.31,28.62,19.17,18.56,18.56,22.13,13.11,12.4,12.4,14.77,9.0,8.54,8.54,9.71,6.26,6.14,6.14,6.35,4.35,4.35,4.35,4.36
fragment_02626,4,28.19,28.19,28.19,28.82,20.04,20.04,20.04,21.88,12.84,12.86,12.82,14.1,9.15,9.17,9.12,10.0,6.99,6.99,6.99,7.58,5.71,5.65,5.65,6.04,4.77,4.69,4.69,5.05
fragment_02627,1,29.72,29.72,29.72,29.72,26.3,26.3,26.3,26.3,22.32,22.32,22.32,22.32,16.73,16.73,16.73,16.73,11.38,11.38,11.38,11.38,7.41,7.41,7.41,7.41,5.09,5.09,5.09,5.09
fragment_02628,2,26.78,26.76,26.76,26.82,23.17,23.1,23.1,23.33,17.81,17.68,17.68,18.12,13.08,12.95,12.95,13.4,9.93,9.86,9.86,10.1,7.16,7.14,7.14,7.2,5.05,5.05,5.05,5.05
fragment_02629,1,28.96,28.96,28.96,28.96,21.77,21.77,21.77,21.77,16.56,16.56,16.56,16.56,13.24,13.24,13.24,13.24,10.09,10.09,10.09,10.09,7.47,7.47,7.47,7.47,5.31,5.31,5.31,5.31
fragment_02630,6,27.95,27.92,27.76,28.01,19.38,19.35,19.2,19.43,12.47,12.47,11.94,12.53,8.59,8.58,8.56,8.63,6.72,6.71,6.63,6.75,5.51,5.5,5.35,5.53,4.45,4.44,4.36,4.46
fragment_02631,2,30.79,30.8,30.79,30.8,26.51,26.51,26.51,26.51,21.19,21.19,21.19,21.19,14.75,14.75,14.75,14.75,9.28,9.28,9.28,9.28,6.04,6.04,6.04,6.04,4.15,4.15,4.15,4.15
fragment_02632,2,27.43,27.45,27.42,27.45,19.43,19.44,19.42,19.44,13.2,13.2,13.19,13.2,9.67,9.67,9.67,9.67,7.39,7.39,7.39,7.39,5.56,5.56,5.56,5.56,4.25,4.25,4.25,4.25
fragment_02633,3,28.67,28.68,28.32,28.68,25.13,25.13,24.48,25.13,19.69,19.68,19.52,20.33,14.7,14.7,14.62,14.71,10.04,10.04,10.04,10.04,6.57,6.57,6.57,6.57,4.51,4.51,4.51,4.52
fragment_02634,7,29.98,29.98,29.69,30.73,23.23,23.07,23.0,25.69,15.33,15.06,15.06,18.03,10.29,10.17,10.17,11.1,6.69,6.68,6.68,6.73,4.37,4.36,4.36,4.38,3.0,3.0,3.0,3.01
fragment_02635,5,27.74,27.72,27.72,27.77,24.2,24.3,24.13,24.3,19.0,19.14,18.9,19.14,13.49,13.43,13.43,13.83,9.54,9.47,9.47,10.09,7.39,7.32,7.32,7.85,5.97,5.93,5.93,6.14
fragment_02636,2,28.44,28.44,28.44,28.45,20.58,20.57,20.57,20.6,14.59,14.59,14.59,14.59,10.88,10.88,10.88,10.9,8.18,8.18,8.18,8.19,6.13,6.13,6.13,6.14,4.35,4.35,4.35,4.35
fragment_02637,14,31.37,31.33,30.99,31.72,27.98,28.33,27.14,29.46,22.31,22.95,20.96,23.69,15.85,16.18,15.0,16.87,10.24,10.27,10.04,10.33,6.69,6.69,6.66,6.73,4.59,4.59,4.58,4.62
fragment_02638,8,24.86,24.89,24.33,24.89,18.86,18.97,18.21,19.22,13.68,13.83,13.01,14.21,8.26,8.28,8.21,8.28,5.01,5.02,5.01,5.02,3.26,3.27,3.26,3.27,2.24,2.24,2.24,2.24
fragment_02639,4,27.94,27.94,27.53,27.94,22.67,22.67,22.27,22.67,16.12,16.12,16.08,16.12,11.49,11.49,11.4,11.49,8.46,8.46,8.42,8.46,6.47,6.47,6.43,6.47,5.3,5.3,5.28,5.37
fragment_02640,1,30.53,30.53,30.53,30.53,24.47,24.47,24.47,24.47,18.29,18.29,18.29,18.29,14.51,14.51,14.51,14.51,10.9,10.9,10.9,10.9,7.57,7.57,7.57,7.57,5.2,5.2,5.2,5.2
fragment_02641,3,28.2,28.19,28.19,29.05,20.61,20.57,20.57,22.79,14.84,14.83,14.83,16.45,9.89,9.9,9.78,9.97,6.03,6.03,6.03,6.04,3.92,3.92,3.92,3.93,2.7,2.7,2.7,2.7
fragment_02642,11,28.47,28.43,28.43,28.64,23.08,23.06,23.06,25.18,16.71,16.62,16.62,18.79,12.06,11.92,11.92,13.3,8.4,8.19,8.19,9.46,6.08,5.94,5.94,6.35,4.35,4.33,4.33,4.36
fragment_02643,3,28.48,28.48,28.37,28.48,23.13,23.09,23.09,25.17,17.36,17.32,17.32,19.17,13.77,13.77,13.77,14.19,10.3,10.32,10.08,10.32,7.36,7.36,7.3,7.36,5.07,5.07,5.07,5.07
fragment_02644,2,26.02,26.02,25.78,26.02,21.35,21.35,21.1,21.35,15.83,15.84,15.59,15.84,11.59,11.59,11.41,11.59,8.2,8.2,8.16,8.2,5.49,5.49,5.48,5.49,3.77,3.77,3.77,3.77
fragment_02645,1,28.08,28.08,28.08,28.08,21.5,21.5,21.5,21.5,15.9,15.9,15.9,15.9,11.71,11.71,11.71,11.71,8.79,8.79,8.79,8.79,6.41,6.41,6.41,6.41,4.51,4.51,4.51,4.51
fragment_02646,2,29.73,29.73,29.72,29.73,23.19,23.2,23.19,23.2,16.42,16.42,16.42,16.42,11.39,11.39,11.39,11.39,7.93,7.93,7.92,7.93,5.85,5.85,5.85,5.85,4.45,4.45,4.45,4.45
fragment_02647,3,27.04,27.02,27.02,27.09,22.83,22.79,22.79,22.88,17.87,17.79,17.77,17.97,13.43,13.16,13.16,13.81,10.05,9.74,9.74,10.49,7.44,7.35,7.35,7.57,5.23,5.23,5.23,5.23
fragment_02648,5,25.38,25.37,24.9,26.19,20.47,20.43,20.38,23.74,17.51,17.5,17.44,21.26,14.31,14.33,13.89,16.94,10.77,10.77,10.58,12.25,8.01,8.02,7.89,8.38,5.75,5.75,5.74,5.76
fragment_02649,57,28.11,28.05,28.03,28.68,21.39,21.69,20.39,22.75,15.42,16.1,13.08,16.51,11.57,12.3,9.05,13.13,8.69,9.2,6.74,9.76,6.56,6.76,5.44,6.84,4.73,4.74,4.46,4.75
fragment_02650,2,28.51,28.53,28.34,28.53,20.53,20.55,20.41,20.55,14.61,14.61,14.61,14.62,11.21,11.2,11.2,11.25,8.33,8.33,8.33,8.35,5.76,5.76,5.76,5.76,3.97,3.97,3.97,3.97
fragment_02651,2,30.06,30.47,29.59,30.47,23.95,24.63,23.15,24.63,16.37,17.09,15.54,17.09,10.21,10.43,9.95,10.43,6.38,6.38,6.38,6.38,4.16,4.16,4.15,4.16,2.85,2.85,2.85,2.85
fragment_02652,2,28.86,28.86,28.85,28.86,21.73,21.73,21.72,21.73,15.24,15.24,15.24,15.26,11.18,11.18,11.18,11.21,8.44,8.43,8.43,8.45,6.71,6.7,6.7,6.72,5.17,5.17,5.17,5.18
fragment_02653,1,30.35,30.35,30.35,30.35,23.72,23.72,23.72,23.72,17.22,17.22,17.22,17.22,13.26,13.26,13.26,13.26,10.04,10.04,10.04,10.04,6.92,6.92,6.92,6.92,4.76,4.76,4.76,4.76
fragment_02654,10,28.4,28.55,28.08,28.98,21.89,22.24,20.7,23.97,17.5,17.82,15.99,19.55,12.96,13.08,11.83,13.29,8.14,8.15,8.07,8.15,5.3,5.3,5.29,5.31,3.64,3.64,3.64,3.65
fragment_02655,1,28.06,28.06,28.06,28.06,22.36,22.36,22.36,22.36,15.17,15.17,15.17,15.17,9.63,9.63,9.63,9.63,5.87,5.87,5.87,5.87,3.82,3.82,3.82,3.82,2.63,2.63,2.63,2.63
fragment_02656,1,29.72,29.72,29.72,29.72,23.16,23.16,23.16,23.16,16.57,16.57,16.57,16.57,11.96,11.96,11.96,11.96,8.39,8.39,8.39,8.39,5.65,5.65,5.65,5.65,3.88,3.88,3.88,3.88
fragment_02657,1,29.17,29.17,29.17,29.17,23.41,23.41,23.41,23.41,17.34,17.34,17.34,17.34,11.36,11.36,11.36,11.36,7.02,7.02,7.02,7.02,4.57,4.57,4.57,4.57,3.14,3.14,3.14,3.14
fragment_02658,2,29.96,29.95,29.95,30.25,25.43,25.43,25.43,25.46,20.9,20.91,20.66,20.91,15.45,15.45,15.41,15.45,10.0,10.0,10.0,10.0,6.51,6.51,6.51,6.51,4.47,4.47,4.47,4.47
fragment_02659,8,29.04,29.23,28.15,29.6,23.6,23.92,22.53,25.1,18.04,18.75,16.63,19.86,13.84,14.44,12.7,15.17,10.41,10.63,9.83,10.82,7.11,7.11,7.04,7.11,4.88,4.89,4.88,4.89
fragment_02660,6,28.05,28.05,27.86,28.11,21.21,20.85,20.85,22.22,16.73,16.09,16.08,18.64,12.45,11.77,11.75,14.38,9.24,8.8,8.79,10.46,6.99,6.82,6.81,7.41,5.09,5.08,5.08,5.1
fragment_02661,9,27.95,27.89,27.77,28.0,19.33,19.28,19.2,19.37,12.42,12.38,11.88,12.48,8.33,8.31,8.07,8.35,6.12,6.11,5.93,6.15,4.88,4.87,4.68,4.89,3.9,3.89,3.81,3.92
fragment_02662,4,28.5,28.52,28.22,28.52,23.54,23.56,23.31,23.56,18.78,18.77,18.77,18.9,13.55,13.55,13.49,13.55,8.57,8.57,8.57,8.57,5.58,5.58,5.58,5.58,3.83,3.83,3.83,3.83
fragment_02663,2,28.88,28.88,28.88,28.88,21.74,21.74,21.74,21.74,15.17,15.16,15.16,15.17,11.2,11.19,11.19,11.23,8.33,8.33,8.33,8.35,6.06,6.06,6.06,6.06,4.49,4.49,4.49,4.5
fragment_02664,7,28.3,28.27,28.04,30.05,21.32,20.66,20.66,25.5,15.55,14.87,14.61,19.04,12.46,12.05,11.93,14.71,10.07,9.87,9.86,11.62,7.84,7.76,7.69,8.56,5.83,5.82,5.81,5.91
fragment_02665,2,26.57,26.57,26.0,26.57,21.77,21.78,21.14,21.78,16.88,16.88,16.58,16.88,11.36,11.36,11.36,11.36,6.94,6.94,6.94,6.94,4.51,4.51,4.51,4.52,3.1,3.1,3.1,3.1
fragment_02666,11,30.79,31.04,30.37,31.76,25.74,25.55,25.16,28.33,19.65,19.6,18.88,21.78,14.2,14.34,13.8,15.07,9.47,9.48,9.44,9.53,6.19,6.19,6.18,6.2,4.25,4.25,4.24,4.26
fragment_02667,2,29.61,29.61,29.34,29.61,25.47,25.47,25.47,25.52,21.58,21.58,21.58,21.75,16.3,16.3,16.09,16.3,11.61,11.61,11.32,11.61,7.78,7.78,7.77,7.78,5.34,5.34,5.34,5.34
fragment_02668,13,26.39,26.38,25.71,26.53,19.64,19.58,19.58,21.91,13.7,13.58,13.58,16.9,10.32,10.18,10.18,12.46,8.19,8.09,8.0,9.39,6.34,6.3,6.26,6.73,4.62,4.62,4.62,4.63
fragment_02669,25,28.3,28.01,27.99,28.67,20.54,21.21,19.78,22.13,15.46,16.81,14.1,16.81,11.84,12.82,10.65,12.83,8.65,9.03,7.85,9.03,5.87,5.89,5.69,5.89,4.04,4.04,4.04,4.05
fragment_02670,3,26.26,26.26,26.26,26.32,19.5,19.5,19.5,19.61,13.38,13.37,13.37,13.55,10.29,10.28,10.28,10.6,7.98,7.96,7.96,8.54,6.47,6.45,6.45,6.96,5.51,5.5,5.41,5.74
fragment_02671,22,28.16,28.07,28.07,29.15,20.45,20.21,20.21,23.93,14.87,14.45,14.2,18.51,10.78,10.38,10.07,13.23,8.12,7.9,7.7,9.37,5.98,5.93,5.92,6.13,4.2,4.2,4.2,4.21
fragment_02672,2,27.93,27.93,27.51,27.93,22.71,22.71,22.28,22.71,16.1,16.1,16.08,16.1,11.27,11.27,11.19,11.27,8.31,8.31,8.3,8.31,6.41,6.41,6.4,6.41,5.11,5.11,5.1,5.11
fragment_02673,15,31.54,31.44,31.09,32.0,27.74,27.24,27.24,30.22,22.25,21.93,21.8,24.89,15.41,15.47,14.71,16.16,9.9,9.93,9.75,9.95,6.46,6.46,6.45,6.48,4.44,4.44,4.43,4.45
fragment_02674,15,28.55,28.5,28.13,29.43,22.86,22.33,22.33,25.12,16.83,16.19,15.66,18.65,11.51,11.14,10.53,12.09,7.35,7.35,7.2,7.37,4.79,4.79,4.79,4.8,3.29,3.29,3.29,3.3
fragment_02675,2,29.61,29.41,29.41,30.07,22.99,22.49,22.49,24.18,15.81,15.24,15.24,17.15,11.36,10.92,10.92,12.41,8.49,8.29,8.29,8.95,6.1,6.06,6.06,6.21,4.27,4.27,4.27,4.27
fragment_02676,27,28.58,28.83,27.98,28.96,23.01,24.26,20.37,24.29,16.64,17.81,13.49,18.52,11.84,12.29,10.08,13.58,8.3,8.36,7.3,8.73,5.66,5.68,5.34,5.69,3.9,3.9,3.89,3.91
fragment_02677,3,28.54,28.58,28.5,28.58,20.65,20.67,20.62,20.67,14.58,14.58,14.58,14.58,11.11,11.1,11.1,11.11,8.51,8.51,8.51,8.51,5.93,5.93,5.93,5.93,4.11,4.11,4.11,4.11
fragment_02678,2,27.82,27.82,27.82,27.82,26.18,26.18,26.18,26.18,20.05,20.05,20.05,20.05,14.31,14.31,14.31,14.31,10.12,10.12,10.12,10.12,6.75,6.76,6.75,6.76,4.64,4.64,4.64,4.64
fragment_02679,12,31.25,30.99,30.99,32.15,27.48,27.47,26.2,29.61,21.43,21.61,20.31,23.28,14.21,14.25,14.11,14.33,8.66,8.66,8.65,8.69,5.64,5.63,5.63,5.65,3.87,3.87,3.87,3.88
fragment_02680,28,30.74,30.74,30.28,31.45,24.97,24.83,24.13,27.58,17.96,17.79,17.33,21.35,12.95,13.2,12.16,14.7,9.11,9.45,8.42,9.65,6.23,6.27,6.07,6.3,4.31,4.31,4.31,4.33
fragment_02681,2,27.4,27.4,27.4,27.4,26.15,26.11,26.11,26.2,22.82,22.79,22.79,22.85,17.82,17.81,17.81,17.84,12.66,12.66,12.66,12.66,8.46,8.46,8.46,8.46,5.81,5.81,5.81,5.81
fragment_02682,2,27.25,27.25,27.25,27.25,19.72,19.72,19.71,19.72,13.17,13.17,13.17,13.17,7.96,7.96,7.96,7.96,4.82,4.82,4.82,4.82,3.14,3.14,3.14,3.14,2.16,2.16,2.16,2.16
fragment_02683,20,30.14,30.17,30.07,30.61,24.1,24.12,24.04,25.16,17.02,16.98,16.96,18.45,12.47,12.11,12.02,14.33,9.74,9.35,9.09,11.57,8.31,7.85,7.49,9.75,6.66,6.26,5.98,7.34
fragment_02684,8,28.01,27.79,27.79,28.52,20.07,18.8,18.8,22.2,14.66,12.98,12.94,17.32,11.52,10.34,10.29,13.38,9.06,8.24,8.18,10.29,7.22,6.74,6.69,7.94,5.64,5.48,5.45,5.87
fragment_02685,4,30.61,30.6,30.6,31.28,26.56,26.53,26.21,27.61,20.37,20.35,19.85,21.15,12.76,12.76,12.76,12.86,7.78,7.78,7.78,7.8,5.06,5.06,5.06,5.08,3.48,3.48,3.48,3.49
fragment_02686,10,28.0,27.78,27.78,28.56,20.07,18.8,18.8,22.27,14.66,12.94,12.91,17.37,11.51,10.3,10.27,13.42,8.98,8.17,8.14,10.19,7.03,6.58,6.55,7.71,5.36,5.24,5.22,5.52
fragment_02687,8,28.02,28.0,27.79,28.59,20.01,19.84,19.83,22.85,15.13,14.93,14.93,18.78,11.29,11.14,11.14,13.92,8.54,8.42,8.42,10.17,6.6,6.53,6.53,7.04,4.83,4.83,4.83,4.84
fragment_02688,2,29.65,29.44,29.44,29.87,22.53,21.94,21.94,23.14,15.14,14.66,14.66,15.63,9.72,9.63,9.63,9.82,6.02,6.02,6.02,6.02,3.92,3.92,3.92,3.92,2.69,2.69,2.69,2.69
fragment_02689,9,28.01,27.99,27.94,28.62,20.17,20.22,19.62,20.22,13.61,13.63,12.69,13.81,9.2,9.21,8.38,9.38,6.72,6.71,6.3,6.79,5.42,5.42,5.06,5.49,4.47,4.48,4.13,4.53
fragment_02690,3,27.0,27.0,27.0,27.02,22.77,22.77,22.77,22.8,17.62,17.62,17.62,17.86,13.03,13.02,13.02,13.52,9.56,9.55,9.55,10.19,7.11,7.1,7.1,7.3,5.05,5.05,5.05,5.05
fragment_02691,3,28.11,28.1,28.1,28.15,21.66,21.65,21.65,21.7,16.64,16.68,16.5,16.68,13.97,14.01,13.85,14.01,11.69,11.71,11.62,11.71,8.48,8.49,8.45,8.49,5.83,5.83,5.83,5.83
fragment_02692,16,33.85,33.91,33.4,34.46,31.04,31.23,29.92,33.39,21.72,21.8,20.83,23.66,13.28,13.28,13.25,13.36,8.08,8.09,8.06,8.09,5.26,5.26,5.25,5.27,3.61,3.62,3.6,3.62
fragment_02693,35,27.65,27.68,27.43,27.85,23.92,23.78,23.7,26.27,16.61,16.64,15.55,19.68,12.08,12.35,10.49,14.21,8.94,9.22,7.45,9.76,6.33,6.44,5.57,6.45,4.42,4.43,4.27,4.44
fragment_02694,3,30.63,30.63,30.63,31.69,25.97,25.96,25.96,28.65,19.91,19.91,19.91,22.98,14.36,14.36,14.36,15.04,9.44,9.44,9.44,9.45,6.15,6.15,6.15,6.15,4.22,4.22,4.22,4.22
fragment_02695,3,30.63,30.63,30.63,31.69,25.97,25.97,25.97,28.62,19.91,19.91,19.91,22.95,14.36,14.36,14.36,15.03,9.44,9.44,9.44,9.45,6.15,6.15,6.14,6.15,4.22,4.22,4.22,4.22
fragment_02696,3,27.65,27.62,27.62,27.91,24.99,25.03,24.59,25.03,17.18,17.25,16.49,17.25,9.75,9.75,9.75,9.75,5.91,5.91,5.91,5.91,3.84,3.84,3.84,3.84,2.64,2.64,2.64,2.64
fragment_02697,2,29.58,29.65,29.47,29.65,22.33,22.6,21.94,22.6,15.06,15.32,14.71,15.32,10.48,10.69,10.19,10.69,7.89,8.04,7.69,8.04,6.12,6.22,5.98,6.22,4.83,4.88,4.75,4.88
fragment_02698,3,28.15,28.15,28.15,28.92,20.02,20.01,20.01,21.96,12.81,12.82,12.73,14.04,9.19,9.2,9.04,9.86,7.06,7.08,6.87,7.59,5.57,5.57,5.57,5.89,4.38,4.36,4.36,4.66
fragment_02699,7,28.38,28.37,28.08,28.64,23.03,23.0,23.0,24.87,16.76,16.69,16.69,18.69,12.61,12.45,12.45,13.96,9.48,9.33,9.33,10.48,7.15,7.08,7.08,7.62,5.23,5.22,5.22,5.33
fragment_02700,3,29.03,29.03,28.9,29.22,22.27,22.26,22.26,22.52,15.46,15.44,15.44,15.92,11.63,11.64,11.4,11.64,9.03,9.04,8.56,9.04,6.75,6.75,6.49,6.75,4.88,4.88,4.84,4.88
fragment_02701,4,28.51,28.52,28.51,28.53,23.09,23.09,23.09,23.1,16.94,16.94,16.94,16.95,12.74,12.74,12.57,12.74,9.46,9.46,9.28,9.46,7.19,7.19,7.12,7.19,5.38,5.38,5.36,5.38
fragment_02702,3,27.65,27.66,27.54,27.66,19.91,19.96,19.62,19.96,15.14,15.37,13.77,15.37,11.6,11.91,9.78,11.91,8.67,8.92,7.18,8.92,6.88,7.06,5.81,7.06,5.58,5.72,4.75,5.72
fragment_02703,3,30.17,30.17,30.17,30.24,24.34,24.34,24.34,24.38,18.94,18.94,18.94,19.26,14.47,14.47,14.47,14.87,11.31,11.31,11.31,11.6,8.61,8.61,8.61,8.7,6.02,6.02,6.01,6.02
fragment_02704,3,28.7,28.72,28.64,28.73,21.59,21.6,21.56,21.6,14.96,14.95,14.95,14.97,10.73,10.71,10.71,10.75,7.25,7.25,7.25,7.25,4.75,4.75,4.75,4.75,3.26,3.26,3.26,3.26
fragment_02705,6,28.29,28.28,28.28,28.72,23.03,22.95,22.95,25.15,17.2,17.13,17.13,19.08,13.37,13.34,13.26,14.25,9.81,9.81,9.58,10.02,6.78,6.78,6.68,6.78,4.67,4.67,4.66,4.67
fragment_02706,2,30.24,30.24,30.24,30.24,25.33,25.33,25.33,25.33,20.08,20.08,20.08,20.08,14.51,14.51,14.51,14.51,10.38,10.38,10.38,10.38,7.78,7.78,7.78,7.78,5.58,5.58,5.58,5.58
fragment_02707,11,25.37,25.37,25.33,25.42,19.41,19.44,19.33,19.47,15.77,15.95,15.27,16.08,12.44,12.62,11.59,12.72,9.59,9.72,8.95,9.78,6.98,7.02,6.76,7.03,4.86,4.86,4.85,4.86
fragment_02708,2,27.83,27.83,27.83,27.84,25.45,25.44,25.44,25.46,18.73,18.72,18.72,18.73,13.24,13.23,13.23,13.25,10.39,10.38,10.38,10.4,8.44,8.43,8.43,8.44,6.64,6.63,6.63,6.64
fragment_02709,3,28.07,28.08,28.04,28.08,21.24,20.87,20.87,22.07,16.76,16.08,16.08,18.28,12.46,11.75,11.75,14.07,9.2,8.76,8.76,10.2,6.91,6.7,6.7,7.38,5.15,5.04,5.04,5.39
fragment_02710,1,30.24,30.24,30.24,30.24,24.29,24.29,24.29,24.29,17.14,17.14,17.14,17.14,10.97,10.97,10.97,10.97,6.92,6.92,6.92,6.92,4.51,4.51,4.51,4.51,3.1,3.1,3.1,3.1
fragment_02711,13,27.95,27.93,27.75,28.02,19.32,19.28,19.19,19.38,12.39,12.35,11.88,12.48,8.31,8.29,8.05,8.39,6.03,6.02,5.78,6.15,4.61,4.6,4.43,4.71,3.67,3.66,3.53,3.81
fragment_02712,14,28.6,28.54,28.39,30.0,25.25,25.34,24.01,27.32,19.69,19.78,18.28,23.27,14.78,14.78,13.86,18.63,10.87,10.66,10.17,14.22,8.4,8.16,7.79,10.71,6.74,6.55,6.3,7.9
fragment_02713,4,28.76,28.77,28.74,28.77,21.64,21.64,21.63,21.64,15.21,15.23,15.19,15.23,11.41,11.43,11.38,11.43,8.76,8.78,8.74,8.78,6.67,6.68,6.66,6.68,4.97,4.97,4.97,4.97
fragment_02714,22,30.09,30.07,30.02,30.64,24.36,24.71,24.04,26.76,18.32,18.82,17.42,21.85,15.01,15.25,14.02,16.98,11.66,11.6,10.93,12.91,8.68,8.59,8.09,9.06,6.22,6.21,6.09,6.24
fragment_02715,1,29.5,29.5,29.5,29.5,23.63,23.63,23.63,23.63,17.53,17.53,17.53,17.53,12.15,12.15,12.15,12.15,8.93,8.93,8.93,8.93,6.52,6.52,6.52,6.52,4.63,4.63,4.63,4.63
fragment_02716,58,28.15,28.22,28.0,28.86,21.17,21.18,20.38,23.56,14.64,14.53,13.08,17.34,10.49,10.15,9.05,12.42,7.54,7.24,6.55,8.58,5.47,5.41,4.94,5.66,3.87,3.87,3.74,3.89
fragment_02717,2,28.89,28.9,28.84,28.9,21.74,21.75,21.71,21.75,15.09,15.09,15.08,15.09,10.8,10.8,10.8,10.81,7.72,7.72,7.72,7.72,5.34,5.34,5.34,5.34,3.67,3.67,3.67,3.67
fragment_02718,10,28.1,28.08,28.08,29.03,19.99,19.97,19.97,22.02,12.72,12.55,12.55,15.03,9.25,8.97,8.97,11.88,7.38,7.16,7.16,9.67,5.96,5.81,5.81,7.31,4.78,4.71,4.71,5.03
fragment_02719,1,29.78,29.78,29.78,29.78,23.22,23.22,23.22,23.22,16.52,16.52,16.52,16.52,11.76,11.76,11.76,11.76,8.43,8.43,8.43,8.43,6.19,6.19,6.19,6.19,4.35,4.35,4.35,4.35
fragment_02720,4,28.76,28.75,28.75,28.76,21.64,21.64,21.64,21.65,15.04,15.04,15.04,15.05,10.64,10.64,10.63,10.64,7.73,7.74,7.71,7.74,6.03,6.03,6.01,6.04,4.82,4.83,4.82,4.83
fragment_02721,1,28.86,28.86,28.86,28.86,21.97,21.97,21.97,21.97,15.07,15.07,15.07,15.07,11.05,11.05,11.05,11.05,8.33,8.33,8.33,8.33,6.17,6.17,6.17,6.17,4.59,4.59,4.59,4.59
fragment_02722,11,27.91,27.92,27.68,28.34,25.54,25.22,25.14,27.71,18.78,18.55,18.09,21.54,13.22,13.32,12.63,14.46,8.78,8.85,8.56,8.89,5.77,5.77,5.76,5.79,3.96,3.96,3.96,3.97
fragment_02723,3,28.44,28.44,28.24,28.44,25.54,25.53,25.53,26.61,21.54,21.53,21.53,23.44,15.5,15.48,15.48,17.4,10.31,10.3,10.3,10.61,6.92,6.92,6.9,6.92,4.75,4.75,4.74,4.75
fragment_02724,4,28.15,28.13,28.13,28.84,20.02,20.01,20.01,21.9,12.83,12.82,12.82,14.11,9.13,9.13,9.13,10.0,6.97,6.98,6.96,7.58,5.63,5.69,5.56,5.98,4.59,4.66,4.5,4.82
fragment_02725,11,28.78,28.73,28.56,29.2,23.79,23.36,23.36,26.38,18.19,17.68,17.68,21.47,13.83,13.48,13.26,15.78,10.13,9.92,9.59,11.28,7.7,7.64,7.33,8.13,5.68,5.68,5.56,5.71
fragment_02726,2,32.37,32.37,32.37,32.76,27.65,27.65,27.65,27.71,21.89,21.89,21.67,21.89,17.85,17.85,17.65,17.85,13.48,13.48,13.4,13.48,9.17,9.17,9.17,9.17,6.3,6.3,6.3,6.3
fragment_02727,1,29.69,29.69,29.69,29.69,22.81,22.81,22.81,22.81,16.69,16.69,16.69,16.69,11.92,11.92,11.92,11.92,8.04,8.04,8.04,8.04,5.34,5.34,5.34,5.34,3.67,3.67,3.67,3.67
fragment_02728,14,28.31,28.01,28.01,29.21,24.69,24.92,23.87,25.8,20.23,21.09,18.27,21.12,16.13,17.1,14.07,17.5,12.02,12.52,10.78,13.18,8.66,8.79,8.32,8.79,6.04,6.04,6.02,6.04
fragment_02729,3,27.69,27.71,27.66,27.71,20.37,20.38,20.36,20.38,13.92,13.92,13.91,13.92,9.85,9.86,9.85,9.86,7.43,7.43,7.43,7.43,5.3,5.3,5.3,5.3,3.66,3.66,3.66,3.66
fragment_02730,4,27.63,27.67,27.56,27.67,25.37,25.4,25.31,25.41,18.92,18.77,18.77,19.13,13.46,13.22,13.22,13.76,10.12,10.1,10.1,10.15,7.65,7.65,7.62,7.67,5.86,5.88,5.84,5.89
fragment_02731,3,28.75,28.77,28.69,28.77,21.65,21.66,21.62,21.66,15.17,15.19,15.16,15.19,11.19,11.21,11.17,11.21,8.0,8.0,7.99,8.0,5.42,5.42,5.42,5.42,3.72,3.72,3.72,3.72
fragment_02732,4,27.75,27.74,27.72,27.78,24.26,24.32,24.18,24.32,19.06,19.15,18.95,19.15,13.46,13.42,13.42,13.52,9.36,9.34,9.34,9.38,7.03,7.01,7.01,7.06,5.5,5.49,5.48,5.51
fragment_02733,10,28.14,28.16,27.96,29.07,20.13,20.07,20.07,23.28,14.08,13.78,13.78,17.23,9.63,9.41,9.41,10.56,6.32,6.29,6.29,6.4,4.14,4.14,4.14,4.17,2.85,2.84,2.84,2.86
fragment_02734,12,25.55,25.54,25.38,26.43,20.58,20.56,19.62,22.48,18.49,18.6,16.22,20.44,15.67,15.81,13.24,17.09,12.01,12.08,10.65,12.58,8.3,8.31,8.0,8.32,5.72,5.72,5.7,5.72
fragment_02735,20,28.03,28.0,27.85,28.56,20.04,20.09,19.55,20.96,14.22,14.85,13.04,15.48,10.3,11.18,9.3,11.63,8.0,9.06,7.01,9.24,6.44,7.36,5.71,7.36,5.14,5.65,4.62,5.65
fragment_02736,2,30.19,30.03,30.03,30.38,24.02,23.51,23.51,24.66,16.87,16.32,16.32,17.56,10.65,10.56,10.56,10.77,6.53,6.53,6.53,6.53,4.25,4.25,4.25,4.25,2.92,2.92,2.92,2.92
fragment_02737,4,26.67,26.67,26.67,27.0,24.06,24.06,23.97,24.06,19.55,19.55,19.55,19.66,13.98,13.98,13.98,14.33,9.26,9.26,9.26,9.32,6.06,6.06,6.06,6.07,4.16,4.16,4.16,4.17
fragment_02738,2,23.33,23.33,23.31,23.33,14.1,14.1,14.09,14.1,10.17,10.17,10.03,10.17,7.85,7.86,7.63,7.86,6.28,6.29,6.06,6.29,5.0,5.0,4.97,5.0,3.84,3.84,3.83,3.84
fragment_02739,11,25.42,25.34,25.06,26.94,20.71,21.12,19.85,22.57,17.49,18.24,16.04,19.08,14.75,15.51,13.22,16.19,12.35,12.76,11.33,12.9,9.36,9.46,8.98,9.58,6.61,6.61,6.6,6.62
fragment_02740,10,30.78,31.03,30.39,31.19,25.73,25.54,25.18,26.85,19.65,19.6,18.87,21.01,14.2,14.34,13.8,14.78,9.47,9.48,9.44,9.5,6.19,6.19,6.17,6.2,4.25,4.25,4.24,4.26
fragment_02741,2,29.62,29.59,29.59,30.21,22.3,22.17,22.17,24.87,15.75,15.62,15.62,18.26,11.42,11.34,11.34,12.96,8.51,8.46,8.46,9.5,6.6,6.57,6.57,7.26,5.24,5.22,5.22,5.67
fragment_02742,2,29.33,29.33,29.3,29.33,22.4,22.39,22.39,22.48,15.46,15.43,15.43,15.62,11.5,11.52,11.42,11.52,8.89,8.95,8.52,8.95,6.64,6.67,6.47,6.67,4.86,4.87,4.81,4.87
fragment_02743,10,29.97,29.98,29.58,30.45,23.4,23.43,23.11,26.21,16.07,16.15,15.66,19.31,11.48,11.54,11.14,12.93,7.88,7.89,7.81,7.97,5.17,5.17,5.17,5.19,3.55,3.55,3.55,3.56
fragment_02744,1,28.07,28.07,28.07,28.07,21.46,21.46,21.46,21.46,16.28,16.28,16.28,16.28,11.27,11.27,11.27,11.27,7.44,7.44,7.44,7.44,4.86,4.86,4.86,4.86,3.34,3.34,3.34,3.34
fragment_02745,6,27.61,27.61,27.59,27.63,23.87,23.85,23.8,23.93,16.22,16.23,16.17,16.29,10.99,11.0,10.94,11.05,8.22,8.22,8.16,8.27,6.44,6.38,6.35,6.57,5.25,5.15,5.12,5.4
fragment_02746,2,26.35,26.36,25.89,26.36,22.11,22.12,21.53,22.12,16.69,16.7,16.26,16.7,10.48,10.48,10.46,10.48,6.35,6.35,6.35,6.35,4.13,4.13,4.13,4.13,2.84,2.84,2.84,2.84
fragment_02747,13,28.54,28.53,28.33,28.79,23.14,23.12,23.08,25.2,17.01,16.97,16.97,18.97,12.87,12.86,12.79,14.17,9.79,9.83,9.43,10.71,7.76,7.79,7.48,8.42,6.28,6.33,5.99,6.7
fragment_02748,2,27.51,27.51,27.5,27.51,23.22,23.22,23.22,23.22,17.21,17.21,17.21,17.21,12.02,12.02,12.02,12.02,8.48,8.48,8.48,8.48,6.45,6.45,6.45,6.46,5.1,5.1,5.1,5.1
fragment_02749,3,27.99,28.0,27.97,28.0,20.81,20.82,20.81,20.82,14.24,14.24,14.24,14.24,10.34,10.34,10.34,10.34,7.94,7.94,7.93,7.94,5.84,5.84,5.84,5.84,4.12,4.12,4.12,4.12
fragment_02750,10,31.24,31.17,30.94,32.36,26.43,26.3,26.02,28.45,21.07,20.92,20.69,22.49,16.0,15.99,15.67,16.6,10.66,10.66,10.61,10.7,6.96,6.96,6.95,6.98,4.78,4.78,4.78,4.8
fragment_02751,1,30.05,30.05,30.05,30.05,24.84,24.84,24.84,24.84,19.13,19.13,19.13,19.13,14.11,14.11,14.11,14.11,9.77,9.77,9.77,9.77,6.65,6.65,6.65,6.65,4.58,4.58,4.58,4.58
fragment_02752,29,27.05,27.05,27.0,27.11,22.95,22.97,22.84,23.09,18.19,18.18,18.06,18.86,13.74,13.76,13.38,14.99,10.6,10.59,10.2,11.81,8.31,8.3,8.04,8.92,6.45,6.46,6.29,6.62
fragment_02753,2,26.08,26.13,25.73,26.13,21.16,21.22,20.8,21.22,15.52,15.54,15.4,15.54,10.62,10.63,10.58,10.63,7.32,7.32,7.29,7.32,4.95,4.96,4.95,4.96,3.4,3.4,3.4,3.4
fragment_02754,49,28.71,28.72,28.65,28.74,21.6,21.6,21.57,21.61,15.18,15.17,15.16,15.24,11.55,11.56,11.43,12.21,9.47,9.53,9.23,10.64,8.03,8.16,7.57,9.22,6.69,6.8,6.28,7.6
fragment_02755,4,23.41,23.41,23.41,23.45,15.94,15.93,15.28,15.97,12.54,12.53,12.41,12.55,10.45,10.45,10.44,11.12,8.28,8.28,8.28,8.92,6.25,6.25,6.24,6.65,4.73,4.73,4.73,4.92
fragment_02756,2,29.73,29.87,29.55,29.87,23.49,24.27,22.5,24.27,16.82,17.73,15.67,17.73,12.03,12.75,11.11,12.75,8.85,9.2,8.4,9.2,6.3,6.38,6.19,6.38,4.39,4.39,4.39,4.39
fragment_02757,3,30.5,30.42,30.41,31.02,24.68,24.65,24.65,24.83,19.31,19.33,19.13,19.33,15.19,15.2,15.12,15.2,10.64,10.65,10.56,10.65,7.33,7.33,7.29,7.34,5.08,5.08,5.08,5.08
fragment_02758,2,23.99,23.89,23.89,24.12,16.73,16.68,16.68,16.78,12.39,12.37,12.37,12.41,9.63,9.61,9.61,9.64,7.38,7.37,7.37,7.39,5.69,5.68,5.68,5.69,4.1,4.1,4.1,4.1
fragment_02759,11,28.68,28.61,28.5,29.24,23.41,23.11,23.02,25.86,16.86,16.49,16.49,20.04,12.44,12.18,12.18,14.73,9.43,9.24,9.24,11.0,7.38,7.31,7.31,8.0,5.51,5.51,5.51,5.53
fragment_02760,2,30.23,30.21,30.21,30.25,25.25,25.24,25.24,25.26,19.97,19.97,19.97,19.97,14.46,14.46,14.46,14.46,10.31,10.31,10.31,10.31,7.61,7.61,7.61,7.61,5.41,5.41,5.41,5.41
fragment_02761,2,28.28,28.28,28.23,28.28,20.39,20.39,20.38,20.39,14.18,14.18,14.14,14.18,9.91,9.91,9.9,9.91,6.61,6.61,6.61,6.61,4.4,4.4,4.4,4.4,3.02,3.02,3.02,3.02
fragment_02762,1,28.85,28.85,28.85,28.85,21.8,21.8,21.8,21.8,14.67,14.67,14.67,14.67,10.28,10.28,10.28,10.28,7.78,7.78,7.78,7.78,6.04,6.04,6.04,6.04,4.78,4.78,4.78,4.78
fragment_02763,1,30.13,30.13,30.13,30.13,24.87,24.87,24.87,24.87,19.93,19.93,19.93,19.93,15.34,15.34,15.34,15.34,10.56,10.56,10.56,10.56,7.14,7.14,7.14,7.14,4.91,4.91,4.91,4.91
fragment_02764,2,29.66,29.46,29.46,29.87,22.53,21.95,21.95,23.14,15.14,14.67,14.67,15.62,9.72,9.63,9.63,9.82,6.02,6.02,6.02,6.02,3.92,3.92,3.92,3.92,2.69,2.69,2.69,2.69
fragment_02765,1,27.63,27.63,27.63,27.63,19.68,19.68,19.68,19.68,13.6,13.6,13.6,13.6,9.95,9.95,9.95,9.95,7.84,7.84,7.84,7.84,6.24,6.24,6.24,6.24,5.01,5.01,5.01,5.01
fragment_02766,3,27.81,27.84,27.74,28.68,23.25,23.62,22.56,24.03,17.34,17.71,16.66,17.75,13.31,13.64,12.7,13.64,9.84,9.93,9.67,10.15,7.22,7.26,7.16,7.28,5.03,5.03,5.03,5.04
fragment_02767,2,27.62,27.61,27.61,27.63,23.84,23.84,23.83,23.84,16.21,16.21,16.2,16.21,10.96,10.96,10.96,10.96,8.17,8.17,8.17,8.17,6.33,6.33,6.33,6.33,4.99,5.0,4.99,5.0
fragment_02768,1,30.1,30.1,30.1,30.1,23.58,23.58,23.58,23.58,17.01,17.01,17.01,17.01,12.36,12.36,12.36,12.36,8.53,8.53,8.53,8.53,5.64,5.64,5.64,5.64,3.88,3.88,3.88,3.88
fragment_02769,3,29.62,29.63,29.47,29.87,22.04,21.95,21.95,23.62,13.67,13.6,13.6,14.78,8.31,8.31,8.31,8.38,5.05,5.05,5.04,5.08,3.29,3.29,3.28,3.3,2.26,2.26,2.25,2.27
fragment_02770,1,29.71,29.71,29.71,29.71,23.18,23.18,23.18,23.18,18.1,18.1,18.1,18.1,13.72,13.72,13.72,13.72,10.28,10.28,10.28,10.28,7.17,7.17,7.17,7.17,4.94,4.94,4.94,4.94
fragment_02771,6,30.38,30.44,30.13,31.13,27.5,27.2,27.2,30.02,22.29,21.9,21.9,24.99,16.5,16.2,16.2,17.14,10.76,10.72,10.72,10.83,7.04,7.04,7.04,7.05,4.84,4.84,4.84,4.84
fragment_02772,12,28.63,28.69,27.93,28.77,24.45,24.44,23.92,25.27,19.33,19.29,18.7,20.36,15.62,15.69,14.8,16.12,11.34,11.44,10.64,11.47,7.63,7.63,7.54,7.64,5.24,5.24,5.24,5.25
fragment_02773,51,28.19,28.2,28.0,28.87,21.48,21.49,20.37,23.65,15.74,16.49,13.27,17.58,12.48,13.53,9.38,13.53,9.59,10.41,6.99,10.41,7.12,7.38,5.73,7.38,5.09,5.11,4.58,5.12
fragment_02774,10,27.82,27.77,27.77,28.19,19.02,18.73,18.73,21.54,12.88,12.18,12.18,15.83,9.79,9.22,9.22,11.4,7.38,7.18,7.18,8.06,5.34,5.31,5.31,5.4,3.7,3.7,3.7,3.71
fragment_02775,5,29.81,29.81,29.75,30.16,23.06,23.06,23.06,25.11,16.04,16.04,16.04,18.07,11.09,11.09,11.09,11.45,6.96,6.96,6.96,6.97,4.53,4.53,4.53,4.54,3.11,3.11,3.11,3.12
fragment_02776,6,25.3,25.28,25.1,26.02,20.24,20.22,19.97,21.57,16.78,16.82,15.79,18.98,13.4,13.44,12.44,15.66,10.45,10.47,10.01,11.63,7.65,7.65,7.51,8.01,5.51,5.51,5.47,5.55
fragment_02777,2,31.03,31.03,31.03,31.69,27.08,27.08,27.08,27.52,22.09,22.1,21.51,22.1,16.38,16.38,16.1,16.38,11.2,11.2,11.2,11.69,8.25,8.25,8.25,8.6,6.34,6.34,6.34,6.59
fragment_02778,35,28.43,28.34,28.08,29.37,22.54,22.24,20.84,24.76,16.74,16.32,15.3,19.6,12.89,12.47,11.88,15.0,10.25,9.88,9.1,11.42,7.95,7.69,7.27,8.5,5.88,5.86,5.68,5.93
fragment_02779,1,27.63,27.63,27.63,27.63,19.5,19.5,19.5,19.5,13.16,13.16,13.16,13.16,8.61,8.61,8.61,8.61,5.68,5.68,5.68,5.68,3.7,3.7,3.7,3.7,2.54,2.54,2.54,2.54
fragment_02780,3,27.78,27.77,27.72,27.78,24.9,24.91,23.82,24.91,17.29,17.31,15.45,17.31,10.63,10.64,9.72,10.64,6.49,6.49,6.44,6.49,4.22,4.22,4.22,4.22,2.9,2.9,2.9,2.9
fragment_02781,20,27.94,28.0,27.79,28.05,19.37,19.41,19.21,19.42,12.48,12.54,11.89,12.54,8.78,8.8,8.26,9.02,7.12,7.13,6.55,7.44,5.99,5.99,5.52,6.31,5.01,5.02,4.72,5.1
fragment_02782,54,28.26,28.27,27.64,28.5,21.31,21.01,20.9,23.62,16.11,15.61,15.54,19.88,11.57,10.82,10.81,15.2,8.83,8.12,8.11,11.09,6.86,6.48,6.35,7.55,5.09,5.04,4.84,5.18
fragment_02783,2,29.6,29.68,29.16,29.68,25.94,25.84,25.84,26.46,22.42,22.29,22.29,23.19,17.74,17.65,17.65,18.23,12.47,12.47,12.47,12.48,8.18,8.18,8.18,8.18,5.62,5.62,5.62,5.62
fragment_02784,3,28.16,28.31,28.05,28.31,19.98,19.49,19.49,20.37,13.36,12.74,12.74,13.84,8.3,8.2,8.2,8.38,5.07,5.07,5.07,5.08,3.3,3.3,3.3,3.3,2.27,2.27,2.27,2.27
fragment_02785,21,27.98,28.03,27.83,28.07,19.38,19.38,19.22,19.44,12.49,12.48,11.91,12.58,8.76,8.72,8.34,9.0,7.18,7.14,6.66,7.37,6.08,6.06,5.67,6.2,4.93,4.92,4.78,4.98
fragment_02786,15,28.79,28.83,28.73,28.83,21.67,21.68,21.64,21.69,15.63,15.69,15.57,15.72,12.16,12.27,12.02,12.27,9.09,9.22,8.84,9.22,6.5,6.54,6.4,6.54,4.53,4.53,4.53,4.53
fragment_02787,8,31.47,31.33,31.22,31.81,27.6,27.04,27.04,29.6,21.65,21.3,21.3,23.52,14.14,14.16,14.1,14.25,8.6,8.61,8.6,8.63,5.6,5.6,5.6,5.62,3.85,3.85,3.85,3.86
fragment_02788,8,31.47,31.33,31.21,31.82,27.61,27.03,27.03,29.61,21.66,21.31,21.31,23.53,14.13,14.16,14.1,14.25,8.6,8.6,8.6,8.63,5.6,5.6,5.6,5.62,3.85,3.85,3.85,3.86
fragment_02789,6,30.15,30.17,29.82,30.81,24.45,24.41,24.26,27.45,17.72,17.65,17.65,21.95,12.86,12.78,12.78,16.22,9.78,9.74,9.74,11.34,7.24,7.23,7.23,7.55,5.18,5.18,5.16,5.19
fragment_02790,21,28.45,28.71,28.02,28.71,22.87,24.37,20.46,24.9,17.07,18.7,13.87,20.01,13.02,14.32,11.04,16.07,10.12,11.13,8.81,12.21,7.71,8.24,6.85,8.5,5.76,5.85,5.42,5.85
fragment_02791,4,28.14,28.13,28.13,28.71,20.0,19.98,19.98,23.26,12.74,12.72,12.72,16.17,8.93,8.93,8.93,10.61,6.49,6.49,6.49,7.05,4.59,4.59,4.59,4.63,3.18,3.18,3.18,3.18
fragment_02792,1,27.05,27.05,27.05,27.05,23.22,23.22,23.22,23.22,17.73,17.73,17.73,17.73,12.51,12.51,12.51,12.51,9.85,9.85,9.85,9.85,7.29,7.29,7.29,7.29,5.1,5.1,5.1,5.1
fragment_02793,3,29.0,28.77,28.77,29.79,22.42,22.11,22.11,23.46,15.43,15.3,15.3,15.82,10.04,10.02,10.02,10.26,6.68,6.68,6.68,6.71,4.36,4.36,4.36,4.37,3.0,3.0,3.0,3.0
fragment_02794,12,27.95,27.91,27.79,28.03,19.35,19.32,19.21,19.4,12.44,12.42,11.89,12.51,8.37,8.36,8.15,8.41,6.38,6.37,6.13,6.41,5.14,5.14,4.96,5.16,4.19,4.19,4.08,4.21
fragment_02795,7,28.32,28.29,28.22,28.7,23.17,22.94,22.94,25.15,16.99,16.63,16.63,19.08,12.8,12.6,12.54,14.31,9.17,9.13,8.93,10.11,6.63,6.61,6.59,6.8,4.67,4.67,4.67,4.67
fragment_02796,1,29.63,29.63,29.63,29.63,23.1,23.1,23.1,23.1,17.71,17.71,17.71,17.71,12.27,12.27,12.27,12.27,8.52,8.52,8.52,8.52,6.23,6.23,6.23,6.23,4.34,4.34,4.34,4.34
fragment_02797,10,30.25,29.74,29.74,31.18,24.71,24.32,24.25,27.52,17.8,17.23,17.23,20.68,12.26,11.85,11.79,13.33,8.03,7.97,7.95,8.11,5.26,5.26,5.25,5.28,3.62,3.61,3.61,3.63
fragment_02798,1,30.41,30.41,30.41,30.41,24.37,24.37,24.37,24.37,18.14,18.14,18.14,18.14,14.15,14.15,14.15,14.15,10.24,10.24,10.24,10.24,7.16,7.16,7.16,7.16,5.03,5.03,5.03,5.03
fragment_02799,26,28.74,28.9,28.15,30.3,23.11,22.81,22.13,27.44,17.55,17.21,15.88,21.56,13.07,12.99,11.16,15.06,9.41,9.43,8.41,10.0,6.49,6.49,6.29,6.51,4.47,4.46,4.46,4.47
fragment_02800,3,28.24,28.34,27.75,28.34,20.63,20.96,18.85,20.96,14.55,14.98,12.31,14.98,10.01,10.25,8.77,10.25,6.77,6.88,6.18,6.88,4.53,4.54,4.49,4.54,3.12,3.12,3.11,3.12
fragment_02801,3,31.58,31.58,31.58,31.69,25.47,25.47,25.41,25.47,18.69,18.69,18.69,18.73,13.99,13.99,13.99,14.03,11.04,11.04,11.02,11.04,8.71,8.71,8.71,8.73,6.49,6.49,6.49,6.5
fragment_02802,1,28.55,28.55,28.55,28.55,20.88,20.88,20.88,20.88,13.36,13.36,13.36,13.36,7.61,7.61,7.61,7.61,4.61,4.61,4.61,4.61,3.0,3.0,3.0,3.0,2.06,2.06,2.06,2.06
fragment_02803,4,30.64,30.65,30.33,30.78,26.45,26.59,25.45,26.59,20.71,20.87,19.67,20.87,14.76,14.81,14.4,14.87,9.43,9.43,9.43,9.44,6.14,6.14,6.14,6.15,4.22,4.22,4.22,4.22
fragment_02804,1,29.48,29.48,29.48,29.48,23.87,23.87,23.87,23.87,18.3,18.3,18.3,18.3,12.8,12.8,12.8,12.8,9.47,9.47,9.47,9.47,7.03,7.03,7.03,7.03,5.37,5.37,5.37,5.37
fragment_02805,3,27.87,27.88,27.84,27.89,20.16,20.17,20.13,20.17,14.07,14.07,14.06,14.07,9.26,9.26,9.25,9.26,6.52,6.52,6.51,6.52,4.57,4.57,4.57,4.57,3.14,3.14,3.14,3.14
fragment_02806,1,28.86,28.86,28.86,28.86,21.8,21.8,21.8,21.8,14.67,14.67,14.67,14.67,10.28,10.28,10.28,10.28,7.79,7.79,7.79,7.79,6.04,6.04,6.04,6.04,4.78,4.78,4.78,4.78
fragment_02807,9,32.08,32.13,31.63,32.14,27.77,27.85,27.27,27.85,22.12,22.06,22.06,22.82,18.1,18.06,18.06,18.66,13.82,13.82,13.76,13.96,9.43,9.43,9.43,9.43,6.48,6.48,6.48,6.48
fragment_02808,11,28.71,28.65,28.5,29.32,23.38,23.14,23.02,25.83,16.78,16.5,16.5,20.03,12.31,12.14,12.14,14.37,9.05,8.95,8.95,10.29,6.81,6.77,6.77,7.28,5.01,5.01,5.01,5.03
fragment_02809,11,27.88,27.79,27.79,28.42,22.69,22.69,22.46,24.43,16.69,16.72,16.35,18.66,12.64,12.79,12.43,13.38,9.06,9.19,8.9,9.35,6.2,6.2,6.19,6.21,4.26,4.26,4.26,4.27
fragment_02810,4,28.67,28.68,28.6,28.72,21.56,21.56,21.52,21.59,15.07,15.06,15.05,15.09,11.0,10.98,10.98,11.02,7.54,7.53,7.53,7.55,5.18,5.18,5.18,5.18,3.56,3.56,3.56,3.56
fragment_02811,10,30.82,30.55,30.55,31.62,25.78,25.4,25.4,28.66,18.58,18.12,18.12,21.43,12.3,11.92,11.92,13.32,8.03,7.98,7.98,8.11,5.27,5.27,5.26,5.28,3.62,3.62,3.62,3.62
fragment_02812,18,28.56,28.55,28.41,28.79,23.36,23.17,23.17,25.23,17.48,17.19,17.19,19.37,13.43,13.13,13.13,14.96,10.34,10.21,10.0,11.43,8.22,8.19,7.66,9.08,6.47,6.47,6.07,6.95
fragment_02813,13,30.13,30.02,29.39,30.84,26.48,26.39,25.25,27.04,21.56,21.47,19.92,22.05,15.4,15.3,13.98,15.94,9.88,9.88,9.35,9.93,6.46,6.46,6.42,6.46,4.44,4.44,4.43,4.44
fragment_02814,7,27.9,27.87,27.85,28.01,19.93,19.92,19.49,19.97,14.37,14.36,13.4,14.93,10.72,10.72,10.28,12.09,8.21,8.21,7.98,9.41,6.42,6.42,6.27,6.61,4.53,4.53,4.53,4.55
fragment_02815,4,26.78,26.77,26.77,26.8,21.16,21.16,21.13,21.17,15.71,15.71,15.71,15.72,12.02,12.02,12.02,12.09,9.14,9.14,9.14,9.24,6.62,6.62,6.62,6.64,4.56,4.56,4.56,4.56
fragment_02816,3,31.72,31.71,31.71,32.39,26.84,26.8,26.8,28.88,18.06,18.03,18.03,19.69,11.47,11.46,11.46,11.54,6.98,6.98,6.98,6.99,4.54,4.54,4.54,4.55,3.12,3.12,3.12,3.13
fragment_02817,10,27.7,27.77,27.51,28.94,20.39,20.21,20.19,22.3,15.35,15.2,15.16,15.93,10.62,10.63,10.41,10.73,6.53,6.53,6.52,6.54,4.25,4.25,4.24,4.25,2.92,2.92,2.91,2.92
fragment_02818,1,29.79,29.79,29.79,29.79,23.18,23.18,23.18,23.18,16.47,16.47,16.47,16.47,11.7,11.7,11.7,11.7,8.69,8.69,8.69,8.69,6.6,6.6,6.6,6.6,4.91,4.91,4.91,4.91
fragment_02819,1,30.42,30.42,30.42,30.42,24.37,24.37,24.37,24.37,18.14,18.14,18.14,18.14,14.16,14.16,14.16,14.16,10.26,10.26,10.26,10.26,7.31,7.31,7.31,7.31,5.37,5.37,5.37,5.37
fragment_02820,10,28.33,28.32,28.28,28.56,23.86,23.78,23.76,24.22,18.62,18.35,18.32,19.58,14.82,14.42,14.4,16.14,10.97,10.66,10.65,11.98,8.09,8.0,8.0,8.37,5.74,5.74,5.74,5.75
fragment_02821,2,30.87,30.85,30.85,30.97,25.32,24.94,24.94,27.17,18.11,17.66,17.66,20.34,12.25,12.1,12.1,12.99,8.03,8.0,8.0,8.18,5.32,5.32,5.32,5.32,3.66,3.66,3.66,3.66
fragment_02822,2,27.74,27.74,27.74,27.75,20.8,20.8,20.8,20.8,15.85,15.85,15.85,15.85,11.36,11.36,11.36,11.36,8.26,8.26,8.26,8.26,5.51,5.51,5.51,5.51,3.78,3.78,3.78,3.78
fragment_02823,9,28.99,28.99,28.16,29.09,22.26,22.25,21.49,22.45,17.29,17.28,16.75,17.79,13.03,13.02,12.73,13.45,9.63,9.62,9.51,9.82,6.66,6.66,6.66,6.67,4.59,4.59,4.58,4.59
fragment_02824,6,28.5,28.62,28.3,28.96,22.16,23.87,20.47,24.65,16.13,18.25,13.96,19.53,12.15,13.9,10.21,14.87,9.14,10.27,7.78,10.84,6.94,7.6,6.13,7.89,5.27,5.64,4.82,5.69
fragment_02825,2,29.39,29.24,29.24,29.62,22.81,22.29,22.29,23.64,15.35,14.9,14.9,16.08,9.92,9.81,9.81,10.11,6.21,6.21,6.21,6.21,4.04,4.04,4.04,4.04,2.78,2.78,2.78,2.78
fragment_02826,6,27.93,27.91,27.72,27.99,19.39,19.36,19.19,19.45,12.47,12.47,11.93,12.55,8.6,8.58,8.57,8.64,6.73,6.71,6.63,6.76,5.5,5.5,5.35,5.53,4.45,4.44,4.36,4.46
fragment_02827,1,29.76,29.76,29.76,29.76,23.19,23.19,23.19,23.19,18.12,18.12,18.12,18.12,13.8,13.8,13.8,13.8,10.55,10.55,10.55,10.55,7.41,7.41,7.41,7.41,5.11,5.11,5.11,5.11
fragment_02828,9,28.28,28.15,28.15,28.83,21.13,20.46,20.46,23.56,16.18,15.45,15.45,17.6,12.02,11.52,11.44,12.82,8.23,8.2,8.14,8.31,5.4,5.41,5.39,5.41,3.71,3.71,3.7,3.72
fragment_02829,6,31.21,31.0,31.0,31.36,27.24,26.36,26.36,28.61,20.79,20.19,20.19,22.03,12.86,12.88,12.82,12.92,7.8,7.8,7.78,7.82,5.08,5.08,5.06,5.09,3.49,3.49,3.48,3.5
fragment_02830,8,28.77,28.76,28.72,28.78,21.65,21.64,21.63,21.65,15.18,15.16,15.16,15.29,11.65,11.61,11.42,11.69,9.19,9.16,8.94,9.21,7.46,7.44,7.3,7.48,5.66,5.66,5.65,5.66
fragment_02831,8,25.3,25.28,25.12,27.08,19.95,19.92,19.61,22.67,16.44,16.59,15.6,18.75,13.07,13.25,12.25,15.25,10.2,10.26,9.79,11.21,7.39,7.39,7.31,7.44,5.11,5.11,5.11,5.11
fragment_02832,1,28.87,28.87,28.87,28.87,21.74,21.74,21.74,21.74,14.41,14.41,14.41,14.41,8.62,8.62,8.62,8.62,5.23,5.23,5.23,5.23,3.4,3.4,3.4,3.4,2.34,2.34,2.34,2.34
fragment_02833,9,29.71,29.63,29.58,30.39,22.92,22.83,22.58,25.78,15.48,15.32,15.0,17.9,11.39,11.3,11.1,12.43,7.97,7.95,7.95,8.1,5.26,5.26,5.26,5.27,3.61,3.61,3.61,3.62
fragment_02834,2,27.83,27.84,27.82,27.84,24.26,24.26,24.25,24.26,18.97,18.98,18.96,18.98,13.04,13.04,13.04,13.04,8.01,8.01,8.01,8.01,5.21,5.21,5.21,5.21,3.58,3.58,3.58,3.58
fragment_02835,12,28.89,28.59,28.11,29.32,24.24,23.59,22.93,26.29,19.66,18.92,18.04,23.61,15.39,14.63,14.16,20.15,11.39,10.84,10.23,14.26,8.43,8.18,7.64,9.51,6.27,6.17,5.92,6.54
fragment_02836,2,27.75,27.75,27.75,27.76,26.03,26.03,26.03,26.03,19.92,19.92,19.91,19.92,14.35,14.36,14.35,14.36,10.45,10.45,10.45,10.45,7.46,7.46,7.46,7.46,5.2,5.2,5.2,5.2
fragment_02837,2,27.94,27.94,27.52,27.94,22.69,22.69,22.27,22.69,16.11,16.11,16.07,16.11,11.44,11.44,11.34,11.44,8.72,8.72,8.68,8.72,6.72,6.72,6.71,6.72,5.24,5.24,5.24,5.24
fragment_02838,7,27.88,27.87,27.86,27.89,24.29,24.35,24.23,24.35,19.74,20.21,19.27,20.21,15.04,15.56,14.52,15.56,11.19,11.66,10.7,11.66,8.58,8.87,8.26,8.87,6.58,6.68,6.46,6.68
fragment_02839,2,27.38,27.37,27.37,27.39,19.97,19.96,19.96,19.98,13.5,13.49,13.49,13.5,8.93,8.93,8.93,8.93,6.03,6.03,6.03,6.04,3.95,3.95,3.95,3.95,2.71,2.71,2.71,2.71
fragment_02840,8,28.43,28.42,28.11,28.79,21.47,21.81,20.55,22.49,14.13,14.52,13.18,15.03,8.79,8.88,8.63,8.89,5.38,5.38,5.36,5.39,3.5,3.5,3.49,3.5,2.4,2.41,2.4,2.41
fragment_02841,2,27.92,27.94,27.91,27.94,26.42,26.44,26.4,26.44,20.62,20.64,20.6,20.64,15.31,15.33,15.3,15.33,11.19,11.2,11.18,11.2,7.94,7.94,7.94,7.94,5.51,5.5,5.5,5.51
fragment_02842,31,29.4,29.53,28.74,29.71,23.95,24.56,23.04,25.46,19.45,20.37,18.1,21.5,14.61,15.75,13.13,16.28,10.22,10.71,9.39,10.71,6.93,6.97,6.7,6.98,4.79,4.79,4.77,4.79
fragment_02843,6,27.45,27.44,27.43,28.69,20.29,20.27,20.27,22.14,15.69,15.64,15.41,17.05,11.97,11.93,11.7,12.94,8.7,8.69,8.6,8.98,5.95,5.95,5.94,5.96,4.09,4.09,4.08,4.09
fragment_02844,19,28.29,28.27,28.01,30.01,21.38,20.66,20.59,25.37,15.57,14.84,14.56,20.56,12.54,12.04,11.88,17.49,10.24,9.93,9.83,14.5,8.22,8.04,7.84,10.87,6.48,6.38,6.21,7.87
fragment_02845,17,30.52,30.41,29.32,30.83,28.46,28.26,27.22,29.73,24.05,23.98,22.78,25.39,17.93,17.92,16.82,18.51,11.41,11.4,11.34,11.42,7.43,7.42,7.42,7.43,5.1,5.1,5.1,5.11
fragment_02846,7,29.64,29.62,29.62,30.22,22.51,22.46,22.46,25.06,16.82,16.8,16.18,18.55,13.18,13.2,12.07,13.88,9.74,9.76,8.94,9.81,6.61,6.61,6.53,6.62,4.54,4.54,4.54,4.55
fragment_02847,12,28.18,28.19,27.99,28.84,21.3,20.82,20.54,23.81,14.85,14.16,13.88,17.34,11.44,10.81,10.6,13.65,9.16,8.69,8.44,10.72,7.3,7.02,6.89,8.11,5.6,5.51,5.48,5.76
fragment_02848,2,30.78,30.78,30.78,30.79,26.39,26.38,26.38,26.81,20.26,20.26,20.26,21.02,15.29,15.29,15.29,15.33,10.46,10.46,10.46,10.46,6.81,6.81,6.81,6.82,4.68,4.68,4.68,4.68
fragment_02849,2,23.72,23.71,23.71,23.73,16.36,16.35,16.35,16.37,12.33,12.33,12.33,12.34,9.89,9.89,9.89,9.9,7.67,7.67,7.67,7.67,5.81,5.81,5.81,5.81,4.4,4.4,4.4,4.4
fragment_02850,1,30.31,30.31,30.31,30.31,24.5,24.5,24.5,24.5,18.44,18.44,18.44,18.44,13.15,13.15,13.15,13.15,9.55,9.55,9.55,9.55,7.18,7.18,7.18,7.18,5.29,5.29,5.29,5.29
fragment_02851,6,30.63,30.57,30.2,30.75,26.62,26.65,26.53,26.66,21.67,21.8,21.39,22.0,16.11,16.23,15.86,16.27,11.23,11.23,11.23,11.23,8.02,8.02,8.02,8.02,5.61,5.61,5.61,5.61
fragment_02852,5,28.32,28.32,28.27,28.34,22.97,22.95,22.94,24.88,16.8,16.75,16.75,18.88,12.73,12.65,12.65,14.08,9.34,9.28,9.28,10.72,7.14,7.12,7.08,7.83,5.36,5.35,5.35,5.44
fragment_02853,2,24.15,24.09,24.09,24.54,15.42,15.16,15.16,17.09,9.9,9.75,9.75,10.86,6.17,6.17,6.17,6.17,3.74,3.74,3.74,3.74,2.43,2.43,2.43,2.43,1.67,1.67,1.67,1.67
fragment_02854,9,28.03,27.99,27.98,28.59,20.22,20.25,19.65,20.32,13.64,13.62,12.7,13.84,9.22,9.2,8.29,9.39,6.57,6.54,5.99,6.65,5.18,5.16,4.69,5.27,4.22,4.22,3.84,4.27
fragment_02855,1,29.72,29.72,29.72,29.72,23.14,23.14,23.14,23.14,16.2,16.2,16.2,16.2,10.9,10.9,10.9,10.9,6.86,6.86,6.86,6.86,4.47,4.47,4.47,4.47,3.07,3.07,3.07,3.07
fragment_02856,2,29.39,29.39,29.05,29.39,25.67,25.67,25.67,25.68,19.79,19.79,19.79,20.34,14.8,14.8,14.74,14.8,10.03,10.03,10.03,10.03,6.56,6.56,6.56,6.57,4.51,4.51,4.51,4.51
fragment_02857,3,28.33,28.38,28.29,28.38,20.53,20.55,20.51,20.55,15.51,15.46,15.46,15.56,12.3,12.25,12.25,12.35,9.56,9.54,9.54,9.58,7.12,7.11,7.11,7.13,5.06,5.06,5.06,5.06
fragment_02858,1,30.46,30.46,30.46,30.46,24.45,24.45,24.45,24.45,18.15,18.15,18.15,18.15,14.06,14.06,14.06,14.06,10.17,10.17,10.17,10.17,6.86,6.86,6.86,6.86,4.71,4.71,4.71,4.71
fragment_02859,3,28.02,28.01,28.01,28.75,21.12,21.12,20.49,21.13,15.32,15.31,14.38,15.33,10.52,10.51,10.51,10.61,7.0,7.0,7.0,7.0,4.56,4.56,4.56,4.56,3.13,3.13,3.13,3.13
fragment_02860,1,30.2,30.2,30.2,30.2,25.11,25.11,25.11,25.11,18.3,18.3,18.3,18.3,11.58,11.58,11.58,11.58,7.16,7.16,7.16,7.16,4.66,4.66,4.66,4.66,3.2,3.2,3.2,3.2
fragment_02861,2,28.72,28.72,28.17,28.72,21.2,21.21,19.98,21.21,13.21,13.22,12.18,13.22,8.33,8.33,7.87,8.33,5.14,5.14,5.14,5.14,3.34,3.34,3.34,3.35,2.3,2.3,2.3,2.3
fragment_02862,6,27.82,27.75,27.75,27.9,20.89,20.79,20.31,21.04,15.51,15.46,14.58,15.62,12.21,12.14,11.4,12.32,9.45,9.39,8.97,9.54,7.09,7.06,6.86,7.12,5.19,5.19,5.13,5.19
fragment_02863,1,31.33,31.33,31.33,31.33,26.65,26.65,26.65,26.65,21.58,21.58,21.58,21.58,15.2,15.2,15.2,15.2,9.57,9.57,9.57,9.57,6.23,6.23,6.23,6.23,4.28,4.28,4.28,4.28
fragment_02864,2,30.41,30.4,30.4,31.33,24.33,24.29,24.29,27.24,16.98,16.93,16.93,20.37,12.21,12.19,12.19,13.93,8.74,8.73,8.73,9.49,6.21,6.21,6.21,6.23,4.28,4.28,4.28,4.28
fragment_02865,7,27.66,27.66,27.54,27.67,19.66,19.66,19.61,19.67,14.14,14.15,13.92,14.15,11.0,11.01,10.57,11.01,8.57,8.58,8.25,8.58,6.17,6.17,6.03,6.17,4.25,4.25,4.25,4.25
fragment_02866,4,29.28,29.31,29.11,29.31,22.4,22.36,22.36,22.59,15.55,15.47,15.47,16.06,11.47,11.44,11.44,11.61,8.25,8.24,8.24,8.33,5.59,5.59,5.59,5.59,3.84,3.84,3.84,3.84
fragment_02867,11,33.72,33.78,33.22,34.31,31.28,31.31,30.99,33.44,23.74,23.76,23.57,26.13,16.35,16.37,16.23,17.52,11.08,11.07,11.06,11.23,7.29,7.29,7.29,7.31,5.01,5.01,5.01,5.02
fragment_02868,6,31.21,31.0,31.0,31.33,27.24,26.35,26.35,28.63,20.79,20.19,20.19,22.04,12.85,12.88,12.82,12.91,7.8,7.8,7.78,7.82,5.08,5.08,5.06,5.09,3.49,3.49,3.48,3.5
fragment_02869,4,28.34,28.31,28.31,28.37,20.49,20.47,20.47,20.52,14.42,14.42,14.42,14.42,10.27,10.27,10.27,10.27,7.51,7.51,7.51,7.51,5.7,5.7,5.7,5.7,4.1,4.1,4.1,4.1
fragment_02870,3,28.0,27.99,27.99,28.01,19.41,19.41,19.41,19.42,14.39,14.38,14.38,14.39,11.46,11.45,11.45,11.46,8.76,8.75,8.75,8.76,6.72,6.72,6.72,6.73,5.09,5.09,5.09,5.09
fragment_02871,1,30.94,30.94,30.94,30.94,24.38,24.38,24.38,24.38,18.27,18.27,18.27,18.27,14.48,14.48,14.48,14.48,10.47,10.47,10.47,10.47,7.02,7.02,7.02,7.02,4.82,4.82,4.82,4.82
fragment_02872,8,28.42,28.38,28.34,29.73,26.93,26.9,25.84,27.76,22.55,22.53,21.1,22.67,17.95,17.94,17.39,18.07,13.05,13.05,13.03,13.11,8.87,8.87,8.85,8.87,6.09,6.1,6.08,6.1
fragment_02873,2,28.75,28.76,28.72,28.76,21.64,21.64,21.63,21.64,14.93,14.93,14.93,14.93,10.58,10.58,10.58,10.61,7.76,7.76,7.76,7.77,5.68,5.68,5.68,5.68,3.92,3.92,3.92,3.92
fragment_02874,10,27.99,27.97,27.93,28.6,20.17,20.21,19.62,20.21,13.63,13.6,12.7,13.8,9.22,9.19,8.38,9.37,6.73,6.71,6.3,6.89,5.43,5.42,5.06,5.49,4.48,4.48,4.13,4.53
fragment_02875,1,26.93,26.93,26.93,26.93,23.08,23.08,23.08,23.08,17.68,17.68,17.68,17.68,12.73,12.73,12.73,12.73,10.77,10.77,10.77,10.77,9.6,9.6,9.6,9.6,8.07,8.07,8.07,8.07
fragment_02876,1,30.95,30.95,30.95,30.95,24.39,24.39,24.39,24.39,17.55,17.55,17.55,17.55,12.83,12.83,12.83,12.83,9.1,9.1,9.1,9.1,6.25,6.25,6.25,6.25,4.3,4.3,4.3,4.3
fragment_02877,10,29.56,29.6,28.43,29.7,27.85,28.21,25.17,28.21,23.58,23.96,20.43,23.96,17.92,18.09,15.86,18.58,12.58,12.62,11.66,12.92,8.7,8.7,8.44,8.73,6.0,6.0,5.99,6.0
fragment_02878,4,24.16,24.08,24.08,24.31,15.35,15.32,15.32,15.48,10.65,10.66,10.52,10.67,8.11,8.11,7.97,8.13,6.16,6.14,6.14,6.25,4.6,4.6,4.59,4.6,3.2,3.2,3.2,3.2
fragment_02879,4,30.31,30.27,30.27,31.12,24.27,24.16,24.16,27.02,16.9,16.76,16.76,20.34,12.29,12.21,12.21,14.01,8.82,8.8,8.8,9.45,6.19,6.19,6.19,6.27,4.3,4.3,4.3,4.31
fragment_02880,2,29.21,29.23,29.14,29.23,23.59,23.63,23.42,23.63,17.66,17.7,17.52,17.7,12.79,12.81,12.72,12.81,9.4,9.42,9.31,9.42,6.27,6.27,6.27,6.27,4.31,4.31,4.31,4.31
fragment_02881,8,28.8,28.8,28.8,28.8,21.66,21.66,21.66,21.67,15.38,15.36,15.36,15.41,11.69,11.68,11.67,11.74,8.83,8.82,8.82,8.87,6.83,6.82,6.82,7.03,5.71,5.7,5.7,5.91
fragment_02882,2,27.72,27.74,27.67,27.74,20.37,20.37,20.36,20.37,13.96,13.96,13.94,13.96,10.2,10.2,10.19,10.2,7.88,7.88,7.87,7.88,5.94,5.94,5.94,5.94,4.55,4.55,4.54,4.55
fragment_02883,2,32.69,32.8,32.02,32.8,28.54,28.65,27.85,28.65,20.61,20.73,19.86,20.73,12.57,12.57,12.53,12.57,7.61,7.62,7.6,7.62,4.96,4.96,4.95,4.96,3.4,3.41,3.4,3.41
fragment_02884,2,24.22,24.22,24.17,24.22,19.16,19.12,19.12,19.38,15.58,15.56,15.56,15.69,11.28,11.28,11.28,11.29,8.52,8.52,8.52,8.53,6.53,6.53,6.53,6.53,4.87,4.87,4.87,4.87
fragment_02885,2,30.74,30.48,30.48,31.24,25.99,26.49,25.0,26.49,20.07,21.12,18.01,21.12,14.25,15.03,12.72,15.03,10.28,10.73,9.39,10.73,7.48,7.72,7.02,7.72,5.51,5.62,5.28,5.62
fragment_02886,1,30.41,30.41,30.41,30.41,24.37,24.37,24.37,24.37,18.13,18.13,18.13,18.13,14.15,14.15,14.15,14.15,10.22,10.22,10.22,10.22,6.87,6.87,6.87,6.87,4.72,4.72,4.72,4.72
fragment_02887,1,29.02,29.02,29.02,29.02,22.83,22.83,22.83,22.83,17.45,17.45,17.45,17.45,13.18,13.18,13.18,13.18,9.23,9.23,9.23,9.23,6.12,6.12,6.12,6.12,4.21,4.21,4.21,4.21
fragment_02888,4,27.82,27.8,27.8,27.85,25.41,25.39,25.39,25.44,18.75,18.75,18.75,18.77,13.42,13.49,13.29,13.49,10.24,10.24,10.24,10.25,7.79,7.73,7.73,7.88,5.73,5.73,5.73,5.73
fragment_02889,1,29.76,29.76,29.76,29.76,23.15,23.15,23.15,23.15,16.46,16.46,16.46,16.46,11.7,11.7,11.7,11.7,8.69,8.69,8.69,8.69,6.68,6.68,6.68,6.68,5.14,5.14,5.14,5.14
fragment_02890,5,28.77,28.79,28.7,28.79,21.65,21.67,21.62,21.67,15.94,15.93,15.92,15.96,13.52,13.5,13.5,13.55,11.2,11.18,11.18,11.22,8.35,8.35,8.35,8.36,5.8,5.8,5.8,5.8
fragment_02891,1,30.3,30.3,30.3,30.3,24.5,24.5,24.5,24.5,18.44,18.44,18.44,18.44,13.15,13.15,13.15,13.15,9.63,9.63,9.63,9.63,7.29,7.29,7.29,7.29,5.39,5.39,5.39,5.39
fragment_02892,2,24.06,24.0,24.0,24.23,15.66,15.64,15.64,15.72,11.2,11.2,11.2,11.22,8.65,8.65,8.65,8.67,6.79,6.78,6.78,6.79,5.3,5.3,5.3,5.3,3.83,3.83,3.83,3.83
fragment_02893,5,30.01,29.77,29.71,30.34,23.91,23.61,23.44,25.16,16.99,16.83,16.33,18.13,11.63,11.7,11.31,11.72,7.32,7.32,7.32,7.33,4.76,4.76,4.76,4.77,3.27,3.27,3.27,3.28
fragment_02894,4,29.07,29.08,28.93,29.45,23.92,23.88,23.88,24.18,18.64,18.48,18.48,19.0,14.33,14.17,14.17,14.7,10.37,10.32,10.32,10.46,6.95,6.95,6.95,6.96,4.78,4.78,4.78,4.78
fragment_02895,4,31.41,31.5,30.45,31.5,27.97,28.28,24.86,28.28,22.52,22.83,19.31,22.83,16.81,16.97,15.08,16.97,12.04,12.13,11.08,12.13,8.55,8.58,8.2,8.58,5.96,5.96,5.94,5.96
fragment_02896,4,28.29,28.29,28.17,28.33,21.18,21.18,21.18,21.98,15.39,15.39,15.04,16.13,11.85,11.86,10.59,12.19,8.94,8.96,7.6,9.39,7.0,7.01,5.9,7.4,5.52,5.53,4.78,5.71
fragment_02897,4,28.97,28.96,28.96,29.0,22.14,22.14,22.14,22.31,15.45,15.44,15.43,15.86,11.75,11.77,11.26,11.77,8.83,8.85,8.26,8.85,6.8,6.81,6.46,6.81,5.46,5.47,5.07,5.47
fragment_02898,1,28.86,28.86,28.86,28.86,21.7,21.7,21.7,21.7,16.2,16.2,16.2,16.2,12.23,12.23,12.23,12.23,8.18,8.18,8.18,8.18,5.35,5.35,5.35,5.35,3.67,3.67,3.67,3.67
fragment_02899,2,27.64,27.64,27.51,27.64,19.63,19.63,19.58,19.63,13.72,13.72,13.66,13.72,10.28,10.28,10.25,10.28,7.94,7.94,7.93,7.94,5.51,5.51,5.51,5.51,3.78,3.78,3.78,3.78
fragment_02900,1,30.66,30.66,30.66,30.66,24.71,24.71,24.71,24.71,18.9,18.9,18.9,18.9,13.75,13.75,13.75,13.75,9.38,9.38,9.38,9.38,6.21,6.21,6.21,6.21,4.27,4.27,4.27,4.27
fragment_02901,4,28.0,27.98,27.85,28.59,19.99,19.82,19.82,22.85,15.13,14.94,14.94,18.79,11.3,11.17,11.17,13.86,8.5,8.42,8.42,9.94,6.45,6.43,6.43,6.74,4.62,4.62,4.62,4.63
fragment_02902,12,28.58,28.52,28.22,30.14,23.97,24.24,22.39,26.95,18.44,18.57,17.01,20.24,13.42,13.35,12.56,13.97,8.97,8.95,8.89,9.05,5.88,5.88,5.88,5.89,4.04,4.04,4.04,4.04
fragment_02903,2,31.27,31.27,31.27,31.39,25.3,25.3,25.23,25.3,18.47,18.47,18.4,18.47,13.02,13.02,12.92,13.02,9.48,9.48,9.43,9.48,7.08,7.08,7.05,7.08,5.11,5.11,5.11,5.11
fragment_02904,15,25.8,26.28,25.33,26.28,21.28,22.82,19.72,22.82,18.79,20.69,16.3,20.69,15.82,17.44,13.45,17.44,12.28,13.02,11.12,13.02,8.63,8.69,8.37,8.69,5.97,5.97,5.95,5.97
fragment_02905,6,25.29,25.27,25.04,25.65,20.13,20.13,19.79,20.33,16.63,16.68,15.69,17.4,13.23,13.28,12.31,14.42,10.29,10.3,9.87,11.07,7.63,7.63,7.48,7.77,5.35,5.35,5.34,5.35
fragment_02906,2,26.76,26.76,26.33,26.76,22.53,22.54,22.03,22.54,16.86,16.87,16.57,16.87,12.44,12.45,12.21,12.45,8.88,8.88,8.79,8.88,6.38,6.38,6.32,6.38,4.73,4.73,4.71,4.73
fragment_02907,2,28.2,28.18,28.18,28.23,20.37,20.35,20.35,20.41,14.17,14.17,14.16,14.17,9.71,9.71,9.71,9.71,6.64,6.64,6.63,6.64,4.52,4.52,4.52,4.52,3.11,3.11,3.11,3.11
fragment_02908,13,30.85,31.04,30.28,31.63,25.65,25.84,24.49,28.02,18.24,18.32,17.26,20.06,11.5,11.49,11.45,11.57,6.99,7.0,6.98,7.01,4.55,4.55,4.54,4.56,3.13,3.13,3.12,3.13
fragment_02909,4,31.06,31.08,30.69,31.64,25.94,25.93,25.74,27.81,18.32,18.3,18.3,19.91,11.47,11.47,11.47,11.55,6.99,6.99,6.99,6.99,4.55,4.55,4.55,4.55,3.13,3.13,3.13,3.13
fragment_02910,10,28.41,28.36,28.06,29.38,21.73,21.47,20.61,24.0,16.96,16.77,15.52,18.88,12.25,12.18,11.04,12.67,7.72,7.72,7.56,7.73,5.03,5.03,5.03,5.03,3.45,3.45,3.45,3.46
fragment_02911,2,28.74,28.77,28.68,28.77,21.63,21.64,21.6,21.64,15.33,15.34,15.32,15.34,11.98,11.98,11.96,11.98,9.39,9.39,9.38,9.39,6.46,6.46,6.46,6.46,4.44,4.44,4.44,4.44
fragment_02912,36,28.69,28.56,28.17,29.53,22.84,22.4,22.13,25.41,16.97,16.4,16.14,19.73,12.35,12.09,11.03,14.85,8.84,8.9,7.95,9.91,6.33,6.44,5.78,6.51,4.47,4.47,4.36,4.48
fragment_02913,10,27.05,27.02,26.97,27.14,23.07,23.13,22.93,23.72,18.77,18.9,18.48,19.32,14.88,14.42,14.27,15.79,12.07,11.59,11.59,13.11,9.74,9.44,9.33,10.44,7.44,7.38,7.35,7.52
fragment_02914,21,30.24,30.27,30.2,30.28,24.82,25.64,24.39,25.64,20.02,21.11,18.89,21.16,15.66,16.57,14.18,16.72,11.05,11.47,9.85,11.51,7.56,7.61,7.05,7.61,5.23,5.23,5.16,5.23
fragment_02915,4,29.06,29.07,28.87,29.25,23.08,23.1,22.57,23.46,18.64,18.68,17.36,19.06,12.71,12.74,11.91,12.86,7.78,7.78,7.76,7.8,5.06,5.06,5.06,5.08,3.48,3.48,3.48,3.49
fragment_02916,25,30.69,30.69,30.35,31.87,25.63,25.8,24.7,29.52,18.98,19.26,18.03,22.32,13.15,13.35,12.69,13.75,8.31,8.31,8.24,8.33,5.41,5.41,5.4,5.42,3.72,3.72,3.71,3.73
fragment_02917,8,23.83,23.81,23.5,24.11,18.76,18.33,18.05,20.55,15.92,15.38,15.23,18.67,11.93,11.41,11.28,14.05,8.87,8.54,8.45,10.12,6.64,6.5,6.46,7.14,4.91,4.84,4.81,5.19
fragment_02918,2,28.36,28.34,28.34,28.4,20.51,20.49,20.49,20.55,14.58,14.57,14.57,14.59,10.89,10.88,10.88,10.92,7.7,7.69,7.69,7.71,5.19,5.19,5.19,5.19,3.57,3.57,3.57,3.57
fragment_02919,9,31.77,31.74,31.12,32.48,27.74,27.49,27.49,31.45,23.24,23.06,23.06,26.1,19.27,19.25,18.8,19.77,13.91,13.92,13.6,13.99,9.68,9.68,9.59,9.69,6.67,6.67,6.66,6.68
fragment_02920,21,28.24,28.35,27.87,28.35,21.57,21.25,21.08,22.9,16.86,16.47,16.41,18.77,12.44,11.94,11.9,14.59,9.42,9.1,9.04,11.29,7.23,7.08,7.05,7.86,5.35,5.33,5.33,5.4
fragment_02921,11,29.43,29.6,28.72,29.6,23.98,24.57,23.15,25.33,19.59,20.3,18.22,21.7,15.22,16.1,13.66,17.32,11.29,11.94,10.56,12.41,8.03,8.2,7.83,8.21,5.64,5.64,5.63,5.65
fragment_02922,6,32.38,32.29,32.29,33.38,27.68,27.5,27.5,30.67,19.3,19.06,19.06,22.83,13.82,13.65,13.65,15.74,9.98,9.88,9.88,11.09,7.38,7.34,7.34,7.71,5.29,5.29,5.29,5.31
fragment_02923,1,30.76,30.76,30.76,30.76,25.93,25.93,25.93,25.93,20.28,20.28,20.28,20.28,16.09,16.09,16.09,16.09,12.13,12.13,12.13,12.13,8.76,8.76,8.76,8.76,6.07,6.07,6.07,6.07
fragment_02924,55,28.78,28.77,28.7,28.86,21.84,22.1,21.62,23.18,16.49,17.51,15.47,19.15,14.27,16.27,12.16,17.01,12.02,14.4,9.35,14.57,9.57,11.37,7.25,11.4,7.24,8.11,5.69,8.11
fragment_02925,9,28.31,28.26,28.14,30.02,21.44,20.65,20.65,25.41,15.68,14.83,14.8,19.77,12.62,12.04,12.04,16.73,10.25,9.89,9.89,13.75,8.16,7.93,7.8,10.23,6.38,6.27,6.16,7.33
fragment_02926,4,28.1,28.05,28.03,28.6,20.5,20.59,19.84,20.59,14.76,14.84,14.15,14.84,11.89,11.96,11.37,11.96,9.97,10.07,9.21,10.07,7.68,7.75,7.07,7.75,5.69,5.72,5.47,5.72
fragment_02927,10,28.27,28.15,28.15,29.16,21.15,20.46,20.46,24.1,16.2,15.46,15.45,18.11,12.04,11.53,11.44,12.82,8.23,8.2,8.14,8.31,5.4,5.41,5.39,5.41,3.71,3.71,3.7,3.72
fragment_02928,9,27.8,27.7,27.7,28.28,19.38,19.22,18.74,21.05,13.5,13.33,12.42,15.75,10.03,9.92,9.31,11.5,7.44,7.38,7.09,8.13,5.35,5.35,5.29,5.42,3.72,3.72,3.72,3.73
fragment_02929,15,27.94,27.91,27.79,28.02,19.35,19.28,19.21,19.46,12.44,12.38,11.88,12.59,8.59,8.56,8.19,8.79,6.8,6.77,6.35,6.96,5.69,5.68,5.28,5.87,4.9,4.89,4.55,5.03
fragment_02930,8,27.79,27.74,27.74,28.3,19.06,18.88,18.88,22.73,13.06,12.73,12.73,17.04,9.86,9.63,9.63,11.42,6.89,6.86,6.86,7.0,4.54,4.55,4.54,4.56,3.12,3.12,3.12,3.13
fragment_02931,44,34.7,34.92,33.71,35.1,33.29,33.86,30.47,35.4,25.08,25.49,22.5,27.12,15.81,15.81,15.71,15.9,9.62,9.62,9.6,9.63,6.26,6.26,6.25,6.27,4.3,4.3,4.29,4.31
fragment_02932,15,28.6,28.6,28.34,30.02,25.28,25.39,24.01,27.34,19.7,19.81,18.29,22.95,14.76,14.79,13.84,18.04,10.8,10.65,10.15,13.39,8.27,8.08,7.69,9.91,6.59,6.43,6.16,7.46
fragment_02933,1,29.19,29.19,29.19,29.19,22.6,22.6,22.6,22.6,17.33,17.33,17.33,17.33,13.6,13.6,13.6,13.6,10.52,10.52,10.52,10.52,7.74,7.74,7.74,7.74,5.45,5.45,5.45,5.45
fragment_02934,4,28.16,28.16,28.16,28.82,20.02,20.01,20.01,21.9,12.77,12.77,12.77,14.04,8.99,8.98,8.98,9.81,7.02,7.02,6.88,7.38,5.86,5.87,5.44,5.97,4.88,4.9,4.46,4.9
fragment_02935,2,29.99,30.0,29.99,30.0,25.4,25.4,25.39,25.4,20.23,20.23,20.23,20.23,14.58,14.58,14.58,14.58,9.9,9.9,9.9,9.9,6.55,6.55,6.55,6.55,4.5,4.5,4.5,4.5
fragment_02936,6,25.28,25.27,25.08,26.0,20.17,20.16,19.86,21.53,16.7,16.73,15.81,18.94,13.25,13.27,12.34,15.53,10.15,10.15,9.71,11.49,7.56,7.56,7.32,8.15,5.61,5.61,5.52,5.7
fragment_02937,17,28.04,27.99,27.94,28.61,20.18,20.25,19.63,20.26,13.59,13.65,12.69,13.74,9.2,9.22,8.29,9.32,6.48,6.49,5.92,6.57,4.92,4.92,4.46,5.02,3.83,3.83,3.5,3.93
fragment_02938,2,28.03,28.03,27.45,28.03,25.76,25.76,25.17,25.76,21.01,21.01,20.74,21.01,16.27,16.27,16.27,16.28,12.32,12.32,12.32,12.32,8.34,8.34,8.34,8.34,5.73,5.73,5.73,5.73
fragment_02939,2,28.17,28.18,27.78,28.18,22.82,22.82,22.45,22.82,16.4,16.4,16.35,16.4,12.01,12.01,11.92,12.01,8.86,8.86,8.82,8.86,6.66,6.66,6.63,6.66,4.78,4.78,4.78,4.78
fragment_02940,1,28.86,28.86,28.86,28.86,21.81,21.81,21.81,21.81,14.68,14.68,14.68,14.68,10.28,10.28,10.28,10.28,7.79,7.79,7.79,7.79,6.05,6.05,6.05,6.05,4.78,4.78,4.78,4.78
fragment_02941,2,29.79,29.8,29.79,29.8,23.24,23.24,23.24,23.24,16.45,16.45,16.45,16.45,11.43,11.43,11.43,11.43,8.3,8.3,8.3,8.31,6.6,6.6,6.6,6.6,4.91,4.91,4.91,4.91
fragment_02942,3,28.78,28.79,28.7,28.79,21.67,21.67,21.62,21.67,15.17,15.18,15.16,15.18,11.06,11.07,11.05,11.17,7.94,7.94,7.94,7.97,5.61,5.61,5.61,5.62,3.88,3.88,3.88,3.89
fragment_02943,4,28.32,28.3,28.3,28.35,20.49,20.48,20.47,20.52,14.72,14.74,14.69,14.74,11.06,11.07,11.03,11.07,8.44,8.45,8.41,8.45,6.61,6.62,6.6,6.62,4.82,4.82,4.82,4.82
fragment_02944,10,30.26,30.47,29.97,31.09,25.16,25.41,24.05,25.95,18.43,18.49,17.33,18.96,12.49,12.53,11.6,12.65,7.65,7.66,7.62,7.72,4.98,4.98,4.97,5.02,3.42,3.42,3.42,3.45
fragment_02945,11,31.1,30.89,30.76,32.48,26.23,26.15,25.9,28.13,20.6,20.35,20.35,22.25,15.71,15.59,15.59,16.21,10.65,10.66,10.62,10.71,6.97,6.97,6.96,6.98,4.79,4.79,4.78,4.79
fragment_02946,8,29.5,29.64,29.28,29.68,22.6,22.75,21.9,23.34,16.75,16.94,16.1,17.3,12.49,12.62,11.99,13.14,9.18,9.29,8.77,9.61,6.49,6.5,6.45,6.5,4.47,4.47,4.47,4.47
fragment_02947,5,27.73,27.75,27.71,27.76,24.15,24.17,24.1,24.17,18.93,18.96,18.88,18.96,13.51,13.52,13.5,13.52,9.39,9.38,9.38,9.41,7.07,7.06,7.06,7.12,5.56,5.52,5.52,5.74
fragment_02948,7,28.32,28.34,28.26,28.56,23.24,23.03,23.03,26.22,17.24,16.86,16.86,20.99,12.94,12.55,12.55,14.63,8.78,8.67,8.66,9.03,5.87,5.88,5.87,5.88,4.04,4.04,4.03,4.04
fragment_02949,10,27.99,27.97,27.94,28.63,20.18,20.2,19.64,20.22,13.62,13.59,12.7,13.74,9.21,9.18,8.37,9.32,6.72,6.71,6.28,6.87,5.42,5.41,5.04,5.47,4.47,4.47,4.12,4.5
fragment_02950,12,25.44,25.41,25.07,27.17,20.67,21.06,19.82,22.77,17.46,18.23,16.09,19.06,14.52,15.07,13.48,16.3,12.3,12.64,11.56,13.64,9.73,9.94,9.28,10.19,7.12,7.14,7.04,7.14
fragment_02951,3,28.0,27.99,27.99,28.01,19.43,19.42,19.42,19.44,14.25,14.24,14.24,14.25,11.54,11.53,11.53,11.54,9.0,8.99,8.99,9.01,6.84,6.83,6.83,6.85,5.36,5.36,5.36,5.36
fragment_02952,2,27.52,27.53,27.47,27.53,20.18,20.18,20.17,20.18,13.84,13.84,13.83,13.84,9.53,9.52,9.52,9.53,6.51,6.51,6.51,6.52,4.57,4.57,4.57,4.57,3.16,3.16,3.16,3.16
fragment_02953,2,28.15,28.15,28.15,28.68,24.6,24.6,23.59,24.6,20.42,20.42,17.9,20.42,17.71,17.72,14.54,17.72,13.34,13.34,11.34,13.34,9.26,9.26,8.6,9.26,6.36,6.36,6.36,6.36
fragment_02954,2,27.03,27.03,27.03,27.03,24.1,24.1,24.1,24.1,19.14,19.14,19.14,19.14,13.45,13.45,13.45,13.45,8.52,8.52,8.52,8.52,5.54,5.54,5.54,5.54,3.81,3.81,3.81,3.81
fragment_02955,4,28.8,28.8,28.73,28.85,21.66,21.67,21.63,21.69,15.24,15.22,15.22,15.26,11.3,11.29,11.29,11.33,8.41,8.4,8.4,8.43,6.17,6.17,6.16,6.17,4.4,4.4,4.4,4.4
fragment_02956,5,28.47,28.32,28.32,29.13,25.22,25.35,24.09,25.35,19.91,20.36,18.61,20.36,15.25,15.88,14.61,15.88,11.34,11.71,10.95,11.76,7.93,7.97,7.89,7.99,5.48,5.48,5.48,5.49
fragment_02957,1,30.63,30.63,30.63,30.63,26.26,26.26,26.26,26.26,21.8,21.8,21.8,21.8,18.16,18.16,18.16,18.16,14.19,14.19,14.19,14.19,10.37,10.37,10.37,10.37,7.27,7.27,7.27,7.27
fragment_02958,16,30.71,30.71,30.42,31.53,25.65,25.28,25.28,28.97,19.85,19.34,19.34,24.11,14.52,14.27,14.02,17.5,10.79,10.57,10.35,12.62,8.21,8.07,7.89,9.06,6.17,6.13,6.06,6.37
fragment_02959,2,28.47,28.58,28.34,28.58,22.24,22.57,21.87,22.57,16.6,17.11,16.02,17.11,11.1,11.22,10.97,11.22,6.84,6.84,6.84,6.84,4.45,4.45,4.45,4.45,3.06,3.06,3.06,3.06
fragment_02960,10,28.44,28.35,28.13,30.13,23.35,23.11,22.8,26.65,18.13,18.12,17.38,21.98,13.95,14.06,13.24,16.77,10.76,10.79,10.34,11.97,7.86,7.87,7.75,7.96,5.46,5.46,5.45,5.47
fragment_02961,1,30.12,30.12,30.12,30.12,24.86,24.86,24.86,24.86,19.47,19.47,19.47,19.47,14.17,14.17,14.17,14.17,9.46,9.46,9.46,9.46,6.59,6.59,6.59,6.59,4.56,4.56,4.56,4.56
fragment_02962,3,25.89,25.96,25.66,25.96,21.1,21.18,20.85,21.18,16.13,16.17,15.97,16.17,12.55,12.59,12.39,12.59,9.59,9.62,9.51,9.62,6.89,6.9,6.87,6.9,4.84,4.84,4.84,4.84
fragment_02963,7,28.09,28.11,27.92,28.24,21.59,20.92,20.89,22.53,17.32,16.1,16.08,19.08,13.0,11.73,11.73,14.81,9.71,8.79,8.79,11.04,7.51,6.92,6.92,8.34,5.85,5.49,5.49,6.34
fragment_02964,1,28.47,28.47,28.47,28.47,22.65,22.65,22.65,22.65,16.76,16.76,16.76,16.76,12.52,12.52,12.52,12.52,9.56,9.56,9.56,9.56,6.94,6.94,6.94,6.94,4.8,4.8,4.8,4.8
fragment_02965,1,29.58,29.58,29.58,29.58,23.64,23.64,23.64,23.64,17.59,17.59,17.59,17.59,13.57,13.57,13.57,13.57,9.77,9.77,9.77,9.77,6.43,6.43,6.43,6.43,4.41,4.41,4.41,4.41
fragment_02966,12,27.88,27.83,27.68,27.96,19.28,19.24,19.17,19.38,12.39,12.35,11.85,12.51,8.34,8.31,8.11,8.47,6.46,6.43,6.18,6.59,5.47,5.45,5.15,5.58,4.57,4.55,4.32,4.81
fragment_02967,2,26.2,26.18,26.18,26.22,19.49,19.47,19.47,19.5,13.98,13.97,13.97,13.99,11.5,11.49,11.49,11.51,9.13,9.12,9.12,9.13,7.11,7.11,7.11,7.11,5.38,5.38,5.38,5.39
fragment_02968,32,29.18,29.32,28.66,29.71,23.42,23.33,22.54,26.04,18.57,18.93,17.09,21.47,13.68,13.76,11.93,15.45,9.9,9.9,8.86,10.65,6.92,6.95,6.73,6.98,4.79,4.78,4.78,4.8
fragment_02969,25,28.05,28.06,27.95,28.52,20.07,20.15,19.56,20.27,14.22,14.88,12.78,15.49,10.23,10.9,9.2,11.86,7.94,8.55,7.1,9.71,6.39,6.79,5.72,7.67,5.12,5.32,4.75,5.62
fragment_02970,6,28.73,28.73,28.65,28.76,21.63,21.62,21.58,21.64,15.15,15.13,15.13,15.17,11.22,11.2,11.2,11.26,8.64,8.64,8.56,8.66,7.05,7.04,7.03,7.11,5.68,5.67,5.67,5.77
fragment_02971,2,27.84,27.84,27.84,27.84,25.39,25.39,25.39,25.39,18.66,18.66,18.66,18.66,13.02,13.02,13.02,13.02,9.58,9.58,9.58,9.58,7.21,7.21,7.21,7.21,5.23,5.23,5.23,5.23
fragment_02972,4,28.77,28.82,28.71,28.82,21.66,21.69,21.63,21.69,15.61,15.64,15.59,15.64,12.4,12.42,12.39,12.42,9.48,9.49,9.48,9.49,6.53,6.54,6.53,6.54,4.49,4.49,4.49,4.49
fragment_02973,7,30.69,30.96,30.36,31.25,26.14,26.03,25.21,26.61,19.54,19.05,19.05,20.57,13.25,13.09,13.09,13.57,8.23,8.23,8.22,8.24,5.36,5.35,5.35,5.37,3.68,3.68,3.68,3.69
fragment_02974,18,28.24,28.21,28.18,28.6,23.83,23.78,23.7,24.25,18.45,18.11,18.07,19.31,14.68,14.28,14.17,15.72,10.98,10.57,10.49,11.98,8.09,7.9,7.84,8.46,5.82,5.81,5.8,5.84
fragment_02975,4,30.65,30.66,30.33,30.78,26.44,26.57,25.46,26.57,20.7,20.86,19.67,20.86,14.75,14.81,14.38,14.87,9.43,9.43,9.43,9.44,6.14,6.14,6.14,6.15,4.22,4.22,4.22,4.22
fragment_02976,1,28.98,28.98,28.98,28.98,22.37,22.37,22.37,22.37,15.14,15.14,15.14,15.14,8.49,8.49,8.49,8.49,5.15,5.15,5.15,5.15,3.35,3.35,3.35,3.35,2.3,2.3,2.3,2.3
fragment_02977,4,29.81,29.97,29.24,29.97,23.59,23.91,22.56,23.91,16.56,16.77,15.58,16.77,11.16,11.22,10.89,11.22,6.98,6.97,6.97,6.99,4.54,4.54,4.54,4.55,3.12,3.12,3.12,3.13
fragment_02978,10,28.18,28.24,28.01,28.43,22.03,22.02,21.03,25.07,16.43,16.38,15.69,20.22,12.88,12.57,12.57,15.85,10.51,10.14,10.13,12.44,8.6,8.37,8.36,9.4,6.53,6.49,6.49,6.64
fragment_02979,17,28.23,28.24,28.01,29.5,21.43,21.54,20.64,25.34,15.43,15.58,14.54,18.62,12.21,12.35,11.3,15.13,9.81,9.87,8.99,12.17,7.72,7.61,7.43,8.81,5.89,5.88,5.78,6.07
fragment_02980,2,27.7,27.71,27.7,27.71,26.27,26.27,26.27,26.27,20.28,20.27,20.27,20.28,14.73,14.72,14.72,14.73,10.21,10.21,10.21,10.21,6.8,6.8,6.8,6.8,4.67,4.67,4.67,4.67
fragment_02981,2,30.85,30.86,30.59,30.86,26.45,26.46,26.2,26.46,20.28,20.28,20.28,20.34,15.33,15.33,15.33,15.45,10.48,10.48,10.47,10.48,6.82,6.82,6.82,6.82,4.69,4.69,4.68,4.69
fragment_02982,1,29.76,29.76,29.76,29.76,23.16,23.16,23.16,23.16,16.47,16.47,16.47,16.47,11.7,11.7,11.7,11.7,8.69,8.69,8.69,8.69,6.67,6.67,6.67,6.67,5.09,5.09,5.09,5.09
fragment_02983,1,30.24,30.24,30.24,30.24,24.68,24.68,24.68,24.68,17.92,17.92,17.92,17.92,11.38,11.38,11.38,11.38,7.2,7.2,7.2,7.2,4.69,4.69,4.69,4.69,3.22,3.22,3.22,3.22
fragment_02984,11,30.5,30.45,30.39,30.75,25.69,25.8,24.99,27.18,18.22,18.31,17.59,20.01,11.75,11.78,11.4,12.63,7.7,7.72,7.65,7.74,5.03,5.03,5.02,5.04,3.45,3.45,3.45,3.46
fragment_02985,14,28.44,28.19,27.96,29.08,21.74,20.55,20.39,23.38,14.69,13.56,13.4,16.47,9.69,9.44,9.36,10.17,6.15,6.14,6.14,6.16,4.0,4.0,4.0,4.01,2.75,2.75,2.75,2.76
fragment_02986,3,29.26,29.32,28.45,29.32,25.65,25.66,25.21,25.9,20.75,20.72,20.67,21.35,16.27,16.25,16.25,16.49,11.8,11.8,11.78,11.87,7.94,7.94,7.94,7.94,5.45,5.45,5.45,5.45
fragment_02987,44,28.22,28.22,28.02,28.53,21.48,21.47,20.71,22.87,15.18,14.94,14.15,17.79,11.72,11.41,10.64,14.55,9.19,9.42,7.98,10.95,7.01,7.28,6.25,7.59,5.16,5.22,4.99,5.23
fragment_02988,2,27.93,27.93,27.51,27.93,22.71,22.71,22.28,22.71,16.1,16.1,16.08,16.1,11.26,11.26,11.19,11.26,8.31,8.31,8.3,8.31,6.41,6.41,6.39,6.41,5.1,5.1,5.09,5.1
fragment_02989,7,27.78,27.79,27.69,28.44,19.23,19.24,18.8,22.79,13.93,14.45,12.56,18.59,11.63,12.47,9.97,14.57,9.31,9.94,8.01,10.72,7.07,7.43,6.31,7.57,5.15,5.21,4.99,5.21
fragment_02990,5,27.97,27.92,27.83,28.01,19.32,19.28,19.22,19.36,12.41,12.36,11.88,12.46,8.35,8.33,8.16,8.38,6.33,6.3,6.14,6.35,5.11,5.09,4.95,5.12,4.14,4.12,4.07,4.15
fragment_02991,2,28.76,28.79,28.69,28.79,21.64,21.65,21.6,21.65,15.36,15.37,15.34,15.37,12.13,12.14,12.12,12.14,9.73,9.73,9.72,9.73,6.87,6.87,6.87,6.87,4.72,4.72,4.72,4.72
fragment_02992,7,30.48,30.4,30.27,31.29,24.5,24.39,24.39,28.53,18.11,18.0,18.0,23.04,13.8,13.74,13.63,16.62,10.02,9.99,9.88,11.56,7.45,7.45,7.38,7.74,5.31,5.31,5.3,5.32
fragment_02993,2,30.87,30.85,30.85,30.96,25.33,24.95,24.95,27.16,18.11,17.66,17.66,20.32,12.25,12.1,12.1,12.98,8.03,8.0,8.0,8.18,5.32,5.33,5.32,5.33,3.66,3.66,3.66,3.66
fragment_02994,2,27.94,27.94,27.55,27.94,22.68,22.68,22.28,22.68,16.13,16.13,16.07,16.13,11.53,11.53,11.44,11.53,8.59,8.59,8.56,8.59,6.46,6.46,6.44,6.46,4.85,4.85,4.85,4.85
fragment_02995,12,27.96,27.91,27.8,28.02,19.34,19.3,19.21,19.38,12.43,12.41,11.88,12.48,8.36,8.35,8.16,8.39,6.35,6.33,6.14,6.37,5.12,5.11,4.95,5.13,4.13,4.12,4.04,4.14
fragment_02996,8,30.78,30.82,30.55,30.89,24.86,24.79,24.61,25.71,18.65,18.62,18.26,19.58,14.31,14.32,14.15,14.72,10.01,10.02,9.99,10.05,6.56,6.56,6.55,6.57,4.51,4.51,4.5,4.51
fragment_02997,19,28.38,28.39,28.36,28.66,24.09,24.06,23.98,24.81,19.12,19.04,18.65,20.86,15.66,15.68,14.83,17.79,11.82,11.7,11.3,13.62,8.88,8.82,8.6,9.44,6.46,6.45,6.42,6.48
fragment_02998,7,29.18,29.16,29.1,30.02,24.1,24.13,23.77,24.13,20.98,21.03,20.04,21.03,17.27,17.35,15.98,18.12,12.4,12.49,11.55,13.41,9.07,9.09,8.63,9.29,6.45,6.45,6.41,6.45
fragment_02999,57,28.81,28.81,28.73,28.87,21.69,21.68,21.64,21.72,15.24,15.22,15.22,15.27,11.3,11.3,11.26,11.39,8.1,8.35,7.95,8.43,6.09,6.45,5.75,6.51,4.86,5.12,4.51,5.14
fragment_03000,3,27.47,27.62,27.36,27.62,17.78,17.17,17.17,18.2,10.73,10.14,10.14,11.14,6.82,6.62,6.62,6.96,4.24,4.23,4.23,4.24,2.76,2.76,2.76,2.76,1.89,1.89,1.89,1.89
fragment_03001,44,27.81,27.77,27.74,28.25,18.97,18.73,18.72,21.79,12.83,12.33,12.13,16.22,9.97,9.97,9.12,13.0,7.9,8.24,7.21,9.61,6.14,6.53,5.55,6.67,4.51,4.59,4.25,4.59
fragment_03002,3,25.26,25.26,25.25,26.61,19.14,19.14,19.14,21.72,15.23,15.23,15.23,17.14,11.27,11.27,11.27,13.31,8.51,8.51,8.51,9.45,6.19,6.19,6.19,6.28,4.3,4.3,4.3,4.31
fragment_03003,1,27.63,27.63,27.63,27.63,27.2,27.2,27.2,27.2,21.9,21.9,21.9,21.9,16.51,16.51,16.51,16.51,11.59,11.59,11.59,11.59,8.07,8.07,8.07,8.07,5.78,5.78,5.78,5.78
fragment_03004,53,28.17,28.25,28.02,28.95,21.43,21.79,20.38,24.51,15.4,16.15,13.07,18.46,11.47,12.26,9.05,13.3,8.51,9.06,6.74,9.63,6.34,6.54,5.39,6.61,4.55,4.55,4.34,4.56
fragment_03005,23,28.62,28.65,27.58,28.65,25.28,25.29,25.04,26.42,20.58,20.57,20.21,23.99,16.31,16.41,15.93,20.21,12.37,12.56,11.85,15.37,9.78,9.99,9.34,10.78,7.36,7.45,7.04,7.45
fragment_03006,10,28.89,28.61,28.16,29.24,24.17,23.6,22.97,26.21,19.55,18.91,18.0,23.54,15.25,14.62,14.11,20.09,11.28,10.81,10.3,14.16,8.37,8.16,7.76,9.37,6.22,6.14,5.97,6.44
fragment_03007,2,30.26,30.27,30.24,30.27,25.27,25.28,25.27,25.28,19.99,19.98,19.98,19.99,14.58,14.58,14.58,14.58,10.37,10.38,10.37,10.38,7.69,7.69,7.69,7.69,5.64,5.64,5.64,5.64
fragment_03008,6,28.25,28.31,28.21,28.31,21.33,21.36,21.3,21.36,15.09,15.1,15.08,15.11,11.3,11.3,11.21,11.32,9.45,9.44,9.05,9.48,7.69,7.69,7.45,7.7,6.25,6.26,6.25,6.29
fragment_03009,8,27.84,27.84,27.82,27.86,25.45,25.43,25.43,25.5,18.73,18.72,18.71,18.8,13.28,13.16,13.14,13.44,10.16,9.91,9.87,10.49,8.02,7.74,7.7,8.38,6.46,6.28,6.27,6.7
fragment_03010,1,29.21,29.21,29.21,29.21,23.63,23.63,23.63,23.63,18.13,18.13,18.13,18.13,11.95,11.95,11.95,11.95,7.38,7.38,7.38,7.38,4.81,4.81,4.81,4.81,3.3,3.3,3.3,3.3
fragment_03011,1,27.07,27.07,27.07,27.07,26.12,26.12,26.12,26.12,23.8,23.8,23.8,23.8,20.18,20.18,20.18,20.18,15.06,15.06,15.06,15.06,10.8,10.8,10.8,10.8,8.16,8.16,8.16,8.16
fragment_03012,1,29.86,29.86,29.86,29.86,23.28,23.28,23.28,23.28,15.65,15.65,15.65,15.65,9.47,9.47,9.47,9.47,5.78,5.78,5.78,5.78,3.76,3.76,3.76,3.76,2.58,2.58,2.58,2.58
fragment_03013,4,28.94,28.92,28.92,30.14,24.6,24.57,24.57,27.63,19.37,19.35,19.35,21.98,14.4,14.4,14.4,14.74,9.27,9.27,9.27,9.3,6.03,6.03,6.03,6.05,4.15,4.15,4.15,4.16
fragment_03014,2,26.38,26.38,25.96,26.38,22.24,22.24,21.71,22.24,16.61,16.61,16.29,16.61,10.41,10.41,10.41,10.41,6.31,6.31,6.31,6.32,4.11,4.11,4.11,4.11,2.82,2.82,2.82,2.82
fragment_03015,3,29.76,29.75,29.75,30.08,22.92,22.89,22.89,24.53,15.73,15.69,15.69,17.41,10.65,10.64,10.64,10.83,6.55,6.55,6.55,6.56,4.26,4.26,4.26,4.27,2.93,2.93,2.93,2.93
fragment_03016,2,28.82,28.82,28.82,28.82,21.7,21.7,21.7,21.7,15.15,15.15,15.15,15.15,11.05,11.04,11.04,11.06,8.04,8.04,8.04,8.05,5.89,5.89,5.89,5.89,4.07,4.07,4.07,4.07
fragment_03017,3,31.02,30.96,30.96,31.83,27.75,27.75,27.75,29.3,21.95,21.91,21.91,24.75,16.47,16.47,16.42,18.21,11.9,11.92,11.63,12.11,7.89,7.89,7.89,7.89,5.42,5.42,5.42,5.42
fragment_03018,2,29.99,30.0,29.99,30.0,23.64,23.64,23.64,23.64,18.12,18.12,18.12,18.13,14.09,14.09,14.09,14.09,9.91,9.91,9.91,9.91,6.84,6.84,6.84,6.84,4.73,4.73,4.73,4.73
fragment_03019,3,27.75,27.75,27.74,27.77,18.87,18.87,18.86,18.88,13.0,13.01,12.96,13.01,9.87,9.88,9.84,9.88,7.71,7.72,7.69,7.72,6.11,6.12,6.1,6.12,4.76,4.77,4.76,4.77
fragment_03020,8,28.53,28.54,28.44,28.61,23.11,23.12,23.09,25.2,16.98,16.98,16.94,18.96,12.58,12.52,12.52,13.8,9.22,9.18,9.18,9.85,7.04,7.04,6.94,7.23,5.09,5.08,5.08,5.1
fragment_03021,2,28.25,28.3,28.15,28.3,19.95,19.97,19.9,19.97,14.35,14.36,14.33,14.36,11.51,11.51,11.51,11.52,8.98,8.98,8.98,9.0,6.84,6.83,6.83,6.85,5.36,5.35,5.35,5.36
fragment_03022,10,28.16,28.17,28.15,29.07,20.09,20.04,20.03,22.09,13.55,13.35,13.32,15.19,10.14,9.88,9.85,11.59,8.09,7.86,7.84,9.18,6.57,6.49,6.47,7.02,5.23,5.22,5.16,5.4
fragment_03023,13,27.98,27.93,27.85,28.04,20.37,20.56,19.23,20.56,14.08,14.29,12.66,14.29,10.16,10.25,9.41,10.25,7.67,7.69,7.32,7.71,6.05,6.07,5.73,6.08,4.77,4.78,4.63,4.79
fragment_03024,3,29.12,29.18,28.21,30.38,27.14,27.19,26.3,27.19,22.77,22.82,20.83,22.82,17.06,17.08,16.28,17.08,11.84,11.85,11.76,11.85,7.93,7.94,7.93,7.94,5.45,5.45,5.45,5.45
fragment_03025,4,30.33,30.35,30.31,30.35,25.38,25.39,25.37,25.39,19.97,19.97,19.97,19.97,14.2,14.21,14.18,14.21,10.5,10.52,10.48,10.52,8.39,8.4,8.38,8.4,6.3,6.31,6.3,6.31
fragment_03026,1,31.26,31.26,31.26,31.26,26.13,26.13,26.13,26.13,16.84,16.84,16.84,16.84,9.63,9.63,9.63,9.63,5.83,5.83,5.83,5.83,3.8,3.8,3.8,3.8,2.61,2.61,2.61,2.61
fragment_03027,1,27.46,27.46,27.46,27.46,21.06,21.06,21.06,21.06,16.08,16.08,16.08,16.08,11.57,11.57,11.57,11.57,8.24,8.24,8.24,8.24,5.42,5.42,5.42,5.42,3.73,3.73,3.73,3.73
fragment_03028,3,27.44,27.44,27.43,27.44,19.43,19.43,19.43,19.43,13.2,13.2,13.2,13.2,9.67,9.67,9.67,9.67,7.39,7.39,7.39,7.39,5.55,5.55,5.55,5.55,4.2,4.2,4.2,4.2
fragment_03029,13,28.31,28.01,28.01,29.2,24.7,24.93,23.83,25.78,20.25,21.11,18.27,21.11,16.13,17.11,14.1,17.5,12.02,12.52,10.78,13.18,8.66,8.79,8.33,8.79,6.04,6.04,6.02,6.04
fragment_03030,12,30.39,30.22,30.22,31.25,25.24,24.26,24.26,28.6,18.42,17.07,17.07,22.43,13.6,12.79,12.79,15.89,10.3,9.89,9.89,11.28,7.48,7.4,7.4,7.58,5.2,5.2,5.2,5.21
fragment_03031,2,31.01,31.01,31.01,31.01,26.86,26.85,26.85,26.86,21.87,21.86,21.86,21.87,15.26,15.25,15.25,15.26,10.11,10.11,10.11,10.11,7.03,7.03,7.03,7.03,4.87,4.87,4.87,4.87
fragment_03032,9,28.92,29.02,27.92,29.19,26.26,26.52,24.82,26.52,20.82,21.11,18.92,21.11,14.75,14.83,14.27,14.83,10.14,10.17,9.94,10.17,6.92,6.93,6.87,6.93,4.78,4.78,4.77,4.78
fragment_03033,6,30.58,30.5,30.46,31.35,24.84,24.5,24.5,28.31,18.45,18.08,18.08,22.18,13.71,13.6,13.56,14.79,9.1,9.1,9.1,9.14,5.94,5.94,5.93,5.95,4.08,4.08,4.07,4.09
fragment_03034,1,28.7,28.7,28.7,28.7,22.04,22.04,22.04,22.04,16.61,16.61,16.61,16.61,12.71,12.71,12.71,12.71,9.33,9.33,9.33,9.33,7.1,7.1,7.1,7.1,5.34,5.34,5.34,5.34
fragment_03035,2,28.04,28.04,27.61,28.04,22.75,22.75,22.33,22.75,16.35,16.35,16.3,16.35,11.94,11.94,11.85,11.94,8.84,8.84,8.81,8.84,6.78,6.78,6.77,6.78,5.16,5.16,5.16,5.16
fragment_03036,10,33.34,33.3,33.11,34.52,30.87,30.79,30.75,33.66,22.62,22.48,22.48,25.49,14.68,14.57,14.57,15.94,9.6,9.58,9.58,9.72,6.32,6.32,6.31,6.33,4.34,4.34,4.34,4.35
fragment_03037,2,28.24,28.27,28.19,28.27,21.34,21.36,21.32,21.36,15.05,15.06,15.04,15.06,10.19,10.2,10.18,10.2,6.97,6.97,6.96,6.97,4.92,4.92,4.92,4.92,3.43,3.43,3.43,3.43
fragment_03038,4,28.0,27.97,27.83,28.6,19.98,19.81,19.81,22.89,15.13,14.93,14.93,18.85,11.31,11.17,11.17,13.9,8.51,8.43,8.43,9.96,6.45,6.43,6.43,6.74,4.62,4.62,4.62,4.63
fragment_03039,4,28.99,28.99,28.99,30.1,25.88,25.88,25.88,26.24,21.16,21.2,20.09,21.2,16.04,16.09,14.53,16.09,11.42,11.44,10.47,11.44,8.02,8.03,7.68,8.03,5.57,5.57,5.57,5.57
fragment_03040,5,28.01,27.98,27.96,28.53,20.17,20.22,19.78,20.22,14.2,14.27,13.57,14.27,10.9,10.95,10.37,10.95,8.79,8.83,8.1,8.88,7.12,7.04,6.59,7.29,5.83,5.72,5.57,6.0
fragment_03041,4,28.76,28.79,28.7,28.79,21.65,21.66,21.61,21.66,15.32,15.32,15.3,15.33,11.87,11.87,11.86,11.88,9.57,9.57,9.56,9.57,7.29,7.3,7.29,7.3,5.19,5.19,5.19,5.19
fragment_03042,16,27.81,27.79,27.63,27.94,25.74,26.42,23.83,26.42,19.56,20.65,16.65,20.65,14.16,14.87,12.49,14.87,10.61,10.93,9.73,10.93,7.64,7.69,7.42,7.69,5.29,5.3,5.29,5.3
fragment_03043,2,28.8,28.82,28.76,28.82,21.69,21.7,21.68,21.7,15.32,15.32,15.31,15.32,11.61,11.61,11.61,11.61,8.1,8.1,8.1,8.1,5.29,5.29,5.29,5.29,3.63,3.63,3.63,3.63
fragment_03044,3,27.94,27.94,27.91,28.0,25.28,25.16,24.94,26.54,18.44,18.29,17.83,20.0,12.52,12.49,12.09,12.81,7.8,7.8,7.79,7.81,5.08,5.08,5.07,5.08,3.49,3.49,3.48,3.49
fragment_03045,2,24.49,24.49,24.49,24.49,17.71,17.71,17.7,17.71,11.91,11.91,11.9,11.91,7.32,7.32,7.32,7.32,4.44,4.44,4.44,4.44,2.89,2.89,2.89,2.89,1.98,1.98,1.98,1.98
fragment_03046,1,29.96,29.96,29.96,29.96,23.4,23.4,23.4,23.4,18.0,18.0,18.0,18.0,14.6,14.6,14.6,14.6,11.03,11.03,11.03,11.03,7.75,7.75,7.75,7.75,5.33,5.33,5.33,5.33
fragment_03047,10,28.0,27.96,27.96,28.6,20.19,20.23,19.64,20.25,13.62,13.62,12.69,13.76,9.22,9.2,8.29,9.34,6.56,6.55,5.99,6.61,5.18,5.17,4.69,5.23,4.22,4.22,3.84,4.25
fragment_03048,12,27.5,27.49,27.44,28.83,20.18,20.16,20.16,22.11,15.54,15.48,15.19,15.93,11.85,11.75,11.44,12.47,9.01,8.93,8.81,9.51,6.9,6.86,6.73,7.22,5.28,5.26,5.23,5.39
fragment_03049,6,27.24,27.23,27.23,27.26,19.25,19.24,19.24,19.26,13.43,13.43,13.43,13.43,10.65,10.65,10.64,10.65,8.76,8.76,8.76,8.76,6.74,6.74,6.74,6.74,4.85,4.85,4.85,4.85
fragment_03050,6,30.57,30.39,30.39,30.83,25.54,25.48,25.1,25.7,18.27,18.22,17.75,18.39,13.17,13.1,12.69,13.31,10.25,10.07,9.69,10.49,8.09,7.95,7.75,8.27,6.45,6.36,6.33,6.59
fragment_03051,7,28.53,28.52,28.4,29.14,25.23,25.22,24.48,26.84,19.66,19.65,18.66,21.9,14.57,14.56,14.12,16.37,10.62,10.62,10.22,11.98,7.85,7.85,7.66,8.41,5.81,5.81,5.76,5.82
fragment_03052,2,25.09,25.09,25.09,25.11,18.98,18.97,18.97,19.02,13.55,13.56,13.51,13.56,10.4,10.41,10.37,10.41,8.03,8.03,8.03,8.03,5.49,5.49,5.49,5.49,3.77,3.77,3.77,3.77
fragment_03053,2,30.97,30.95,30.95,31.14,29.52,29.5,29.5,29.67,26.87,26.88,26.79,26.88,21.9,21.93,21.62,21.93,16.08,16.11,15.85,16.11,10.61,10.6,10.6,10.61,7.29,7.29,7.29,7.29
fragment_03054,3,27.97,27.98,27.91,27.99,20.34,20.35,20.3,20.36,14.44,14.44,14.44,14.45,10.54,10.54,10.54,10.55,8.42,8.42,8.42,8.43,6.54,6.54,6.54,6.55,5.16,5.16,5.16,5.16
fragment_03055,2,23.31,23.31,23.3,23.31,14.13,14.12,14.12,14.32,10.29,10.28,10.28,10.76,7.91,7.9,7.9,8.37,6.47,6.47,6.47,6.61,5.4,5.4,5.33,5.4,4.23,4.23,4.21,4.23
fragment_03056,1,30.42,30.42,30.42,30.42,25.48,25.48,25.48,25.48,19.59,19.59,19.59,19.59,13.29,13.29,13.29,13.29,8.13,8.13,8.13,8.13,5.29,5.29,5.29,5.29,3.64,3.64,3.64,3.64
fragment_03057,2,26.84,26.82,26.82,26.88,23.22,23.12,23.12,23.35,17.78,17.63,17.63,17.97,12.53,12.41,12.41,12.68,8.96,8.92,8.92,9.01,6.42,6.39,6.39,6.46,4.77,4.76,4.76,4.79
fragment_03058,1,27.68,27.68,27.68,27.68,19.76,19.76,19.76,19.76,13.25,13.25,13.25,13.25,8.68,8.68,8.68,8.68,5.87,5.87,5.87,5.87,3.83,3.83,3.83,3.83,2.63,2.63,2.63,2.63
fragment_03059,13,27.96,27.86,27.85,28.03,19.37,19.36,19.23,19.41,12.5,12.52,11.93,12.55,9.09,9.12,8.55,9.16,7.64,7.67,7.12,7.69,6.56,6.58,6.21,6.58,5.3,5.3,5.16,5.31
fragment_03060,2,28.41,28.44,28.25,28.44,20.49,20.51,20.38,20.51,14.27,14.27,14.26,14.27,9.96,9.96,9.96,9.97,6.41,6.42,6.41,6.42,4.18,4.18,4.17,4.18,2.87,2.87,2.87,2.87
fragment_03061,14,26.71,26.71,26.61,26.77,21.22,21.21,21.18,21.24,15.87,15.79,15.79,16.05,12.05,11.87,11.87,12.63,9.37,9.22,9.22,9.96,7.23,7.16,7.16,7.62,5.37,5.36,5.36,5.4
fragment_03062,6,29.08,29.27,28.71,29.29,26.9,27.09,26.25,27.1,21.87,21.84,21.17,22.2,16.13,16.08,15.8,16.34,11.17,11.17,11.01,11.22,7.82,7.82,7.73,7.84,5.59,5.59,5.58,5.6
fragment_03063,12,29.58,29.59,28.56,29.77,22.68,22.7,21.97,22.89,16.41,16.29,15.77,16.79,11.87,11.72,11.52,13.03,9.06,8.88,8.74,10.43,7.27,7.09,6.98,8.28,6.02,5.9,5.82,6.64
fragment_03064,4,29.08,29.07,28.67,29.08,26.35,26.35,24.51,26.37,21.55,21.55,18.79,21.56,15.36,15.36,14.53,15.36,10.42,10.42,10.26,10.42,6.87,6.87,6.85,6.87,4.72,4.72,4.71,4.72
fragment_03065,55,24.79,24.64,24.31,25.48,20.43,20.53,20.03,22.13,17.66,17.81,16.0,19.85,13.28,13.32,12.18,16.03,10.16,10.15,9.55,12.16,7.72,7.71,7.39,8.16,5.59,5.6,5.56,5.61
fragment_03066,13,28.98,29.02,28.37,29.45,25.97,25.98,25.03,28.22,21.07,20.76,20.16,24.34,15.77,15.53,15.2,18.16,11.1,11.13,10.76,11.71,7.6,7.6,7.59,7.62,5.23,5.23,5.23,5.24
fragment_03067,1,30.2,30.2,30.2,30.2,24.65,24.65,24.65,24.65,18.89,18.89,18.89,18.89,13.67,13.67,13.67,13.67,9.87,9.87,9.87,9.87,7.39,7.39,7.39,7.39,5.43,5.43,5.43,5.43
fragment_03068,3,26.26,26.37,25.94,26.37,21.25,21.32,20.95,21.32,15.51,15.52,15.43,15.52,10.79,10.8,10.74,10.8,7.64,7.65,7.62,7.65,5.23,5.23,5.23,5.23,3.59,3.59,3.59,3.59
fragment_03069,2,27.57,27.58,27.5,27.58,18.91,18.92,18.88,18.92,12.89,12.89,12.87,12.89,9.72,9.72,9.71,9.72,7.54,7.54,7.53,7.54,5.59,5.59,5.59,5.59,4.06,4.06,4.06,4.06
fragment_03070,6,28.81,28.8,28.8,28.82,21.68,21.68,21.67,21.68,15.47,15.44,15.43,15.56,12.15,12.1,12.1,12.33,9.89,9.86,9.86,9.96,7.88,7.88,7.77,7.91,6.21,6.21,6.09,6.23
fragment_03071,5,25.29,25.28,25.08,25.48,20.12,20.12,19.81,20.47,16.62,16.67,15.69,17.61,13.34,13.37,12.39,14.84,10.6,10.59,10.15,11.62,8.14,8.13,7.9,8.45,5.84,5.84,5.84,5.84
fragment_03072,15,30.1,30.1,30.07,30.62,24.08,24.07,24.05,25.05,17.13,17.15,16.94,17.94,13.17,13.29,12.11,13.6,10.12,10.28,8.83,10.53,8.15,8.32,6.94,8.47,6.4,6.5,5.66,6.55
fragment_03073,5,28.1,28.2,27.63,28.2,26.11,26.24,25.11,27.36,19.72,19.75,18.78,21.42,13.68,13.73,13.38,14.08,8.59,8.6,8.57,8.61,5.59,5.59,5.58,5.6,3.84,3.84,3.83,3.85
fragment_03074,11,24.12,24.22,23.5,24.35,21.3,21.85,18.99,21.85,19.54,20.27,15.63,20.27,15.58,16.29,11.35,16.29,11.61,12.04,9.07,12.04,8.5,8.67,7.23,8.67,6.04,6.06,5.62,6.06
fragment_03075,13,27.4,27.41,27.38,27.45,18.9,18.91,18.89,18.92,12.58,12.58,12.56,13.45,8.7,8.7,8.67,10.37,6.12,6.11,6.1,8.26,4.67,4.67,4.65,6.42,3.79,3.79,3.78,5.17
fragment_03076,1,29.71,29.71,29.71,29.71,24.58,24.58,24.58,24.58,18.48,18.48,18.48,18.48,13.15,13.15,13.15,13.15,9.59,9.59,9.59,9.59,6.8,6.8,6.8,6.8,4.7,4.7,4.7,4.7
fragment_03077,6,27.77,27.73,27.73,27.85,20.4,20.36,20.22,20.57,14.17,14.14,14.03,14.29,10.32,10.31,10.19,10.4,7.98,7.97,7.88,8.03,6.22,6.22,6.16,6.25,4.89,4.89,4.85,4.91
fragment_03078,21,27.96,28.07,27.57,28.14,21.32,22.05,19.1,22.18,15.28,16.2,12.43,16.3,11.71,12.63,8.84,12.69,9.08,9.74,6.97,9.76,6.95,7.31,5.77,7.32,5.11,5.22,4.68,5.22
fragment_03079,2,28.12,28.13,28.12,28.13,21.68,21.68,21.68,21.68,16.44,16.44,16.44,16.44,12.21,12.22,12.21,12.22,9.2,9.2,9.19,9.2,7.01,7.01,7.01,7.01,5.45,5.45,5.45,5.45
fragment_03080,3,28.79,28.81,28.74,28.81,21.68,21.69,21.66,21.69,15.25,15.25,15.24,15.25,11.41,11.41,11.41,11.41,7.88,7.88,7.88,7.88,5.15,5.14,5.14,5.15,3.53,3.53,3.53,3.54
fragment_03081,6,28.44,28.43,28.34,30.51,25.37,25.34,25.3,28.66,19.67,19.64,19.61,22.67,14.65,14.58,14.58,17.23,11.86,11.82,11.8,13.56,9.27,9.25,9.18,9.72,6.69,6.69,6.68,6.69
fragment_03082,2,27.91,27.92,27.9,27.92,20.29,20.29,20.29,20.29,14.35,14.35,14.35,14.35,9.72,9.72,9.72,9.72,6.81,6.81,6.81,6.81,4.79,4.79,4.79,4.79,3.29,3.29,3.29,3.29
fragment_03083,1,30.46,30.46,30.46,30.46,24.44,24.44,24.44,24.44,18.1,18.1,18.1,18.1,13.81,13.81,13.81,13.81,9.84,9.84,9.84,9.84,6.85,6.85,6.85,6.85,4.71,4.71,4.71,4.71
fragment_03084,11,28.57,28.58,28.01,28.58,19.91,19.9,19.89,21.94,13.67,13.62,13.62,16.9,10.37,10.3,10.3,12.8,8.22,8.18,8.18,9.35,6.21,6.2,6.2,6.49,4.46,4.46,4.46,4.46
fragment_03085,1,27.94,27.94,27.94,27.94,25.57,25.57,25.57,25.57,18.83,18.83,18.83,18.83,13.06,13.06,13.06,13.06,9.39,9.39,9.39,9.39,6.77,6.77,6.77,6.77,5.09,5.09,5.09,5.09
fragment_03086,4,28.06,28.0,28.0,28.55,20.14,20.19,19.72,20.19,13.83,13.86,13.55,13.87,10.45,10.39,10.39,11.11,8.99,8.9,8.9,9.84,7.88,7.82,7.82,8.44,6.26,6.25,6.25,6.4
fragment_03087,5,29.5,29.65,29.32,29.66,22.63,22.53,22.53,22.87,17.14,16.76,16.68,17.58,13.06,12.44,12.43,13.76,9.84,9.37,9.37,10.35,7.18,7.07,7.06,7.3,5.02,5.02,5.02,5.02
fragment_03088,8,29.03,29.22,28.15,29.61,23.59,23.91,22.55,25.11,18.03,18.74,16.65,19.87,13.83,14.42,12.72,15.17,10.41,10.62,9.83,10.82,7.11,7.11,7.05,7.11,4.88,4.89,4.88,4.89
fragment_03089,1,29.3,29.3,29.3,29.3,22.81,22.81,22.81,22.81,17.38,17.38,17.38,17.38,13.25,13.25,13.25,13.25,9.3,9.3,9.3,9.3,6.14,6.14,6.14,6.14,4.22,4.22,4.22,4.22
fragment_03090,1,33.84,33.84,33.84,33.84,32.85,32.85,32.85,32.85,25.45,25.45,25.45,25.45,15.05,15.05,15.05,15.05,9.12,9.12,9.12,9.12,5.93,5.93,5.93,5.93,4.08,4.08,4.08,4.08
fragment_03091,4,30.32,30.33,30.16,30.63,24.29,24.48,23.73,25.72,17.44,17.68,16.82,19.18,11.68,11.77,11.48,11.86,7.17,7.17,7.17,7.19,4.67,4.67,4.67,4.68,3.21,3.21,3.21,3.21
fragment_03092,21,28.15,28.14,28.04,28.61,20.26,20.39,19.65,20.43,14.01,13.9,12.7,15.13,9.97,9.85,8.49,10.82,7.54,7.56,6.51,7.82,5.88,5.97,5.3,5.97,4.65,4.7,4.27,4.7
fragment_03093,19,29.46,29.46,29.42,29.47,22.98,22.91,22.89,23.43,18.68,18.22,18.22,20.68,14.67,13.99,13.99,17.09,10.99,10.28,10.28,13.04,8.03,7.44,7.44,9.21,5.89,5.57,5.57,6.34
fragment_03094,8,28.51,28.52,28.45,28.52,22.05,22.05,22.04,22.16,17.03,17.06,16.73,17.37,13.05,13.07,12.84,13.44,9.89,9.9,9.82,10.11,7.05,7.05,7.05,7.05,4.86,4.86,4.86,4.86
fragment_03095,7,29.58,29.6,28.97,29.73,27.84,27.91,26.12,27.91,23.43,23.48,21.57,23.48,18.3,18.31,17.82,18.37,13.83,13.83,13.79,14.1,9.88,9.87,9.85,10.03,6.94,6.94,6.94,6.95
fragment_03096,4,31.23,31.2,31.2,31.45,26.85,26.86,26.73,26.87,21.14,21.16,20.97,21.17,14.67,14.67,14.66,14.67,9.76,9.76,9.75,9.76,6.79,6.79,6.79,6.79,4.7,4.7,4.7,4.7
fragment_03097,2,28.82,28.83,28.75,28.83,21.69,21.7,21.65,21.7,15.07,15.07,15.06,15.07,10.88,10.88,10.88,10.89,7.92,7.92,7.92,7.93,5.71,5.71,5.71,5.72,3.97,3.97,3.97,3.97
fragment_03098,2,30.24,30.14,30.14,30.34,25.5,25.41,25.41,25.59,17.85,17.77,17.77,17.94,11.17,11.1,11.1,11.25,6.96,6.96,6.96,6.96,4.53,4.53,4.53,4.53,3.11,3.11,3.11,3.11
fragment_03099,21,28.03,28.0,27.98,28.61,20.21,20.25,19.65,20.25,13.63,13.63,12.7,13.83,9.22,9.2,8.3,9.39,6.56,6.56,5.98,6.66,5.18,5.18,4.67,5.28,4.23,4.23,3.83,4.28
fragment_03100,11,27.88,27.91,27.61,28.35,25.5,25.22,25.14,27.75,18.78,18.53,18.1,21.57,13.23,13.31,12.65,14.47,8.78,8.85,8.57,8.88,5.77,5.77,5.76,5.78,3.96,3.96,3.96,3.97
fragment_03101,9,28.15,28.11,28.09,28.89,21.24,21.54,20.78,24.03,16.55,17.19,15.45,18.94,12.45,12.79,11.45,13.58,8.29,8.33,8.1,8.35,5.43,5.43,5.43,5.44,3.73,3.73,3.73,3.74
fragment_03102,3,31.03,30.97,30.97,31.82,27.76,27.75,27.75,29.29,21.95,21.91,21.91,24.75,16.47,16.47,16.42,18.21,11.9,11.92,11.62,12.11,7.89,7.89,7.88,7.89,5.42,5.42,5.42,5.42
fragment_03103,50,28.27,28.25,28.1,29.38,22.02,22.29,20.84,25.77,17.73,18.32,15.64,21.07,13.95,14.61,12.23,15.64,9.7,9.99,8.78,9.99,6.48,6.5,6.26,6.51,4.46,4.47,4.45,4.47
fragment_03104,21,28.32,28.35,28.09,28.75,22.74,22.34,20.65,24.81,17.12,16.44,15.22,19.39,13.59,12.98,12.06,16.24,10.72,10.33,9.21,12.44,8.02,7.88,7.08,8.52,5.83,5.82,5.54,5.86
fragment_03105,4,28.46,28.45,28.4,28.58,23.71,23.86,23.13,25.15,18.08,18.21,17.62,19.27,13.96,13.92,13.92,15.12,10.36,10.26,10.26,11.21,7.65,7.64,7.64,7.74,5.32,5.31,5.31,5.32
fragment_03106,2,30.27,30.27,30.26,30.27,25.54,25.54,25.54,25.54,20.24,20.24,20.24,20.24,14.61,14.61,14.61,14.61,10.38,10.38,10.38,10.38,7.56,7.56,7.56,7.56,5.42,5.42,5.42,5.42
fragment_03107,2,27.77,27.78,27.75,27.78,24.15,24.16,24.13,24.16,18.9,18.91,18.89,18.91,13.48,13.48,13.48,13.48,9.18,9.18,9.18,9.18,6.63,6.63,6.63,6.63,5.0,5.0,5.0,5.0
fragment_03108,23,27.81,27.74,27.72,28.31,19.2,18.71,18.71,22.24,13.17,12.08,12.08,17.0,9.89,8.83,8.83,12.23,7.37,6.8,6.8,8.3,5.33,5.16,5.16,5.44,3.73,3.73,3.73,3.74
fragment_03109,1,30.25,30.25,30.25,30.25,24.69,24.69,24.69,24.69,18.92,18.92,18.92,18.92,13.7,13.7,13.7,13.7,9.76,9.76,9.76,9.76,7.2,7.2,7.2,7.2,5.28,5.28,5.28,5.28
fragment_03110,4,30.39,30.39,30.38,30.42,24.71,24.72,24.71,24.74,17.93,17.94,17.92,17.97,12.1,12.12,12.08,12.19,9.17,9.06,9.06,9.29,7.2,7.04,7.04,7.37,5.54,5.5,5.49,5.59
fragment_03111,45,28.25,28.12,28.08,29.5,21.84,22.36,20.91,25.44,17.59,18.22,15.8,21.0,13.98,14.52,12.22,15.66,10.24,10.51,9.13,10.84,7.08,7.11,6.9,7.13,4.89,4.89,4.88,4.9
fragment_03112,2,27.31,27.33,27.23,27.33,18.63,18.64,18.6,18.64,12.47,12.48,12.44,12.48,8.42,8.43,8.41,8.43,5.53,5.53,5.53,5.53,3.6,3.6,3.6,3.6,2.48,2.48,2.48,2.48
fragment_03113,1,29.57,29.57,29.57,29.57,23.17,23.17,23.17,23.17,17.36,17.36,17.36,17.36,13.48,13.48,13.48,13.48,9.32,9.32,9.32,9.32,6.08,6.08,6.08,6.08,4.18,4.18,4.18,4.18
fragment_03114,54,30.76,30.7,30.39,31.67,25.74,25.62,24.68,29.6,19.21,18.92,18.17,23.08,13.67,13.43,12.92,15.43,9.39,9.3,8.81,10.01,6.47,6.48,6.32,6.53,4.48,4.48,4.47,4.49
fragment_03115,13,28.12,28.08,27.99,28.61,20.28,20.28,19.65,20.45,14.0,13.84,12.71,15.11,9.95,9.83,8.49,10.82,7.61,7.57,6.59,7.87,6.05,6.06,5.43,6.14,4.87,4.88,4.46,4.95
fragment_03116,1,27.79,27.79,27.79,27.79,25.91,25.91,25.91,25.91,22.07,22.07,22.07,22.07,17.73,17.73,17.73,17.73,14.07,14.07,14.07,14.07,10.75,10.75,10.75,10.75,8.21,8.21,8.21,8.21
fragment_03117,1,28.25,28.25,28.25,28.25,24.09,24.09,24.09,24.09,18.39,18.39,18.39,18.39,13.75,13.75,13.75,13.75,8.79,8.79,8.79,8.79,5.72,5.72,5.72,5.72,3.93,3.93,3.93,3.93
fragment_03118,7,31.09,31.13,30.82,31.51,26.83,26.45,26.12,28.22,21.69,20.92,20.92,23.9,16.42,15.62,15.62,18.71,11.89,11.46,11.46,13.25,8.52,8.41,8.41,8.78,6.02,6.02,6.02,6.03
fragment_03119,2,33.72,33.72,33.72,33.73,31.9,31.9,31.9,31.9,25.51,25.51,25.51,25.51,16.54,16.54,16.54,16.54,10.08,10.08,10.08,10.08,6.56,6.56,6.56,6.56,4.51,4.51,4.51,4.51
fragment_03121,3,28.04,28.06,27.98,28.06,20.39,20.41,20.35,20.41,14.56,14.56,14.55,14.56,10.51,10.51,10.51,10.51,8.03,8.03,8.03,8.03,6.12,6.12,6.12,6.13,4.69,4.69,4.69,4.69
fragment_03122,12,28.44,28.43,28.03,28.71,22.43,22.39,20.45,23.63,16.49,16.47,13.84,17.11,12.52,12.48,11.04,13.83,9.66,9.62,8.82,11.29,7.39,7.38,6.84,8.31,5.63,5.63,5.36,5.95
fragment_03123,1,29.67,29.67,29.67,29.67,23.1,23.1,23.1,23.1,16.32,16.32,16.32,16.32,11.41,11.41,11.41,11.41,8.41,8.41,8.41,8.41,6.34,6.34,6.34,6.34,4.53,4.53,4.53,4.53
fragment_03124,11,28.06,28.0,27.98,28.6,20.21,20.25,19.65,20.3,13.58,13.62,12.7,13.73,9.17,9.19,8.29,9.3,6.7,6.68,6.01,6.79,5.51,5.49,4.75,5.61,4.66,4.65,4.03,4.72
fragment_03125,3,31.85,31.86,31.66,31.86,26.86,26.85,26.85,26.98,21.48,21.47,21.47,21.64,16.42,16.43,16.22,16.43,11.3,11.31,11.25,11.31,7.57,7.57,7.57,7.57,5.2,5.2,5.2,5.2
fragment_03126,16,28.25,28.27,28.18,28.29,21.32,21.33,21.29,21.33,15.09,15.09,15.08,15.1,10.41,10.4,10.4,10.42,7.22,7.22,7.21,7.23,5.27,5.3,5.22,5.32,4.14,4.18,4.08,4.2
fragment_03127,22,30.12,29.81,29.81,31.34,25.27,25.28,24.69,28.55,19.09,19.4,17.91,22.36,14.11,14.36,13.29,15.34,9.39,9.4,9.23,9.43,6.12,6.12,6.11,6.14,4.2,4.21,4.2,4.22
fragment_03128,12,25.47,25.39,24.98,26.94,20.45,20.85,19.85,22.56,17.11,17.94,16.03,18.69,14.28,14.99,13.17,15.99,12.04,12.33,11.3,12.89,9.33,9.45,8.96,9.58,6.61,6.61,6.59,6.62
fragment_03129,15,33.5,33.35,33.06,34.08,30.58,29.39,29.39,33.31,23.19,22.17,22.17,25.54,15.31,15.27,15.27,15.42,9.33,9.32,9.32,9.34,6.07,6.07,6.07,6.08,4.17,4.17,4.17,4.18
fragment_03130,2,27.99,27.99,27.99,27.99,19.41,19.41,19.41,19.41,13.8,13.79,13.79,13.8,9.77,9.77,9.77,9.77,6.87,6.87,6.87,6.87,4.97,4.97,4.97,4.97,3.46,3.46,3.46,3.46
fragment_03131,3,28.33,28.26,28.25,28.67,21.3,21.57,20.08,21.58,15.97,16.36,14.06,16.41,12.17,12.4,11.03,12.44,9.0,9.09,8.58,9.1,6.31,6.33,6.23,6.33,4.35,4.35,4.35,4.36
fragment_03132,16,30.38,30.36,30.29,30.53,25.51,25.55,25.27,25.68,17.76,17.67,17.34,17.94,11.5,11.41,10.92,11.66,7.97,7.92,7.66,8.08,6.12,6.08,5.79,6.21,4.87,4.85,4.64,4.94
fragment_03133,4,28.68,28.71,28.61,28.71,21.56,21.57,21.53,21.58,14.97,14.96,14.96,15.0,10.78,10.76,10.76,10.81,7.52,7.51,7.51,7.53,5.17,5.17,5.17,5.17,3.56,3.56,3.56,3.56
fragment_03134,6,30.16,30.15,30.15,30.68,24.17,24.16,24.16,26.74,17.2,17.18,17.18,20.09,12.5,12.5,12.5,13.22,8.13,8.13,8.13,8.16,5.3,5.3,5.3,5.31,3.64,3.64,3.64,3.65
fragment_03135,1,29.07,29.07,29.07,29.07,21.85,21.85,21.85,21.85,15.77,15.77,15.77,15.77,11.12,11.12,11.12,11.12,8.02,8.02,8.02,8.02,5.73,5.73,5.73,5.73,3.96,3.96,3.96,3.96
fragment_03136,5,30.29,30.25,30.25,31.3,24.24,24.16,24.16,27.18,16.91,16.81,16.81,20.44,12.06,12.0,12.0,13.93,8.64,8.61,8.61,9.47,6.19,6.19,6.19,6.27,4.3,4.3,4.3,4.31
fragment_03137,5,28.06,28.07,27.99,28.62,21.06,21.08,20.43,21.08,15.6,15.68,14.35,15.68,11.41,11.52,10.95,11.52,8.54,8.6,8.29,8.6,6.62,6.66,6.44,6.66,5.2,5.21,5.13,5.3
fragment_03138,9,28.15,28.17,27.91,29.12,20.12,20.08,20.08,23.25,14.07,13.79,13.79,17.22,9.62,9.42,9.42,10.56,6.32,6.29,6.29,6.4,4.14,4.14,4.14,4.17,2.85,2.85,2.85,2.86
fragment_03139,2,26.73,26.73,26.28,26.73,22.51,22.52,22.0,22.52,16.92,16.92,16.65,16.92,13.07,13.07,12.88,13.07,9.92,9.92,9.9,9.92,6.94,6.94,6.94,6.95,4.77,4.77,4.77,4.78
fragment_03140,8,23.4,23.4,23.4,23.48,14.8,14.8,14.79,15.06,11.2,11.19,11.19,11.72,9.56,9.57,9.22,10.0,7.8,7.81,7.52,8.57,6.14,6.14,5.99,6.99,4.82,4.82,4.71,5.39
fragment_03141,29,28.22,28.08,28.03,29.06,21.44,21.9,20.74,24.2,16.32,16.9,15.13,19.0,11.93,12.13,10.54,13.28,8.23,8.29,7.48,8.69,5.63,5.65,5.45,5.66,3.88,3.88,3.88,3.89
fragment_03142,1,27.67,27.67,27.67,27.67,27.24,27.24,27.24,27.24,21.97,21.97,21.97,21.97,16.58,16.58,16.58,16.58,11.64,11.64,11.64,11.64,8.15,8.15,8.15,8.15,5.91,5.91,5.91,5.91
fragment_03143,3,28.28,28.3,28.05,28.3,25.61,25.51,25.51,27.4,21.67,21.44,21.44,25.74,15.84,15.54,15.54,21.02,11.32,11.1,11.1,15.05,8.5,8.36,8.36,10.89,6.53,6.45,6.45,7.86
fragment_03144,1,28.2,28.2,28.2,28.2,21.89,21.89,21.89,21.89,16.51,16.51,16.51,16.51,11.47,11.47,11.47,11.47,7.58,7.58,7.58,7.58,4.95,4.95,4.95,4.95,3.4,3.4,3.4,3.4
fragment_03145,2,28.21,28.51,27.69,28.51,22.97,23.28,22.44,23.28,16.31,16.52,15.94,16.52,11.68,11.85,11.4,11.85,8.64,8.7,8.53,8.7,5.89,5.89,5.89,5.89,4.05,4.05,4.05,4.05
fragment_03146,26,30.1,30.07,30.07,30.76,24.85,24.84,24.26,27.02,19.31,19.2,17.72,21.76,15.33,14.98,13.69,16.78,11.02,10.52,10.03,12.33,7.9,7.67,7.27,8.32,5.66,5.62,5.42,5.72
fragment_03147,1,29.17,29.17,29.17,29.17,21.93,21.93,21.93,21.93,15.93,15.93,15.93,15.93,11.42,11.42,11.42,11.42,7.41,7.41,7.41,7.41,4.83,4.83,4.83,4.83,3.32,3.32,3.32,3.32
fragment_03148,6,28.32,28.3,28.25,28.44,21.64,21.74,20.5,22.66,15.55,15.74,13.49,16.5,10.99,11.11,9.69,11.3,7.17,7.19,6.94,7.19,4.67,4.68,4.65,4.68,3.21,3.21,3.19,3.21
fragment_03149,24,28.29,28.26,27.64,28.51,21.34,21.0,20.94,22.91,16.09,15.6,15.55,18.67,11.43,10.82,10.79,13.96,8.55,8.12,8.09,10.0,6.42,6.3,6.29,6.68,4.59,4.58,4.58,4.59
fragment_03150,2,29.84,29.85,29.8,29.85,23.76,24.0,23.17,24.0,16.91,17.19,16.19,17.19,12.04,12.13,11.82,12.13,8.84,8.92,8.63,8.92,6.75,6.8,6.64,6.8,5.25,5.28,5.18,5.28
fragment_03151,6,28.54,28.52,28.52,29.32,23.41,22.89,22.89,24.51,18.35,17.58,17.58,19.97,13.2,12.61,12.61,14.46,9.22,9.13,9.13,9.4,6.12,6.12,6.12,6.12,4.2,4.2,4.2,4.21
fragment_03152,4,28.77,28.8,28.71,28.8,21.65,21.66,21.62,21.66,15.36,15.35,15.35,15.4,11.68,11.67,11.67,11.73,8.84,8.83,8.83,8.86,6.68,6.67,6.67,6.7,5.35,5.34,5.34,5.36
fragment_03153,5,25.21,25.3,25.09,26.37,19.11,18.96,18.96,21.48,15.38,15.45,15.08,17.36,12.0,12.23,11.54,13.64,9.25,9.28,9.0,10.23,6.96,7.01,6.84,7.28,5.04,5.04,5.03,5.05
fragment_03154,4,27.76,27.76,27.72,27.76,24.13,24.13,24.12,24.13,18.89,18.89,18.89,18.89,13.53,13.5,13.5,13.82,9.52,9.47,9.47,9.89,7.29,7.25,7.25,7.56,5.77,5.75,5.75,5.89
fragment_03155,1,29.53,29.53,29.53,29.53,23.0,23.0,23.0,23.0,17.45,17.45,17.45,17.45,11.76,11.76,11.76,11.76,7.33,7.33,7.33,7.33,4.77,4.77,4.77,4.77,3.28,3.28,3.28,3.28
fragment_03156,7,27.93,27.92,27.92,27.96,19.4,19.4,19.38,19.4,14.63,14.83,14.08,14.83,11.3,11.57,10.52,11.57,7.75,7.91,7.29,7.91,5.15,5.16,5.14,5.16,3.54,3.54,3.54,3.54
fragment_03157,3,28.82,28.84,28.76,28.84,21.7,21.71,21.67,21.71,15.17,15.17,15.15,15.18,11.35,11.33,11.33,11.37,8.6,8.59,8.59,8.62,6.3,6.3,6.3,6.3,4.33,4.33,4.33,4.33
fragment_03158,9,29.5,29.64,29.29,29.68,22.51,22.73,21.82,23.39,16.64,16.92,15.82,17.27,12.39,12.61,11.91,12.84,9.11,9.28,8.72,9.52,6.48,6.5,6.44,6.5,4.47,4.47,4.47,4.47
fragment_03159,12,28.63,28.62,28.57,29.28,23.2,23.09,23.07,25.68,16.4,16.26,16.26,19.15,11.5,11.37,11.37,13.57,8.46,8.34,8.34,10.14,6.72,6.64,6.64,7.91,5.42,5.34,5.34,6.26
fragment_03160,6,31.07,31.13,30.84,31.22,26.79,26.44,26.13,28.11,21.7,20.93,20.93,23.89,16.45,15.61,15.61,18.7,11.9,11.45,11.45,13.24,8.52,8.41,8.41,8.78,6.02,6.02,6.02,6.04
fragment_03161,20,30.58,30.55,30.34,31.16,27.43,27.25,26.74,29.03,23.68,23.86,22.26,26.33,19.13,19.52,17.93,22.39,14.09,14.58,13.14,16.09,10.09,10.37,9.57,10.63,7.24,7.3,7.12,7.31
fragment_03162,1,29.95,29.95,29.95,29.95,23.22,23.22,23.22,23.22,16.83,16.83,16.83,16.83,12.96,12.96,12.96,12.96,9.68,9.68,9.68,9.68,7.38,7.38,7.38,7.38,5.32,5.32,5.32,5.32
fragment_03163,15,30.75,30.79,30.53,31.38,24.98,24.71,24.5,27.92,18.09,17.98,17.6,21.56,13.06,13.05,12.87,14.25,8.79,8.79,8.76,8.83,5.74,5.73,5.72,5.75,3.94,3.94,3.93,3.95
fragment_03164,8,28.3,28.3,28.09,28.7,23.11,23.03,23.01,25.37,17.7,17.61,16.89,20.35,14.13,14.1,13.48,15.1,11.03,11.01,10.76,11.42,8.57,8.57,8.54,8.94,6.59,6.59,6.59,6.84
fragment_03165,2,26.76,26.76,26.76,26.77,21.17,21.17,21.17,21.17,15.76,15.76,15.76,15.76,12.09,12.09,12.09,12.09,9.26,9.25,9.25,9.26,6.86,6.86,6.86,6.86,4.81,4.81,4.81,4.81
fragment_03166,2,28.82,28.82,28.82,28.82,21.7,21.71,21.7,21.71,15.2,15.2,15.2,15.21,11.1,11.09,11.09,11.11,7.93,7.93,7.93,7.93,5.61,5.61,5.61,5.61,4.01,4.01,4.01,4.01
fragment_03167,6,28.47,28.52,27.98,29.09,22.6,23.08,21.9,24.33,16.62,17.14,15.63,18.99,12.31,12.79,11.39,13.97,9.05,9.36,8.46,9.98,6.62,6.71,6.45,6.79,4.65,4.65,4.65,4.67
fragment_03168,1,29.67,29.67,29.67,29.67,23.15,23.15,23.15,23.15,16.46,16.46,16.46,16.46,11.71,11.71,11.71,11.71,8.15,8.15,8.15,8.15,5.59,5.59,5.59,5.59,3.84,3.84,3.84,3.84
fragment_03169,8,28.26,28.24,28.13,29.68,21.5,21.24,21.24,24.66,17.31,16.98,16.21,21.35,14.19,13.91,12.51,16.97,10.9,10.75,10.08,11.94,7.91,7.89,7.67,8.1,5.56,5.56,5.54,5.57
fragment_03170,2,28.93,28.94,28.92,28.94,21.78,21.79,21.77,21.79,15.19,15.19,15.19,15.19,11.22,11.21,11.21,11.24,8.36,8.35,8.35,8.37,6.1,6.1,6.1,6.1,4.22,4.22,4.22,4.22
fragment_03171,2,23.25,23.25,23.25,23.25,14.09,14.09,14.09,14.09,10.23,10.23,10.23,10.24,7.81,7.77,7.77,7.86,6.38,6.21,6.21,6.64,5.34,5.12,5.12,5.7,4.4,4.22,4.22,4.68
fragment_03172,4,28.8,28.83,28.75,28.83,21.69,21.71,21.66,21.71,15.6,15.63,15.58,15.63,12.32,12.34,12.3,12.34,9.2,9.21,9.19,9.21,6.3,6.3,6.3,6.3,4.33,4.33,4.33,4.33
fragment_03173,10,28.07,28.04,28.04,29.08,21.47,21.55,20.4,23.58,16.45,16.57,15.21,17.72,11.76,11.81,10.95,12.05,7.67,7.67,7.57,7.72,5.0,4.99,4.99,5.03,3.43,3.43,3.43,3.45
fragment_03174,1,30.3,30.3,30.3,30.3,24.5,24.5,24.5,24.5,18.44,18.44,18.44,18.44,13.15,13.15,13.15,13.15,9.55,9.55,9.55,9.55,7.18,7.18,7.18,7.18,5.29,5.29,5.29,5.29
fragment_03175,1,30.32,30.32,30.32,30.32,24.12,24.12,24.12,24.12,17.55,17.55,17.55,17.55,12.58,12.58,12.58,12.58,9.17,9.17,9.17,9.17,6.86,6.86,6.86,6.86,4.89,4.89,4.89,4.89
fragment_03176,8,29.79,29.8,29.16,29.94,28.03,28.19,25.03,28.19,23.12,23.28,20.17,23.28,17.13,17.18,15.24,17.18,11.95,11.97,11.0,11.99,8.3,8.3,8.03,8.31,5.72,5.72,5.72,5.73
fragment_03177,9,28.31,28.14,28.05,30.51,23.13,22.86,22.6,26.69,18.23,18.18,17.37,22.35,14.61,14.72,13.3,17.56,11.54,11.65,10.65,12.48,8.49,8.53,8.18,8.66,5.93,5.93,5.92,5.95
fragment_03178,7,25.14,25.11,25.11,25.8,20.31,20.29,20.25,20.72,17.26,17.27,15.96,18.57,14.28,14.28,12.84,15.91,11.47,11.46,10.64,12.39,8.67,8.67,8.34,8.82,6.08,6.08,6.07,6.09
fragment_03179,10,30.41,30.41,30.29,31.26,24.5,24.23,24.23,27.17,16.54,16.06,16.06,18.93,10.87,10.59,10.59,11.54,6.99,6.99,6.98,7.0,4.55,4.55,4.54,4.56,3.12,3.13,3.12,3.13
fragment_03180,12,27.94,27.91,27.79,28.0,19.35,19.32,19.21,19.41,12.43,12.42,11.89,12.52,8.37,8.35,8.15,8.42,6.36,6.35,6.13,6.41,5.13,5.12,4.95,5.16,4.23,4.21,4.08,4.25
fragment_03181,1,29.92,29.92,29.92,29.92,25.31,25.31,25.31,25.31,19.49,19.49,19.49,19.49,13.22,13.22,13.22,13.22,8.15,8.15,8.15,8.15,5.31,5.31,5.31,5.31,3.65,3.65,3.65,3.65
fragment_03182,3,30.66,30.71,30.13,30.71,24.33,24.26,23.95,25.25,17.49,17.39,17.34,18.63,12.0,11.98,11.98,12.18,7.5,7.5,7.5,7.52,4.88,4.88,4.88,4.89,3.35,3.35,3.35,3.36
fragment_03183,16,28.78,28.8,28.71,28.81,21.66,21.68,21.62,21.68,15.83,15.93,15.51,16.02,12.99,13.1,12.53,13.12,10.26,10.34,9.86,10.34,7.63,7.66,7.45,7.66,5.33,5.33,5.33,5.33
fragment_03184,2,27.79,27.8,27.79,27.8,25.42,25.43,25.41,25.43,18.71,18.72,18.7,18.72,13.11,13.12,13.1,13.12,9.75,9.75,9.74,9.75,7.32,7.33,7.32,7.33,5.69,5.69,5.68,5.69
fragment_03185,4,27.85,27.85,27.84,27.88,25.46,25.45,25.45,25.48,18.75,18.75,18.73,18.78,13.43,13.44,13.41,13.44,10.28,10.27,10.26,10.32,7.92,7.87,7.86,8.02,6.07,6.03,6.03,6.13
fragment_03186,1,30.85,30.85,30.85,30.85,24.71,24.71,24.71,24.71,18.34,18.34,18.34,18.34,14.13,14.13,14.13,14.13,10.27,10.27,10.27,10.27,7.42,7.42,7.42,7.42,5.35,5.35,5.35,5.35
fragment_03187,2,29.09,29.13,28.95,29.13,23.43,23.5,23.18,23.5,17.53,17.52,17.52,17.55,12.71,12.67,12.67,12.86,9.68,9.7,9.59,9.7,7.32,7.34,7.25,7.34,5.61,5.62,5.58,5.62
fragment_03188,3,29.64,29.61,29.09,29.69,23.2,22.0,22.0,24.48,16.93,15.38,15.38,18.59,12.95,11.82,11.82,14.16,9.86,9.16,9.16,10.62,7.59,7.07,7.07,8.16,5.97,5.68,5.68,6.29
fragment_03189,2,27.58,27.59,27.58,27.59,23.29,23.29,23.29,23.29,17.6,17.61,17.6,17.61,13.09,13.09,13.08,13.09,9.83,9.83,9.83,9.83,7.62,7.62,7.62,7.62,5.91,5.91,5.91,5.91
fragment_03190,5,32.74,32.7,32.7,33.45,29.04,28.89,28.89,31.1,20.59,20.45,20.45,22.33,13.14,13.13,13.13,13.24,8.01,8.01,8.01,8.02,5.21,5.21,5.21,5.22,3.58,3.58,3.58,3.59
fragment_03191,2,30.2,30.04,30.04,30.4,24.03,23.51,23.51,24.66,16.88,16.33,16.33,17.56,10.65,10.56,10.56,10.77,6.53,6.53,6.53,6.53,4.25,4.25,4.25,4.25,2.92,2.92,2.92,2.92
fragment_03192,2,29.6,29.68,29.48,29.68,22.35,22.64,21.95,22.64,15.1,15.37,14.71,15.37,10.5,10.72,10.2,10.72,7.9,8.06,7.69,8.06,6.13,6.24,5.98,6.24,4.83,4.89,4.76,4.89
fragment_03193,1,30.42,30.42,30.42,30.42,24.56,24.56,24.56,24.56,18.46,18.46,18.46,18.46,13.24,13.24,13.24,13.24,9.6,9.6,9.6,9.6,6.8,6.8,6.8,6.8,4.7,4.7,4.7,4.7
fragment_03194,23,30.61,30.51,30.42,31.51,25.96,26.0,25.39,28.29,20.22,20.69,18.74,23.15,14.48,14.85,13.07,15.99,10.25,10.19,9.59,11.02,7.26,7.21,7.04,7.36,5.05,5.05,5.03,5.06
fragment_03195,5,28.62,28.64,28.52,28.64,21.52,21.53,21.47,21.53,14.81,14.81,14.79,14.82,10.2,10.21,10.16,10.21,7.23,7.27,7.12,7.27,5.28,5.3,5.19,5.3,3.7,3.7,3.7,3.7
fragment_03196,9,28.58,28.58,28.42,28.59,23.13,23.12,23.12,25.32,16.98,16.95,16.95,19.16,12.87,12.85,12.85,14.22,10.01,10.02,9.81,10.42,8.03,8.07,7.5,8.1,6.37,6.4,5.91,6.4
fragment_03197,11,27.95,27.88,27.79,28.83,20.05,19.86,19.86,23.63,15.23,15.02,15.02,18.31,11.39,11.17,11.07,13.76,8.84,8.63,8.6,10.26,6.87,6.76,6.74,7.38,5.09,5.08,5.08,5.13
fragment_03198,4,27.78,27.71,27.71,27.9,21.57,21.46,21.46,21.74,16.48,16.43,16.43,16.56,13.66,13.67,13.64,13.67,11.74,11.76,11.72,11.76,9.52,9.54,9.52,9.54,7.18,7.18,7.18,7.19
fragment_03199,3,28.3,28.27,28.27,28.69,21.43,21.52,20.04,21.52,15.94,16.07,13.93,16.07,11.93,12.01,10.75,12.01,8.7,8.73,8.25,8.73,6.61,6.63,6.38,6.63,5.25,5.26,5.06,5.26
fragment_03200,20,28.49,28.47,28.36,28.75,23.41,23.15,23.1,25.22,17.58,17.2,17.2,19.93,13.52,13.13,13.13,15.53,10.56,10.31,10.31,11.88,8.64,8.47,8.37,9.35,7.13,7.04,6.95,7.53
fragment_03201,1,28.25,28.25,28.25,28.25,21.98,21.98,21.98,21.98,16.6,16.6,16.6,16.6,11.01,11.01,11.01,11.01,6.72,6.72,6.72,6.72,4.37,4.37,4.37,4.37,3.0,3.0,3.0,3.0
fragment_03202,1,26.86,26.86,26.86,26.86,21.02,21.02,21.02,21.02,14.36,14.36,14.36,14.36,10.14,10.14,10.14,10.14,7.13,7.13,7.13,7.13,4.64,4.64,4.64,4.64,3.19,3.19,3.19,3.19
fragment_03203,7,28.26,28.26,28.21,28.64,23.03,22.94,22.94,25.35,17.26,17.16,17.16,19.94,13.38,13.35,13.26,15.05,9.82,9.82,9.57,10.43,6.78,6.78,6.7,6.8,4.67,4.67,4.66,4.67
fragment_03204,2,28.59,28.6,28.0,28.6,21.77,21.78,21.25,21.78,15.95,15.95,15.67,15.95,11.98,11.98,11.72,11.98,9.44,9.44,9.29,9.44,7.09,7.09,7.07,7.09,4.95,4.95,4.95,4.95
fragment_03205,13,27.56,27.57,27.49,27.57,18.9,18.91,18.87,18.91,12.89,12.89,12.87,12.89,9.72,9.73,9.71,9.73,7.6,7.55,7.54,7.69,6.11,6.09,5.94,6.27,5.18,5.18,4.93,5.36
fragment_03206,4,31.92,32.09,31.62,32.09,26.98,27.0,26.93,27.0,21.73,21.73,21.63,21.75,16.97,17.08,16.57,17.08,12.28,12.33,12.08,12.33,8.39,8.39,8.39,8.39,5.76,5.76,5.76,5.77
fragment_03207,9,27.99,27.81,27.63,28.71,23.29,23.63,22.57,24.23,17.87,18.22,17.18,18.82,14.03,14.33,13.68,14.33,10.75,11.2,10.22,11.2,8.2,8.49,7.8,8.49,6.13,6.23,6.0,6.23
fragment_03208,18,30.34,30.39,30.22,31.38,24.5,24.65,24.04,27.94,17.01,17.34,16.02,20.59,11.79,12.02,10.96,13.55,8.07,8.09,7.71,8.42,5.46,5.47,5.41,5.48,3.76,3.76,3.76,3.77
fragment_03209,5,25.28,25.27,25.1,25.63,20.13,20.12,19.81,20.38,16.64,16.68,15.79,17.46,13.25,13.29,12.36,14.48,10.31,10.31,9.88,11.1,7.63,7.63,7.48,7.77,5.35,5.35,5.34,5.35
fragment_03210,3,30.45,30.34,30.34,30.58,25.38,25.01,25.01,25.82,19.23,18.9,18.9,19.61,12.99,12.97,12.9,13.02,7.89,7.89,7.89,7.9,5.14,5.14,5.14,5.14,3.53,3.53,3.53,3.53
fragment_03211,2,30.14,30.03,30.03,30.84,24.29,23.95,23.95,26.44,17.08,16.6,16.6,20.15,12.2,12.01,12.01,13.39,8.17,8.17,8.17,8.18,5.32,5.32,5.32,5.32,3.65,3.65,3.65,3.66
fragment_03212,14,28.9,29.04,28.25,29.14,24.79,25.1,22.53,25.12,19.13,19.28,17.3,20.23,14.11,14.07,12.84,15.03,9.9,9.9,9.41,9.99,6.54,6.54,6.52,6.57,4.5,4.49,4.49,4.51
fragment_03213,24,28.29,28.27,28.14,29.35,21.08,21.08,20.36,23.78,16.27,16.53,15.1,18.4,12.3,12.35,11.32,14.02,8.83,8.74,8.18,9.39,6.09,6.12,5.91,6.13,4.2,4.2,4.2,4.21
fragment_03214,13,28.23,28.26,28.19,28.26,21.33,21.34,21.3,21.34,15.04,15.05,15.03,15.05,10.19,10.19,10.17,10.19,7.01,7.01,7.0,7.01,5.08,5.08,5.06,5.1,3.97,3.97,3.93,4.01
fragment_03215,2,27.8,27.8,27.68,27.8,19.8,19.8,19.76,19.8,14.02,14.03,13.95,14.03,10.94,10.95,10.89,10.95,8.97,8.97,8.93,8.97,6.74,6.74,6.73,6.74,4.72,4.72,4.72,4.72
fragment_03216,3,28.27,28.25,28.25,28.3,19.96,19.95,19.95,19.97,14.45,14.44,14.44,14.45,11.36,11.35,11.35,11.37,8.69,8.68,8.68,8.69,6.51,6.5,6.5,6.51,4.65,4.65,4.65,4.65
fragment_03217,3,28.04,28.05,28.0,28.05,20.38,20.39,20.35,20.39,14.9,14.9,14.9,14.92,11.29,11.29,11.29,11.31,9.07,9.07,9.07,9.08,6.92,6.92,6.92,6.92,5.19,5.19,5.19,5.19
fragment_03218,13,28.12,28.08,27.99,28.61,20.23,20.27,19.67,20.37,13.84,13.83,12.71,14.05,9.83,9.83,8.51,10.09,7.55,7.55,6.59,7.69,6.02,6.04,5.43,6.14,4.84,4.87,4.45,4.95
fragment_03219,1,30.02,30.02,30.02,30.02,23.51,23.51,23.51,23.51,16.9,16.9,16.9,16.9,11.72,11.72,11.72,11.72,7.89,7.89,7.89,7.89,5.43,5.43,5.43,5.43,3.73,3.73,3.73,3.73
fragment_03220,2,27.81,27.81,27.81,27.81,25.39,25.39,25.39,25.39,18.68,18.68,18.68,18.68,13.32,13.32,13.32,13.32,10.14,10.14,10.14,10.14,7.71,7.71,7.71,7.71,5.83,5.83,5.83,5.83
fragment_03221,6,28.38,28.41,28.32,28.41,21.45,21.47,21.42,21.47,15.14,15.14,15.12,15.14,10.75,10.75,10.74,10.75,8.76,8.76,8.75,8.76,6.89,6.89,6.89,6.89,4.84,4.84,4.84,4.84
fragment_03222,13,28.77,29.02,28.39,29.1,25.13,26.72,23.46,26.72,19.46,21.11,17.81,21.11,13.8,14.19,13.3,14.33,8.75,8.76,8.73,8.76,5.69,5.7,5.68,5.7,3.91,3.92,3.91,3.92
fragment_03223,15,30.03,30.0,30.0,30.82,24.64,24.67,24.04,28.4,18.62,18.65,17.38,25.0,14.67,14.63,13.29,20.45,11.36,11.33,9.96,15.29,8.97,8.95,8.05,11.15,6.93,6.85,6.64,7.78
fragment_03224,12,28.33,28.35,28.27,28.36,21.39,21.4,21.36,21.41,15.08,15.08,15.06,15.08,10.58,10.6,10.5,10.6,8.2,8.23,7.99,8.23,6.33,6.34,6.22,6.34,4.41,4.41,4.41,4.41
fragment_03225,15,33.97,34.0,33.58,34.51,31.39,31.36,30.01,33.49,22.22,22.2,20.94,24.04,13.65,13.63,13.61,13.71,8.3,8.3,8.28,8.31,5.4,5.4,5.39,5.41,3.71,3.71,3.7,3.71
fragment_03226,1,30.65,30.65,30.65,30.65,24.58,24.58,24.58,24.58,18.27,18.27,18.27,18.27,14.07,14.07,14.07,14.07,10.35,10.35,10.35,10.35,7.08,7.08,7.08,7.08,4.86,4.86,4.86,4.86
fragment_03227,11,31.15,31.2,31.0,32.02,25.99,25.94,25.94,27.97,19.97,19.96,19.88,21.83,14.61,14.57,14.49,15.33,9.82,9.81,9.81,9.88,6.43,6.43,6.41,6.44,4.42,4.42,4.41,4.42
fragment_03228,22,28.2,28.2,28.04,29.38,21.51,22.07,20.39,25.13,15.0,15.87,13.21,19.21,11.28,11.9,9.68,13.99,8.75,8.87,7.66,11.77,6.89,6.76,6.19,9.14,5.46,5.36,5.03,6.44
fragment_03229,7,28.31,28.31,28.02,28.69,23.0,22.98,22.98,24.71,16.95,16.93,16.93,18.96,12.87,12.86,12.86,14.81,9.8,9.79,9.79,10.75,7.43,7.43,7.42,7.72,5.32,5.32,5.32,5.32
fragment_03230,18,27.94,27.88,27.85,28.05,20.93,22.21,19.59,22.25,15.83,17.45,14.02,18.11,13.12,14.52,11.51,15.59,10.67,11.38,9.73,12.11,8.11,8.36,7.77,8.43,5.8,5.79,5.79,5.81
fragment_03231,14,28.42,28.43,28.24,28.74,23.05,23.06,23.01,24.99,16.62,16.52,16.48,20.24,12.22,11.79,11.72,15.61,9.81,9.33,9.1,12.08,8.44,7.93,7.56,10.15,6.77,6.38,6.11,7.45
fragment_03232,3,29.49,29.5,29.48,30.23,25.71,25.71,25.71,25.84,19.93,19.92,19.71,19.93,15.61,15.6,15.34,15.61,12.09,12.08,11.88,12.09,8.53,8.53,8.5,8.53,5.9,5.9,5.9,5.9
fragment_03233,1,27.1,27.1,27.1,27.1,23.32,23.32,23.32,23.32,17.8,17.8,17.8,17.8,12.58,12.58,12.58,12.58,9.97,9.97,9.97,9.97,7.5,7.5,7.5,7.5,5.18,5.18,5.18,5.18
fragment_03234,8,28.32,28.32,28.25,28.33,22.34,22.34,22.33,22.43,17.29,17.31,16.97,17.65,13.1,13.12,12.86,13.49,9.92,9.92,9.84,10.13,7.05,7.05,7.05,7.05,4.86,4.86,4.86,4.86
fragment_03235,14,28.13,28.06,28.03,28.61,20.34,20.41,19.65,20.45,14.93,15.14,12.78,16.53,11.47,11.59,8.97,14.09,9.64,9.67,7.51,11.9,8.23,8.27,6.92,9.03,6.79,6.82,6.18,6.91
fragment_03236,3,28.77,28.77,28.13,28.77,21.28,21.28,21.28,21.6,14.4,14.4,14.4,15.23,10.53,10.53,10.53,10.89,7.6,7.61,7.52,8.3,5.9,5.9,5.81,6.28,4.51,4.51,4.47,4.57
fragment_03237,1,28.49,28.49,28.49,28.49,22.66,22.66,22.66,22.66,16.77,16.77,16.77,16.77,12.46,12.46,12.46,12.46,9.28,9.28,9.28,9.28,6.42,6.42,6.42,6.42,4.41,4.41,4.41,4.41
fragment_03238,2,28.11,28.11,28.1,28.11,22.09,22.09,22.08,22.09,17.02,17.03,17.01,17.03,12.28,12.28,12.27,12.28,8.12,8.12,8.12,8.12,5.31,5.31,5.31,5.31,3.65,3.65,3.65,3.65
fragment_03239,2,25.68,25.76,25.37,25.76,20.91,21.01,20.52,21.01,15.71,15.76,15.51,15.76,9.93,9.93,9.92,9.93,6.02,6.02,6.02,6.02,3.92,3.92,3.92,3.92,2.69,2.69,2.69,2.69
fragment_03240,2,23.32,23.33,23.32,23.33,14.83,14.83,14.83,14.83,11.18,11.18,11.18,11.19,8.99,8.99,8.99,8.99,6.8,6.8,6.8,6.8,4.58,4.58,4.58,4.58,3.15,3.15,3.15,3.15
fragment_03241,3,32.63,32.63,32.63,33.05,28.9,28.9,28.9,30.07,21.71,21.71,21.71,22.87,15.48,15.48,15.48,15.66,9.8,9.8,9.8,9.82,6.38,6.38,6.38,6.39,4.38,4.38,4.38,4.39
fragment_03242,2,31.45,31.47,31.43,31.47,26.57,26.58,26.57,26.58,20.57,20.57,20.57,20.57,14.14,14.14,14.14,14.14,9.44,9.44,9.44,9.44,6.59,6.59,6.59,6.59,4.56,4.56,4.56,4.56
fragment_03243,3,25.66,25.7,25.33,25.7,20.77,20.83,20.36,20.83,15.58,15.61,15.39,15.61,11.3,11.32,11.15,11.32,8.17,8.18,8.13,8.18,5.71,5.72,5.7,5.72,3.99,3.99,3.99,3.99
fragment_03244,2,26.63,26.63,26.22,26.63,22.44,22.45,21.93,22.45,16.78,16.78,16.5,16.78,12.23,12.24,12.04,12.24,8.54,8.54,8.48,8.54,5.72,5.72,5.72,5.72,3.93,3.93,3.93,3.93
fragment_03245,2,27.91,27.91,27.49,27.91,22.65,22.65,22.23,22.65,16.12,16.12,16.06,16.12,11.49,11.49,11.39,11.49,8.46,8.46,8.42,8.46,6.26,6.26,6.24,6.26,4.48,4.48,4.48,4.48
fragment_03246,2,28.79,28.8,28.76,28.8,21.63,21.63,21.62,21.63,14.98,14.98,14.98,14.98,10.91,10.91,10.91,10.93,7.83,7.83,7.83,7.84,5.51,5.51,5.51,5.51,3.81,3.81,3.81,3.81
fragment_03247,3,25.19,25.13,25.04,26.06,18.39,18.14,18.14,21.5,14.12,13.8,13.8,18.0,11.23,11.01,11.01,13.98,8.82,8.71,8.71,10.18,6.64,6.62,6.62,6.88,4.73,4.73,4.73,4.73
fragment_03248,3,28.71,28.74,28.64,28.74,21.6,21.61,21.56,21.61,15.21,15.2,15.2,15.24,11.37,11.35,11.35,11.4,8.27,8.27,8.27,8.29,5.85,5.85,5.85,5.86,4.03,4.03,4.03,4.03
fragment_03249,5,29.71,29.71,29.71,30.33,22.34,22.33,22.33,25.52,16.22,16.21,16.21,19.17,12.18,12.18,12.18,13.74,8.94,8.94,8.94,9.85,6.67,6.67,6.67,6.87,4.73,4.73,4.73,4.74
fragment_03250,1,28.68,28.68,28.68,28.68,22.04,22.04,22.04,22.04,16.6,16.6,16.6,16.6,12.7,12.7,12.7,12.7,9.33,9.33,9.33,9.33,7.1,7.1,7.1,7.1,5.36,5.36,5.36,5.36
fragment_03251,4,27.52,27.5,27.41,27.56,22.86,22.93,22.69,22.99,16.99,17.26,16.36,17.78,12.78,13.05,12.14,13.75,9.52,9.64,9.23,10.08,6.68,6.7,6.62,6.71,4.61,4.6,4.6,4.61
fragment_03252,1,28.86,28.86,28.86,28.86,21.96,21.96,21.96,21.96,15.07,15.07,15.07,15.07,11.05,11.05,11.05,11.05,8.33,8.33,8.33,8.33,6.07,6.07,6.07,6.07,4.34,4.34,4.34,4.34
fragment_03253,27,28.48,28.45,28.15,29.4,21.67,21.49,20.89,24.95,17.18,16.66,15.62,20.64,12.96,12.28,12.28,14.91,8.98,8.55,8.55,9.73,6.26,6.14,6.14,6.34,4.35,4.35,4.34,4.36
fragment_03254,18,30.03,30.07,29.4,30.37,27.58,27.9,25.57,29.24,23.27,23.65,20.38,26.57,17.79,18.19,15.1,21.96,12.95,13.3,11.02,15.73,9.44,9.66,8.28,10.81,7.04,7.17,6.38,7.52
fragment_03255,2,27.63,27.63,27.63,27.63,24.93,24.93,24.92,24.93,18.33,18.33,18.32,18.33,12.85,12.85,12.84,12.85,9.38,9.39,9.38,9.39,7.12,7.12,7.12,7.12,5.11,5.11,5.11,5.11
fragment_03256,2,29.3,29.3,29.3,29.32,23.83,23.83,23.8,23.83,18.82,18.82,18.63,18.82,14.66,14.66,14.64,14.66,10.42,10.42,10.42,10.53,6.96,6.96,6.96,6.96,4.78,4.78,4.78,4.78
fragment_03257,3,27.06,27.07,27.03,27.1,23.08,23.15,22.89,23.16,18.73,18.83,18.44,18.83,14.42,14.62,14.2,14.62,11.23,11.5,10.85,11.5,8.84,9.01,8.65,9.01,6.63,6.66,6.6,6.66
fragment_03258,2,27.71,27.73,27.66,27.73,20.38,20.38,20.37,20.38,13.96,13.97,13.95,13.97,9.92,9.92,9.91,9.92,7.4,7.4,7.39,7.4,5.42,5.42,5.42,5.42,3.79,3.79,3.79,3.79
fragment_03259,15,30.08,30.06,30.06,30.6,24.06,24.04,24.04,26.25,17.1,16.97,16.95,19.4,12.29,12.03,12.03,13.87,8.96,8.76,8.76,10.16,6.95,6.9,6.9,7.29,5.03,5.03,5.03,5.04
fragment_03260,45,27.66,27.7,27.41,27.86,23.84,23.77,23.64,26.35,16.52,16.65,15.56,20.72,11.87,12.19,10.47,15.2,8.75,9.14,7.39,10.43,6.41,6.65,5.48,6.79,4.6,4.66,4.19,4.67
fragment_03261,2,26.81,26.81,26.37,26.81,22.59,22.59,22.07,22.59,16.89,16.89,16.6,16.89,12.5,12.5,12.27,12.5,9.21,9.21,9.14,9.21,6.72,6.72,6.71,6.72,4.79,4.79,4.79,4.79
fragment_03262,4,28.86,28.86,28.86,28.87,21.72,21.72,21.72,21.73,15.17,15.16,15.16,15.18,11.23,11.21,11.21,11.25,8.61,8.6,8.6,8.62,6.74,6.74,6.74,6.74,5.43,5.43,5.43,5.43
fragment_03263,3,23.63,23.65,22.98,23.65,17.78,17.8,17.31,17.8,13.93,13.94,13.77,13.94,8.59,8.59,8.58,8.59,5.2,5.2,5.2,5.2,3.39,3.39,3.39,3.39,2.33,2.33,2.33,2.33
fragment_03264,32,28.82,28.78,28.72,29.2,21.99,21.66,21.64,24.51,16.58,16.4,15.48,20.41,13.86,13.7,12.49,17.48,11.25,11.02,10.01,14.36,8.99,8.96,7.94,10.88,7.01,7.17,6.32,7.59
fragment_03265,1,30.22,30.22,30.22,30.22,26.03,26.03,26.03,26.03,20.65,20.65,20.65,20.65,14.72,14.72,14.72,14.72,10.48,10.48,10.48,10.48,7.25,7.25,7.25,7.25,4.99,4.99,4.99,4.99
fragment_03266,29,28.09,28.39,27.69,28.68,20.1,21.42,18.85,21.85,14.25,17.5,12.39,17.5,10.74,14.95,8.78,14.95,8.75,12.75,6.65,12.75,7.3,9.57,5.75,9.57,5.87,6.59,5.02,6.59
fragment_03267,50,27.89,27.86,27.78,28.81,19.81,19.65,19.62,23.59,14.54,14.09,14.09,18.94,10.3,9.6,9.6,13.65,7.57,6.93,6.93,9.46,5.7,5.2,5.2,6.3,4.23,4.0,4.0,4.33
fragment_03268,1,30.42,30.42,30.42,30.42,24.41,24.41,24.41,24.41,18.07,18.07,18.07,18.07,13.71,13.71,13.71,13.71,9.51,9.51,9.51,9.51,6.33,6.33,6.33,6.33,4.35,4.35,4.35,4.35
fragment_03269,2,28.52,28.53,28.5,28.53,20.99,20.98,20.98,21.0,14.84,14.85,14.81,14.85,10.9,10.91,10.89,10.91,7.65,7.65,7.64,7.65,5.4,5.4,5.4,5.4,3.87,3.87,3.86,3.87
fragment_03270,1,25.29,25.29,25.29,25.29,17.48,17.48,17.48,17.48,12.4,12.4,12.4,12.4,9.28,9.28,9.28,9.28,6.4,6.4,6.4,6.4,4.18,4.18,4.18,4.18,2.87,2.87,2.87,2.87
fragment_03271,2,27.88,27.87,27.87,27.89,26.33,26.33,26.33,26.33,20.52,20.52,20.52,20.52,15.21,15.21,15.21,15.21,10.96,10.96,10.96,10.97,7.5,7.5,7.5,7.5,5.15,5.15,5.15,5.15
fragment_03272,27,28.41,28.39,28.18,28.71,23.04,23.02,23.01,25.69,16.65,16.88,16.47,21.88,12.31,13.01,11.64,18.27,9.53,9.68,8.86,14.1,7.91,7.47,7.34,10.02,6.28,5.96,5.86,6.9
fragment_03273,1,30.0,30.0,30.0,30.0,23.5,23.5,23.5,23.5,17.12,17.12,17.12,17.12,12.91,12.91,12.91,12.91,10.03,10.03,10.03,10.03,7.52,7.52,7.52,7.52,5.35,5.35,5.35,5.35
fragment_03274,7,31.05,31.09,30.54,31.97,28.08,28.01,28.01,32.01,23.17,23.07,23.07,26.94,17.69,17.61,17.61,19.13,11.97,11.96,11.93,12.06,7.85,7.85,7.84,7.86,5.39,5.39,5.39,5.4
fragment_03275,1,28.5,28.5,28.5,28.5,23.24,23.24,23.24,23.24,16.5,16.5,16.5,16.5,11.88,11.88,11.88,11.88,8.83,8.83,8.83,8.83,6.12,6.12,6.12,6.12,4.2,4.2,4.2,4.2
fragment_03276,16,28.78,28.95,28.59,28.95,24.66,27.09,23.57,27.09,19.42,22.27,18.2,22.27,14.82,16.59,13.99,16.59,10.77,11.72,10.14,11.72,7.71,7.86,7.52,7.86,5.39,5.4,5.38,5.4
fragment_03277,4,25.33,25.12,25.03,26.18,18.79,18.13,18.13,21.63,14.61,13.81,13.81,18.18,11.59,11.01,11.01,14.1,8.99,8.71,8.71,10.24,6.68,6.63,6.63,6.88,4.73,4.73,4.73,4.73
fragment_03278,10,28.71,28.66,28.56,29.38,23.32,23.14,23.06,25.94,16.68,16.47,16.47,19.7,12.21,12.09,12.09,13.89,8.89,8.82,8.82,9.77,6.53,6.51,6.51,6.78,4.66,4.66,4.66,4.67
fragment_03279,5,27.06,27.02,27.02,27.12,22.83,22.79,22.79,22.98,17.88,17.81,17.77,18.18,13.47,13.17,13.17,14.02,10.12,9.77,9.77,10.66,7.51,7.39,7.39,7.7,5.32,5.32,5.32,5.33
fragment_03280,14,28.84,28.81,28.8,28.88,21.24,21.21,21.21,21.28,13.88,13.82,13.82,13.94,9.19,8.89,8.89,9.45,6.77,6.4,6.4,7.12,5.46,5.07,5.07,5.79,4.63,4.31,4.31,4.96
fragment_03281,20,28.49,28.49,28.37,28.85,23.12,23.09,23.09,25.11,16.62,16.59,16.59,18.59,12.06,11.89,11.87,12.58,8.72,8.57,8.5,9.15,6.75,6.7,6.46,7.12,5.41,5.4,5.17,5.67
fragment_03282,3,26.71,26.7,26.67,27.46,20.96,20.93,20.93,21.56,14.54,14.48,14.48,14.7,9.42,9.39,9.31,9.51,5.96,5.96,5.96,5.97,3.88,3.88,3.88,3.89,2.67,2.67,2.67,2.67
fragment_03283,1,30.2,30.2,30.2,30.2,24.38,24.38,24.38,24.38,18.35,18.35,18.35,18.35,12.68,12.68,12.68,12.68,8.67,8.67,8.67,8.67,6.32,6.32,6.32,6.32,4.56,4.56,4.56,4.56
fragment_03284,1,27.85,27.85,27.85,27.85,21.87,21.87,21.87,21.87,16.62,16.62,16.62,16.62,12.03,12.03,12.03,12.03,8.54,8.54,8.54,8.54,5.64,5.64,5.64,5.64,3.87,3.87,3.87,3.87
fragment_03285,5,25.37,25.34,25.26,25.71,18.49,18.43,18.43,19.01,13.5,13.42,13.42,14.36,10.39,10.35,10.28,10.8,8.21,8.24,7.84,8.25,6.17,6.17,6.02,6.22,4.5,4.5,4.46,4.51
fragment_03286,5,28.15,28.19,28.08,28.2,19.89,19.91,19.86,19.91,14.35,14.35,14.33,14.35,11.29,11.29,11.29,11.29,8.83,8.83,8.83,8.83,6.86,6.86,6.86,6.86,5.56,5.56,5.56,5.56
fragment_03287,16,29.85,29.9,29.02,30.13,24.16,24.12,23.63,24.36,19.24,19.16,19.13,19.61,14.14,13.85,13.82,14.79,10.21,9.83,9.7,11.14,7.83,7.47,7.29,8.65,6.18,5.93,5.71,6.72
fragment_03288,3,27.96,27.96,27.96,28.79,21.43,21.35,20.6,21.96,16.73,16.73,14.86,16.73,12.96,12.99,11.75,12.99,9.92,9.92,9.18,9.92,6.87,6.87,6.78,6.87,4.72,4.72,4.72,4.72
fragment_03289,6,30.09,30.1,30.09,30.1,23.57,23.58,23.56,23.58,17.72,18.22,17.38,18.22,14.08,14.69,13.54,14.69,10.89,11.4,10.3,11.4,8.1,8.33,7.7,8.33,5.76,5.79,5.7,5.79
fragment_03290,13,30.75,30.29,30.29,31.37,25.84,25.66,25.29,27.55,18.4,18.08,17.84,20.78,12.09,11.91,11.81,12.59,7.61,7.6,7.6,7.63,4.95,4.95,4.94,4.97,3.4,3.4,3.4,3.41
fragment_03291,24,27.79,27.73,27.73,28.2,18.92,18.71,18.71,21.81,12.72,11.99,11.99,16.29,9.38,8.46,8.46,11.58,6.78,6.13,6.13,7.36,4.72,4.53,4.53,4.79,3.29,3.28,3.28,3.29
fragment_03292,3,28.04,28.05,27.99,28.06,20.39,20.4,20.35,20.41,14.55,14.55,14.55,14.56,10.5,10.5,10.5,10.51,8.03,8.03,8.03,8.03,6.03,6.03,6.03,6.03,4.42,4.42,4.42,4.43
fragment_03293,46,27.78,27.72,27.71,28.62,19.08,18.7,18.7,22.23,12.91,11.99,11.99,16.5,9.57,8.46,8.46,12.52,7.35,6.4,6.4,9.38,5.82,5.21,5.21,6.65,4.48,4.29,4.29,4.59
fragment_03294,1,28.19,28.19,28.19,28.19,21.54,21.54,21.54,21.54,15.58,15.58,15.58,15.58,9.97,9.97,9.97,9.97,6.08,6.08,6.08,6.08,3.96,3.96,3.96,3.96,2.72,2.72,2.72,2.72
fragment_03295,3,27.97,27.96,27.96,28.78,21.44,21.35,20.59,21.96,16.73,16.74,14.86,16.74,12.96,12.99,11.74,12.99,9.92,9.92,9.18,9.92,6.87,6.87,6.78,6.87,4.72,4.72,4.72,4.72
fragment_03296,8,31.21,31.11,30.54,31.77,27.48,27.36,26.35,29.05,21.33,21.5,19.64,22.99,14.72,15.02,13.21,15.08,9.51,9.59,8.89,9.61,6.25,6.25,6.21,6.26,4.29,4.29,4.28,4.3
fragment_03297,3,27.69,27.7,27.63,27.7,20.35,20.35,20.33,20.35,14.61,14.62,14.56,14.62,11.34,11.35,11.31,11.35,9.06,9.06,9.04,9.06,6.96,6.96,6.95,6.96,4.99,4.99,4.99,4.99
fragment_03298,4,30.47,30.51,30.32,30.65,25.91,26.54,24.22,26.54,19.31,19.97,17.54,19.97,14.31,14.68,13.25,14.68,10.58,10.82,9.88,10.82,7.76,7.84,7.54,7.84,5.48,5.49,5.47,5.49
fragment_03299,1,28.13,28.13,28.13,28.13,21.77,21.77,21.77,21.77,16.87,16.87,16.87,16.87,12.15,12.15,12.15,12.15,8.04,8.04,8.04,8.04,5.26,5.26,5.26,5.26,3.61,3.61,3.61,3.61
fragment_03300,19,27.59,27.56,27.38,27.88,23.83,23.7,23.69,26.18,15.87,15.55,15.55,19.67,10.8,10.47,10.46,13.41,7.66,7.46,7.45,8.52,5.46,5.39,5.39,5.55,3.81,3.81,3.8,3.81
fragment_03301,11,25.39,25.33,25.33,26.98,20.44,20.44,19.95,22.76,16.83,16.94,15.77,19.72,13.69,13.79,12.63,16.54,11.15,11.18,10.53,12.47,8.59,8.59,8.3,8.86,6.09,6.09,6.09,6.1
fragment_03302,20,28.0,27.97,27.97,28.6,20.21,20.23,19.64,20.27,13.64,13.62,12.69,13.8,9.23,9.2,8.29,9.37,6.56,6.54,5.99,6.63,5.18,5.16,4.68,5.25,4.25,4.22,3.84,4.36
fragment_03303,2,30.13,30.14,30.13,30.14,24.04,24.04,24.04,24.05,19.26,19.26,19.26,19.26,14.33,14.33,14.33,14.33,9.34,9.34,9.34,9.34,6.08,6.08,6.08,6.08,4.18,4.18,4.18,4.18
fragment_03304,1,28.9,28.9,28.9,28.9,23.26,23.26,23.26,23.26,17.57,17.57,17.57,17.57,12.7,12.7,12.7,12.7,9.04,9.04,9.04,9.04,6.12,6.12,6.12,6.12,4.21,4.21,4.21,4.21
fragment_03305,22,31.14,30.77,30.54,32.65,27.17,26.23,26.23,31.31,21.48,20.61,20.61,24.98,15.04,14.9,14.2,15.82,9.62,9.61,9.43,9.64,6.26,6.26,6.25,6.28,4.3,4.3,4.29,4.31
fragment_03306,2,28.5,28.53,28.35,28.53,20.52,20.54,20.43,20.54,14.47,14.47,14.47,14.47,10.89,10.89,10.89,10.9,7.89,7.89,7.89,7.9,5.52,5.52,5.52,5.52,3.82,3.82,3.82,3.82
fragment_03307,10,28.53,28.58,28.04,29.16,21.78,21.94,20.73,23.76,17.21,17.47,15.46,19.18,12.81,12.93,11.17,13.17,8.26,8.28,7.83,8.28,5.39,5.39,5.38,5.39,3.7,3.7,3.7,3.7
fragment_03308,6,27.99,27.97,27.94,28.01,20.34,20.34,20.3,20.37,14.54,14.54,14.51,14.55,10.67,10.67,10.56,10.68,8.18,8.18,8.02,8.18,5.66,5.66,5.64,5.67,3.89,3.89,3.89,3.89
fragment_03309,7,27.68,27.79,27.46,28.11,25.11,25.26,24.71,28.38,18.28,18.44,17.95,22.53,13.24,13.36,13.03,16.13,9.89,10.01,9.65,10.72,7.08,7.12,6.99,7.14,4.9,4.89,4.89,4.91
fragment_03310,10,30.53,30.52,30.29,30.86,25.47,25.47,24.56,25.58,18.9,18.91,17.91,19.44,13.86,13.86,13.55,14.24,9.63,9.63,9.58,9.68,6.36,6.36,6.35,6.36,4.37,4.37,4.36,4.37
fragment_03311,7,29.55,29.58,28.78,29.8,27.93,28.04,26.79,28.04,23.53,23.59,22.38,23.59,18.55,18.55,18.32,18.73,14.25,14.24,14.19,14.4,10.26,10.25,10.23,10.38,7.19,7.19,7.19,7.2
fragment_03312,1,30.63,30.63,30.63,30.63,24.54,24.54,24.54,24.54,18.74,18.74,18.74,18.74,15.33,15.33,15.33,15.33,11.74,11.74,11.74,11.74,8.25,8.25,8.25,8.25,5.72,5.72,5.72,5.72
fragment_03313,1,29.41,29.41,29.41,29.41,24.18,24.18,24.18,24.18,17.29,17.29,17.29,17.29,10.98,10.98,10.98,10.98,6.76,6.76,6.76,6.76,4.4,4.4,4.4,4.4,3.02,3.02,3.02,3.02
fragment_03314,4,28.44,28.24,28.22,28.71,23.04,22.91,22.88,23.21,18.29,18.56,17.96,18.56,13.43,13.56,13.28,13.56,8.7,8.7,8.7,8.7,5.66,5.66,5.66,5.67,3.89,3.89,3.89,3.89
fragment_03315,1,28.85,28.85,28.85,28.85,22.83,22.83,22.83,22.83,17.06,17.06,17.06,17.06,11.6,11.6,11.6,11.6,7.52,7.52,7.52,7.52,4.9,4.9,4.9,4.9,3.36,3.36,3.36,3.36
fragment_03316,7,28.44,28.43,28.42,28.62,23.05,23.04,23.04,23.35,16.63,16.6,16.6,17.04,12.01,11.93,11.93,12.25,8.79,8.68,8.68,9.11,6.87,6.81,6.81,7.34,5.45,5.4,5.4,5.94
fragment_03317,2,27.59,27.59,27.59,27.6,25.28,25.28,25.28,25.29,19.11,19.1,19.1,19.11,13.33,13.33,13.33,13.33,8.81,8.81,8.81,8.81,5.74,5.75,5.74,5.75,3.95,3.95,3.95,3.95
fragment_03318,17,27.98,27.99,27.91,28.0,19.4,19.4,19.36,19.41,14.29,14.29,14.27,14.3,11.43,11.43,11.42,11.44,9.07,9.07,9.06,9.08,7.17,7.19,7.08,7.31,5.94,5.96,5.81,6.07
fragment_03319,14,28.55,28.54,28.37,29.98,25.27,25.29,23.99,27.37,19.7,19.72,18.21,23.0,14.66,14.62,13.74,18.08,10.81,10.59,10.1,13.37,8.39,8.16,7.8,9.87,6.73,6.54,6.3,7.57
fragment_03320,6,29.97,30.0,29.4,30.0,24.79,24.89,22.66,24.89,19.8,19.89,18.01,19.89,16.09,16.16,15.03,16.16,12.88,12.92,12.36,12.92,9.81,9.83,9.72,10.04,7.41,7.41,7.37,7.66
fragment_03321,6,28.05,28.08,27.99,28.08,20.39,20.42,20.35,20.42,14.56,14.56,14.55,14.56,10.51,10.51,10.51,10.51,8.03,8.03,8.03,8.04,6.11,6.11,6.11,6.11,4.92,4.92,4.92,4.93
fragment_03322,5,29.84,29.88,29.04,29.88,24.11,24.12,23.7,24.18,19.18,19.16,19.16,19.46,13.76,13.72,13.72,14.2,9.26,9.22,9.22,9.74,6.45,6.45,6.45,6.49,4.45,4.45,4.45,4.46
fragment_03323,3,24.9,24.88,24.88,25.28,18.57,18.61,18.04,18.61,14.21,14.31,12.92,14.31,9.77,9.8,9.14,9.8,6.02,6.02,6.02,6.05,3.92,3.92,3.92,3.94,2.69,2.69,2.69,2.7
fragment_03324,7,28.81,28.78,28.73,28.91,21.68,21.66,21.63,21.73,15.37,15.25,15.25,15.6,11.62,11.39,11.39,12.04,8.31,8.07,8.07,8.71,6.19,6.05,6.05,6.42,4.75,4.65,4.65,4.91
fragment_03325,19,30.03,29.76,29.76,31.4,25.77,26.02,24.93,29.11,19.74,20.1,18.59,22.94,14.49,14.74,13.69,15.67,9.61,9.61,9.44,9.65,6.26,6.26,6.25,6.28,4.3,4.3,4.29,4.32
fragment_03326,1,29.87,29.87,29.87,29.87,22.92,22.92,22.92,22.92,17.18,17.18,17.18,17.18,12.68,12.68,12.68,12.68,9.26,9.26,9.26,9.26,6.89,6.89,6.89,6.89,4.9,4.9,4.9,4.9
fragment_03327,27,28.83,28.83,28.74,28.88,21.7,21.71,21.66,21.73,15.24,15.23,15.22,15.27,11.29,11.27,11.26,11.33,7.99,7.96,7.96,8.03,5.9,5.86,5.84,5.98,4.71,4.71,4.66,4.77
fragment_03328,7,30.91,30.56,30.56,31.63,26.5,26.86,25.82,27.29,20.42,21.03,19.85,21.12,14.55,14.78,14.38,14.88,9.15,9.15,9.14,9.16,5.95,5.96,5.95,5.96,4.09,4.09,4.09,4.1
fragment_03329,6,30.02,30.04,29.19,30.04,25.13,25.15,24.31,25.15,19.72,19.75,19.2,19.75,13.08,13.09,13.04,13.09,7.97,7.98,7.97,7.98,5.19,5.19,5.19,5.19,3.57,3.57,3.56,3.57
fragment_03330,5,27.76,27.78,27.69,27.79,24.13,24.14,24.07,24.21,18.89,18.9,18.85,18.97,13.58,13.5,13.5,13.79,9.58,9.47,9.47,9.87,7.34,7.26,7.26,7.55,5.86,5.85,5.82,5.89
fragment_03331,1,27.03,27.03,27.03,27.03,22.83,22.83,22.83,22.83,16.89,16.89,16.89,16.89,11.52,11.52,11.52,11.52,8.38,8.38,8.38,8.38,6.08,6.08,6.08,6.08,4.26,4.26,4.26,4.26
fragment_03332,25,28.13,27.97,27.96,28.62,20.16,20.18,19.61,20.58,14.07,13.99,12.7,15.88,10.35,10.12,8.66,12.78,8.34,8.08,6.77,10.3,6.88,6.69,5.77,7.72,5.41,5.39,4.92,5.56
fragment_03333,7,29.0,29.08,28.73,29.08,25.27,25.45,24.41,25.45,21.14,21.34,19.63,21.34,18.41,18.43,17.27,18.66,14.86,14.82,14.29,15.04,10.47,10.47,10.43,10.47,7.2,7.2,7.19,7.2
fragment_03334,1,29.6,29.6,29.6,29.6,23.98,23.98,23.98,23.98,18.34,18.34,18.34,18.34,12.96,12.96,12.96,12.96,9.8,9.8,9.8,9.8,7.23,7.23,7.23,7.23,5.15,5.15,5.15,5.15
fragment_03335,17,30.55,30.58,30.42,31.61,26.13,26.59,25.19,29.07,19.91,20.55,18.55,22.98,13.54,13.91,12.65,15.21,9.05,9.15,8.74,9.48,6.14,6.16,6.09,6.17,4.23,4.23,4.22,4.24
fragment_03336,9,27.82,27.75,27.55,28.32,22.78,22.72,22.39,24.23,16.76,16.67,16.44,18.45,12.65,12.6,12.52,13.09,9.4,9.43,9.16,9.69,6.82,6.85,6.64,6.92,4.77,4.77,4.76,4.77
fragment_03337,6,27.74,27.71,27.71,27.78,24.18,24.29,24.13,24.29,18.97,19.14,18.9,19.14,13.49,13.42,13.42,13.52,9.38,9.34,9.34,9.41,7.06,7.02,7.02,7.07,5.53,5.49,5.49,5.6
fragment_03338,24,30.81,30.67,30.37,31.65,25.96,25.54,25.53,29.52,19.28,18.88,18.81,22.44,13.34,13.22,12.91,14.3,8.66,8.68,8.56,8.71,5.66,5.66,5.65,5.67,3.89,3.89,3.88,3.9
fragment_03339,8,28.03,27.99,27.98,28.59,20.2,20.25,19.65,20.31,13.56,13.62,12.7,13.76,9.16,9.19,8.29,9.19,6.52,6.54,5.99,6.63,5.14,5.16,4.68,5.2,4.2,4.21,3.84,4.25
fragment_03340,6,28.56,28.56,28.56,29.26,23.44,22.93,22.93,24.5,18.35,17.6,17.6,19.95,13.21,12.62,12.62,14.45,9.22,9.14,9.14,9.41,6.12,6.12,6.12,6.12,4.2,4.2,4.2,4.21
fragment_03341,11,29.7,29.71,28.68,29.71,22.79,22.8,22.23,22.8,16.24,16.24,15.5,16.25,11.3,11.3,11.29,12.0,8.33,8.32,8.32,9.19,6.42,6.4,6.4,7.02,5.14,5.09,5.09,5.5
fragment_03342,10,28.1,28.03,28.01,29.14,21.35,21.37,20.76,25.21,16.58,16.38,16.0,20.36,12.41,12.19,11.93,13.69,8.28,8.2,8.2,8.36,5.43,5.43,5.43,5.44,3.73,3.73,3.73,3.74
fragment_03343,8,24.01,24.13,23.58,24.19,20.07,20.25,18.31,21.43,17.62,18.31,16.16,19.92,13.48,14.37,12.33,15.35,9.95,10.37,9.3,10.81,7.13,7.24,6.99,7.27,4.99,4.99,4.98,4.99
fragment_03344,19,28.79,28.82,28.7,28.82,21.67,21.68,21.62,21.69,16.17,16.06,15.53,16.51,13.65,13.72,12.76,13.77,11.16,11.43,10.39,11.44,8.55,8.88,7.82,8.89,6.16,6.27,5.86,6.27
fragment_03345,2,27.56,27.57,27.47,27.57,18.9,18.91,18.87,18.91,12.89,12.89,12.87,12.89,9.72,9.72,9.7,9.72,7.54,7.54,7.53,7.54,5.6,5.6,5.6,5.6,4.07,4.07,4.07,4.07
fragment_03346,16,29.26,29.26,29.14,29.36,23.85,24.12,23.43,24.32,18.97,19.33,18.26,19.78,13.01,13.22,12.38,13.22,8.07,8.07,8.06,8.08,5.25,5.25,5.25,5.26,3.61,3.61,3.61,3.61
fragment_03347,4,30.15,30.07,30.07,30.81,24.19,23.95,23.95,26.2,16.77,16.44,16.44,19.51,11.86,11.65,11.65,13.64,8.8,8.67,8.67,9.89,6.7,6.64,6.64,7.23,5.1,5.08,5.08,5.27
fragment_03348,1,28.63,28.63,28.63,28.63,21.99,21.99,21.99,21.99,16.65,16.65,16.65,16.65,12.58,12.58,12.58,12.58,8.47,8.47,8.47,8.47,5.51,5.51,5.51,5.51,3.79,3.79,3.79,3.79
fragment_03349,6,28.65,28.56,28.38,29.39,22.62,22.51,22.42,24.68,16.41,16.36,16.05,18.06,11.01,11.03,10.7,11.11,6.71,6.71,6.7,6.73,4.37,4.37,4.36,4.38,3.0,3.0,3.0,3.01
fragment_03350,13,28.14,28.2,28.0,28.85,21.31,22.28,20.53,23.83,14.9,16.11,13.88,17.35,11.5,12.61,10.59,14.5,9.21,10.1,8.44,11.52,7.33,7.83,6.89,8.36,5.61,5.76,5.48,5.76
fragment_03351,1,29.73,29.73,29.73,29.73,23.19,23.19,23.19,23.19,16.42,16.42,16.42,16.42,11.37,11.37,11.37,11.37,7.62,7.62,7.62,7.62,5.15,5.15,5.15,5.15,3.54,3.54,3.54,3.54
fragment_03352,2,29.77,29.78,29.77,29.78,24.0,24.0,24.0,24.0,19.51,19.51,19.51,19.51,14.48,14.48,14.48,14.48,9.69,9.69,9.69,9.69,6.33,6.33,6.33,6.33,4.35,4.35,4.35,4.35
fragment_03353,2,27.52,27.54,27.44,27.54,20.18,20.19,20.16,20.19,13.94,13.95,13.92,13.95,10.24,10.25,10.23,10.25,7.71,7.72,7.71,7.72,5.22,5.22,5.22,5.22,3.59,3.59,3.59,3.59
fragment_03354,2,29.29,29.29,29.29,29.32,23.83,23.83,23.81,23.83,18.84,18.84,18.66,18.84,14.67,14.67,14.66,14.67,10.42,10.42,10.42,10.54,6.96,6.96,6.96,6.96,4.78,4.78,4.78,4.78
fragment_03355,4,28.01,27.96,27.96,28.54,20.17,20.2,19.78,20.24,14.2,14.24,13.57,14.26,10.9,10.94,10.37,10.95,8.79,8.87,8.1,8.89,7.12,7.28,6.59,7.28,5.84,5.99,5.57,5.99
fragment_03356,6,27.66,27.62,27.62,28.53,23.15,22.98,22.35,24.04,17.57,17.39,16.25,18.01,13.35,13.05,12.15,13.84,9.25,9.16,8.84,9.38,6.11,6.11,6.11,6.12,4.2,4.2,4.2,4.21
fragment_03357,1,27.45,27.45,27.45,27.45,24.63,24.63,24.63,24.63,19.73,19.73,19.73,19.73,13.64,13.64,13.64,13.64,8.42,8.42,8.42,8.42,5.48,5.48,5.48,5.48,3.77,3.77,3.77,3.77
fragment_03358,6,30.52,30.52,30.45,30.68,26.57,26.99,26.17,28.2,21.51,22.14,20.94,22.78,16.2,16.67,15.88,17.0,10.72,10.79,10.63,10.81,7.03,7.03,7.03,7.03,4.83,4.83,4.83,4.83
fragment_03359,2,31.26,31.11,31.11,31.41,27.07,27.21,26.93,27.21,20.35,20.36,20.34,20.36,13.2,13.21,13.2,13.21,8.06,8.06,8.06,8.06,5.25,5.25,5.25,5.25,3.6,3.6,3.6,3.6
fragment_03360,12,28.49,28.52,28.42,28.55,25.26,25.29,25.22,25.29,21.73,22.01,21.52,22.01,18.62,19.16,18.15,19.16,14.89,15.4,14.07,15.4,11.04,11.29,10.36,11.29,8.03,8.14,7.65,8.14
fragment_03361,1,29.7,29.7,29.7,29.7,23.12,23.12,23.12,23.12,16.77,16.77,16.77,16.77,12.27,12.27,12.27,12.27,8.68,8.68,8.68,8.68,5.94,5.94,5.94,5.94,4.09,4.09,4.09,4.09
fragment_03362,20,27.81,27.84,27.6,28.17,24.07,23.88,23.81,26.54,16.78,16.62,16.26,19.89,12.35,12.52,11.72,14.39,9.26,9.55,8.71,10.06,6.53,6.62,6.32,6.63,4.55,4.55,4.55,4.56
fragment_03363,17,28.81,28.85,28.73,28.86,21.69,21.72,21.65,21.72,15.24,15.26,15.22,15.26,11.29,11.32,11.26,11.32,7.98,8.0,7.95,8.06,5.84,5.84,5.73,6.01,4.56,4.57,4.44,4.67
fragment_03364,8,28.68,28.66,28.65,28.72,21.57,21.56,21.55,21.61,15.46,15.42,15.35,15.54,12.22,12.18,12.17,12.36,9.96,9.91,9.91,10.48,8.38,8.35,8.35,8.96,7.06,7.04,7.03,7.51
fragment_03365,1,29.97,29.97,29.97,29.97,23.24,23.24,23.24,23.24,17.56,17.56,17.56,17.56,13.86,13.86,13.86,13.86,10.56,10.56,10.56,10.56,7.76,7.76,7.76,7.76,5.48,5.48,5.48,5.48
fragment_03366,2,28.38,28.4,28.29,28.4,21.44,21.46,21.39,21.46,15.16,15.17,15.14,15.17,10.75,10.75,10.75,10.75,8.23,8.23,8.22,8.23,6.16,6.16,6.16,6.16,4.56,4.56,4.56,4.56
fragment_03367,1,30.21,30.21,30.21,30.21,26.01,26.01,26.01,26.01,20.64,20.64,20.64,20.64,14.71,14.71,14.71,14.71,10.48,10.48,10.48,10.48,7.39,7.39,7.39,7.39,5.2,5.2,5.2,5.2
fragment_03368,1,30.62,30.62,30.62,30.62,24.55,24.55,24.55,24.55,18.31,18.31,18.31,18.31,14.54,14.54,14.54,14.54,10.86,10.86,10.86,10.86,7.31,7.31,7.31,7.31,5.02,5.02,5.02,5.02
fragment_03369,6,26.26,26.38,25.88,26.38,21.23,21.32,20.88,21.32,15.53,15.55,15.43,15.55,11.36,11.36,11.26,11.4,8.8,8.8,8.74,8.83,6.54,6.54,6.53,6.55,4.55,4.54,4.54,4.55
fragment_03370,9,29.8,29.76,29.5,30.69,23.41,23.18,23.18,26.34,16.2,15.98,15.64,18.55,11.77,11.68,11.46,12.78,8.2,8.17,8.17,8.32,5.41,5.41,5.4,5.42,3.71,3.71,3.71,3.72
fragment_03371,11,28.54,28.39,28.04,30.24,23.34,23.18,22.91,26.15,18.01,17.97,17.62,20.93,14.16,14.12,13.67,16.32,11.04,11.0,10.74,12.06,8.03,8.01,7.91,8.13,5.58,5.59,5.58,5.59
fragment_03372,20,28.76,28.76,28.68,28.77,21.64,21.64,21.6,21.65,15.05,15.05,15.03,15.05,10.62,10.62,10.61,10.63,7.27,7.27,7.26,7.27,5.29,5.29,5.23,5.3,4.16,4.17,4.01,4.2
fragment_03373,7,28.45,28.43,27.63,30.52,25.36,25.31,25.13,28.66,19.64,19.61,19.49,22.64,14.55,14.49,14.49,16.9,11.5,11.47,11.47,12.88,8.65,8.63,8.63,8.91,6.12,6.12,6.11,6.13
fragment_03374,17,28.76,28.75,28.68,28.77,21.63,21.62,21.56,21.64,15.34,15.31,15.3,15.38,11.99,11.96,11.94,12.11,10.04,10.08,9.84,10.37,8.33,8.42,8.01,8.65,6.72,6.81,6.41,6.97
fragment_03375,6,27.34,27.35,27.31,27.38,21.45,21.45,21.42,21.47,16.13,16.13,16.13,16.23,12.44,12.44,12.19,12.89,9.81,9.81,9.51,10.23,7.57,7.57,7.42,7.83,5.56,5.56,5.53,5.56
fragment_03376,2,28.0,28.0,28.0,28.0,21.83,21.82,21.82,21.83,16.66,16.66,16.66,16.66,11.35,11.35,11.35,11.35,6.92,6.92,6.92,6.92,4.5,4.5,4.5,4.5,3.09,3.09,3.09,3.09
fragment_03377,2,28.8,28.81,28.78,28.81,21.68,21.68,21.67,21.68,14.94,14.94,14.94,14.94,10.56,10.55,10.55,10.58,7.68,7.67,7.67,7.68,5.56,5.56,5.56,5.56,3.86,3.86,3.86,3.86
fragment_03378,9,27.91,27.88,27.8,28.03,19.31,19.31,19.21,19.39,12.32,12.43,11.89,12.5,8.33,8.37,8.17,8.41,6.25,6.28,6.13,6.31,4.96,4.99,4.87,5.01,4.05,4.07,3.98,4.09
fragment_03379,3,29.46,29.46,29.42,29.46,22.91,22.92,22.9,22.92,18.23,18.22,18.22,18.33,14.02,14.0,14.0,14.23,10.29,10.27,10.27,10.47,7.33,7.32,7.32,7.47,5.15,5.15,5.15,5.15
fragment_03380,6,26.8,26.83,26.73,26.83,20.92,20.93,20.89,20.93,15.27,15.22,15.22,15.35,11.72,11.67,11.67,11.79,8.61,8.6,8.6,8.63,5.92,5.92,5.92,5.92,4.07,4.07,4.07,4.07
fragment_03381,43,30.78,30.72,30.38,31.73,25.99,25.63,24.75,29.58,19.84,19.12,18.5,22.79,14.61,14.03,14.03,15.77,9.94,9.89,9.87,10.03,6.52,6.52,6.51,6.53,4.48,4.48,4.47,4.48
fragment_03382,3,25.3,25.22,25.22,25.37,22.89,22.61,22.24,23.17,18.8,18.59,18.01,19.0,13.17,13.1,12.64,13.25,8.53,8.53,8.53,8.53,5.55,5.55,5.55,5.56,3.81,3.81,3.81,3.82
fragment_03383,5,29.67,29.67,29.66,29.68,23.1,23.1,23.09,23.11,16.58,16.58,16.58,16.6,12.31,12.31,12.13,12.47,9.74,9.74,9.48,9.88,7.63,7.63,7.44,7.85,5.7,5.7,5.64,5.72
fragment_03384,4,28.8,28.8,28.8,28.83,21.69,21.69,21.68,21.71,15.14,15.14,15.13,15.16,11.22,11.24,11.21,11.25,8.57,8.55,8.53,8.68,6.61,6.57,6.57,6.79,4.91,4.89,4.89,5.01
fragment_03385,1,25.65,25.65,25.65,25.65,21.23,21.23,21.23,21.23,16.96,16.96,16.96,16.96,12.09,12.09,12.09,12.09,8.48,8.48,8.48,8.48,5.58,5.58,5.58,5.58,3.83,3.83,3.83,3.83
fragment_03386,6,28.25,28.3,28.18,28.3,21.33,21.35,21.29,21.35,15.09,15.09,15.07,15.09,11.29,11.29,11.26,11.3,9.43,9.44,9.4,9.45,7.68,7.69,7.66,7.69,6.26,6.26,6.25,6.26
fragment_03387,12,25.52,25.43,25.13,27.05,20.46,20.5,19.62,22.86,16.71,16.95,15.8,18.86,13.44,13.63,12.72,15.7,10.66,10.68,10.31,11.83,7.86,7.87,7.71,8.03,5.52,5.52,5.51,5.53
fragment_03388,23,30.08,30.06,30.06,30.56,24.07,24.05,24.03,25.03,17.13,17.25,16.91,18.99,12.88,13.33,12.22,15.77,9.8,10.24,9.18,12.06,8.01,8.35,7.5,9.51,6.64,6.85,6.31,7.33
fragment_03389,1,30.51,30.51,30.51,30.51,24.76,24.76,24.76,24.76,18.72,18.72,18.72,18.72,13.16,13.16,13.16,13.16,8.31,8.31,8.31,8.31,5.41,5.41,5.41,5.41,3.71,3.71,3.71,3.71
fragment_03390,2,27.72,27.73,27.68,27.73,20.37,20.37,20.36,20.37,13.95,13.96,13.94,13.96,10.19,10.19,10.19,10.19,7.87,7.88,7.87,7.88,5.91,5.91,5.91,5.91,4.51,4.51,4.51,4.51
fragment_03391,3,27.98,28.07,27.93,28.07,19.93,20.0,19.89,20.0,12.88,12.95,12.84,12.95,9.3,9.36,9.27,9.36,7.07,7.1,7.06,7.1,5.3,5.31,5.3,5.31,3.72,3.72,3.72,3.72
fragment_03392,1,28.39,28.39,28.39,28.39,21.83,21.83,21.83,21.83,16.47,16.47,16.47,16.47,12.09,12.09,12.09,12.09,8.96,8.96,8.96,8.96,6.48,6.48,6.48,6.48,4.53,4.53,4.53,4.53
fragment_03393,3,29.31,29.31,29.31,30.67,23.74,23.74,23.74,25.01,18.62,18.62,18.31,18.62,14.42,14.42,13.95,14.42,10.08,10.08,10.05,10.1,6.6,6.6,6.6,6.6,4.54,4.54,4.54,4.54
fragment_03394,4,30.15,30.16,30.03,30.16,25.61,25.49,25.49,26.6,21.02,20.85,20.85,22.23,16.81,16.69,16.69,17.66,11.51,11.47,11.43,11.66,7.59,7.59,7.58,7.59,5.21,5.21,5.21,5.22
fragment_03395,2,29.23,29.23,29.23,29.63,21.8,21.79,21.79,22.7,13.15,13.15,13.15,13.48,7.39,7.39,7.39,7.45,4.48,4.48,4.48,4.51,2.91,2.91,2.91,2.94,2.0,2.0,2.0,2.02
fragment_03396,1,29.27,29.27,29.27,29.27,24.48,24.48,24.48,24.48,19.14,19.14,19.14,19.14,14.02,14.02,14.02,14.02,9.96,9.96,9.96,9.96,6.79,6.79,6.79,6.79,4.67,4.67,4.67,4.67
fragment_03397,4,27.91,27.94,27.86,27.94,20.29,20.31,20.25,20.31,14.76,14.75,14.75,14.77,11.1,11.1,11.1,11.12,8.95,8.95,8.95,8.96,7.11,7.1,7.1,7.11,5.51,5.51,5.51,5.51
fragment_03398,29,28.77,28.79,28.71,28.8,21.69,21.67,21.63,21.94,16.13,16.27,15.5,17.71,13.49,13.59,12.54,15.19,10.94,10.88,10.06,12.51,8.65,8.63,7.94,9.76,6.59,6.66,6.23,6.9
fragment_03399,2,30.96,30.96,30.62,30.96,26.12,26.12,26.12,26.84,19.88,19.87,19.87,21.47,14.54,14.54,14.54,15.46,10.48,10.48,10.48,11.13,7.86,7.86,7.86,8.21,5.88,5.88,5.88,5.98
fragment_03400,16,28.48,28.47,28.38,28.72,23.26,23.14,23.1,25.1,17.33,17.18,17.14,18.99,13.09,12.94,12.87,14.78,9.9,9.85,9.53,11.11,7.81,7.81,7.53,8.68,6.28,6.34,6.03,6.84
fragment_03401,1,27.85,27.85,27.85,27.85,19.3,19.3,19.3,19.3,13.73,13.73,13.73,13.73,9.69,9.69,9.69,9.69,6.63,6.63,6.63,6.63,4.52,4.52,4.52,4.52,3.11,3.11,3.11,3.11
fragment_03402,2,30.93,30.93,30.93,30.93,27.09,27.09,27.09,27.09,22.4,22.4,22.4,22.4,15.79,15.79,15.79,15.79,9.93,9.93,9.93,9.93,6.46,6.46,6.46,6.46,4.44,4.44,4.44,4.44
fragment_03403,18,34.24,34.25,33.97,34.79,33.14,32.99,32.55,35.43,26.61,26.41,26.18,29.44,18.78,18.79,18.55,18.99,11.5,11.5,11.5,11.53,7.49,7.49,7.49,7.5,5.14,5.14,5.14,5.15
fragment_03404,21,28.17,28.15,28.01,29.06,22.01,22.21,20.6,23.55,15.93,16.18,13.98,16.94,12.26,12.36,10.66,13.77,9.73,9.75,8.83,11.13,7.81,7.87,7.21,8.39,5.76,5.78,5.62,5.8
fragment_03405,2,31.48,31.49,31.48,31.49,26.86,26.86,26.86,26.86,21.41,21.41,21.41,21.41,15.73,15.73,15.73,15.73,10.92,10.92,10.92,10.92,7.36,7.36,7.36,7.36,5.06,5.06,5.06,5.06
fragment_03406,7,27.67,27.78,27.5,28.1,25.09,25.23,24.73,27.02,18.28,18.44,17.97,20.97,13.24,13.36,13.06,14.98,9.89,10.01,9.68,10.52,7.08,7.12,7.0,7.14,4.9,4.89,4.89,4.9
fragment_03407,9,28.53,28.49,28.37,30.3,25.1,24.99,24.87,28.58,19.32,19.2,19.09,23.37,13.98,13.8,13.8,17.19,10.48,10.37,10.33,12.07,7.69,7.63,7.63,8.38,5.65,5.62,5.61,5.85
fragment_03408,7,29.05,29.43,28.32,30.75,25.51,26.04,24.69,28.14,20.5,21.16,19.79,22.63,15.95,16.27,15.57,17.44,11.48,11.46,11.46,11.89,7.73,7.73,7.73,7.74,5.31,5.31,5.31,5.32
fragment_03409,7,28.3,28.33,28.24,28.57,23.25,23.03,23.03,26.25,17.26,16.86,16.86,21.01,12.95,12.55,12.55,14.63,8.77,8.67,8.66,9.03,5.87,5.87,5.87,5.88,4.03,4.04,4.03,4.04
fragment_03410,10,30.55,30.54,30.43,31.59,26.22,26.46,25.2,29.16,20.09,20.44,18.61,23.24,13.68,13.88,12.69,15.51,9.14,9.19,8.8,9.68,6.27,6.29,6.18,6.3,4.32,4.32,4.31,4.33
fragment_03411,11,33.39,33.31,33.22,34.52,30.9,30.8,30.8,33.66,22.66,22.48,22.48,25.44,14.71,14.57,14.57,15.94,9.6,9.58,9.58,9.72,6.32,6.32,6.31,6.33,4.34,4.34,4.34,4.35
fragment_03412,7,28.66,28.74,28.35,29.07,24.4,24.6,22.44,24.6,18.96,19.13,16.62,19.13,13.6,13.62,11.98,13.68,8.94,8.94,8.35,8.97,5.89,5.89,5.84,5.89,4.05,4.04,4.04,4.05
fragment_03413,2,25.72,25.77,25.23,25.77,21.22,21.29,20.62,21.29,16.39,16.42,16.11,16.42,11.4,11.39,11.39,11.47,7.74,7.73,7.73,7.76,5.15,5.15,5.15,5.15,3.54,3.54,3.54,3.54
fragment_03414,23,28.69,28.88,28.11,30.18,22.89,22.71,22.08,27.1,16.99,16.35,15.99,21.01,12.19,11.71,11.06,14.01,8.36,8.21,7.85,8.69,5.64,5.64,5.59,5.66,3.88,3.88,3.88,3.89
fragment_03415,2,28.76,28.62,28.62,29.05,23.22,23.24,23.16,23.24,17.36,17.54,17.0,17.54,11.6,11.63,11.54,11.63,7.64,7.64,7.64,7.64,4.97,4.97,4.97,4.98,3.42,3.42,3.42,3.42
fragment_03416,19,29.37,29.38,28.78,29.64,24.32,24.14,23.62,25.77,19.78,20.04,19.12,21.7,14.35,14.64,13.59,15.37,9.35,9.37,9.18,9.39,6.11,6.1,6.09,6.11,4.2,4.19,4.18,4.2
fragment_03417,2,28.84,28.82,28.82,28.88,21.25,21.23,21.23,21.29,13.85,13.82,13.82,13.9,9.07,8.89,8.89,9.36,6.48,6.36,6.36,6.68,5.01,4.91,4.91,5.16,4.08,4.0,4.0,4.22
fragment_03418,2,28.77,28.78,28.77,28.78,21.65,21.65,21.65,21.65,15.06,15.06,15.05,15.06,10.64,10.64,10.64,10.64,7.74,7.75,7.73,7.75,6.08,6.1,6.07,6.1,4.82,4.82,4.82,4.82
fragment_03419,2,29.13,29.13,29.13,29.13,23.6,23.6,23.6,23.6,18.02,18.02,18.02,18.02,13.63,13.63,13.63,13.63,9.7,9.7,9.7,9.71,6.49,6.49,6.49,6.49,4.46,4.46,4.46,4.46
fragment_03420,3,27.49,27.49,27.48,27.49,18.95,18.96,18.95,18.96,12.87,12.88,12.86,12.88,10.12,10.13,10.11,10.13,8.13,8.13,8.12,8.13,6.37,6.38,6.36,6.38,5.03,5.03,5.02,5.03
fragment_03421,1,28.63,28.63,28.63,28.63,21.12,21.12,21.12,21.12,14.01,14.01,14.01,14.01,8.95,8.95,8.95,8.95,5.48,5.48,5.48,5.48,3.57,3.57,3.57,3.57,2.45,2.45,2.45,2.45
fragment_03422,36,31.1,31.15,30.75,32.52,27.92,28.38,26.27,31.36,23.02,23.71,21.3,25.33,16.81,17.05,15.98,17.76,10.93,10.94,10.76,10.96,7.12,7.12,7.11,7.13,4.89,4.89,4.88,4.9
fragment_03423,1,28.47,28.47,28.47,28.47,21.9,21.9,21.9,21.9,16.5,16.5,16.5,16.5,11.96,11.96,11.96,11.96,8.72,8.72,8.72,8.72,6.29,6.29,6.29,6.29,4.38,4.38,4.38,4.38
fragment_03424,3,27.92,27.94,27.89,27.94,19.36,19.37,19.34,19.37,14.06,14.06,14.06,14.06,10.41,10.41,10.41,10.41,6.73,6.73,6.73,6.73,4.38,4.38,4.38,4.38,3.01,3.01,3.01,3.01
fragment_03425,2,28.33,28.31,28.31,28.52,25.94,25.94,25.94,25.97,22.59,22.59,22.58,22.59,16.36,16.35,16.35,16.39,10.3,10.3,10.3,10.31,6.7,6.7,6.7,6.71,4.6,4.6,4.6,4.61
fragment_03426,2,32.81,32.81,32.81,32.82,30.29,30.29,30.29,30.29,22.99,22.99,22.99,22.99,14.5,14.5,14.5,14.5,8.83,8.83,8.83,8.83,5.75,5.75,5.75,5.75,3.95,3.95,3.95,3.95
fragment_03427,21,28.42,28.67,27.96,28.97,22.4,23.26,20.38,24.52,16.09,16.36,13.68,20.01,12.06,11.44,10.64,16.56,9.29,8.54,8.38,12.26,7.08,6.68,6.54,8.13,5.41,5.32,5.22,5.59
fragment_03428,27,28.21,28.18,28.17,28.88,21.86,21.98,20.69,24.65,16.3,16.0,14.35,20.3,13.43,12.49,11.23,16.67,10.93,9.87,8.68,13.14,8.51,7.74,6.86,9.86,6.55,6.14,5.54,7.11
fragment_03429,23,28.29,28.02,27.92,28.67,20.5,21.07,19.77,21.98,15.5,16.68,14.12,17.3,11.89,12.75,10.63,13.18,8.68,9.02,7.84,9.02,5.87,5.89,5.69,5.9,4.04,4.04,4.04,4.05
fragment_03430,11,28.24,28.26,28.1,28.31,21.38,21.43,21.13,21.5,16.54,16.47,16.27,16.9,11.96,11.75,11.75,12.52,8.45,8.14,8.13,9.22,6.46,6.14,6.14,7.21,5.23,5.0,5.0,5.75
fragment_03431,4,29.53,29.54,29.28,29.95,23.78,23.79,22.44,23.79,17.14,17.16,15.45,17.16,11.48,11.48,10.85,11.48,6.98,6.98,6.98,7.0,4.54,4.54,4.54,4.55,3.12,3.12,3.12,3.13
fragment_03432,25,27.82,27.76,27.76,28.2,18.96,18.72,18.72,21.57,12.68,12.17,12.1,15.84,9.64,9.26,9.08,11.68,7.43,7.33,7.09,8.3,5.45,5.46,5.32,5.54,3.8,3.8,3.8,3.81
fragment_03433,2,30.54,30.54,30.54,30.54,24.57,24.57,24.57,24.57,18.78,18.78,18.78,18.78,13.19,13.19,13.19,13.2,9.37,9.37,9.37,9.37,7.29,7.29,7.29,7.29,5.39,5.39,5.39,5.39
fragment_03434,38,28.78,28.91,28.15,29.69,24.82,25.43,22.97,26.81,20.27,20.84,18.01,22.43,15.93,16.14,14.04,19.23,11.84,11.74,10.59,14.4,8.87,8.79,8.03,9.47,6.48,6.47,6.22,6.53
fragment_03435,4,24.06,23.99,23.99,24.3,15.62,15.61,15.48,15.68,11.12,11.14,10.95,11.14,8.75,8.77,8.51,8.78,6.74,6.75,6.7,6.75,5.05,5.05,5.05,5.05,3.55,3.55,3.55,3.56
fragment_03436,1,29.74,29.74,29.74,29.74,23.2,23.2,23.2,23.2,16.5,16.5,16.5,16.5,11.73,11.73,11.73,11.73,8.27,8.27,8.27,8.27,5.91,5.91,5.91,5.91,4.14,4.14,4.14,4.14
fragment_03437,9,30.39,30.12,30.12,31.14,24.83,24.15,24.15,26.93,17.15,16.39,16.39,19.31,11.32,11.08,11.01,12.02,7.27,7.25,7.23,7.32,4.75,4.75,4.75,4.76,3.26,3.26,3.26,3.27
fragment_03438,12,30.04,30.02,30.02,30.7,24.11,24.09,24.06,27.74,18.01,17.94,17.63,23.42,14.15,14.05,13.4,18.52,10.94,10.89,10.04,13.67,8.64,8.64,7.82,9.61,6.57,6.57,6.11,6.65
fragment_03439,8,28.03,27.78,27.78,28.52,19.98,18.86,18.85,22.15,14.15,12.79,12.66,16.98,10.6,9.73,9.37,12.55,7.82,7.37,7.3,8.74,5.69,5.64,5.61,5.79,3.97,3.97,3.97,3.98
fragment_03440,3,29.2,29.27,28.78,29.28,22.99,23.06,22.64,23.06,17.84,17.87,17.69,17.87,11.86,11.86,11.85,11.86,7.29,7.29,7.29,7.29,4.74,4.74,4.74,4.74,3.26,3.26,3.26,3.26
fragment_03441,1,30.13,30.13,30.13,30.13,23.6,23.6,23.6,23.6,17.17,17.17,17.17,17.17,13.12,13.12,13.12,13.12,9.83,9.83,9.83,9.83,6.67,6.67,6.67,6.67,4.58,4.58,4.58,4.58
fragment_03442,12,28.35,28.32,28.3,30.19,23.36,23.31,23.31,26.68,18.24,18.2,17.53,22.51,14.07,14.03,13.2,17.56,10.8,10.77,10.28,12.3,7.95,7.94,7.77,8.15,5.59,5.59,5.58,5.6
fragment_03443,3,27.07,27.08,26.88,27.46,23.09,23.08,22.41,24.59,18.36,18.23,17.75,20.21,14.23,13.96,13.71,16.4,10.53,10.39,10.24,11.69,7.56,7.55,7.52,7.7,5.29,5.29,5.29,5.29
fragment_03444,2,24.26,24.27,24.2,24.27,19.28,19.25,19.25,19.45,15.67,15.66,15.66,15.71,11.39,11.39,11.35,11.39,7.67,7.67,7.66,7.67,4.99,4.99,4.99,4.99,3.43,3.43,3.43,3.43
fragment_03445,4,28.51,28.52,28.44,28.52,25.57,25.76,25.24,25.76,22.84,23.32,21.95,23.32,20.02,20.58,18.92,20.58,16.32,16.72,15.2,16.72,11.88,12.0,11.29,12.02,8.31,8.33,8.18,8.33
fragment_03446,2,27.89,27.89,27.89,27.89,21.32,21.32,21.32,21.32,16.54,16.54,16.54,16.54,13.8,13.79,13.79,13.8,11.54,11.54,11.54,11.54,8.96,8.96,8.96,8.96,6.5,6.5,6.5,6.5
fragment_03447,3,27.49,27.51,26.99,27.51,25.22,25.24,24.75,25.24,20.49,20.49,20.34,20.49,14.49,14.48,14.48,14.78,10.14,10.13,10.13,10.21,6.81,6.81,6.81,6.82,4.68,4.68,4.68,4.68
fragment_03448,47,29.45,29.74,28.5,29.77,24.7,25.92,23.17,26.01,20.32,21.61,18.24,21.94,15.09,15.8,12.67,16.31,10.42,10.54,9.23,10.91,7.09,7.11,6.89,7.12,4.88,4.88,4.88,4.89
fragment_03449,11,28.99,28.96,28.44,29.33,22.48,22.25,22.24,23.04,16.0,15.83,15.75,16.64,11.95,12.18,10.94,12.2,8.79,8.95,8.14,8.96,6.7,6.8,6.28,6.81,5.19,5.24,4.98,5.24
fragment_03450,19,28.29,28.06,28.02,28.61,20.87,21.04,19.86,21.92,15.12,15.2,13.54,16.73,11.09,11.15,9.77,12.45,8.21,8.24,7.68,8.63,5.67,5.68,5.61,5.69,3.9,3.9,3.9,3.91
fragment_03451,10,27.99,27.92,27.76,28.04,19.33,19.28,19.2,19.37,12.41,12.38,11.87,12.47,8.35,8.33,8.11,8.38,6.28,6.26,6.07,6.31,5.14,5.13,4.9,5.16,4.16,4.15,4.05,4.17
fragment_03452,1,27.79,27.79,27.79,27.79,25.36,25.36,25.36,25.36,18.66,18.66,18.66,18.66,13.09,13.09,13.09,13.09,9.77,9.77,9.77,9.77,7.04,7.04,7.04,7.04,4.89,4.89,4.89,4.89
fragment_03453,28,28.5,28.68,28.03,28.84,22.74,24.32,20.46,24.32,16.86,18.75,13.86,18.75,12.87,14.63,11.08,14.63,10.02,11.57,8.85,11.57,7.79,8.96,6.87,8.96,6.14,6.92,5.5,6.92
fragment_03454,29,34.11,34.36,33.85,34.77,31.49,32.65,30.07,34.85,22.83,24.11,21.46,26.37,15.1,15.46,14.78,15.56,9.4,9.41,9.39,9.43,6.12,6.12,6.11,6.13,4.2,4.21,4.2,4.21
fragment_03455,40,27.68,27.7,27.4,27.91,24.26,24.34,23.68,26.37,17.59,17.88,15.57,20.07,12.93,13.21,10.48,14.12,9.68,9.88,7.52,10.37,7.24,7.34,5.85,7.54,5.23,5.24,4.83,5.26
fragment_03456,4,27.81,27.77,27.77,28.11,25.29,25.5,23.72,25.51,19.04,19.47,15.99,19.48,14.2,14.61,11.24,14.62,10.44,10.74,8.31,10.74,7.51,7.64,6.52,7.65,5.24,5.27,5.02,5.27
fragment_03457,1,28.02,28.02,28.02,28.02,22.16,22.16,22.16,22.16,16.94,16.94,16.94,16.94,12.29,12.29,12.29,12.29,8.47,8.47,8.47,8.47,5.6,5.6,5.6,5.6,3.85,3.85,3.85,3.85
fragment_03458,1,29.73,29.73,29.73,29.73,22.76,22.76,22.76,22.76,16.84,16.84,16.84,16.84,11.91,11.91,11.91,11.91,7.81,7.81,7.81,7.81,5.11,5.11,5.11,5.11,3.51,3.51,3.51,3.51
fragment_03459,3,29.53,29.48,29.07,29.61,23.37,24.64,21.98,24.64,17.0,18.41,15.45,18.41,12.99,13.96,11.92,13.96,9.58,10.08,9.04,10.08,7.01,7.25,6.75,7.25,5.18,5.31,5.04,5.31
fragment_03460,5,25.28,25.27,25.06,25.88,20.13,20.13,19.81,21.26,16.62,16.67,15.7,18.52,13.35,13.39,12.39,15.55,10.62,10.61,10.17,11.93,8.15,8.14,7.91,8.48,5.84,5.84,5.84,5.84
fragment_03461,6,30.67,30.53,30.53,31.5,25.89,25.73,25.71,27.67,18.48,18.43,18.19,19.85,11.5,11.5,11.45,11.55,6.98,6.97,6.97,7.0,4.54,4.54,4.54,4.55,3.12,3.12,3.12,3.13
fragment_03462,1,30.23,30.23,30.23,30.23,26.04,26.04,26.04,26.04,20.67,20.67,20.67,20.67,14.73,14.73,14.73,14.73,10.48,10.48,10.48,10.48,7.25,7.25,7.25,7.25,4.99,4.99,4.99,4.99
fragment_03463,2,27.18,27.2,27.09,27.2,24.21,24.24,24.06,24.24,18.81,18.83,18.68,18.83,13.41,13.45,13.2,13.45,9.41,9.42,9.36,9.42,6.3,6.3,6.3,6.31,4.33,4.33,4.33,4.33
fragment_03464,2,28.68,28.69,28.1,28.69,21.22,21.23,20.8,21.23,14.52,14.52,14.33,14.52,10.57,10.57,10.44,10.57,7.36,7.36,7.33,7.36,5.38,5.38,5.36,5.38,3.93,3.93,3.93,3.93
fragment_03465,4,29.98,29.98,29.79,29.98,23.57,23.57,23.24,23.57,18.32,18.31,18.31,18.64,14.54,14.54,14.54,14.78,10.77,10.77,10.77,10.79,7.27,7.27,7.27,7.28,4.99,4.99,4.99,5.0
fragment_03466,5,29.08,29.08,28.93,29.44,23.93,23.88,23.88,24.81,18.65,18.48,18.48,19.09,14.33,14.17,14.17,14.68,10.37,10.32,10.32,10.47,6.95,6.95,6.95,6.96,4.78,4.78,4.78,4.78
fragment_03467,2,26.39,26.47,26.23,26.47,23.65,23.45,23.45,24.03,18.83,18.34,18.34,19.74,12.89,12.53,12.53,13.55,8.36,8.34,8.34,8.41,5.46,5.46,5.46,5.47,3.75,3.75,3.75,3.76
fragment_03468,3,25.01,25.0,25.0,25.16,17.52,17.48,17.48,18.16,13.39,13.3,13.04,15.08,11.45,11.4,10.79,13.02,9.19,9.18,8.42,10.25,7.04,7.05,6.6,7.5,5.21,5.21,5.15,5.26
fragment_03469,1,31.44,31.44,31.44,31.44,25.89,25.89,25.89,25.89,19.51,19.51,19.51,19.51,14.5,14.5,14.5,14.5,10.33,10.33,10.33,10.33,7.16,7.16,7.16,7.16,4.97,4.97,4.97,4.97
fragment_03470,7,28.32,28.32,28.02,28.69,23.0,22.98,22.98,24.7,16.94,16.92,16.92,18.95,12.87,12.86,12.86,14.8,9.81,9.8,9.8,10.74,7.43,7.43,7.43,7.71,5.32,5.32,5.32,5.32
fragment_03471,5,28.74,28.74,28.74,28.75,21.64,21.63,21.63,21.65,15.05,15.05,15.05,15.05,10.62,10.62,10.62,10.63,7.27,7.27,7.27,7.27,5.23,5.23,5.23,5.23,3.98,3.98,3.98,3.99
fragment_03472,1,30.18,30.18,30.18,30.18,24.98,24.98,24.98,24.98,19.21,19.21,19.21,19.21,14.17,14.17,14.17,14.17,9.83,9.83,9.83,9.83,6.43,6.43,6.43,6.43,4.42,4.42,4.42,4.42
fragment_03473,45,27.75,27.69,27.69,28.58,18.93,18.68,18.68,22.18,12.64,11.98,11.98,17.16,9.3,8.48,8.48,13.02,7.07,6.35,6.35,9.31,5.49,5.02,5.02,6.13,4.13,3.99,3.99,4.21
fragment_03474,6,27.95,27.92,27.81,28.01,19.35,19.31,19.21,19.39,12.44,12.4,11.89,12.49,8.37,8.34,8.17,8.4,6.37,6.34,6.15,6.39,5.13,5.11,4.96,5.15,4.17,4.16,4.08,4.18
fragment_03475,14,30.39,30.33,30.19,31.09,25.67,25.35,25.07,26.74,18.86,17.72,17.56,21.21,13.23,11.82,11.82,15.59,10.02,8.53,8.53,11.72,7.78,6.69,6.69,8.65,6.05,5.55,5.55,6.39
fragment_03476,4,28.41,28.43,28.31,29.02,23.45,23.1,23.1,25.22,17.14,16.77,16.77,18.96,12.51,12.39,12.39,13.13,9.11,9.04,9.04,9.47,7.02,6.98,6.98,7.25,5.51,5.49,5.49,5.62
fragment_03477,26,28.48,28.47,28.15,29.21,21.67,21.51,20.93,24.8,17.19,16.68,15.62,20.58,12.97,12.28,12.28,14.94,8.98,8.54,8.54,9.73,6.26,6.14,6.14,6.34,4.35,4.35,4.35,4.36
fragment_03478,1,30.24,30.24,30.24,30.24,24.45,24.45,24.45,24.45,18.44,18.44,18.44,18.44,13.25,13.25,13.25,13.25,9.56,9.56,9.56,9.56,6.86,6.86,6.86,6.86,4.95,4.95,4.95,4.95
fragment_03479,16,27.4,27.41,27.38,27.45,18.91,18.91,18.88,18.95,12.58,12.58,12.56,13.44,8.7,8.7,8.67,10.24,6.12,6.11,6.1,8.08,4.59,4.59,4.58,6.26,3.72,3.72,3.69,4.99
fragment_03480,2,24.97,24.97,24.96,24.97,18.84,18.84,18.84,18.87,12.87,12.88,12.83,12.88,8.63,8.63,8.6,8.63,5.67,5.67,5.67,5.67,3.69,3.69,3.69,3.69,2.54,2.54,2.54,2.54
fragment_03481,35,28.78,28.8,28.71,28.81,21.67,21.67,21.62,21.8,15.88,15.57,15.46,16.94,13.01,12.29,12.18,15.07,10.44,9.44,9.33,12.98,8.2,7.35,7.15,9.9,6.26,5.79,5.61,6.97
fragment_03482,17,29.46,29.48,28.36,29.54,22.55,22.55,22.13,22.8,16.49,16.46,16.23,17.48,12.38,12.36,11.95,13.47,9.46,9.43,9.27,10.59,7.45,7.42,7.42,8.15,6.0,5.99,5.99,6.22
fragment_03483,2,25.45,25.45,25.45,25.45,17.7,17.7,17.69,17.7,13.09,13.09,13.09,13.09,10.34,10.34,10.34,10.34,7.53,7.53,7.53,7.53,5.14,5.14,5.14,5.14,3.53,3.53,3.53,3.53
fragment_03484,1,30.04,30.04,30.04,30.04,23.63,23.63,23.63,23.63,15.0,15.0,15.0,15.0,8.31,8.31,8.31,8.31,5.03,5.03,5.03,5.03,3.28,3.28,3.28,3.28,2.25,2.25,2.25,2.25
fragment_03485,2,30.54,30.24,30.24,31.06,25.45,25.0,25.0,26.24,19.09,18.72,18.72,19.74,13.46,13.34,13.34,13.68,8.82,8.83,8.81,8.83,5.75,5.75,5.74,5.75,3.95,3.95,3.95,3.95
fragment_03486,3,26.27,26.27,26.27,26.31,19.5,19.5,19.5,19.6,13.38,13.37,13.37,13.54,10.29,10.28,10.27,10.6,7.98,7.96,7.96,8.53,6.47,6.45,6.45,6.95,5.51,5.5,5.42,5.74
fragment_03487,5,27.8,27.81,27.78,28.49,19.31,19.32,19.29,23.26,14.15,14.14,14.14,18.03,11.73,11.75,11.5,13.32,8.74,8.76,8.5,8.89,5.8,5.8,5.8,5.81,3.98,3.98,3.98,3.99
fragment_03488,2,28.04,28.03,28.03,28.05,21.66,21.63,21.63,21.7,15.55,15.52,15.52,15.59,11.96,11.93,11.93,11.99,9.65,9.63,9.63,9.66,7.8,7.79,7.79,7.81,5.83,5.83,5.83,5.83
fragment_03489,1,31.02,31.02,31.02,31.02,26.66,26.66,26.66,26.66,21.42,21.42,21.42,21.42,14.71,14.71,14.71,14.71,9.72,9.72,9.72,9.72,6.64,6.64,6.64,6.64,4.56,4.56,4.56,4.56
fragment_03490,2,28.56,28.56,28.5,28.56,20.45,20.45,20.44,20.45,14.95,14.96,14.89,14.96,11.67,11.68,11.64,11.68,8.98,8.99,8.95,8.99,6.94,6.94,6.91,6.94,5.28,5.28,5.26,5.28
fragment_03491,3,28.0,28.03,27.95,28.76,20.93,20.94,20.55,20.94,15.37,15.42,14.3,15.42,11.41,11.54,10.95,11.54,8.78,8.99,8.44,8.99,6.54,6.66,6.33,6.66,4.71,4.72,4.7,4.72
fragment_03492,8,28.68,28.66,28.65,28.73,21.57,21.56,21.55,21.62,15.46,15.42,15.35,15.54,12.24,12.19,12.18,12.36,9.98,9.92,9.92,10.48,8.4,8.36,8.36,8.97,7.07,7.05,7.04,7.52
fragment_03493,12,28.86,28.79,28.32,29.15,24.86,24.73,23.39,25.25,18.89,18.66,17.56,19.76,13.78,13.63,13.25,14.24,8.91,8.91,8.91,8.93,5.8,5.8,5.8,5.81,3.99,3.98,3.98,3.99
fragment_03494,8,30.28,30.13,30.13,31.08,24.63,24.2,24.11,27.29,17.1,16.67,16.44,20.02,11.56,11.3,11.17,13.12,7.89,7.76,7.76,8.3,5.38,5.38,5.38,5.4,3.7,3.7,3.7,3.71
fragment_03495,7,28.7,28.71,28.64,28.75,21.59,21.6,21.56,21.63,15.15,15.06,15.06,15.37,11.16,10.96,10.96,11.73,7.73,7.57,7.57,8.17,5.36,5.36,5.36,5.38,3.7,3.7,3.69,3.7
fragment_03496,2,29.17,29.17,29.03,29.17,21.94,21.94,21.87,21.94,15.3,15.3,15.27,15.3,11.15,11.15,11.15,11.15,8.01,8.01,8.01,8.02,5.74,5.74,5.74,5.75,4.14,4.14,4.14,4.14
fragment_03497,5,27.43,27.4,27.39,28.67,20.18,20.16,20.16,22.2,15.49,15.48,15.31,15.96,11.75,11.74,11.57,12.11,8.54,8.54,8.46,8.64,5.75,5.75,5.75,5.76,3.95,3.95,3.95,3.96
fragment_03498,9,27.97,28.03,27.83,28.76,21.08,21.14,20.51,21.32,15.59,15.7,14.44,16.5,11.58,11.69,11.15,12.4,8.56,8.54,8.35,8.73,5.73,5.73,5.73,5.74,3.94,3.94,3.94,3.94
fragment_03499,2,28.53,28.79,28.22,28.79,23.99,25.05,22.79,25.05,17.71,19.17,16.06,19.17,12.27,12.78,11.7,12.78,7.8,7.8,7.8,7.8,5.08,5.08,5.08,5.08,3.49,3.49,3.49,3.49
fragment_03500,3,32.98,32.99,32.98,34.03,30.77,30.77,30.63,30.77,21.85,21.85,21.26,21.85,13.38,13.38,13.38,13.54,8.24,8.24,8.24,8.27,5.36,5.36,5.36,5.38,3.69,3.69,3.69,3.7
fragment_03501,8,28.7,28.65,28.64,29.33,23.39,23.16,23.16,25.83,16.61,16.34,16.34,19.52,11.92,11.77,11.77,13.51,8.61,8.55,8.55,9.21,6.01,6.01,6.01,6.02,4.13,4.13,4.13,4.14
fragment_03502,7,29.8,29.79,29.73,30.17,22.4,22.31,22.31,25.86,15.24,15.23,14.95,18.7,11.07,11.11,10.72,12.59,7.65,7.67,7.58,7.75,5.03,5.03,5.02,5.04,3.45,3.45,3.45,3.46
fragment_03503,8,29.7,29.63,29.58,30.65,22.96,22.83,22.83,25.41,15.52,15.33,15.32,17.89,11.41,11.31,11.25,12.42,7.97,7.95,7.95,8.1,5.26,5.26,5.26,5.28,3.61,3.61,3.61,3.62
fragment_03504,1,30.16,30.16,30.16,30.16,24.89,24.89,24.89,24.89,19.67,19.67,19.67,19.67,14.99,14.99,14.99,14.99,10.27,10.27,10.27,10.27,6.84,6.84,6.84,6.84,4.7,4.7,4.7,4.7
fragment_03505,2,27.72,27.72,27.72,27.73,24.13,24.13,24.13,24.13,18.9,18.9,18.9,18.9,13.5,13.5,13.5,13.5,9.38,9.38,9.38,9.38,7.05,7.05,7.05,7.05,5.5,5.5,5.5,5.5
fragment_03506,1,28.48,28.48,28.48,28.48,22.64,22.64,22.64,22.64,16.74,16.74,16.74,16.74,12.21,12.21,12.21,12.21,8.81,8.81,8.81,8.81,6.44,6.44,6.44,6.44,4.91,4.91,4.91,4.91
fragment_03507,1,30.1,30.1,30.1,30.1,25.35,25.35,25.35,25.35,19.0,19.0,19.0,19.0,13.39,13.39,13.39,13.39,9.78,9.78,9.78,9.78,7.06,7.06,7.06,7.06,5.05,5.05,5.05,5.05
fragment_03508,2,30.09,30.09,30.09,30.2,24.46,24.45,24.45,25.34,18.67,18.66,18.66,19.2,14.58,14.58,14.33,14.58,10.83,10.84,10.56,10.84,8.07,8.07,7.92,8.07,5.92,5.92,5.88,5.92
fragment_03509,5,27.78,27.79,27.75,27.8,24.18,24.21,24.14,24.21,18.95,18.97,18.91,18.97,13.51,13.52,13.51,13.52,9.39,9.39,9.39,9.4,7.07,7.07,7.07,7.08,5.53,5.52,5.52,5.53
fragment_03510,25,28.24,28.08,27.96,29.37,21.7,22.18,20.69,24.99,17.16,18.08,15.39,20.11,13.33,14.24,10.96,15.29,10.07,10.61,8.49,11.33,7.79,8.07,6.89,8.32,5.75,5.79,5.54,5.8
fragment_03511,16,28.81,28.87,28.74,28.87,21.69,21.72,21.64,21.72,15.24,15.27,15.22,15.27,11.29,11.32,11.26,11.32,7.98,8.0,7.96,8.03,5.84,5.88,5.76,5.96,4.53,4.58,4.45,4.62
fragment_03512,3,27.05,27.05,27.02,27.09,23.08,23.1,22.94,23.18,18.72,18.79,18.44,18.84,14.4,14.59,14.21,14.59,11.21,11.47,10.86,11.47,8.82,8.99,8.66,8.99,6.63,6.66,6.6,6.66
fragment_03513,1,30.78,30.78,30.78,30.78,24.81,24.81,24.81,24.81,20.03,20.03,20.03,20.03,16.63,16.63,16.63,16.63,13.32,13.32,13.32,13.32,10.04,10.04,10.04,10.04,7.09,7.09,7.09,7.09
fragment_03514,2,28.45,28.47,28.36,28.47,21.51,21.52,21.46,21.52,15.17,15.18,15.15,15.18,10.53,10.53,10.53,10.53,7.96,7.96,7.95,7.96,5.73,5.73,5.73,5.73,3.94,3.94,3.94,3.94
fragment_03515,22,28.19,28.47,27.66,28.47,20.52,21.49,18.72,21.49,15.07,16.47,12.32,16.47,10.98,11.86,8.8,11.86,8.22,8.77,6.38,8.94,6.48,6.89,5.21,7.45,5.17,5.45,4.25,6.03
fragment_03516,6,35.24,35.24,35.16,35.39,34.94,35.16,34.42,35.17,27.35,27.88,26.17,27.88,17.8,18.01,17.22,18.01,10.98,10.99,10.97,10.99,7.15,7.15,7.14,7.15,4.91,4.91,4.9,4.91
fragment_03517,4,25.01,25.0,24.9,25.16,17.52,17.48,17.43,18.17,13.4,13.3,13.05,15.09,11.46,11.4,10.91,13.02,9.2,9.18,8.51,10.25,7.05,7.05,6.68,7.5,5.21,5.21,5.18,5.26
fragment_03518,27,28.03,28.36,27.63,28.48,19.83,20.91,18.75,21.54,14.07,15.89,12.29,15.89,10.56,12.52,8.85,12.96,8.18,10.21,6.66,10.37,6.54,8.19,5.27,8.19,5.27,6.23,4.33,6.23
fragment_03519,4,31.2,31.19,30.78,31.44,27.39,27.42,26.77,27.93,21.39,21.41,21.11,22.18,14.87,14.9,14.44,14.9,9.1,9.1,9.09,9.1,5.93,5.93,5.92,5.93,4.07,4.07,4.07,4.07
fragment_03520,1,29.79,29.79,29.79,29.79,25.59,25.59,25.59,25.59,20.46,20.46,20.46,20.46,14.73,14.73,14.73,14.73,10.5,10.5,10.5,10.5,7.89,7.89,7.89,7.89,5.88,5.88,5.88,5.88
fragment_03521,12,28.86,28.78,28.37,29.16,24.86,24.73,23.38,25.24,18.89,18.67,17.55,19.78,13.77,13.63,13.25,14.25,8.91,8.91,8.91,8.93,5.8,5.8,5.8,5.81,3.99,3.98,3.98,3.99
fragment_03522,29,28.36,28.37,28.16,28.69,23.02,22.97,22.92,25.19,16.68,16.74,16.42,19.86,12.41,12.69,11.64,16.55,9.4,9.79,8.58,12.62,7.57,7.99,6.74,9.79,6.28,6.57,5.69,7.44
fragment_03523,1,30.17,30.17,30.17,30.17,25.07,25.07,25.07,25.07,18.26,18.26,18.26,18.26,11.56,11.56,11.56,11.56,7.16,7.16,7.16,7.16,4.66,4.66,4.66,4.66,3.2,3.2,3.2,3.2
fragment_03524,13,31.18,31.39,30.55,31.86,26.65,26.67,25.81,28.93,19.56,19.35,19.05,22.17,13.2,13.17,12.56,13.72,8.3,8.31,8.2,8.32,5.4,5.41,5.39,5.41,3.71,3.72,3.7,3.72
fragment_03525,4,30.35,30.4,29.67,30.4,24.43,24.45,24.22,24.89,17.41,17.38,17.38,18.63,12.69,12.63,12.63,14.51,9.65,9.61,9.61,10.77,7.18,7.17,7.17,7.54,5.15,5.15,5.15,5.19
fragment_03526,2,27.89,27.89,27.89,27.9,26.09,26.09,26.09,26.09,19.63,19.63,19.62,19.63,14.02,14.02,14.02,14.02,10.68,10.68,10.67,10.68,7.85,7.85,7.85,7.85,5.44,5.44,5.44,5.44
fragment_03527,1,29.96,29.96,29.96,29.96,23.32,23.32,23.32,23.32,16.79,16.79,16.79,16.79,12.97,12.97,12.97,12.97,10.41,10.41,10.41,10.41,8.3,8.3,8.3,8.3,6.19,6.19,6.19,6.19
fragment_03528,17,30.83,30.77,30.51,31.44,26.71,27.17,25.16,30.03,21.77,23.15,19.26,25.13,17.35,19.14,14.96,19.14,12.92,14.27,11.23,14.27,9.21,9.69,8.33,9.69,6.61,6.66,6.39,6.66
fragment_03529,2,31.11,30.99,30.99,31.28,26.58,27.17,25.77,27.17,20.94,22.08,19.36,22.08,15.76,16.6,14.59,16.6,11.36,11.75,10.81,11.75,7.99,8.08,7.86,8.08,5.55,5.55,5.55,5.55
fragment_03530,10,28.84,28.85,28.77,28.85,21.7,21.7,21.66,21.7,15.09,15.09,15.08,15.1,10.69,10.68,10.67,10.71,8.04,7.9,7.9,8.25,6.82,6.57,6.55,7.17,5.56,5.39,5.38,5.79
fragment_03531,14,23.54,23.53,23.51,23.61,15.56,15.44,14.93,18.83,12.44,12.37,11.4,16.47,10.59,10.4,9.97,14.05,8.52,8.51,8.12,10.05,6.36,6.43,6.2,6.58,4.53,4.53,4.52,4.53
fragment_03532,1,28.1,28.1,28.1,28.1,21.32,21.32,21.32,21.32,15.94,15.94,15.94,15.94,10.77,10.77,10.77,10.77,7.13,7.13,7.13,7.13,4.66,4.66,4.66,4.66,3.2,3.2,3.2,3.2
fragment_03533,1,26.89,26.89,26.89,26.89,20.95,20.95,20.95,20.95,14.69,14.69,14.69,14.69,10.36,10.36,10.36,10.36,6.9,6.9,6.9,6.9,4.59,4.59,4.59,4.59,3.15,3.15,3.15,3.15
fragment_03534,6,29.73,29.73,29.18,30.04,25.31,25.32,24.76,25.37,21.23,21.24,20.45,21.56,16.28,16.28,15.67,16.35,10.59,10.59,10.55,10.59,6.89,6.89,6.89,6.89,4.74,4.73,4.73,4.74
fragment_03535,1,28.29,28.29,28.29,28.29,22.37,22.37,22.37,22.37,16.57,16.57,16.57,16.57,12.13,12.13,12.13,12.13,9.22,9.22,9.22,9.22,6.95,6.95,6.95,6.95,5.31,5.31,5.31,5.31
fragment_03536,2,30.12,30.11,30.11,30.21,24.46,24.45,24.45,25.35,18.65,18.65,18.65,19.2,14.57,14.57,14.34,14.57,10.82,10.82,10.56,10.82,8.06,8.06,7.92,8.06,5.92,5.92,5.88,5.92
fragment_03537,23,30.81,30.88,30.54,31.67,26.01,26.61,24.77,29.55,20.02,21.06,18.73,23.46,14.48,15.15,13.7,15.4,9.43,9.47,9.27,9.49,6.16,6.16,6.15,6.18,4.23,4.23,4.23,4.24
fragment_03538,4,29.61,29.6,29.29,30.36,26.36,26.34,26.19,27.95,21.89,21.9,20.19,22.75,16.58,16.58,15.81,16.81,11.54,11.54,11.52,11.72,7.73,7.73,7.73,7.74,5.31,5.31,5.31,5.31
fragment_03539,37,28.08,28.09,27.97,28.66,20.25,20.2,19.79,20.83,14.77,14.6,13.75,16.82,11.86,12.11,10.63,14.03,9.79,10.18,8.71,11.87,7.61,8.09,6.66,8.6,5.74,5.92,5.34,5.94
fragment_03540,5,30.37,30.34,30.34,31.32,24.3,24.23,24.2,27.17,16.94,16.85,16.85,20.44,12.16,12.1,12.1,14.05,8.81,8.79,8.79,9.58,6.25,6.25,6.25,6.27,4.3,4.3,4.3,4.31
fragment_03541,2,27.87,27.87,27.87,27.87,26.04,26.04,26.03,26.04,19.58,19.58,19.57,19.58,13.77,13.78,13.77,13.78,9.97,9.97,9.96,9.97,6.82,6.82,6.82,6.82,4.68,4.68,4.68,4.68
fragment_03542,5,31.11,31.15,30.84,31.15,26.74,27.43,25.15,27.43,20.18,21.0,18.27,21.0,14.19,14.57,12.65,14.57,10.36,10.53,9.33,10.53,7.5,7.56,7.07,7.56,5.3,5.3,5.26,5.31
fragment_03543,1,29.32,29.32,29.32,29.32,23.02,23.02,23.02,23.02,17.19,17.19,17.19,17.19,13.01,13.01,13.01,13.01,8.77,8.77,8.77,8.77,5.73,5.73,5.73,5.73,3.94,3.94,3.94,3.94
fragment_03544,2,25.96,25.96,25.96,25.97,19.33,19.33,19.33,19.33,13.2,13.21,13.2,13.21,10.24,10.25,10.24,10.25,7.76,7.76,7.76,7.76,5.94,5.94,5.94,5.95,4.73,4.72,4.72,4.73
fragment_03545,2,27.97,27.99,27.89,27.99,20.8,20.81,20.75,20.81,14.29,14.3,14.28,14.3,10.44,10.45,10.44,10.45,8.08,8.08,8.08,8.08,6.02,6.02,6.01,6.02,4.41,4.41,4.41,4.41
fragment_03546,14,30.99,30.61,30.37,32.06,26.1,25.72,25.48,28.23,18.77,18.78,17.95,20.69,12.42,12.51,11.82,13.22,8.07,8.09,7.95,8.1,5.27,5.26,5.25,5.27,3.62,3.62,3.61,3.62
fragment_03547,9,29.71,29.71,28.7,29.73,22.79,22.79,22.21,22.8,16.24,16.24,15.51,16.25,11.31,11.29,11.29,11.99,8.33,8.32,8.32,9.18,6.43,6.44,6.39,7.01,5.14,5.18,5.09,5.5
fragment_03548,4,32.58,32.51,32.51,33.1,28.5,28.39,28.39,30.34,20.66,20.52,20.52,22.85,13.71,13.68,13.68,13.95,8.44,8.44,8.44,8.45,5.49,5.49,5.49,5.5,3.77,3.77,3.77,3.78
fragment_03549,6,33.02,32.54,32.52,33.68,31.65,30.96,30.96,32.42,24.94,24.28,24.28,25.55,16.45,16.41,16.41,16.5,9.99,9.98,9.98,10.0,6.5,6.5,6.5,6.51,4.47,4.46,4.46,4.47
fragment_03550,1,30.46,30.46,30.46,30.46,24.42,24.42,24.42,24.42,18.22,18.22,18.22,18.22,14.47,14.47,14.47,14.47,10.78,10.78,10.78,10.78,7.6,7.6,7.6,7.6,5.34,5.34,5.34,5.34
fragment_03551,18,25.59,25.26,25.26,26.52,20.64,20.2,19.88,22.5,18.41,18.31,16.47,20.68,15.63,15.52,13.59,17.74,12.26,12.13,11.23,13.29,8.79,8.77,8.57,8.89,6.11,6.11,6.09,6.11
fragment_03552,3,28.04,28.07,27.98,28.07,20.39,20.41,20.34,20.41,14.54,14.54,14.53,14.55,10.47,10.46,10.46,10.47,7.95,7.95,7.95,7.95,5.81,5.81,5.81,5.81,4.07,4.07,4.07,4.07
fragment_03553,53,28.24,28.25,28.02,28.88,21.59,21.54,20.67,23.5,15.34,14.97,14.1,17.38,11.78,10.97,10.61,14.26,8.86,7.87,7.87,10.23,6.4,5.84,5.84,6.76,4.59,4.44,4.44,4.65
fragment_03554,3,28.46,28.46,28.43,28.64,23.08,23.07,23.07,25.13,16.89,16.88,16.88,19.07,12.84,12.84,12.84,14.17,9.64,9.64,9.64,10.49,7.33,7.33,7.33,7.6,5.3,5.3,5.3,5.31
fragment_03555,3,30.99,30.98,30.98,31.49,26.42,26.39,26.39,28.11,19.83,19.8,19.8,21.36,12.58,12.58,12.57,12.69,7.67,7.67,7.67,7.69,4.99,4.99,4.99,5.0,3.43,3.43,3.43,3.44
fragment_03556,7,28.44,28.49,28.05,28.78,21.71,21.86,20.67,23.42,17.13,17.38,15.7,18.77,12.2,12.29,11.19,12.38,7.52,7.52,7.45,7.53,4.89,4.9,4.89,4.9,3.36,3.36,3.36,3.37
fragment_03557,41,27.8,27.77,27.77,28.48,19.17,19.48,18.9,23.07,13.76,14.66,12.94,18.25,11.2,12.61,10.2,14.12,8.77,10.31,7.59,10.59,6.72,7.49,5.93,7.49,5.05,5.17,4.81,5.18
fragment_03558,57,27.75,27.72,27.7,28.54,19.14,19.16,18.69,22.3,13.17,13.37,12.02,16.86,9.86,10.0,8.72,12.16,7.3,7.33,6.48,8.51,5.5,5.51,4.96,5.9,4.01,4.03,3.84,4.05
fragment_03559,2,28.12,28.13,27.7,28.13,22.79,22.79,22.4,22.79,16.38,16.38,16.33,16.38,11.97,11.97,11.88,11.97,8.75,8.75,8.7,8.75,6.47,6.47,6.45,6.47,4.64,4.64,4.64,4.64
fragment_03560,1,28.84,28.84,28.84,28.84,21.78,21.78,21.78,21.78,14.64,14.64,14.64,14.64,10.09,10.09,10.09,10.09,7.58,7.58,7.58,7.58,5.93,5.93,5.93,5.93,4.65,4.65,4.65,4.65
fragment_03561,4,28.51,28.56,28.45,28.56,20.62,20.65,20.58,20.65,14.73,14.72,14.72,14.73,11.63,11.62,11.62,11.65,9.44,9.42,9.42,9.46,6.93,6.93,6.93,6.94,4.81,4.81,4.81,4.81
fragment_03562,6,29.16,29.05,29.05,29.38,25.96,25.7,25.7,26.65,21.71,21.61,21.56,22.28,16.6,16.75,15.9,16.75,11.63,11.69,11.34,11.69,7.96,7.96,7.95,7.96,5.47,5.47,5.47,5.47
fragment_03563,10,30.38,30.39,30.2,31.21,24.49,24.32,24.03,27.03,16.71,16.69,15.95,19.46,11.19,11.36,10.6,12.13,7.31,7.34,7.18,7.37,4.78,4.78,4.78,4.8,3.28,3.28,3.28,3.29
fragment_03564,4,29.97,29.96,29.75,30.54,24.49,24.43,24.34,24.72,17.25,17.26,16.44,17.32,10.59,10.6,10.52,10.61,6.42,6.42,6.41,6.43,4.18,4.18,4.17,4.18,2.87,2.87,2.86,2.87
fragment_03565,8,27.9,27.8,27.79,28.22,19.63,18.91,18.91,21.82,13.72,13.01,12.78,16.26,10.14,9.9,9.53,11.33,6.95,6.96,6.86,7.02,4.56,4.57,4.56,4.57,3.14,3.14,3.13,3.14
fragment_03566,5,24.07,24.0,24.0,24.24,15.69,15.68,15.64,15.74,11.22,11.23,11.2,11.24,8.68,8.69,8.65,8.7,6.97,7.05,6.8,7.05,5.71,5.82,5.49,5.82,4.36,4.4,4.27,4.4
fragment_03567,10,27.05,27.02,26.97,27.14,23.06,23.12,22.91,23.57,18.77,18.89,18.47,19.31,14.85,14.42,14.26,15.69,12.03,11.6,11.59,13.03,9.71,9.45,9.33,10.4,7.43,7.38,7.35,7.52
fragment_03568,1,29.05,29.05,29.05,29.05,22.73,22.73,22.73,22.73,16.92,16.92,16.92,16.92,12.82,12.82,12.82,12.82,8.43,8.43,8.43,8.43,5.49,5.49,5.49,5.49,3.77,3.77,3.77,3.77
fragment_03569,2,27.93,27.93,27.93,27.93,21.85,21.86,21.85,21.86,16.46,16.46,16.46,16.46,13.21,13.21,13.21,13.22,10.11,10.11,10.11,10.11,7.27,7.27,7.27,7.27,5.02,5.02,5.02,5.02
fragment_03570,2,27.94,27.94,27.53,27.94,22.67,22.67,22.27,22.67,16.0,16.0,15.99,16.0,10.72,10.72,10.71,10.72,6.71,6.71,6.71,6.72,4.37,4.37,4.37,4.37,3.0,3.0,3.0,3.0
fragment_03571,6,27.78,27.74,27.74,28.1,25.15,25.14,25.14,25.53,20.42,20.38,20.38,20.83,16.49,16.46,16.46,16.86,12.92,12.91,12.91,13.07,8.82,8.81,8.81,8.82,6.06,6.06,6.06,6.06
fragment_03572,1,28.22,28.22,28.22,28.22,21.85,21.85,21.85,21.85,16.54,16.54,16.54,16.54,11.06,11.06,11.06,11.06,6.74,6.74,6.74,6.74,4.39,4.39,4.39,4.39,3.01,3.01,3.01,3.01
fragment_03573,2,27.68,27.67,27.67,27.7,19.67,19.66,19.66,19.68,13.81,13.75,13.75,13.92,9.94,9.72,9.72,10.31,7.07,6.73,6.73,7.67,5.32,4.99,4.99,5.88,4.14,3.93,3.93,4.52
fragment_03574,6,27.76,27.75,27.73,27.78,24.16,24.17,24.12,24.2,18.93,18.94,18.9,18.97,13.51,13.51,13.5,13.51,9.38,9.38,9.38,9.39,7.06,7.06,7.06,7.07,5.53,5.51,5.51,5.55
fragment_03575,4,28.69,28.63,28.63,29.01,25.83,25.77,25.77,26.34,21.52,21.53,21.47,21.65,15.99,16.07,15.46,16.07,11.12,11.16,10.88,11.16,7.45,7.45,7.45,7.45,5.12,5.12,5.12,5.12
fragment_03576,18,29.4,29.36,28.92,29.61,24.46,24.21,23.86,25.52,20.0,20.18,19.18,21.86,14.67,14.82,13.72,15.7,9.56,9.58,9.39,9.61,6.24,6.24,6.23,6.25,4.29,4.29,4.28,4.3
fragment_03577,23,27.82,27.76,27.75,28.83,19.43,19.31,18.91,22.25,14.12,14.14,13.26,16.74,11.41,11.5,10.57,13.38,8.78,9.06,8.23,9.63,6.21,6.28,6.02,6.29,4.32,4.32,4.31,4.33
fragment_03578,1,29.59,29.59,29.59,29.59,23.33,23.33,23.33,23.33,17.25,17.25,17.25,17.25,13.38,13.38,13.38,13.38,10.77,10.77,10.77,10.77,8.42,8.42,8.42,8.42,6.33,6.33,6.33,6.33
fragment_03579,3,30.95,30.83,30.83,31.1,25.92,26.55,25.1,26.55,19.1,20.42,17.43,20.42,13.08,13.84,12.1,13.84,8.9,9.17,8.56,9.17,6.0,6.02,5.98,6.02,4.14,4.14,4.14,4.14
fragment_03580,2,28.04,28.04,28.04,28.05,21.44,21.43,21.43,21.45,16.24,16.24,16.24,16.25,12.0,12.0,12.0,12.01,9.01,9.01,9.01,9.02,6.12,6.12,6.12,6.12,4.21,4.21,4.21,4.21
fragment_03581,4,25.28,25.28,25.27,25.29,19.08,19.08,19.07,19.12,13.29,13.29,13.26,13.29,10.18,10.19,10.16,10.19,8.23,8.23,8.22,8.23,6.09,6.09,6.08,6.09,4.27,4.27,4.26,4.27
fragment_03582,7,27.95,27.9,27.85,28.01,20.38,20.47,19.23,20.48,14.15,14.24,12.67,14.26,10.1,10.14,9.29,10.14,7.26,7.27,6.96,7.27,5.16,5.16,5.12,5.16,3.55,3.55,3.55,3.55
fragment_03583,6,28.5,28.27,28.27,29.62,25.52,25.44,25.36,26.14,20.43,20.39,19.76,21.23,15.96,15.87,15.86,16.54,11.71,11.69,11.69,11.81,8.01,8.01,8.01,8.02,5.51,5.51,5.5,5.51
fragment_03584,25,28.18,28.09,27.96,29.36,21.7,22.21,20.67,24.99,17.22,18.07,15.4,20.11,13.41,14.22,10.9,15.46,10.12,10.61,8.38,11.5,7.81,8.08,6.83,8.33,5.75,5.79,5.53,5.8
fragment_03585,12,28.59,28.55,28.41,29.02,23.37,23.11,23.11,25.67,17.28,16.98,16.98,19.87,13.17,12.92,12.68,14.9,10.12,9.99,9.78,11.08,7.92,7.89,7.79,8.19,5.94,5.94,5.89,5.97
fragment_03586,3,29.4,29.37,29.0,29.49,23.55,24.47,21.92,24.47,17.12,18.11,15.38,18.11,12.86,13.55,11.65,13.55,9.43,9.78,8.8,9.78,6.69,6.76,6.57,6.76,4.66,4.66,4.66,4.66
fragment_03587,1,30.32,30.32,30.32,30.32,24.08,24.08,24.08,24.08,17.41,17.41,17.41,17.41,12.07,12.07,12.07,12.07,8.1,8.1,8.1,8.1,5.56,5.56,5.56,5.56,3.82,3.82,3.82,3.82
fragment_03588,4,29.45,29.46,29.37,29.47,24.77,24.92,24.21,24.92,18.67,18.81,18.15,18.81,11.72,11.72,11.72,11.72,7.11,7.1,7.1,7.13,4.63,4.62,4.62,4.64,3.18,3.17,3.17,3.19
fragment_03589,6,25.27,25.26,25.06,25.97,20.13,20.13,19.79,21.49,16.67,16.71,15.69,18.84,13.23,13.27,12.26,15.41,10.13,10.14,9.7,11.29,7.45,7.45,7.25,7.78,5.34,5.34,5.32,5.35
fragment_03590,2,28.55,28.55,27.96,28.55,21.72,21.73,21.21,21.73,15.9,15.9,15.65,15.9,11.6,11.61,11.42,11.61,8.63,8.64,8.58,8.64,6.26,6.26,6.26,6.26,4.39,4.39,4.39,4.39
fragment_03591,2,27.85,27.86,27.84,27.86,25.41,25.42,25.4,25.42,18.69,18.7,18.68,18.7,13.07,13.08,13.06,13.08,9.67,9.68,9.66,9.68,7.36,7.36,7.35,7.36,5.37,5.37,5.37,5.37
fragment_03592,7,29.64,29.56,28.13,30.08,27.44,27.57,25.94,27.57,22.82,22.93,21.76,22.93,17.79,17.75,17.48,18.32,13.91,13.93,13.77,14.08,10.77,10.89,10.26,10.93,8.1,8.19,7.76,8.19
fragment_03593,6,32.5,32.5,32.49,32.59,29.76,29.32,29.31,30.31,23.62,23.29,23.01,24.03,15.35,15.34,15.34,15.38,9.37,9.36,9.36,9.37,6.1,6.09,6.09,6.1,4.19,4.19,4.19,4.19
fragment_03594,3,27.16,27.16,27.15,27.16,19.1,19.1,19.09,19.1,12.75,12.76,12.75,12.76,8.43,8.43,8.42,8.43,5.51,5.51,5.51,5.51,3.59,3.59,3.59,3.59,2.47,2.47,2.47,2.47
fragment_03595,14,23.83,23.98,23.44,24.98,20.33,20.94,19.1,20.94,18.17,19.15,15.63,19.2,14.18,15.24,11.46,15.39,10.43,11.05,9.2,11.23,7.51,7.66,7.26,7.68,5.28,5.28,5.27,5.28
fragment_03596,20,30.46,30.3,29.84,31.38,25.34,24.18,24.18,26.91,19.25,17.9,17.9,20.81,14.22,13.49,13.17,15.35,9.79,9.65,9.17,10.33,6.69,6.67,6.55,6.74,4.6,4.6,4.59,4.63
fragment_03597,4,27.81,27.81,27.71,28.8,21.95,21.95,21.46,23.98,17.57,17.57,16.8,18.29,13.91,13.91,13.33,14.58,10.98,10.98,10.41,11.31,8.06,8.06,7.87,8.18,5.67,5.67,5.66,5.69
fragment_03598,3,28.29,28.28,28.28,28.41,20.12,20.12,20.12,20.16,13.92,13.92,13.91,14.0,10.91,10.91,10.85,10.92,8.55,8.55,8.46,8.56,6.67,6.67,6.6,6.67,5.14,5.14,5.08,5.14
fragment_03599,11,31.3,31.2,30.84,31.68,27.28,27.08,26.8,28.21,21.01,20.54,20.26,22.36,14.68,14.1,14.1,15.75,9.56,9.42,9.42,9.65,6.27,6.26,6.26,6.28,4.3,4.3,4.3,4.31
fragment_03600,2,27.21,27.27,27.06,27.27,22.08,22.17,21.86,22.17,15.83,15.98,15.47,15.98,12.46,12.53,12.29,12.53,9.27,9.29,9.24,9.29,6.22,6.22,6.22,6.22,4.27,4.27,4.27,4.27
fragment_03601,6,25.57,24.96,24.96,26.88,21.14,20.1,20.1,23.91,18.48,17.5,17.5,22.31,15.71,15.08,14.47,18.65,12.8,12.55,12.13,14.2,9.47,9.48,9.31,9.61,6.6,6.61,6.6,6.61
fragment_03602,78,29.11,29.14,28.39,29.78,26.17,27.03,24.18,28.69,20.96,22.1,18.38,23.91,16.06,17.08,13.59,18.72,12.05,12.59,10.6,13.32,8.76,8.9,8.27,8.9,6.12,6.12,6.09,6.13
fragment_03603,4,30.25,30.3,29.75,30.31,24.15,24.19,23.49,25.23,17.39,17.55,16.38,18.18,12.09,12.24,11.47,12.24,8.1,8.15,7.87,8.15,5.34,5.34,5.34,5.35,3.67,3.67,3.67,3.68
fragment_03604,5,30.57,30.68,29.9,31.25,24.69,24.74,24.22,26.21,17.21,17.17,16.77,18.82,11.22,11.02,11.02,11.59,7.02,7.02,7.01,7.03,4.57,4.57,4.56,4.57,3.14,3.14,3.13,3.14
fragment_03605,13,28.51,28.63,27.98,28.8,24.8,24.91,23.95,25.97,20.04,20.4,19.07,21.39,16.12,16.8,15.08,17.39,11.95,12.49,11.16,12.62,8.45,8.58,8.27,8.58,5.89,5.89,5.89,5.91
fragment_03606,2,27.55,27.56,27.55,27.56,23.27,23.27,23.26,23.27,17.53,17.53,17.53,17.53,13.02,13.02,13.02,13.03,9.77,9.77,9.77,9.77,7.59,7.59,7.59,7.59,5.91,5.92,5.91,5.92
fragment_03607,2,29.85,29.84,29.84,29.86,25.25,25.25,25.25,25.25,20.07,20.07,20.07,20.07,14.33,14.33,14.33,14.33,9.56,9.56,9.56,9.56,6.33,6.33,6.33,6.33,4.35,4.35,4.35,4.35
fragment_03608,2,29.32,29.31,29.31,29.34,21.81,21.78,21.78,21.85,14.85,14.86,14.84,14.86,10.8,10.84,10.76,10.84,7.74,7.73,7.73,7.75,5.1,5.1,5.1,5.1,3.5,3.5,3.5,3.5
fragment_03609,9,28.41,28.42,28.26,28.49,23.01,23.01,22.99,24.86,16.52,16.44,16.44,18.45,11.79,11.61,11.57,13.7,8.88,8.74,8.48,10.25,7.24,7.16,6.95,7.88,5.94,5.92,5.82,6.21
fragment_03610,9,27.41,27.41,27.38,27.46,18.9,18.91,18.89,18.92,12.58,12.58,12.56,13.44,8.7,8.7,8.68,10.38,6.12,6.12,6.1,8.29,4.67,4.67,4.66,6.46,3.79,3.79,3.79,5.22
fragment_03611,1,27.79,27.79,27.79,27.79,25.29,25.29,25.29,25.29,18.54,18.54,18.54,18.54,12.7,12.7,12.7,12.7,8.78,8.78,8.78,8.78,6.25,6.25,6.25,6.25,4.52,4.52,4.52,4.52
fragment_03612,4,28.04,27.98,27.97,28.57,20.2,20.22,19.8,20.26,14.22,14.29,13.57,14.29,10.9,10.93,10.36,10.96,8.78,8.8,8.09,8.86,7.03,6.98,6.51,7.12,5.64,5.57,5.39,5.73
fragment_03613,2,26.85,26.85,26.85,26.86,21.08,21.08,21.08,21.09,15.43,15.42,15.42,15.43,11.61,11.6,11.6,11.61,8.69,8.69,8.69,8.69,6.19,6.19,6.19,6.19,4.26,4.26,4.26,4.26
fragment_03614,1,29.21,29.21,29.21,29.21,23.03,23.03,23.03,23.03,16.96,16.96,16.96,16.96,11.87,11.87,11.87,11.87,8.91,8.91,8.91,8.91,6.56,6.56,6.56,6.56,4.69,4.69,4.69,4.69
fragment_03615,17,28.74,28.61,28.28,29.25,23.9,23.17,23.17,25.75,17.98,17.05,17.05,19.98,13.78,12.95,12.95,15.55,10.47,9.88,9.88,11.72,8.13,7.75,7.75,8.82,6.28,6.14,6.14,6.49
fragment_03616,1,29.91,29.91,29.91,29.91,23.22,23.22,23.22,23.22,15.03,15.03,15.03,15.03,8.88,8.88,8.88,8.88,5.39,5.39,5.39,5.39,3.51,3.51,3.51,3.51,2.41,2.41,2.41,2.41
fragment_03617,1,31.04,31.04,31.04,31.04,25.5,25.5,25.5,25.5,18.85,18.85,18.85,18.85,13.17,13.17,13.17,13.17,8.6,8.6,8.6,8.6,5.6,5.6,5.6,5.6,3.85,3.85,3.85,3.85
fragment_03618,3,28.33,28.33,28.33,28.99,20.1,20.1,20.1,23.17,13.0,13.0,13.0,15.94,9.06,9.06,9.06,10.0,6.05,6.05,6.05,6.07,3.94,3.94,3.94,3.95,2.7,2.7,2.7,2.71
fragment_03619,6,25.28,25.27,25.09,25.97,20.14,20.13,19.9,21.48,16.67,16.71,15.79,18.84,13.23,13.26,12.32,15.4,10.13,10.14,9.71,11.29,7.45,7.45,7.26,7.78,5.34,5.35,5.33,5.35
fragment_03620,4,29.7,29.71,29.15,29.71,22.78,22.79,22.24,22.79,16.24,16.24,15.5,16.24,11.31,11.3,11.3,11.97,8.33,8.32,8.32,9.17,6.4,6.4,6.4,6.94,5.06,5.06,5.06,5.34
fragment_03621,5,25.86,25.94,25.57,25.94,20.36,20.44,20.06,20.44,14.77,14.78,14.73,14.78,11.49,11.49,11.47,11.49,9.34,9.35,9.3,9.35,7.42,7.42,7.38,7.43,5.77,5.77,5.75,5.77
fragment_03622,6,24.06,24.01,24.0,24.12,15.66,15.63,15.63,15.71,11.2,11.19,11.19,11.23,8.71,8.65,8.65,8.85,7.02,6.87,6.87,7.34,5.77,5.65,5.65,6.06,4.51,4.46,4.46,4.64
fragment_03623,1,27.56,27.56,27.56,27.56,24.63,24.63,24.63,24.63,19.74,19.74,19.74,19.74,15.79,15.79,15.79,15.79,12.22,12.22,12.22,12.22,9.1,9.1,9.1,9.1,6.81,6.81,6.81,6.81
fragment_03624,2,29.94,29.94,29.93,29.94,24.02,24.02,23.85,24.02,15.78,15.78,15.66,15.78,8.93,8.93,8.9,8.93,5.41,5.41,5.39,5.41,3.52,3.52,3.51,3.52,2.42,2.42,2.41,2.42
fragment_03625,2,27.92,27.91,27.91,27.92,21.8,21.8,21.8,21.8,16.39,16.39,16.39,16.39,13.15,13.15,13.14,13.15,10.15,10.15,10.15,10.15,7.47,7.47,7.47,7.47,5.24,5.24,5.24,5.24
fragment_03626,11,30.36,30.32,30.22,31.22,24.52,24.29,24.06,27.43,16.75,16.71,16.03,19.48,11.2,11.37,10.63,12.13,7.31,7.34,7.2,7.37,4.78,4.78,4.78,4.8,3.28,3.28,3.28,3.29
fragment_03627,26,28.12,28.08,27.98,28.62,20.22,20.27,19.65,20.4,13.82,13.83,12.7,14.08,9.79,9.82,8.5,10.08,7.55,7.58,6.59,7.7,6.03,6.07,5.42,6.16,4.86,4.89,4.47,5.02
fragment_03628,1,30.61,30.61,30.61,30.61,25.56,25.56,25.56,25.56,19.79,19.79,19.79,19.79,13.96,13.96,13.96,13.96,9.53,9.53,9.53,9.53,6.92,6.92,6.92,6.92,4.85,4.85,4.85,4.85
fragment_03629,7,31.0,31.35,30.68,31.95,26.51,26.52,25.48,28.33,20.16,19.83,19.22,21.4,14.13,13.84,13.48,15.09,9.54,9.47,9.47,9.62,6.26,6.26,6.26,6.27,4.3,4.3,4.3,4.31
fragment_03630,2,30.26,30.27,30.26,30.27,25.28,25.28,25.28,25.28,19.86,19.87,19.86,19.87,13.96,13.96,13.96,13.96,9.19,9.19,9.19,9.19,6.18,6.18,6.18,6.18,4.25,4.25,4.25,4.25
fragment_03631,4,29.67,29.64,29.64,30.37,26.07,26.06,25.69,26.79,22.55,22.56,21.66,23.19,17.19,17.22,16.47,17.32,11.33,11.33,11.29,11.35,7.38,7.38,7.38,7.39,5.07,5.07,5.07,5.08
fragment_03632,3,26.35,26.35,26.14,26.35,19.55,19.55,19.55,20.21,13.26,13.26,13.26,13.7,9.85,9.86,9.28,9.86,6.45,6.45,6.39,6.45,4.2,4.2,4.2,4.2,2.88,2.88,2.88,2.89
fragment_03633,6,30.74,30.56,30.56,31.57,25.97,25.77,25.77,28.06,18.7,18.62,18.62,20.53,12.0,12.01,11.96,12.14,7.34,7.33,7.33,7.36,4.78,4.77,4.77,4.79,3.28,3.28,3.28,3.29
fragment_03634,1,28.61,28.61,28.61,28.61,25.05,25.05,25.05,25.05,21.92,21.92,21.92,21.92,17.53,17.53,17.53,17.53,12.83,12.83,12.83,12.83,8.63,8.63,8.63,8.63,5.93,5.93,5.93,5.93
fragment_03635,2,29.87,29.9,29.79,29.9,23.81,24.05,23.16,24.05,16.95,17.24,16.18,17.24,12.07,12.16,11.81,12.16,8.86,8.95,8.63,8.95,6.77,6.82,6.64,6.82,5.26,5.29,5.17,5.29
fragment_03636,2,28.01,28.03,27.91,28.03,19.19,19.19,19.15,19.19,14.16,14.16,14.13,14.16,11.22,11.22,11.21,11.22,8.54,8.54,8.54,8.54,6.41,6.41,6.41,6.41,4.83,4.83,4.83,4.83
fragment_03637,2,27.71,27.72,27.69,27.72,20.36,20.37,20.36,20.37,13.92,13.92,13.92,13.92,9.98,9.98,9.98,9.98,7.69,7.69,7.69,7.69,5.5,5.5,5.5,5.5,3.82,3.82,3.82,3.82
fragment_03638,2,27.42,27.42,27.41,27.42,21.79,21.79,21.79,21.79,17.35,17.35,17.35,17.35,13.52,13.52,13.51,13.52,9.94,9.95,9.94,9.95,7.54,7.55,7.54,7.55,5.72,5.72,5.72,5.72
fragment_03639,1,29.5,29.5,29.5,29.5,23.89,23.89,23.89,23.89,18.34,18.34,18.34,18.34,13.41,13.41,13.41,13.41,10.35,10.35,10.35,10.35,7.88,7.88,7.88,7.88,5.82,5.82,5.82,5.82
fragment_03640,2,31.24,31.23,31.23,31.24,28.03,28.03,28.03,28.03,23.68,23.68,23.68,23.68,16.58,16.58,16.58,16.58,10.95,10.95,10.95,10.95,7.67,7.67,7.67,7.67,5.36,5.36,5.36,5.36
fragment_03641,19,28.65,28.44,28.39,29.83,23.8,23.36,23.14,27.3,18.93,18.48,18.27,23.28,14.8,14.53,13.78,18.6,10.83,10.84,9.78,12.86,7.77,7.87,6.99,8.41,5.68,5.74,5.28,5.78
fragment_03642,3,29.5,29.51,29.5,30.25,25.72,25.73,25.72,25.86,20.09,20.09,20.02,20.09,16.27,16.27,16.18,16.27,13.23,13.23,13.16,13.23,9.56,9.56,9.53,9.56,6.61,6.61,6.61,6.61
fragment_03643,2,27.75,27.76,27.74,27.76,26.33,26.34,26.33,26.34,20.31,20.31,20.31,20.32,14.83,14.83,14.83,14.84,10.52,10.52,10.52,10.52,7.35,7.34,7.34,7.35,5.22,5.22,5.22,5.22
fragment_03644,2,28.1,28.1,27.67,28.1,22.8,22.8,22.4,22.8,16.43,16.43,16.43,16.5,11.99,11.99,11.99,12.08,8.23,8.23,8.23,8.27,5.42,5.42,5.42,5.42,3.72,3.72,3.72,3.72
fragment_03645,3,27.0,27.0,26.99,27.01,22.76,22.76,22.76,22.8,17.62,17.62,17.62,17.84,13.03,13.02,13.02,13.51,9.56,9.56,9.56,10.19,7.11,7.1,7.1,7.3,5.05,5.05,5.05,5.05
fragment_03646,1,27.8,27.8,27.8,27.8,24.43,24.43,24.43,24.43,19.51,19.51,19.51,19.51,14.43,14.43,14.43,14.43,10.6,10.6,10.6,10.6,7.34,7.34,7.34,7.34,5.04,5.04,5.04,5.04
fragment_03647,8,28.21,28.33,27.85,28.33,22.36,22.74,21.21,23.18,18.47,19.02,16.77,19.75,14.09,14.7,12.33,15.23,10.18,10.54,9.15,10.82,7.26,7.39,6.94,7.42,5.09,5.1,5.08,5.1
fragment_03648,14,28.24,28.23,28.04,28.38,21.68,21.43,20.94,22.92,16.21,16.09,15.45,17.99,13.17,13.16,12.54,14.48,9.8,9.81,9.34,9.99,6.52,6.53,6.48,6.55,4.48,4.48,4.48,4.5
fragment_03649,5,28.12,28.21,27.58,28.21,26.12,26.25,25.1,27.37,19.72,19.76,18.77,21.43,13.68,13.72,13.38,14.08,8.59,8.59,8.58,8.61,5.59,5.59,5.58,5.6,3.84,3.84,3.83,3.85
fragment_03650,3,30.42,30.42,30.42,30.56,26.22,26.22,26.22,28.82,21.21,21.21,21.21,23.93,16.69,16.69,16.69,18.39,12.71,12.71,12.71,13.85,9.62,9.62,9.62,10.27,7.13,7.13,7.13,7.22
fragment_03651,16,27.52,27.5,27.49,28.77,20.22,20.2,20.2,22.07,15.49,15.47,15.12,17.02,11.61,11.57,11.28,13.2,8.57,8.54,8.31,9.64,6.5,6.47,6.3,7.26,5.14,5.11,4.99,5.71
fragment_03652,6,30.59,30.5,30.48,31.35,24.84,24.51,24.51,28.31,18.45,18.08,18.08,22.17,13.71,13.59,13.53,14.79,9.1,9.1,9.1,9.14,5.94,5.94,5.93,5.95,4.08,4.08,4.07,4.09
fragment_03653,2,28.81,28.81,28.8,28.81,21.68,21.68,21.68,21.68,15.08,15.08,15.08,15.08,10.71,10.71,10.71,10.71,8.31,8.31,8.31,8.31,7.42,7.41,7.41,7.42,6.27,6.27,6.27,6.27
fragment_03654,12,28.3,28.24,28.24,28.66,22.74,23.02,20.37,23.99,16.72,17.02,13.73,18.24,12.75,12.9,10.02,14.03,9.65,9.66,7.6,10.43,7.04,7.05,6.02,7.26,4.96,4.99,4.65,4.99
fragment_03655,10,28.06,27.99,27.99,28.6,20.18,20.25,19.64,20.29,13.53,13.62,12.7,13.72,9.12,9.2,8.29,9.23,6.68,6.71,6.02,6.87,5.51,5.56,4.75,5.72,4.71,4.75,4.06,4.83
fragment_03656,18,33.5,33.44,33.16,34.18,30.41,29.79,29.78,32.56,20.83,20.27,20.27,22.51,12.29,12.28,12.27,12.36,7.45,7.44,7.43,7.49,4.85,4.84,4.84,4.88,3.33,3.33,3.32,3.35
fragment_03657,19,27.94,27.85,27.85,28.08,20.7,19.43,19.32,21.8,14.83,13.19,13.19,15.98,11.55,10.11,10.11,12.65,9.27,8.32,8.32,9.93,7.04,6.73,6.73,7.23,4.97,4.95,4.95,4.99
fragment_03658,2,28.36,28.35,28.35,28.39,20.51,20.5,20.5,20.54,14.67,14.68,14.65,14.68,11.23,11.24,11.23,11.24,7.77,7.77,7.77,7.77,5.09,5.09,5.09,5.09,3.5,3.5,3.5,3.5
fragment_03659,49,30.4,30.43,30.18,30.93,25.52,25.37,25.11,26.49,18.65,18.07,17.38,21.07,13.87,13.52,11.96,16.06,10.9,10.89,9.13,11.98,7.87,8.02,6.66,8.06,5.5,5.54,5.09,5.54
fragment_03660,4,27.73,27.73,27.72,27.76,24.12,24.12,24.1,24.16,18.9,18.9,18.88,18.93,13.5,13.5,13.5,13.5,9.38,9.38,9.38,9.39,7.06,7.06,7.06,7.06,5.53,5.51,5.51,5.59
fragment_03661,7,29.08,29.38,28.64,29.69,22.71,22.99,22.27,24.48,16.37,16.53,15.89,17.91,10.92,10.91,10.39,11.04,6.67,6.67,6.67,6.69,4.34,4.34,4.34,4.36,2.98,2.98,2.98,2.99
fragment_03662,10,28.91,28.93,28.84,28.94,21.77,21.79,21.73,21.79,16.02,16.08,15.94,16.21,13.15,13.2,13.07,13.35,10.65,10.67,10.6,10.87,8.31,8.32,8.29,8.35,5.95,5.95,5.95,5.95
fragment_03663,16,28.6,28.58,28.37,30.05,25.27,25.37,24.01,27.83,19.7,19.79,18.29,23.45,14.77,14.78,13.85,18.86,10.81,10.64,10.16,14.14,8.28,8.08,7.71,10.53,6.59,6.43,6.19,7.74
fragment_03664,6,27.68,27.67,27.56,27.68,19.67,19.66,19.63,19.67,14.66,14.67,13.89,14.67,12.07,12.09,10.54,12.09,10.3,10.33,8.51,10.33,8.34,8.36,6.78,8.36,6.25,6.27,5.43,6.27
fragment_03665,20,26.35,26.35,26.2,26.36,19.56,19.56,19.55,20.19,13.38,13.36,13.35,15.9,10.38,10.34,10.24,13.44,8.56,8.58,8.1,11.08,6.8,6.89,6.29,7.93,5.22,5.34,4.82,5.48
fragment_03666,1,30.45,30.45,30.45,30.45,24.19,24.19,24.19,24.19,17.47,17.47,17.47,17.47,12.09,12.09,12.09,12.09,8.41,8.41,8.41,8.41,6.18,6.18,6.18,6.18,4.33,4.33,4.33,4.33
fragment_03667,19,25.39,25.38,25.35,26.54,19.38,19.34,19.32,21.7,15.47,15.67,15.2,17.89,12.09,12.41,11.58,14.42,9.44,9.69,9.04,10.64,7.22,7.37,6.98,7.93,5.58,5.66,5.41,6.04
fragment_03668,1,30.06,30.06,30.06,30.06,25.52,25.52,25.52,25.52,19.73,19.73,19.73,19.73,13.68,13.68,13.68,13.68,8.47,8.47,8.47,8.47,5.51,5.51,5.51,5.51,3.79,3.79,3.79,3.79
fragment_03669,4,25.31,25.31,25.05,25.31,20.74,20.75,18.68,20.75,17.05,17.05,15.05,17.05,13.47,13.48,11.76,13.48,9.58,9.58,8.98,9.58,6.75,6.75,6.7,6.75,4.65,4.65,4.65,4.66
fragment_03670,3,31.03,31.03,31.03,31.75,27.19,27.19,27.17,27.59,22.17,22.17,21.53,22.17,16.38,16.38,16.1,16.4,11.17,11.16,11.16,11.74,8.12,8.12,8.12,8.57,6.12,6.12,6.12,6.26
fragment_03671,4,29.53,29.53,29.28,30.01,23.76,23.77,22.45,23.82,17.13,17.14,15.48,17.14,11.47,11.48,10.84,11.48,6.98,6.98,6.98,7.0,4.54,4.54,4.54,4.55,3.12,3.12,3.12,3.13
fragment_03672,4,27.74,27.71,27.71,27.77,24.21,24.29,24.15,24.29,19.0,19.14,18.92,19.14,13.47,13.41,13.41,13.51,9.38,9.34,9.34,9.41,7.05,7.02,7.02,7.07,5.51,5.49,5.49,5.52
fragment_03673,3,30.23,30.21,30.21,30.79,24.05,23.97,23.97,26.03,16.67,16.6,16.6,18.3,10.42,10.42,10.42,10.51,6.36,6.36,6.36,6.37,4.14,4.14,4.14,4.14,2.84,2.84,2.84,2.85
fragment_03674,11,28.0,27.99,27.82,28.81,21.17,21.1,20.55,21.67,15.57,15.33,14.29,16.53,10.69,10.51,9.85,11.35,7.01,7.0,6.82,7.02,4.56,4.56,4.56,4.57,3.13,3.13,3.13,3.14
fragment_03675,8,28.72,28.73,28.7,28.74,21.6,21.61,21.59,21.61,15.18,15.16,15.16,15.2,11.47,11.42,11.42,11.57,9.28,9.21,9.21,9.41,7.56,7.5,7.5,7.68,5.98,5.96,5.96,6.02
fragment_03676,17,30.38,30.49,30.16,30.49,25.59,25.54,25.21,26.86,18.56,18.94,17.56,20.23,12.71,13.15,11.71,15.68,9.52,9.96,8.75,12.36,7.51,7.79,7.03,8.97,5.95,6.08,5.75,6.21
fragment_03677,42,27.93,27.85,27.85,28.8,19.93,19.63,19.63,23.37,14.68,14.14,14.12,18.59,10.78,10.03,9.89,13.97,8.41,7.69,7.59,10.68,6.58,6.17,6.01,7.15,4.85,4.81,4.6,4.92
fragment_03678,1,29.2,29.2,29.2,29.2,22.84,22.84,22.84,22.84,16.95,16.95,16.95,16.95,11.55,11.55,11.55,11.55,7.22,7.22,7.22,7.22,4.7,4.7,4.7,4.7,3.23,3.23,3.23,3.23
fragment_03679,12,28.16,28.16,28.14,28.71,20.61,20.53,20.46,23.29,13.74,13.66,13.11,16.0,9.3,9.27,8.78,9.62,5.79,5.79,5.77,5.83,3.77,3.77,3.77,3.8,2.59,2.59,2.59,2.61
fragment_03680,5,28.65,28.55,28.38,29.41,22.62,22.5,22.41,24.69,16.41,16.36,15.98,17.97,11.01,11.03,10.74,11.11,6.71,6.71,6.71,6.73,4.37,4.37,4.37,4.38,3.0,3.0,3.0,3.01
fragment_03681,7,28.71,28.68,28.68,29.34,23.27,23.16,23.15,25.91,16.6,16.47,16.46,20.01,12.15,12.07,12.07,14.29,8.88,8.84,8.84,10.09,6.61,6.59,6.59,7.12,4.88,4.87,4.87,4.98
fragment_03682,22,28.28,28.33,28.06,28.69,22.11,22.27,21.17,24.95,17.03,17.03,16.37,19.98,14.35,14.26,13.47,15.87,11.27,11.13,10.91,12.35,8.1,8.06,8.01,8.24,5.65,5.65,5.64,5.67
fragment_03683,6,29.82,29.78,29.55,29.88,25.29,25.25,25.08,25.34,19.69,19.73,19.19,19.73,13.13,13.13,12.86,13.13,8.02,8.02,8.02,8.02,5.22,5.22,5.22,5.22,3.59,3.59,3.59,3.59
fragment_03684,5,30.53,30.39,30.39,30.94,25.29,24.21,24.21,27.73,19.2,17.71,17.71,22.64,14.46,13.55,13.47,16.57,10.37,9.96,9.85,11.25,7.34,7.25,7.19,7.47,5.13,5.13,5.13,5.13
fragment_03685,29,28.11,28.04,27.98,28.6,20.18,20.29,19.64,20.39,13.56,13.66,12.7,13.87,9.19,9.22,8.3,9.65,6.83,6.78,6.04,7.36,5.66,5.62,4.84,6.16,4.83,4.83,4.14,5.22
fragment_03686,57,28.29,28.26,28.06,29.72,22.17,22.46,20.92,26.69,17.74,18.31,15.63,22.07,13.77,14.35,12.08,15.64,9.45,9.63,8.74,9.64,6.27,6.27,6.14,6.27,4.31,4.31,4.29,4.31
fragment_03687,1,29.94,29.94,29.94,29.94,23.22,23.22,23.22,23.22,18.43,18.43,18.43,18.43,13.76,13.76,13.76,13.76,9.92,9.92,9.92,9.92,7.42,7.42,7.42,7.42,5.63,5.63,5.63,5.63
fragment_03688,14,28.54,28.48,28.07,29.42,22.84,22.32,22.03,24.97,16.81,16.18,15.67,18.52,11.5,11.14,10.53,12.09,7.35,7.35,7.2,7.37,4.79,4.79,4.79,4.8,3.29,3.29,3.29,3.29
fragment_03689,4,25.23,25.23,25.22,25.25,19.07,19.06,19.06,19.09,13.2,13.21,13.16,13.21,9.27,9.33,9.15,9.36,6.55,6.62,6.41,6.63,4.42,4.42,4.42,4.42,3.04,3.04,3.04,3.04
fragment_03690,5,29.54,29.54,28.93,29.56,24.69,24.48,24.48,25.07,18.79,18.62,18.61,19.1,12.08,12.05,12.05,12.15,7.35,7.35,7.35,7.36,4.78,4.78,4.78,4.79,3.29,3.29,3.28,3.29
fragment_03691,1,27.51,27.51,27.51,27.51,25.47,25.47,25.47,25.47,18.75,18.75,18.75,18.75,11.78,11.78,11.78,11.78,7.17,7.17,7.17,7.17,4.66,4.66,4.66,4.66,3.2,3.2,3.2,3.2
fragment_03692,2,29.78,29.78,29.78,29.78,23.23,23.23,23.23,23.23,16.43,16.43,16.43,16.43,11.44,11.44,11.44,11.44,8.2,8.2,8.2,8.2,6.18,6.18,6.18,6.18,4.47,4.47,4.47,4.47
fragment_03693,9,28.78,28.79,28.78,28.79,21.65,21.65,21.65,21.66,15.05,15.05,15.05,15.05,10.95,11.02,10.78,11.02,8.45,8.56,8.13,8.56,6.86,7.01,6.43,7.01,5.26,5.35,4.96,5.36
fragment_03694,4,28.19,28.17,28.17,28.85,20.04,20.03,20.03,21.91,12.84,12.83,12.83,14.1,9.14,9.13,9.13,9.99,6.98,6.96,6.96,7.57,5.66,5.57,5.57,6.01,4.65,4.5,4.5,4.94
fragment_03695,9,30.2,29.68,29.21,30.74,27.5,26.78,26.48,28.43,22.82,22.26,22.17,23.6,16.43,16.27,16.21,16.68,10.56,10.56,10.55,10.56,6.87,6.87,6.87,6.87,4.72,4.72,4.72,4.72
fragment_03696,30,28.2,28.26,27.76,28.51,21.8,22.9,20.95,22.9,17.1,18.81,15.52,18.81,12.41,14.09,10.49,14.09,8.79,9.56,7.46,9.56,6.2,6.44,5.5,6.44,4.39,4.43,4.19,4.44
fragment_03697,5,29.28,29.79,28.49,29.79,24.16,25.1,22.68,25.1,18.76,19.74,16.56,19.74,14.43,15.36,12.75,15.36,10.64,11.15,9.71,11.15,7.51,7.62,7.27,7.62,5.24,5.24,5.23,5.24
fragment_03698,5,30.25,30.26,29.85,30.26,25.56,25.55,25.48,25.87,21.41,21.41,21.33,21.42,16.55,16.56,16.29,16.57,11.0,11.0,10.99,11.0,7.27,7.27,7.27,7.27,4.99,4.99,4.99,5.0
fragment_03699,4,28.94,28.94,28.93,28.95,21.79,21.8,21.79,21.8,15.2,15.2,15.19,15.2,11.05,11.07,11.04,11.07,8.23,8.25,8.21,8.25,6.59,6.61,6.57,6.61,5.37,5.4,5.34,5.4
fragment_03700,2,28.74,28.74,28.74,28.75,21.64,21.63,21.63,21.64,15.16,15.15,15.15,15.17,11.09,11.08,11.08,11.11,8.43,8.42,8.42,8.44,6.82,6.81,6.81,6.83,5.51,5.51,5.51,5.51
fragment_03701,3,27.97,27.96,27.96,27.98,19.31,19.31,19.31,19.32,13.75,13.76,13.75,13.76,9.91,9.92,9.9,9.92,6.41,6.41,6.41,6.41,4.17,4.17,4.17,4.17,2.87,2.87,2.87,2.87
fragment_03702,2,28.03,28.05,27.99,28.05,20.29,20.31,20.27,20.31,14.6,14.6,14.6,14.61,10.78,10.78,10.78,10.79,8.29,8.29,8.29,8.3,6.35,6.35,6.35,6.35,5.11,5.11,5.11,5.11
fragment_03703,5,27.77,27.75,27.75,27.8,24.17,24.14,24.14,24.21,18.94,18.91,18.91,18.99,13.51,13.5,13.5,13.52,9.39,9.38,9.38,9.4,7.06,7.06,7.06,7.07,5.54,5.57,5.51,5.59
fragment_03704,4,28.95,28.95,28.94,28.95,21.8,21.81,21.8,21.81,15.2,15.2,15.2,15.2,11.05,11.06,11.04,11.06,8.23,8.25,8.21,8.25,6.66,6.7,6.59,6.7,5.41,5.45,5.33,5.45
fragment_03705,1,30.45,30.45,30.45,30.45,26.03,26.03,26.03,26.03,20.36,20.36,20.36,20.36,14.4,14.4,14.4,14.4,9.61,9.61,9.61,9.61,6.31,6.31,6.31,6.31,4.34,4.34,4.34,4.34
fragment_03706,36,28.45,28.2,28.08,29.06,22.97,22.12,20.51,25.13,17.32,16.25,13.22,20.0,13.57,12.87,9.48,15.7,10.44,9.83,7.14,12.29,8.17,7.62,5.78,9.7,6.57,6.22,4.7,7.45
fragment_03707,1,29.49,29.49,29.49,29.49,23.76,23.76,23.76,23.76,18.26,18.26,18.26,18.26,13.94,13.94,13.94,13.94,9.48,9.48,9.48,9.48,6.17,6.17,6.17,6.17,4.24,4.24,4.24,4.24
fragment_03708,5,27.77,27.79,27.74,27.79,24.17,24.21,24.12,24.21,18.94,18.98,18.88,18.99,13.51,13.52,13.49,13.52,9.39,9.38,9.38,9.4,7.07,7.07,7.05,7.07,5.53,5.51,5.51,5.61
fragment_03709,4,27.71,27.72,27.71,27.74,26.3,26.31,26.29,26.32,20.39,20.39,20.38,20.49,15.5,15.46,15.45,15.93,11.9,11.85,11.85,12.4,8.99,8.96,8.96,9.31,6.66,6.66,6.65,6.68
fragment_03710,1,30.17,30.17,30.17,30.17,24.36,24.36,24.36,24.36,18.49,18.49,18.49,18.49,13.24,13.24,13.24,13.24,8.71,8.71,8.71,8.71,5.67,5.67,5.67,5.67,3.89,3.89,3.89,3.89
fragment_03711,1,30.2,30.2,30.2,30.2,23.61,23.61,23.61,23.61,17.02,17.02,17.02,17.02,12.59,12.59,12.59,12.59,8.85,8.85,8.85,8.85,5.86,5.86,5.86,5.86,4.03,4.03,4.03,4.03
fragment_03712,2,27.78,27.79,27.76,27.79,26.36,26.38,26.34,26.38,20.38,20.39,20.36,20.39,14.96,14.98,14.95,14.98,10.77,10.77,10.76,10.77,7.33,7.33,7.33,7.33,5.04,5.04,5.04,5.04
fragment_03713,2,28.88,28.89,28.86,28.89,21.74,21.74,21.73,21.74,15.17,15.17,15.17,15.17,11.19,11.18,11.18,11.21,8.29,8.29,8.29,8.31,6.08,6.08,6.08,6.08,4.22,4.22,4.21,4.22
fragment_03714,2,27.38,27.39,27.38,27.39,19.97,19.97,19.97,19.97,13.5,13.5,13.5,13.5,8.84,8.84,8.84,8.85,5.84,5.84,5.84,5.84,3.81,3.81,3.81,3.81,2.62,2.62,2.62,2.62
fragment_03715,4,23.46,23.45,23.45,23.48,15.75,15.79,15.7,15.8,12.58,12.6,12.54,12.6,10.84,10.91,10.75,10.91,8.83,8.95,8.67,8.95,6.7,6.8,6.55,6.8,4.97,4.97,4.95,4.97
fragment_03716,3,27.97,27.96,27.96,27.97,20.79,20.79,20.79,20.79,14.21,14.21,14.21,14.22,10.14,10.14,10.14,10.14,7.7,7.7,7.7,7.7,5.66,5.66,5.66,5.66,3.97,3.97,3.97,3.97
fragment_03717,5,28.11,28.12,28.08,28.12,21.06,21.09,21.04,21.09,14.66,14.65,14.63,14.7,10.59,10.53,10.5,10.72,7.39,7.31,7.29,7.55,5.06,5.05,5.05,5.06,3.48,3.48,3.48,3.48
fragment_03718,4,28.73,28.75,28.69,28.76,21.63,21.65,21.61,21.65,15.16,15.16,15.15,15.17,11.08,11.08,11.08,11.1,8.48,8.48,8.47,8.49,6.91,6.91,6.91,6.92,5.68,5.68,5.67,5.68
fragment_03719,12,27.79,27.77,27.72,28.29,19.14,18.92,18.92,21.61,13.47,12.84,12.84,15.33,10.59,9.97,9.91,11.47,7.76,7.52,7.31,8.03,5.23,5.23,5.16,5.24,3.59,3.59,3.58,3.6
fragment_03720,2,24.07,24.01,24.01,24.24,15.68,15.67,15.67,15.72,11.21,11.21,11.21,11.22,8.66,8.65,8.65,8.67,6.79,6.79,6.79,6.79,5.31,5.3,5.3,5.31,4.04,4.04,4.04,4.04
fragment_03721,1,28.85,28.85,28.85,28.85,21.95,21.95,21.95,21.95,15.05,15.05,15.05,15.05,11.03,11.03,11.03,11.03,8.32,8.32,8.32,8.32,6.06,6.06,6.06,6.06,4.34,4.34,4.34,4.34
fragment_03722,19,28.03,27.99,27.98,28.62,20.2,20.24,19.65,20.25,13.6,13.61,12.7,13.83,9.19,9.18,8.29,9.39,6.54,6.54,5.98,6.66,5.16,5.16,4.67,5.27,4.21,4.22,3.83,4.28
fragment_03723,10,27.59,27.58,27.53,27.64,19.76,19.61,19.61,20.54,14.31,13.82,13.76,16.73,10.46,9.83,9.83,13.61,7.78,7.29,7.29,9.98,6.09,5.86,5.86,7.01,4.78,4.7,4.7,5.1
fragment_03724,3,27.72,27.73,27.72,27.73,19.84,19.84,19.83,19.87,13.57,13.57,13.56,13.57,9.91,9.91,9.9,9.91,7.48,7.48,7.48,7.48,5.67,5.67,5.67,5.67,4.33,4.33,4.33,4.33
fragment_03725,3,28.89,28.9,28.88,28.9,21.82,21.83,21.79,21.83,14.97,15.1,14.84,15.1,10.91,11.18,10.64,11.18,8.38,8.56,8.19,8.56,5.93,5.96,5.91,5.96,4.09,4.09,4.09,4.1
fragment_03726,8,28.83,28.85,28.8,28.85,21.7,21.7,21.68,21.73,16.27,16.28,16.1,16.48,13.08,13.09,12.94,13.26,10.52,10.53,10.42,10.64,8.08,8.1,8.07,8.1,5.9,5.9,5.89,5.9
fragment_03727,1,26.06,26.06,26.06,26.06,19.36,19.36,19.36,19.36,13.62,13.62,13.62,13.62,11.05,11.05,11.05,11.05,8.61,8.61,8.61,8.61,6.28,6.28,6.28,6.28,4.34,4.34,4.34,4.34
fragment_03728,7,30.34,30.25,30.17,30.96,24.79,24.38,24.27,27.28,17.45,16.99,16.79,20.26,12.09,11.96,11.6,13.28,8.1,8.12,8.03,8.17,5.3,5.3,5.3,5.31,3.64,3.64,3.64,3.65
fragment_03729,6,30.32,30.25,30.25,31.39,24.3,24.16,24.14,27.34,17.15,16.95,16.95,20.7,12.58,12.44,12.44,14.59,9.23,9.14,9.14,10.41,6.91,6.87,6.87,7.51,5.18,5.15,5.15,5.55
fragment_03730,44,28.32,28.26,27.98,29.32,21.84,21.96,20.95,25.64,17.33,17.27,15.7,21.38,13.65,13.34,12.4,15.98,9.83,9.76,9.08,10.31,6.68,6.7,6.49,6.71,4.6,4.6,4.6,4.61
fragment_03731,1,29.54,29.54,29.54,29.54,22.18,22.18,22.18,22.18,14.92,14.92,14.92,14.92,9.37,9.37,9.37,9.37,5.7,5.7,5.7,5.7,3.71,3.71,3.71,3.71,2.55,2.55,2.55,2.55
fragment_03732,4,28.84,28.86,28.79,28.86,21.25,21.27,21.2,21.27,13.92,13.93,13.82,13.95,9.34,9.42,8.95,9.42,6.96,7.03,6.61,7.03,5.69,5.78,5.28,5.78,4.94,5.05,4.43,5.05
fragment_03733,18,27.97,27.98,27.88,28.1,21.62,22.58,19.27,22.58,16.49,17.49,13.18,17.51,13.51,14.08,11.0,14.48,10.58,10.74,9.14,11.13,7.66,7.69,7.16,7.76,5.32,5.32,5.32,5.34
fragment_03734,11,27.53,27.52,27.46,28.85,20.23,20.2,20.2,22.16,15.6,15.54,15.28,17.4,12.03,11.92,11.76,14.35,9.34,9.24,9.2,11.01,7.36,7.31,7.16,8.23,5.7,5.68,5.63,5.85
fragment_03735,24,27.8,27.75,27.73,28.31,19.19,18.72,18.72,22.15,13.18,12.08,12.08,16.28,9.9,8.83,8.83,11.52,7.35,6.8,6.8,8.28,5.32,5.16,5.16,5.44,3.73,3.73,3.73,3.74
fragment_03736,8,25.46,25.46,25.16,27.18,20.28,20.18,19.87,22.77,16.65,16.47,16.08,19.39,13.89,13.7,13.61,16.75,11.89,11.73,11.71,14.05,9.63,9.54,9.49,10.62,7.33,7.32,7.27,7.45
fragment_03737,22,27.77,27.74,27.72,28.41,18.9,18.71,18.71,22.02,12.66,12.13,12.13,16.63,9.47,8.91,8.91,12.09,7.23,6.88,6.88,8.25,5.31,5.21,5.21,5.41,3.71,3.71,3.71,3.72
fragment_03738,2,30.36,30.36,30.36,30.37,26.25,26.23,26.23,26.27,21.59,21.57,21.57,21.61,16.18,16.18,16.18,16.18,10.53,10.53,10.53,10.53,6.85,6.85,6.85,6.85,4.71,4.71,4.71,4.71
fragment_03739,1,30.14,30.14,30.14,30.14,24.35,24.35,24.35,24.35,18.45,18.45,18.45,18.45,13.15,13.15,13.15,13.15,9.72,9.72,9.72,9.72,7.72,7.72,7.72,7.72,6.23,6.23,6.23,6.23
fragment_03740,3,28.15,28.15,26.77,28.15,23.9,23.9,22.91,24.24,17.87,17.87,17.4,18.82,13.71,13.71,13.22,13.78,10.24,10.25,9.97,10.25,7.21,7.21,7.18,7.21,4.96,4.96,4.96,4.96
fragment_03741,73,30.91,31.16,30.38,31.56,26.41,26.69,24.54,30.63,20.46,19.94,17.98,26.45,16.05,15.88,14.05,20.31,12.47,12.73,11.15,15.0,9.57,9.71,8.91,10.26,7.02,7.03,6.9,7.05
fragment_03742,9,30.47,30.47,30.47,31.3,25.81,25.78,25.78,28.03,19.43,19.49,19.31,21.21,13.29,13.36,13.13,13.53,8.27,8.27,8.27,8.29,5.39,5.38,5.38,5.4,3.7,3.7,3.7,3.71
fragment_03743,1,29.93,29.93,29.93,29.93,23.22,23.22,23.22,23.22,18.4,18.4,18.4,18.4,13.74,13.74,13.74,13.74,9.89,9.89,9.89,9.89,7.31,7.31,7.31,7.31,5.19,5.19,5.19,5.19
fragment_03744,2,29.53,29.23,29.23,29.94,22.87,22.24,22.24,23.75,15.47,14.98,14.98,16.17,10.03,9.86,9.86,10.27,6.44,6.44,6.44,6.45,4.2,4.2,4.2,4.2,2.88,2.88,2.88,2.88
fragment_03745,4,29.81,29.96,29.26,29.96,23.59,23.9,22.55,23.9,16.55,16.77,15.57,16.77,11.16,11.22,10.89,11.22,6.97,6.97,6.97,6.99,4.54,4.54,4.54,4.55,3.12,3.12,3.12,3.13
fragment_03746,11,30.6,30.53,30.37,31.04,25.16,25.02,24.94,26.74,17.64,17.45,17.29,20.09,11.65,11.56,11.49,12.23,7.4,7.4,7.39,7.41,4.82,4.82,4.81,4.82,3.31,3.31,3.3,3.31
fragment_03747,2,30.54,30.63,29.81,30.63,26.52,26.53,26.44,26.53,21.07,21.02,21.02,21.41,16.12,16.05,16.05,16.61,12.07,12.02,12.02,12.43,8.71,8.68,8.68,8.92,6.49,6.48,6.48,6.64
fragment_03748,2,30.51,30.51,30.51,30.51,26.96,26.97,26.95,26.97,22.49,22.49,22.48,22.49,17.79,17.8,17.79,17.8,12.62,12.62,12.61,12.62,8.37,8.37,8.37,8.37,5.75,5.75,5.75,5.75
fragment_03749,2,27.75,27.75,27.75,27.76,24.66,24.66,24.66,24.66,17.83,17.82,17.82,17.83,12.04,12.04,12.04,12.04,7.78,7.78,7.78,7.78,5.06,5.06,5.06,5.06,3.48,3.48,3.48,3.48
fragment_03750,23,29.59,29.41,29.41,30.64,23.36,23.22,22.9,26.13,15.54,14.87,14.87,18.56,10.79,10.05,10.05,12.67,7.6,7.12,7.12,8.33,5.34,5.21,5.21,5.42,3.72,3.71,3.71,3.72
fragment_03751,8,28.72,28.75,28.66,28.75,21.61,21.62,21.57,21.62,15.36,15.36,15.34,15.36,12.27,12.28,12.26,12.28,10.25,10.25,10.23,10.27,8.23,8.24,8.21,8.24,6.25,6.25,6.25,6.26
fragment_03752,10,27.95,27.89,27.86,28.01,20.31,20.56,19.26,20.56,14.0,14.32,12.72,14.32,10.12,10.24,9.47,10.28,7.69,7.73,7.4,7.79,6.0,6.03,5.82,6.05,4.8,4.8,4.71,4.84
fragment_03753,2,28.02,28.02,27.64,28.02,22.72,22.73,22.34,22.73,16.17,16.17,16.11,16.17,11.56,11.56,11.46,11.56,8.6,8.6,8.56,8.6,6.58,6.58,6.54,6.58,4.96,4.96,4.94,4.96
fragment_03754,2,27.81,27.81,27.81,27.81,26.42,26.43,26.41,26.43,20.45,20.45,20.44,20.45,15.17,15.17,15.16,15.17,11.17,11.18,11.17,11.18,7.96,7.96,7.96,7.96,5.53,5.53,5.53,5.53
fragment_03755,1,31.1,31.1,31.1,31.1,26.73,26.73,26.73,26.73,21.47,21.47,21.47,21.47,14.73,14.73,14.73,14.73,9.83,9.83,9.83,9.83,6.94,6.94,6.94,6.94,4.86,4.86,4.86,4.86
fragment_03756,3,30.43,30.42,30.42,31.42,26.2,26.2,25.95,27.45,21.35,21.34,21.34,22.32,16.88,16.88,16.88,17.84,12.14,12.14,12.14,12.6,8.21,8.21,8.21,8.23,5.64,5.64,5.64,5.65
fragment_03757,2,28.76,28.75,28.75,28.78,21.66,21.65,21.65,21.67,15.18,15.17,15.17,15.2,11.12,11.11,11.11,11.14,8.17,8.16,8.16,8.19,6.4,6.39,6.39,6.43,5.42,5.42,5.42,5.44
fragment_03758,1,30.25,30.25,30.25,30.25,24.87,24.87,24.87,24.87,18.58,18.58,18.58,18.58,12.88,12.88,12.88,12.88,8.14,8.14,8.14,8.14,5.3,5.3,5.3,5.3,3.64,3.64,3.64,3.64
fragment_03759,3,28.01,27.99,27.99,28.02,19.42,19.41,19.41,19.43,14.25,14.25,14.25,14.26,11.28,11.27,11.27,11.28,8.59,8.58,8.58,8.59,6.28,6.28,6.28,6.28,4.37,4.37,4.37,4.37
fragment_03760,1,29.41,29.41,29.41,29.41,24.18,24.18,24.18,24.18,17.3,17.3,17.3,17.3,10.98,10.98,10.98,10.98,6.76,6.76,6.76,6.76,4.4,4.4,4.4,4.4,3.02,3.02,3.02,3.02
fragment_03761,2,28.29,28.33,28.25,28.33,20.37,20.4,20.33,20.4,14.14,14.14,14.14,14.14,9.71,9.72,9.71,9.72,6.66,6.66,6.66,6.66,4.53,4.53,4.53,4.53,3.11,3.11,3.11,3.11
fragment_03762,3,30.64,30.67,30.46,30.67,24.87,24.93,24.6,24.93,18.97,18.91,18.91,19.29,14.71,14.65,14.65,14.98,10.62,10.61,10.61,10.68,7.04,7.04,7.04,7.04,4.84,4.84,4.84,4.84
fragment_03763,1,30.24,30.24,30.24,30.24,23.67,23.67,23.67,23.67,16.75,16.75,16.75,16.75,11.73,11.73,11.73,11.73,8.47,8.47,8.47,8.47,5.93,5.93,5.93,5.93,4.12,4.12,4.12,4.12
fragment_03764,3,29.58,29.57,29.57,30.01,25.45,25.44,25.44,25.47,19.57,19.57,19.19,19.6,14.85,14.85,14.57,14.87,10.81,10.81,10.68,10.82,7.29,7.29,7.29,7.29,5.01,5.01,5.01,5.01
fragment_03765,7,28.05,28.0,27.97,28.89,20.94,20.87,20.1,23.06,16.76,16.6,15.73,19.2,12.97,12.7,12.11,14.75,9.72,9.48,9.37,10.86,7.14,7.1,7.05,7.35,5.04,5.04,5.03,5.05
fragment_03766,5,24.6,24.51,24.2,24.72,17.4,17.13,15.9,17.73,11.5,11.34,10.28,11.71,6.75,6.75,6.68,6.75,4.09,4.09,4.08,4.09,2.66,2.66,2.65,2.66,1.83,1.83,1.82,1.83
fragment_03767,6,27.12,27.12,27.03,27.22,23.44,23.46,23.0,23.46,19.59,19.7,18.19,19.7,15.87,16.07,13.59,16.07,11.81,11.96,9.84,11.96,7.9,7.95,7.2,7.95,5.46,5.46,5.34,5.47
fragment_03769,3,27.64,27.63,27.63,27.69,19.13,19.12,19.12,19.19,11.58,11.58,11.58,11.6,6.77,6.77,6.77,6.77,4.1,4.1,4.1,4.1,2.67,2.67,2.67,2.67,1.83,1.83,1.83,1.83
fragment_03770,1,30.38,30.38,30.38,30.38,25.24,25.24,25.24,25.24,19.55,19.55,19.55,19.55,15.35,15.35,15.35,15.35,11.76,11.76,11.76,11.76,8.6,8.6,8.6,8.6,6.21,6.21,6.21,6.21
fragment_03771,2,28.26,28.25,28.25,28.29,21.44,21.43,21.43,21.47,16.55,16.46,16.46,16.87,11.89,11.75,11.75,12.38,8.26,8.12,8.12,8.73,6.17,6.06,6.06,6.58,4.88,4.79,4.79,5.18
fragment_03772,5,27.29,27.29,27.28,27.29,19.3,19.3,19.3,19.31,13.15,13.15,13.15,13.15,10.01,10.01,10.0,10.01,8.1,8.1,8.1,8.11,5.94,5.94,5.94,5.94,4.13,4.13,4.13,4.13
fragment_03773,1,26.96,26.96,26.96,26.96,22.38,22.38,22.38,22.38,15.97,15.97,15.97,15.97,11.15,11.15,11.15,11.15,8.3,8.3,8.3,8.3,6.05,6.05,6.05,6.05,4.25,4.25,4.25,4.25
fragment_03774,16,29.96,30.11,29.03,30.11,26.61,26.62,25.04,27.21,21.85,21.81,20.51,22.44,15.96,15.91,15.25,16.36,10.59,10.6,10.46,10.61,6.9,6.9,6.89,6.91,4.74,4.74,4.74,4.75
fragment_03775,1,28.49,28.49,28.49,28.49,21.16,21.16,21.16,21.16,14.38,14.38,14.38,14.38,10.73,10.73,10.73,10.73,8.1,8.1,8.1,8.1,5.9,5.9,5.9,5.9,4.19,4.19,4.19,4.19
fragment_03776,4,28.78,28.82,28.71,28.82,21.66,21.68,21.63,21.68,15.29,15.31,15.27,15.31,11.62,11.63,11.61,11.63,8.35,8.36,8.34,8.36,5.7,5.71,5.7,5.71,3.92,3.92,3.92,3.92
fragment_03777,27,28.43,28.17,28.02,29.14,23.0,22.15,20.38,25.16,17.41,16.38,13.26,19.97,13.72,13.03,9.39,15.63,10.71,10.0,7.04,12.05,8.48,7.82,5.71,9.72,6.87,6.38,4.67,7.84
fragment_03778,5,28.18,28.18,28.18,28.93,20.04,20.03,20.03,21.96,12.9,12.89,12.79,14.1,9.28,9.28,9.08,10.02,7.14,7.14,6.94,7.68,5.63,5.63,5.63,6.05,4.49,4.48,4.48,4.87
fragment_03779,4,28.22,28.21,28.21,28.23,22.86,22.81,22.81,23.02,18.33,18.37,18.15,18.37,14.21,14.31,13.78,14.32,10.63,10.68,10.41,10.68,7.13,7.12,7.12,7.13,4.9,4.89,4.89,4.9
fragment_03780,22,30.79,30.69,30.57,31.71,26.14,26.04,25.89,29.46,19.63,19.5,19.18,23.2,13.74,13.48,13.13,15.48,9.22,9.03,8.79,9.66,6.27,6.26,6.21,6.29,4.31,4.31,4.31,4.32
fragment_03781,3,28.44,28.44,28.44,28.64,23.08,23.07,23.07,25.15,16.89,16.88,16.88,19.09,12.84,12.84,12.84,14.19,9.64,9.64,9.64,10.5,7.33,7.33,7.33,7.61,5.3,5.3,5.3,5.31
fragment_03782,13,27.88,27.86,27.64,27.98,23.18,23.04,22.46,24.84,17.41,17.26,16.34,19.54,13.39,13.28,12.42,15.61,10.1,10.03,9.51,11.59,7.52,7.5,7.43,7.86,5.4,5.4,5.38,5.4
fragment_03783,17,28.82,28.59,28.11,29.34,24.03,23.56,23.38,27.03,19.43,18.87,18.3,23.21,15.17,14.59,14.21,20.05,11.28,10.79,10.32,14.51,8.45,8.15,7.78,9.68,6.34,6.19,6.02,6.65
fragment_03784,42,30.75,30.83,30.4,31.72,26.08,25.98,24.82,29.59,20.23,20.22,19.13,23.16,15.25,15.43,14.33,16.87,10.68,10.87,10.11,11.32,7.32,7.37,7.17,7.38,5.06,5.06,5.06,5.07
fragment_03785,1,29.26,29.26,29.26,29.26,24.44,24.44,24.44,24.44,20.27,20.27,20.27,20.27,14.79,14.79,14.79,14.79,10.36,10.36,10.36,10.36,6.96,6.96,6.96,6.96,4.78,4.78,4.78,4.78
fragment_03786,9,27.93,27.82,27.8,28.5,19.43,18.9,18.82,21.96,13.27,12.55,12.55,16.31,9.84,9.24,9.24,11.75,7.23,7.02,7.02,7.86,5.09,5.07,5.07,5.11,3.51,3.5,3.5,3.51
fragment_03787,10,30.9,30.81,30.73,31.37,26.03,25.65,25.65,27.84,19.07,18.59,18.52,21.15,12.24,12.05,11.94,13.05,7.89,7.87,7.83,7.98,5.18,5.18,5.16,5.19,3.56,3.56,3.55,3.57
fragment_03788,3,29.64,29.64,29.64,29.87,22.92,22.88,22.88,24.29,16.15,16.13,16.13,17.65,11.04,11.06,10.84,11.18,6.76,6.76,6.76,6.77,4.4,4.4,4.4,4.41,3.02,3.02,3.02,3.03
fragment_03789,2,29.36,29.37,29.29,29.37,22.42,22.41,22.41,22.47,15.46,15.43,15.43,15.62,11.51,11.52,11.42,11.52,8.89,8.96,8.52,8.96,6.64,6.68,6.47,6.68,4.86,4.87,4.82,4.87
fragment_03790,8,28.35,28.35,28.15,28.93,22.47,22.51,20.63,25.35,16.6,16.6,15.2,21.95,12.9,12.62,12.62,18.99,11.04,10.71,10.71,15.6,9.58,9.36,9.36,11.79,7.89,7.84,7.84,8.33
fragment_03791,3,27.49,27.5,27.48,27.5,18.97,18.97,18.96,18.97,12.84,12.85,12.83,12.85,10.39,10.4,10.38,10.4,8.76,8.77,8.74,8.77,7.1,7.11,7.09,7.11,5.82,5.83,5.82,5.83
fragment_03792,1,28.85,28.85,28.85,28.85,21.79,21.79,21.79,21.79,14.66,14.66,14.66,14.66,10.27,10.27,10.27,10.27,7.78,7.78,7.78,7.78,6.04,6.04,6.04,6.04,4.78,4.78,4.78,4.78
fragment_03793,23,33.47,33.46,33.28,34.03,30.02,29.72,29.71,32.39,20.66,20.38,20.16,23.69,14.15,14.09,13.68,15.83,10.32,10.35,9.95,10.96,7.4,7.44,7.22,7.52,5.16,5.16,5.16,5.17
fragment_03794,10,29.59,29.61,29.24,29.89,27.73,28.03,25.04,28.03,23.3,23.66,20.12,23.99,17.47,17.66,15.49,18.32,11.98,12.01,11.26,12.17,7.96,7.96,7.88,7.96,5.47,5.47,5.47,5.47
fragment_03795,8,27.8,27.75,27.75,28.69,19.09,18.91,18.91,22.05,13.1,12.76,12.76,15.42,9.88,9.65,9.65,10.75,6.9,6.86,6.86,7.0,4.55,4.55,4.54,4.56,3.12,3.12,3.12,3.13
fragment_03796,2,27.74,27.74,27.74,27.74,24.13,24.13,24.13,24.13,18.9,18.9,18.9,18.9,13.51,13.51,13.51,13.51,9.4,9.4,9.39,9.4,7.07,7.07,7.07,7.07,5.52,5.52,5.52,5.52
fragment_03797,1,32.32,32.32,32.32,32.32,28.81,28.81,28.81,28.81,20.46,20.46,20.46,20.46,11.62,11.62,11.62,11.62,7.04,7.04,7.04,7.04,4.58,4.58,4.58,4.58,3.15,3.15,3.15,3.15
fragment_03798,9,28.08,28.02,27.94,28.54,20.16,20.18,19.64,20.21,14.41,14.46,12.88,14.62,10.55,10.59,9.09,11.23,8.06,8.08,7.21,9.17,6.43,6.44,5.89,7.15,5.03,5.03,4.78,5.14
fragment_03799,17,28.81,29.0,28.25,30.13,23.54,23.77,22.6,26.07,18.45,19.02,16.55,20.16,14.07,14.71,12.06,14.86,9.72,9.92,8.77,9.97,6.5,6.5,6.29,6.51,4.47,4.46,4.46,4.47
fragment_03800,2,28.83,28.84,28.79,28.84,21.69,21.7,21.67,21.7,15.21,15.21,15.21,15.22,11.32,11.32,11.32,11.34,8.38,8.38,8.38,8.39,6.25,6.25,6.25,6.26,4.72,4.72,4.72,4.72
fragment_03801,49,28.41,28.39,28.05,28.74,23.02,23.02,22.99,24.87,16.62,16.95,16.41,18.48,12.13,13.12,11.54,13.27,8.86,9.83,8.29,9.86,6.88,7.64,6.43,7.64,5.5,6.11,5.15,6.11
fragment_03802,7,25.21,25.19,25.19,25.95,20.5,20.49,20.3,20.8,17.24,17.21,15.99,18.7,13.96,13.93,12.68,15.79,10.92,10.89,10.27,12.05,8.16,8.15,7.87,8.63,5.99,5.99,5.88,6.08
fragment_03803,5,28.75,28.76,28.67,28.76,21.61,21.61,21.57,21.62,15.73,15.75,15.68,15.75,12.92,12.92,12.89,12.93,10.72,10.71,10.71,10.73,7.83,7.83,7.83,7.83,5.41,5.41,5.41,5.41
fragment_03804,9,30.94,31.11,30.59,31.43,26.43,26.52,25.29,27.74,20.5,20.34,19.87,21.99,15.52,15.55,15.24,16.44,10.46,10.48,10.42,10.49,6.82,6.82,6.82,6.83,4.69,4.69,4.68,4.69
fragment_03805,5,30.3,30.2,30.2,30.96,24.36,24.04,24.04,26.81,16.8,16.34,16.34,20.82,11.81,11.55,11.55,14.02,8.42,8.31,8.31,9.25,5.99,5.98,5.98,6.04,4.14,4.14,4.14,4.15
fragment_03806,9,28.11,28.1,28.1,28.81,20.0,19.98,19.98,21.88,12.72,12.54,12.54,14.23,9.28,9.0,9.0,11.07,7.43,7.18,7.18,9.37,6.04,5.85,5.85,7.42,4.89,4.79,4.79,5.28
fragment_03807,13,27.95,28.01,27.81,28.03,19.36,19.39,19.21,19.44,12.44,12.5,11.88,12.56,8.55,8.58,8.2,8.9,6.84,6.87,6.35,7.14,5.74,5.76,5.34,5.92,4.73,4.74,4.59,4.75
fragment_03808,14,28.81,28.82,28.73,28.83,21.69,21.69,21.63,21.7,15.09,15.09,15.06,15.56,11.12,11.13,10.67,12.01,8.95,9.0,8.09,9.53,7.69,7.78,6.54,7.87,5.94,6.01,5.13,6.01
fragment_03809,4,30.77,30.8,30.56,30.8,24.94,24.98,24.69,24.98,19.03,18.97,18.97,19.41,14.94,14.79,14.79,15.37,11.13,11.0,11.0,11.39,7.71,7.7,7.7,7.73,5.31,5.31,5.31,5.31
fragment_03810,2,28.84,28.83,28.83,28.85,21.72,21.72,21.72,21.73,15.17,15.16,15.16,15.18,11.07,11.06,11.06,11.09,8.13,8.12,8.12,8.14,6.16,6.15,6.15,6.17,4.56,4.56,4.56,4.57
fragment_03811,6,27.88,27.92,27.81,27.92,20.16,20.19,20.11,20.19,14.08,14.09,14.07,14.09,9.35,9.28,9.26,9.5,6.74,6.68,6.67,6.9,4.76,4.76,4.76,4.78,3.28,3.28,3.28,3.28
fragment_03812,10,25.45,25.43,24.95,27.15,20.74,21.05,19.86,22.73,17.54,18.21,16.23,19.12,14.6,15.05,13.58,16.35,12.33,12.63,11.58,13.65,9.73,9.93,9.32,10.19,7.12,7.14,7.06,7.15
fragment_03813,8,30.49,30.44,30.29,30.74,25.69,25.82,25.25,26.2,18.24,18.34,17.61,19.03,11.76,11.79,11.41,12.44,7.7,7.72,7.65,7.74,5.03,5.03,5.02,5.04,3.45,3.45,3.45,3.46
fragment_03814,2,32.9,33.07,32.55,33.07,29.07,29.48,28.26,29.48,21.58,22.25,20.29,22.25,14.86,15.4,13.83,15.4,10.56,10.81,10.09,10.81,7.39,7.46,7.27,7.46,5.13,5.13,5.13,5.13
fragment_03815,1,30.1,30.1,30.1,30.1,24.86,24.86,24.86,24.86,19.54,19.54,19.54,19.54,14.54,14.54,14.54,14.54,9.4,9.4,9.4,9.4,6.12,6.12,6.12,6.12,4.21,4.21,4.21,4.21
fragment_03816,2,27.42,27.42,27.4,27.42,18.9,18.9,18.88,18.9,12.58,12.59,12.57,12.59,8.67,8.67,8.65,8.67,5.97,5.97,5.96,5.97,3.95,3.95,3.95,3.95,2.71,2.71,2.71,2.71
fragment_03817,2,27.8,27.8,27.68,27.8,19.83,19.83,19.8,19.83,13.67,13.67,13.62,13.67,9.9,9.9,9.87,9.9,7.57,7.57,7.55,7.57,5.91,5.91,5.89,5.91,4.79,4.79,4.78,4.79
fragment_03818,1,28.48,28.48,28.48,28.48,21.15,21.15,21.15,21.15,14.37,14.37,14.37,14.37,10.72,10.72,10.72,10.72,8.11,8.11,8.11,8.11,6.05,6.05,6.05,6.05,4.55,4.55,4.55,4.55
fragment_03819,21,27.75,27.71,27.64,27.85,20.46,20.43,19.27,21.52,14.26,14.23,13.36,15.49,10.54,10.5,10.3,11.64,8.29,8.28,7.98,9.04,6.52,6.51,6.25,6.83,4.92,4.92,4.79,5.0
fragment_03820,7,27.77,27.76,27.76,28.26,19.08,19.1,18.89,22.48,13.86,14.13,12.94,17.84,11.87,12.37,10.47,14.03,9.8,10.31,8.35,10.84,7.52,7.87,6.57,8.01,5.68,5.84,5.18,5.91
fragment_03821,11,28.52,28.52,27.62,28.78,23.17,23.17,22.69,24.22,17.27,17.26,17.11,18.34,13.09,13.09,12.95,14.12,10.0,10.01,9.91,10.58,7.68,7.68,7.63,7.94,5.7,5.7,5.69,5.74
fragment_03822,11,27.96,27.93,27.93,28.0,20.42,20.5,20.25,20.52,15.47,15.75,14.62,15.75,11.68,11.97,11.23,11.97,8.96,9.35,8.42,9.35,7.19,7.58,6.64,7.58,5.67,5.97,5.24,5.97
fragment_03823,6,27.31,27.26,27.26,27.61,23.69,23.67,23.67,23.8,18.62,18.66,18.39,18.66,15.25,15.3,15.05,15.3,13.13,13.17,13.01,13.17,11.18,11.23,11.01,11.24,9.0,9.03,8.93,9.07
fragment_03824,7,28.29,28.32,28.15,28.89,20.16,20.13,20.13,24.48,13.46,13.38,13.38,18.38,10.27,10.16,10.16,13.4,8.26,8.19,8.19,9.42,6.11,6.11,6.1,6.17,4.22,4.22,4.22,4.24
fragment_03825,9,28.51,28.53,28.4,29.01,25.33,25.44,24.54,25.65,20.16,20.29,19.32,20.34,14.45,14.55,13.98,14.56,9.42,9.42,9.39,9.43,6.13,6.13,6.13,6.15,4.21,4.21,4.21,4.22
fragment_03826,1,29.17,29.17,29.17,29.17,22.43,22.43,22.43,22.43,16.84,16.84,16.84,16.84,12.47,12.47,12.47,12.47,9.2,9.2,9.2,9.2,7.03,7.03,7.03,7.03,5.14,5.14,5.14,5.14
fragment_03827,2,28.8,28.81,28.8,28.81,21.69,21.69,21.69,21.69,15.19,15.18,15.18,15.19,11.1,11.09,11.09,11.11,8.33,8.32,8.32,8.34,6.5,6.5,6.5,6.5,4.91,4.91,4.91,4.92
fragment_03828,4,30.87,30.68,30.68,31.76,26.03,25.81,25.81,28.12,18.86,18.79,18.79,20.45,12.07,12.07,11.92,12.15,7.34,7.34,7.34,7.36,4.78,4.78,4.78,4.79,3.28,3.28,3.28,3.29
fragment_03829,2,25.21,25.21,25.2,25.21,17.76,17.76,17.76,17.76,13.21,13.21,13.21,13.21,10.68,10.68,10.68,10.68,7.91,7.91,7.91,7.91,5.4,5.4,5.4,5.4,3.71,3.71,3.71,3.71
fragment_03830,2,30.29,30.3,30.29,30.3,25.51,25.5,25.5,25.51,21.04,21.04,21.04,21.05,16.37,16.37,16.37,16.37,10.75,10.75,10.75,10.75,7.0,7.0,7.0,7.0,4.81,4.81,4.81,4.81
fragment_03831,1,29.76,29.76,29.76,29.76,23.15,23.15,23.15,23.15,16.46,16.46,16.46,16.46,11.73,11.73,11.73,11.73,8.97,8.97,8.97,8.97,7.21,7.21,7.21,7.21,5.66,5.66,5.66,5.66
fragment_03832,2,27.08,27.04,27.04,27.19,22.55,22.48,22.48,22.71,16.62,16.48,16.48,17.0,11.66,11.55,11.55,11.92,7.48,7.48,7.48,7.48,4.87,4.87,4.87,4.87,3.35,3.35,3.35,3.35
fragment_03833,3,29.3,29.3,28.93,29.56,25.28,25.28,25.04,25.98,20.01,20.0,20.0,20.81,14.39,14.39,14.39,14.63,9.04,9.04,9.02,9.05,5.88,5.88,5.87,5.89,4.04,4.04,4.03,4.05
fragment_03834,2,30.95,30.72,30.72,31.25,25.03,25.12,24.9,25.12,15.58,15.8,15.29,15.8,9.0,8.99,8.99,9.0,5.45,5.45,5.45,5.46,3.55,3.55,3.55,3.55,2.44,2.44,2.44,2.44
fragment_03835,3,30.42,30.31,30.31,31.94,25.54,25.42,25.42,28.01,19.43,19.33,19.33,21.88,13.38,13.38,13.38,13.5,8.17,8.17,8.17,8.18,5.31,5.31,5.31,5.32,3.65,3.65,3.65,3.66
fragment_03836,18,28.69,28.82,28.2,29.58,24.72,24.12,23.41,27.04,21.0,20.0,18.39,23.42,17.25,15.79,14.33,20.43,12.84,11.5,10.7,14.8,9.21,8.53,8.39,9.89,6.68,6.49,6.44,6.8
fragment_03837,3,30.67,30.65,30.65,30.92,25.59,25.51,25.51,27.48,19.57,19.51,19.24,22.27,14.32,14.32,14.03,15.27,9.62,9.63,9.56,9.7,6.3,6.3,6.3,6.31,4.33,4.33,4.33,4.34
fragment_03838,1,28.41,28.41,28.41,28.41,21.24,21.24,21.24,21.24,15.68,15.68,15.68,15.68,11.99,11.99,11.99,11.99,8.91,8.91,8.91,8.91,6.7,6.7,6.7,6.7,4.77,4.77,4.77,4.77
fragment_03839,5,27.71,27.71,27.44,27.83,24.93,24.92,24.56,26.85,19.29,19.27,17.84,21.82,14.69,14.67,12.97,16.22,11.03,11.01,9.84,12.37,8.08,8.08,7.36,8.43,5.79,5.8,5.56,5.8
fragment_03840,1,26.86,26.86,26.86,26.86,23.06,23.06,23.06,23.06,17.91,17.91,17.91,17.91,13.55,13.55,13.55,13.55,11.85,11.85,11.85,11.85,10.73,10.73,10.73,10.73,8.99,8.99,8.99,8.99
fragment_03841,1,30.14,30.14,30.14,30.14,22.66,22.66,22.66,22.66,16.29,16.29,16.29,16.29,11.54,11.54,11.54,11.54,8.64,8.64,8.64,8.64,6.47,6.47,6.47,6.47,4.66,4.66,4.66,4.66
fragment_03842,8,28.26,28.27,28.05,29.13,21.81,21.97,20.88,24.14,16.31,16.55,15.52,18.05,13.45,14.02,12.69,14.02,11.0,11.78,9.94,11.86,8.6,9.23,7.62,9.23,6.44,6.62,6.03,6.63
fragment_03843,1,27.27,27.27,27.27,27.27,23.22,23.22,23.22,23.22,18.35,18.35,18.35,18.35,14.36,14.36,14.36,14.36,11.16,11.16,11.16,11.16,8.14,8.14,8.14,8.14,5.64,5.64,5.64,5.64
fragment_03844,4,28.77,28.77,28.72,28.81,21.67,21.66,21.64,21.69,15.56,15.54,15.54,15.6,12.15,12.13,12.13,12.18,9.02,9.01,9.01,9.03,6.16,6.16,6.16,6.16,4.24,4.24,4.23,4.24
fragment_03845,4,29.04,29.01,29.01,29.11,22.21,22.19,22.19,22.34,15.33,15.34,15.28,15.41,11.21,11.24,11.01,11.24,8.13,8.18,8.01,8.18,5.68,5.69,5.63,5.69,3.95,3.95,3.95,3.95
fragment_03846,4,23.42,23.42,23.41,23.43,14.98,14.99,14.96,14.99,11.57,11.59,11.55,11.59,9.15,9.15,9.14,9.15,7.1,7.12,7.09,7.12,5.62,5.65,5.57,5.65,4.31,4.33,4.29,4.33
fragment_03847,6,28.09,28.06,28.06,28.86,19.98,19.96,19.96,21.92,12.74,12.53,12.53,14.23,9.31,8.99,8.99,10.58,7.37,7.16,7.16,8.13,5.55,5.53,5.53,5.66,3.88,3.89,3.88,3.89
fragment_03848,2,27.9,27.89,27.89,27.9,20.28,20.28,20.28,20.28,14.35,14.35,14.35,14.35,9.7,9.7,9.7,9.7,6.71,6.71,6.71,6.71,4.58,4.58,4.58,4.58,3.15,3.15,3.15,3.15
fragment_03849,10,28.34,28.27,28.16,30.03,21.5,20.67,20.67,25.51,15.72,14.89,14.77,19.59,12.56,12.05,12.05,15.83,10.11,9.87,9.87,12.35,7.85,7.76,7.69,8.61,5.83,5.82,5.8,5.92
fragment_03850,21,27.8,27.74,27.74,28.66,19.14,18.92,18.92,22.87,13.29,12.67,12.67,16.78,10.13,9.41,9.41,11.74,7.41,6.88,6.88,8.08,5.2,5.06,5.06,5.28,3.62,3.61,3.61,3.63
fragment_03851,2,29.06,29.06,29.06,29.07,25.45,25.45,25.45,25.45,19.85,19.86,19.85,19.86,14.14,14.14,14.13,14.14,10.19,10.19,10.18,10.19,7.56,7.56,7.55,7.56,5.73,5.73,5.73,5.73
fragment_03852,3,25.97,26.01,25.62,26.01,21.14,21.19,20.74,21.19,16.01,16.03,15.83,16.03,11.86,11.88,11.71,11.88,8.52,8.53,8.47,8.53,6.11,6.12,6.08,6.12,4.48,4.48,4.47,4.48
fragment_03853,1,27.75,27.75,27.75,27.75,18.86,18.86,18.86,18.86,12.66,12.66,12.66,12.66,9.33,9.33,9.33,9.33,7.33,7.33,7.33,7.33,5.79,5.79,5.79,5.79,4.67,4.67,4.67,4.67
fragment_03854,8,25.37,25.31,25.31,27.15,19.34,19.22,19.22,22.12,15.36,15.14,15.04,17.89,12.02,11.81,11.72,14.23,9.39,9.33,9.23,10.14,6.62,6.62,6.61,6.63,4.55,4.55,4.54,4.55
fragment_03855,8,28.76,28.79,28.71,28.79,21.66,21.67,21.63,21.68,15.56,15.6,15.52,15.6,12.54,12.58,12.5,12.58,9.82,9.84,9.78,9.84,7.08,7.08,7.08,7.08,4.9,4.9,4.9,4.9
fragment_03856,2,27.81,27.82,27.81,27.82,26.94,26.95,26.93,26.95,21.26,21.27,21.25,21.27,15.69,15.7,15.69,15.7,11.17,11.18,11.17,11.18,7.7,7.71,7.7,7.71,5.38,5.38,5.38,5.38
fragment_03857,4,30.23,30.27,29.94,30.28,25.41,25.43,25.25,25.44,20.94,20.95,20.81,20.96,15.99,16.03,15.69,16.04,10.28,10.28,10.27,10.28,6.69,6.69,6.69,6.69,4.6,4.6,4.6,4.6
fragment_03858,5,28.35,28.21,28.21,29.96,22.94,22.62,22.5,26.28,17.47,17.16,16.81,21.28,13.16,12.87,12.46,16.31,10.14,9.97,9.65,11.69,7.57,7.54,7.41,7.79,5.34,5.34,5.33,5.35
fragment_03859,10,28.3,28.19,27.88,29.11,21.03,20.31,20.31,23.6,15.83,15.04,15.04,17.53,11.67,11.22,11.22,12.42,8.0,7.97,7.94,8.08,5.26,5.26,5.25,5.27,3.61,3.61,3.61,3.62
fragment_03860,7,27.39,27.41,27.3,27.41,18.67,18.67,18.63,18.67,12.8,12.8,12.75,13.01,9.18,9.18,9.13,9.44,7.04,7.05,7.01,7.05,5.72,5.73,5.56,5.73,4.44,4.45,4.4,4.45
fragment_03861,3,29.52,29.56,29.25,29.57,24.12,24.14,23.96,24.14,19.45,19.45,19.42,19.45,13.66,13.66,13.66,13.66,8.81,8.81,8.81,8.81,5.73,5.73,5.73,5.74,3.94,3.94,3.94,3.94
fragment_03862,2,27.92,27.93,27.92,27.93,24.3,24.31,24.3,24.31,19.1,19.1,19.09,19.1,13.97,13.97,13.96,13.97,9.85,9.85,9.84,9.85,7.3,7.3,7.3,7.3,5.7,5.7,5.7,5.7
fragment_03863,24,28.26,28.22,28.1,28.89,20.83,20.81,20.38,23.72,15.59,15.96,14.58,19.03,11.6,11.95,10.5,14.05,8.45,8.57,7.74,9.27,5.98,6.01,5.82,6.04,4.14,4.14,4.14,4.15
fragment_03864,18,25.35,25.31,25.31,25.47,20.29,20.78,19.42,20.78,17.32,18.15,15.33,18.15,13.93,14.68,11.66,14.68,10.79,11.2,9.38,11.2,7.8,7.9,7.27,7.91,5.44,5.44,5.41,5.44
fragment_03865,3,25.55,25.61,25.35,25.61,20.7,20.78,20.44,20.78,15.64,15.68,15.48,15.68,11.9,11.94,11.74,11.94,9.2,9.22,9.12,9.22,6.65,6.66,6.63,6.66,4.69,4.69,4.69,4.69
fragment_03866,16,28.07,27.99,27.99,28.61,20.17,20.25,19.65,20.29,13.51,13.62,12.7,13.65,9.11,9.19,8.3,9.22,6.65,6.68,6.02,6.81,5.45,5.5,4.75,5.62,4.62,4.66,4.03,4.72
fragment_03867,46,28.18,28.14,27.82,28.51,21.91,22.81,20.88,23.05,17.26,18.87,15.52,19.34,12.7,13.79,10.8,14.99,9.47,9.88,8.1,10.71,6.94,7.02,6.32,7.15,4.88,4.88,4.76,4.91
fragment_03868,1,28.7,28.7,28.7,28.7,22.05,22.05,22.05,22.05,17.18,17.18,17.18,17.18,13.21,13.21,13.21,13.21,8.97,8.97,8.97,8.97,5.87,5.87,5.87,5.87,4.03,4.03,4.03,4.03
fragment_03869,5,31.34,31.31,31.31,32.06,26.88,27.03,26.39,27.03,21.85,22.01,21.32,22.01,17.14,17.24,16.85,17.24,11.97,11.97,11.92,11.98,7.94,7.94,7.93,7.94,5.45,5.45,5.45,5.45
fragment_03870,7,28.06,28.07,26.73,28.07,23.84,23.85,22.87,24.22,18.06,18.08,17.46,18.87,14.35,14.3,13.68,14.41,11.23,11.17,10.82,11.31,8.32,8.31,8.19,8.35,5.93,5.93,5.92,5.93
fragment_03871,7,28.43,28.42,28.39,28.45,23.05,23.04,23.04,23.07,16.69,16.88,16.49,16.93,12.5,13.0,11.64,13.0,9.56,9.64,8.81,10.08,7.84,7.5,7.36,8.72,6.2,5.85,5.85,6.9
fragment_03872,4,27.5,27.5,27.5,27.51,23.22,23.22,23.22,23.22,17.2,17.2,17.2,17.21,12.02,12.01,12.01,12.02,8.48,8.47,8.47,8.48,6.45,6.45,6.45,6.46,5.11,5.1,5.1,5.13
fragment_03873,11,28.17,28.04,28.04,28.6,20.14,20.28,19.65,20.35,13.49,13.68,12.71,13.81,9.31,9.45,8.3,9.62,7.18,7.28,6.24,7.44,6.08,6.16,5.23,6.17,5.17,5.21,4.61,5.21
fragment_03874,7,29.59,29.5,28.15,30.06,27.4,27.52,25.97,27.52,22.78,22.88,21.8,22.88,17.76,17.7,17.52,18.32,13.88,13.9,13.76,14.08,10.75,10.87,10.26,10.93,8.1,8.17,7.76,8.19
fragment_03875,6,28.88,28.88,28.51,28.91,25.36,25.63,24.43,25.63,19.75,19.95,19.03,19.95,14.87,15.08,14.09,15.08,10.77,10.9,10.2,10.9,7.98,8.03,7.75,8.03,5.65,5.65,5.63,5.65
fragment_03876,36,28.24,28.19,28.07,29.0,20.24,20.12,20.11,22.38,14.93,14.52,14.02,17.94,12.18,11.99,10.26,14.97,10.31,10.43,7.96,12.01,8.25,8.52,6.32,8.85,5.95,6.08,5.12,6.1
fragment_03877,23,28.34,28.19,27.97,28.94,22.2,22.15,20.5,23.54,16.19,16.96,13.78,17.66,12.56,14.16,10.64,14.16,9.81,11.21,8.39,11.21,7.37,8.04,6.55,8.04,5.46,5.59,5.23,5.59
fragment_03878,10,27.93,27.95,27.88,27.97,20.28,20.28,20.26,20.33,15.37,15.65,14.96,15.66,12.75,13.13,12.21,13.15,11.29,11.69,10.76,11.72,9.22,9.47,8.88,9.49,6.94,7.04,6.81,7.04
fragment_03879,4,29.68,29.67,29.58,29.73,22.63,22.62,22.47,22.74,15.28,15.25,15.18,15.69,10.57,10.55,10.45,10.86,8.01,7.99,7.87,8.16,6.18,6.18,6.11,6.25,4.77,4.76,4.72,4.89
fragment_03880,3,30.67,30.74,29.99,30.74,27.17,27.24,26.6,27.24,23.9,23.94,23.44,23.94,20.02,20.09,19.51,20.09,15.29,15.37,14.64,15.37,11.74,11.79,11.3,11.79,8.89,8.92,8.6,8.92
fragment_03881,14,25.19,25.21,24.64,25.25,18.53,18.52,16.81,18.68,13.31,13.23,11.76,13.94,10.11,9.82,9.43,10.55,8.07,7.78,7.7,8.76,6.61,6.33,6.26,7.21,5.37,5.14,5.13,5.76
fragment_03882,2,27.75,27.75,27.75,27.76,25.96,25.95,25.95,25.97,19.88,19.88,19.88,19.88,14.78,14.78,14.78,14.78,11.55,11.55,11.55,11.55,8.73,8.73,8.73,8.73,6.18,6.18,6.18,6.18
fragment_03883,4,28.1,28.07,28.07,28.48,20.3,20.35,19.65,20.35,14.26,14.37,12.78,14.39,10.24,10.36,8.78,10.37,7.69,7.76,6.75,7.77,6.1,6.15,5.46,6.16,4.97,5.01,4.54,5.01
fragment_03884,1,29.47,29.47,29.47,29.47,23.05,23.05,23.05,23.05,16.45,16.45,16.45,16.45,11.54,11.54,11.54,11.54,8.18,8.18,8.18,8.18,5.71,5.71,5.71,5.71,3.95,3.95,3.95,3.95
fragment_03885,5,36.14,36.21,35.84,36.5,35.25,35.02,35.02,36.89,27.01,26.71,26.71,28.6,16.77,16.75,16.75,16.85,10.19,10.19,10.19,10.21,6.63,6.63,6.63,6.64,4.56,4.56,4.56,4.56
fragment_03886,3,27.5,27.39,26.72,27.78,23.18,23.09,22.65,23.38,16.76,16.7,16.51,16.91,12.04,12.0,11.89,12.15,8.96,8.94,8.84,9.02,6.98,6.96,6.86,7.02,5.53,5.52,5.46,5.55
fragment_03887,2,29.54,29.49,29.49,29.61,23.48,24.66,21.98,24.66,17.12,18.43,15.46,18.43,13.07,13.97,11.93,13.97,9.7,10.2,9.05,10.2,7.21,7.45,6.91,7.45,5.31,5.37,5.24,5.37
fragment_03888,5,28.2,28.34,28.1,28.34,20.53,19.82,19.82,21.42,14.74,13.98,13.98,15.7,10.25,10.06,10.06,10.48,6.54,6.54,6.54,6.55,4.26,4.26,4.26,4.26,2.93,2.92,2.92,2.93
fragment_03889,7,29.42,29.39,29.39,30.92,23.24,23.18,23.18,26.02,15.26,15.2,14.81,17.69,10.13,10.11,9.74,10.46,6.34,6.34,6.34,6.4,4.13,4.12,4.12,4.17,2.83,2.83,2.83,2.86
fragment_03890,1,28.3,28.3,28.3,28.3,22.41,22.41,22.41,22.41,16.62,16.62,16.62,16.62,12.02,12.02,12.02,12.02,8.92,8.92,8.92,8.92,6.15,6.15,6.15,6.15,4.22,4.22,4.22,4.22
fragment_03891,11,28.21,28.24,28.08,28.56,21.08,21.18,20.61,23.05,14.44,14.45,13.95,16.31,10.44,10.39,10.2,11.39,7.23,7.21,7.21,7.36,4.77,4.77,4.77,4.79,3.28,3.28,3.28,3.29
fragment_03892,5,33.59,33.63,32.86,33.9,30.72,30.75,29.73,32.01,21.27,21.26,20.83,22.74,13.25,13.25,13.23,13.36,8.08,8.08,8.04,8.09,5.26,5.26,5.24,5.27,3.61,3.61,3.6,3.62
fragment_03893,22,25.18,25.24,24.54,25.49,22.22,22.18,21.05,24.45,19.48,19.31,18.84,24.61,15.61,15.58,15.47,21.8,12.63,12.6,12.48,16.61,10.02,10.0,9.97,11.68,7.73,7.74,7.7,8.18
fragment_03894,21,28.11,28.08,27.97,28.59,20.25,20.29,19.65,20.38,13.85,13.86,12.71,14.03,9.84,9.85,8.49,10.1,7.6,7.62,6.54,7.68,6.08,6.12,5.43,6.15,4.94,4.93,4.47,5.11
fragment_03895,2,32.1,31.97,31.97,32.48,27.76,27.63,27.63,28.15,18.72,18.56,18.56,19.18,11.52,11.52,11.52,11.54,6.99,6.99,6.99,6.99,4.55,4.55,4.55,4.55,3.13,3.13,3.13,3.13
fragment_03896,11,30.47,30.28,29.92,31.03,24.56,24.16,24.15,27.37,17.84,17.76,17.36,20.44,12.45,12.51,11.72,13.2,8.07,8.09,7.92,8.11,5.26,5.27,5.26,5.28,3.62,3.62,3.61,3.63
fragment_03897,3,30.4,30.32,30.32,30.78,25.63,25.99,24.06,25.99,19.35,19.87,17.05,19.87,13.86,14.22,12.3,14.22,9.93,10.14,9.03,10.14,6.95,7.0,6.74,7.0,4.81,4.81,4.81,4.81
fragment_03898,14,30.75,30.29,30.29,31.35,25.85,25.66,25.29,27.54,18.4,18.08,17.83,20.78,12.09,11.92,11.8,12.59,7.61,7.6,7.6,7.63,4.96,4.95,4.94,4.97,3.4,3.4,3.4,3.41
fragment_03899,8,28.58,28.57,28.51,28.75,24.21,24.2,24.18,24.28,17.9,17.89,17.86,17.92,12.59,12.57,12.54,12.69,9.37,9.27,9.27,9.7,7.31,7.24,7.24,7.61,5.85,5.77,5.77,6.17
fragment_03900,2,28.58,28.59,28.03,28.59,21.78,21.78,21.28,21.78,15.96,15.96,15.7,15.96,11.9,11.91,11.66,11.91,8.92,8.92,8.81,8.92,6.15,6.15,6.15,6.15,4.23,4.23,4.23,4.23
fragment_03901,5,30.92,31.25,30.33,31.34,25.54,25.09,25.07,26.29,19.01,18.37,18.18,20.1,12.9,12.75,12.56,13.24,8.15,8.15,8.14,8.15,5.3,5.3,5.3,5.31,3.64,3.64,3.64,3.65
fragment_03902,12,31.19,31.26,30.54,31.99,27.09,26.86,26.38,31.07,22.21,21.85,21.67,26.15,17.81,17.49,17.26,19.29,12.38,12.19,12.03,12.75,8.31,8.31,8.28,8.33,5.72,5.72,5.71,5.72
fragment_03903,8,29.06,29.4,28.32,30.75,25.52,26.02,24.7,28.14,20.5,21.15,19.81,22.63,15.95,16.26,15.58,17.44,11.48,11.46,11.46,11.89,7.73,7.73,7.73,7.74,5.31,5.31,5.31,5.32
fragment_03904,1,30.16,30.16,30.16,30.16,24.37,24.37,24.37,24.37,18.46,18.46,18.46,18.46,13.16,13.16,13.16,13.16,9.61,9.61,9.61,9.61,7.63,7.63,7.63,7.63,6.08,6.08,6.08,6.08
fragment_03905,2,28.79,28.79,28.79,28.79,21.68,21.67,21.67,21.68,15.19,15.19,15.19,15.21,11.14,11.13,11.13,11.16,8.26,8.25,8.25,8.28,6.27,6.26,6.26,6.28,4.49,4.49,4.49,4.49
fragment_03906,10,28.33,28.14,28.1,30.51,23.15,22.86,22.64,26.69,18.26,18.17,17.38,22.55,14.63,14.71,13.31,17.89,11.54,11.63,10.65,12.83,8.49,8.53,8.19,8.66,5.93,5.93,5.92,5.95
fragment_03907,4,29.78,29.8,29.53,29.81,22.69,22.23,22.23,24.82,14.83,14.37,14.37,17.12,9.76,9.66,9.66,10.26,6.18,6.18,6.18,6.21,4.02,4.02,4.02,4.05,2.77,2.76,2.76,2.78
fragment_03908,3,25.08,25.04,25.04,25.25,18.05,17.95,17.95,18.41,13.09,12.99,12.99,13.44,9.36,9.35,9.35,9.42,6.08,6.08,6.08,6.08,3.95,3.95,3.95,3.96,2.72,2.72,2.72,2.72
fragment_03909,2,30.31,30.31,30.31,30.31,24.59,24.38,24.38,24.83,17.74,17.35,17.35,18.18,12.46,12.12,12.12,12.84,9.2,9.04,9.04,9.37,6.59,6.54,6.54,6.64,4.59,4.59,4.59,4.59
fragment_03910,6,27.9,27.92,27.87,28.65,20.85,20.9,20.42,20.91,15.32,15.22,14.37,15.46,11.14,11.11,11.09,11.32,8.28,8.3,8.27,8.47,6.39,6.38,6.37,6.48,4.99,5.0,4.97,5.04
fragment_03911,7,28.0,27.72,27.72,28.46,19.61,18.79,18.73,20.58,12.88,12.15,11.86,13.81,8.26,8.21,7.92,8.42,5.1,5.1,5.1,5.11,3.32,3.32,3.32,3.32,2.28,2.28,2.28,2.28
fragment_03912,24,28.17,28.02,27.91,28.61,20.3,20.37,19.63,21.37,14.45,14.18,13.03,16.52,10.37,9.86,9.08,12.17,7.7,7.39,6.75,8.73,5.71,5.65,5.31,5.97,4.09,4.09,4.05,4.1
fragment_03913,6,23.36,23.36,23.36,23.42,14.78,14.78,14.78,14.89,11.21,11.2,11.2,11.4,9.6,9.59,9.27,9.84,7.74,7.73,7.68,7.9,5.83,5.82,5.82,5.9,4.09,4.09,4.09,4.09
fragment_03914,2,29.71,29.81,29.55,29.81,23.52,24.14,22.51,24.14,16.86,17.57,15.69,17.57,12.07,12.64,11.13,12.64,8.92,9.22,8.42,9.22,6.64,6.84,6.31,6.84,5.06,5.18,4.87,5.18
fragment_03915,7,28.35,28.35,28.15,28.67,22.46,22.51,20.62,24.67,16.59,16.6,15.17,21.36,12.89,12.62,12.62,18.83,11.03,10.71,10.71,15.48,9.58,9.36,9.36,11.56,7.89,7.84,7.84,8.31
fragment_03916,2,29.52,29.45,29.45,29.6,23.36,24.61,21.97,24.61,16.99,18.38,15.45,18.38,12.98,13.94,11.91,13.94,9.58,10.07,9.04,10.07,7.01,7.25,6.74,7.25,5.18,5.31,5.04,5.31
fragment_03917,1,29.27,29.27,29.27,29.27,25.13,25.13,25.13,25.13,21.39,21.39,21.39,21.39,16.58,16.58,16.58,16.58,11.29,11.29,11.29,11.29,7.4,7.4,7.4,7.4,5.09,5.09,5.09,5.09
fragment_03918,1,28.87,28.87,28.87,28.87,21.71,21.71,21.71,21.71,16.17,16.17,16.17,16.17,12.26,12.26,12.26,12.26,8.49,8.49,8.49,8.49,5.78,5.78,5.78,5.78,3.97,3.97,3.97,3.97
fragment_03919,2,26.29,26.29,26.29,26.29,19.56,19.56,19.56,19.56,13.77,13.77,13.77,13.77,11.18,11.18,11.18,11.18,9.08,9.08,9.08,9.08,7.01,7.0,7.0,7.01,5.46,5.46,5.46,5.46
fragment_03920,2,29.57,29.57,29.08,29.57,22.88,22.88,22.5,22.88,17.02,17.02,16.74,17.02,12.68,12.68,12.53,12.68,8.19,8.19,8.18,8.19,5.33,5.33,5.33,5.33,3.66,3.66,3.66,3.66
fragment_03921,8,30.12,30.13,29.74,31.01,23.52,23.35,23.35,26.26,16.0,15.77,15.77,18.33,10.65,10.55,10.55,11.49,6.93,6.92,6.92,7.01,4.53,4.53,4.53,4.56,3.11,3.11,3.11,3.13
fragment_03922,1,30.2,30.2,30.2,30.2,24.65,24.65,24.65,24.65,18.89,18.89,18.89,18.89,13.67,13.67,13.67,13.67,9.94,9.94,9.94,9.94,7.5,7.5,7.5,7.5,5.53,5.53,5.53,5.53
fragment_03923,3,28.9,28.91,28.89,28.91,21.84,21.86,21.81,21.86,14.99,15.15,14.84,15.15,10.92,11.22,10.64,11.22,8.38,8.57,8.19,8.57,5.93,5.96,5.91,5.96,4.09,4.09,4.09,4.1
fragment_03924,2,28.24,28.24,28.24,28.24,22.01,22.0,22.0,22.01,16.68,16.68,16.68,16.69,12.14,12.14,12.14,12.14,8.17,8.17,8.17,8.17,5.32,5.32,5.32,5.32,3.65,3.65,3.65,3.65
fragment_03925,11,28.82,28.82,28.75,28.83,21.69,21.69,21.66,21.7,15.09,15.09,15.07,15.3,10.82,10.8,10.73,11.56,8.31,8.29,8.15,9.21,6.94,6.92,6.75,7.67,5.44,5.44,5.35,5.66
fragment_03926,4,27.75,27.77,27.73,27.78,24.14,24.15,24.12,24.19,18.9,18.91,18.89,18.95,13.54,13.52,13.51,13.9,9.61,9.57,9.57,10.15,7.46,7.42,7.42,7.88,6.01,5.99,5.99,6.2
fragment_03927,9,28.78,28.82,28.71,28.82,21.67,21.68,21.64,21.69,15.59,15.65,15.24,15.65,12.05,12.11,11.87,12.11,8.82,8.84,8.79,8.86,6.19,6.19,6.18,6.19,4.26,4.26,4.26,4.26
fragment_03928,2,27.93,27.92,27.92,27.94,26.49,26.48,26.48,26.5,20.38,20.37,20.37,20.4,15.13,15.12,15.12,15.14,11.58,11.57,11.57,11.59,8.27,8.27,8.27,8.28,5.74,5.74,5.74,5.74
fragment_03929,20,28.75,28.99,28.3,29.43,24.23,24.64,22.92,27.7,19.45,19.96,17.81,22.9,15.22,15.71,13.94,17.4,11.05,11.31,9.79,12.01,7.73,7.8,7.18,7.83,5.37,5.37,5.31,5.38
fragment_03930,22,29.67,29.61,29.47,30.4,22.66,22.54,22.38,25.75,14.72,14.2,14.2,17.85,10.31,9.69,9.69,12.07,7.34,6.9,6.9,8.07,5.19,5.07,5.07,5.28,3.62,3.62,3.62,3.63
fragment_03931,7,28.28,28.26,28.26,28.34,20.45,20.44,20.43,20.49,14.98,15.31,14.57,15.31,11.29,11.74,10.7,11.74,7.68,7.91,7.35,7.91,5.15,5.16,5.15,5.16,3.54,3.54,3.54,3.54
fragment_03932,4,31.24,31.23,30.61,31.61,28.58,28.7,26.27,28.7,22.66,22.8,20.54,22.8,16.08,16.11,15.41,16.11,10.48,10.48,10.48,10.49,6.82,6.82,6.82,6.83,4.69,4.69,4.69,4.69
fragment_03933,3,30.21,30.21,30.18,30.21,24.65,24.65,24.62,24.65,18.89,18.89,18.87,18.89,13.87,13.9,13.67,13.9,10.37,10.42,9.97,10.42,8.06,8.12,7.52,8.12,6.1,6.13,5.76,6.13
fragment_03934,2,27.85,27.85,27.85,27.85,25.51,25.5,25.5,25.52,18.78,18.77,18.77,18.8,13.16,13.14,13.14,13.17,9.73,9.73,9.73,9.74,7.0,7.0,7.0,7.0,4.87,4.88,4.87,4.88
fragment_03935,12,28.16,28.12,28.02,29.0,20.43,20.07,20.07,22.84,14.64,13.87,13.87,17.11,10.13,9.53,9.53,11.14,6.68,6.55,6.55,6.76,4.39,4.38,4.38,4.4,3.02,3.01,3.01,3.02
fragment_03936,3,28.77,28.78,28.69,28.79,24.25,24.27,24.12,24.27,17.92,17.96,17.75,17.96,13.44,13.47,13.3,13.47,10.51,10.52,10.45,10.52,7.84,7.85,7.83,7.85,5.44,5.44,5.44,5.44
fragment_03937,2,27.86,27.86,27.86,27.87,25.47,25.47,25.47,25.47,18.75,18.75,18.75,18.75,13.13,13.13,13.13,13.14,9.9,9.89,9.89,9.9,7.57,7.57,7.57,7.58,5.72,5.72,5.72,5.72
fragment_03938,12,28.77,28.78,28.73,28.84,21.67,21.67,21.64,21.77,15.97,15.73,15.63,16.54,13.01,12.58,12.47,13.63,11.47,11.1,10.99,11.94,10.27,10.18,10.09,10.4,8.29,8.31,8.19,8.31
fragment_03939,4,27.87,27.88,27.86,27.88,24.26,24.27,24.25,24.27,19.42,19.56,19.25,19.56,14.69,14.8,14.58,14.8,10.91,10.99,10.82,10.99,8.36,8.4,8.31,8.4,6.46,6.48,6.42,6.48
fragment_03940,47,27.8,27.8,27.47,28.18,24.08,23.83,23.8,26.51,16.88,16.28,16.21,20.26,12.53,11.73,11.71,15.13,9.59,8.73,8.72,11.17,7.03,6.47,6.47,7.5,5.09,4.91,4.91,5.15
fragment_03941,2,27.66,27.65,27.65,27.66,25.16,25.16,25.16,25.16,18.48,18.48,18.48,18.49,12.88,12.88,12.88,12.88,9.55,9.55,9.55,9.55,7.06,7.06,7.06,7.06,5.07,5.07,5.07,5.07
fragment_03942,3,25.34,25.33,25.33,26.5,19.34,19.32,19.32,21.58,15.39,15.37,15.37,17.14,11.17,11.16,11.16,12.3,7.69,7.69,7.69,7.77,5.03,5.03,5.03,5.06,3.46,3.46,3.46,3.48
fragment_03943,1,28.9,28.9,28.9,28.9,22.86,22.86,22.86,22.86,17.08,17.08,17.08,17.08,11.97,11.97,11.97,11.97,8.38,8.38,8.38,8.38,5.47,5.47,5.47,5.47,3.76,3.76,3.76,3.76
fragment_03944,28,28.4,28.19,28.03,29.5,21.42,20.51,20.38,25.17,14.68,13.25,13.22,20.38,10.63,9.4,9.38,15.24,8.09,7.31,7.26,10.89,6.32,6.0,5.87,7.36,4.85,4.75,4.73,5.07
fragment_03945,8,28.4,28.45,27.65,28.45,22.03,22.2,21.0,22.22,17.41,17.7,15.85,17.7,12.83,13.18,10.95,13.18,9.43,9.67,8.12,9.67,7.25,7.43,6.28,7.43,5.55,5.65,5.01,5.65
fragment_03946,3,28.21,28.07,28.07,28.44,20.87,21.78,20.06,21.78,14.47,15.62,13.3,15.62,10.62,11.33,9.74,11.33,7.88,8.34,7.28,8.34,6.06,6.29,5.79,6.29,4.44,4.48,4.41,4.48
fragment_03947,9,28.8,28.39,28.02,29.81,24.84,23.39,23.21,27.69,20.58,18.79,18.62,23.58,16.85,15.45,14.8,18.97,13.04,12.47,12.1,14.01,9.43,9.26,9.06,9.71,6.68,6.67,6.63,6.69
fragment_03948,24,28.05,28.01,27.94,28.62,20.18,20.23,19.63,20.27,13.61,13.6,12.69,14.09,9.34,9.32,8.29,9.98,7.29,7.34,6.0,8.04,6.43,6.44,4.93,7.1,5.77,5.7,4.38,6.24
fragment_03949,4,27.8,27.81,27.79,27.81,25.39,25.4,25.37,25.41,18.69,18.7,18.68,18.7,13.2,13.23,13.18,13.23,10.07,10.27,9.83,10.27,7.83,8.06,7.57,8.06,6.22,6.37,6.05,6.37
fragment_03950,16,28.08,28.03,27.98,28.59,20.18,20.19,19.66,20.46,13.97,13.72,12.7,15.3,9.92,9.71,8.45,10.97,7.49,7.34,6.42,8.22,5.96,5.86,5.12,6.48,4.78,4.76,4.28,4.91
fragment_03951,1,30.12,30.12,30.12,30.12,24.32,24.32,24.32,24.32,18.31,18.31,18.31,18.31,12.66,12.66,12.66,12.66,8.4,8.4,8.4,8.4,5.67,5.67,5.67,5.67,3.89,3.89,3.89,3.89
fragment_03952,2,27.9,27.9,27.9,27.9,25.54,25.55,25.54,25.55,18.79,18.8,18.79,18.8,13.13,13.14,13.13,13.14,9.8,9.8,9.8,9.8,7.4,7.4,7.4,7.4,5.43,5.43,5.43,5.43
fragment_03953,6,25.31,25.3,25.05,25.72,20.23,20.23,19.88,20.64,16.75,16.78,15.73,17.66,13.29,13.31,12.3,14.56,10.29,10.29,9.84,11.25,7.78,7.78,7.54,8.32,5.87,5.87,5.75,6.03
fragment_03954,33,28.22,28.19,28.01,29.03,21.04,20.81,20.71,23.73,15.81,15.32,15.32,18.1,11.56,11.26,11.13,12.24,7.46,7.46,7.44,7.5,4.86,4.85,4.85,4.88,3.34,3.33,3.33,3.35
fragment_03955,4,28.01,27.99,27.84,28.57,19.98,19.81,19.81,22.79,15.08,14.89,14.89,18.69,11.26,11.12,11.12,13.78,8.47,8.39,8.39,9.99,6.47,6.43,6.43,7.14,4.85,4.83,4.83,5.18
fragment_03956,11,31.49,31.75,31.03,31.9,28.28,28.64,27.4,29.94,22.58,22.85,22.13,24.13,15.42,15.52,15.26,15.71,9.58,9.58,9.58,9.62,6.24,6.23,6.23,6.26,4.28,4.28,4.28,4.3
fragment_03957,2,28.97,28.97,28.96,28.97,21.81,21.81,21.81,21.81,15.2,15.2,15.2,15.2,11.18,11.18,11.18,11.21,8.26,8.25,8.25,8.27,5.9,5.9,5.9,5.9,4.07,4.07,4.07,4.07
fragment_03958,1,27.18,27.18,27.18,27.18,23.6,23.6,23.6,23.6,18.29,18.29,18.29,18.29,12.14,12.14,12.14,12.14,7.37,7.37,7.37,7.37,4.8,4.8,4.8,4.8,3.3,3.3,3.3,3.3
fragment_03959,4,30.29,30.26,30.26,31.08,24.23,24.14,24.14,27.0,16.84,16.72,16.72,20.31,12.09,12.04,12.04,13.77,8.56,8.54,8.54,9.16,5.99,5.99,5.99,6.05,4.15,4.15,4.15,4.15
fragment_03960,10,30.33,29.69,29.69,31.3,25.35,25.04,24.8,28.36,18.44,17.87,17.87,21.34,12.61,12.21,12.18,13.68,8.25,8.18,8.18,8.32,5.41,5.4,5.4,5.42,3.71,3.71,3.71,3.72
fragment_03961,2,27.8,27.8,27.8,27.8,26.48,26.48,26.47,26.48,20.66,20.66,20.66,20.66,15.55,15.55,15.55,15.55,11.53,11.53,11.53,11.53,8.18,8.18,8.18,8.18,5.67,5.67,5.67,5.67
fragment_03962,15,28.05,28.02,27.97,28.45,20.11,20.11,19.54,20.45,14.19,13.72,12.82,15.27,10.23,9.62,9.13,11.42,7.81,7.2,6.95,8.87,6.12,5.68,5.6,6.8,4.76,4.58,4.54,5.02
fragment_03963,4,27.88,27.88,27.88,27.89,24.28,24.28,24.28,24.28,19.58,19.59,19.58,19.59,14.62,14.62,14.62,14.62,10.68,10.67,10.67,10.68,8.34,8.32,8.32,8.37,6.91,6.88,6.88,6.94
fragment_03964,2,27.61,27.64,27.59,27.64,19.84,20.08,19.6,20.08,14.81,15.85,13.76,15.85,11.09,12.37,9.8,12.37,8.08,8.94,7.22,8.94,6.25,6.6,5.9,6.6,4.97,5.1,4.83,5.1
fragment_03965,10,27.81,27.84,27.57,28.27,25.08,24.98,24.93,26.52,18.52,18.74,18.18,20.09,13.57,13.92,13.11,14.7,9.7,9.82,9.5,10.16,6.7,6.71,6.69,6.72,4.61,4.61,4.61,4.62
fragment_03966,8,28.47,28.55,27.97,28.55,22.3,22.54,21.07,22.55,17.79,18.12,15.98,18.63,13.64,14.07,11.34,14.58,10.36,10.65,8.86,11.0,7.94,8.12,6.99,8.3,6.11,6.21,5.6,6.28
fragment_03967,11,28.25,28.13,28.13,28.94,21.31,21.81,20.8,23.78,16.14,16.88,15.3,18.37,11.69,12.23,10.52,12.35,7.62,7.66,7.27,7.66,4.98,4.98,4.98,4.99,3.42,3.42,3.42,3.43
fragment_03968,1,29.97,29.97,29.97,29.97,24.13,24.13,24.13,24.13,18.09,18.09,18.09,18.09,12.66,12.66,12.66,12.66,8.49,8.49,8.49,8.49,5.61,5.61,5.61,5.61,3.85,3.85,3.85,3.85
fragment_03969,4,27.16,27.16,27.11,27.17,22.96,22.95,22.95,23.21,17.92,17.89,17.89,18.59,13.61,13.57,13.57,14.36,9.89,9.85,9.85,10.68,7.32,7.31,7.31,7.56,5.22,5.22,5.21,5.22
fragment_03970,5,28.31,28.31,28.29,28.35,20.48,20.47,20.46,20.51,14.76,14.78,14.74,14.78,11.1,11.12,11.08,11.12,8.51,8.52,8.49,8.52,6.74,6.75,6.73,6.75,4.95,4.95,4.95,4.95
fragment_03971,2,27.73,27.73,27.72,27.73,24.12,24.12,24.12,24.12,18.89,18.9,18.88,18.9,13.5,13.5,13.5,13.5,9.38,9.38,9.38,9.38,7.06,7.06,7.06,7.06,5.51,5.51,5.51,5.51
fragment_03972,2,30.07,30.47,29.61,30.47,23.95,24.63,23.16,24.63,16.37,17.09,15.54,17.09,10.21,10.43,9.95,10.43,6.38,6.38,6.38,6.38,4.16,4.16,4.15,4.16,2.85,2.85,2.85,2.85
fragment_03973,4,28.08,28.05,28.05,28.77,22.44,22.41,22.41,23.34,15.44,15.38,15.38,17.03,11.47,11.42,11.42,12.77,8.96,8.93,8.93,9.6,6.65,6.65,6.65,6.79,4.66,4.66,4.66,4.67
fragment_03974,6,27.96,27.91,27.82,28.02,19.35,19.31,19.21,19.4,12.44,12.41,11.89,12.5,8.37,8.35,8.17,8.4,6.37,6.35,6.15,6.4,5.13,5.12,4.96,5.15,4.17,4.16,4.08,4.18
fragment_03975,11,30.53,30.37,29.66,31.15,25.2,24.96,24.96,28.17,18.43,18.47,18.02,21.13,12.85,12.92,12.07,13.57,8.3,8.3,8.14,8.32,5.4,5.4,5.4,5.42,3.71,3.71,3.71,3.72
fragment_03976,1,29.83,29.83,29.83,29.83,23.23,23.23,23.23,23.23,16.49,16.49,16.49,16.49,11.89,11.89,11.89,11.89,8.81,8.81,8.81,8.81,6.64,6.64,6.64,6.64,4.99,4.99,4.99,4.99
fragment_03977,1,30.67,30.67,30.67,30.67,25.71,25.71,25.71,25.71,20.37,20.37,20.37,20.37,15.15,15.15,15.15,15.15,10.32,10.32,10.32,10.32,6.72,6.72,6.72,6.72,4.62,4.62,4.62,4.62
fragment_03978,19,28.43,28.38,28.11,28.77,23.08,22.99,22.99,24.74,16.51,16.42,16.42,18.3,11.64,11.61,11.59,12.93,8.46,8.43,8.42,9.74,6.5,6.48,6.47,7.39,5.04,5.03,5.02,5.31
fragment_03979,10,30.34,29.97,29.85,31.23,25.2,25.06,24.7,28.15,18.73,18.85,17.98,22.6,14.32,14.5,13.59,17.08,11.08,11.21,10.65,12.36,8.14,8.19,7.95,8.37,5.72,5.73,5.71,5.75
fragment_03980,9,28.03,27.99,27.98,28.58,20.2,20.25,19.65,20.32,13.56,13.62,12.69,13.77,9.16,9.2,8.29,9.2,6.52,6.54,5.99,6.64,5.14,5.16,4.69,5.2,4.2,4.21,3.84,4.25
fragment_03981,22,29.59,29.48,29.45,30.67,22.74,22.5,22.5,25.75,14.85,14.19,14.19,17.91,10.46,9.68,9.68,12.15,7.43,6.89,6.89,8.08,5.21,5.07,5.07,5.28,3.62,3.62,3.62,3.63
fragment_03982,2,29.16,29.18,29.14,29.18,25.43,25.44,25.42,25.44,19.5,19.5,19.49,19.5,14.48,14.49,14.48,14.49,10.6,10.6,10.6,10.6,7.52,7.52,7.52,7.52,5.42,5.42,5.41,5.42
fragment_03983,2,27.56,27.57,27.54,27.57,23.27,23.28,23.26,23.28,17.54,17.57,17.51,17.57,13.04,13.07,13.02,13.07,9.81,9.83,9.78,9.83,7.62,7.64,7.61,7.64,5.96,5.97,5.95,5.97
fragment_03984,24,30.32,30.3,29.8,31.35,25.22,25.17,24.69,28.56,19.16,19.56,17.86,22.37,14.13,14.42,13.21,15.35,9.39,9.41,9.23,9.43,6.12,6.13,6.11,6.14,4.21,4.21,4.2,4.22
fragment_03985,8,29.46,29.47,29.43,29.47,23.12,22.92,22.9,23.5,19.11,18.23,18.23,20.2,15.07,14.01,14.01,16.16,11.22,10.29,10.29,12.13,7.97,7.43,7.43,8.35,5.66,5.53,5.53,5.75
fragment_03986,13,28.77,28.68,28.66,29.3,25.25,24.86,24.86,28.67,20.34,19.94,19.94,24.85,15.35,15.15,15.15,18.21,10.85,10.74,10.74,11.72,7.59,7.58,7.58,7.63,5.23,5.23,5.23,5.24
fragment_03987,1,31.13,31.13,31.13,31.13,27.29,27.29,27.29,27.29,21.88,21.88,21.88,21.88,15.77,15.77,15.77,15.77,9.81,9.81,9.81,9.81,6.38,6.38,6.38,6.38,4.38,4.38,4.38,4.38
fragment_03988,1,29.72,29.72,29.72,29.72,23.14,23.14,23.14,23.14,16.4,16.4,16.4,16.4,12.03,12.03,12.03,12.03,9.37,9.37,9.37,9.37,7.34,7.34,7.34,7.34,5.66,5.66,5.66,5.66
fragment_03989,13,30.1,30.14,30.07,30.59,24.1,24.12,24.07,26.56,17.34,17.6,17.08,19.81,12.78,13.25,12.3,13.7,8.71,9.07,8.35,9.14,5.92,5.95,5.89,5.96,4.09,4.09,4.08,4.09
fragment_03990,57,28.26,28.23,27.99,29.4,21.87,21.92,20.74,24.96,16.21,16.06,14.77,19.75,13.18,13.06,11.81,15.69,10.46,10.63,9.62,11.54,7.53,7.59,7.38,7.61,5.22,5.22,5.21,5.23
fragment_03991,5,28.61,28.54,28.54,29.25,23.33,23.09,23.09,25.62,16.61,16.33,16.33,19.42,11.86,11.7,11.7,13.54,8.65,8.53,8.53,9.86,6.65,6.57,6.57,7.48,5.25,5.21,5.21,5.7
fragment_03992,5,33.41,33.43,33.16,34.12,31.79,31.78,31.67,33.82,24.13,24.12,23.96,25.96,15.49,15.49,15.49,15.57,9.43,9.43,9.43,9.44,6.14,6.14,6.14,6.14,4.22,4.22,4.22,4.22
fragment_03993,1,24.4,24.4,24.4,24.4,19.07,19.07,19.07,19.07,15.41,15.41,15.41,15.41,11.02,11.02,11.02,11.02,7.52,7.52,7.52,7.52,4.9,4.9,4.9,4.9,3.37,3.37,3.37,3.37
fragment_03994,15,33.78,33.77,33.62,34.23,32.99,33.26,31.99,33.38,26.84,27.12,26.02,27.17,19.02,19.07,18.86,19.17,12.48,12.49,12.45,12.5,8.16,8.16,8.14,8.16,5.6,5.6,5.59,5.61
fragment_03995,2,27.76,27.78,27.71,27.78,20.42,20.42,20.42,20.42,13.94,13.94,13.93,13.94,9.75,9.76,9.75,9.76,7.22,7.22,7.22,7.22,5.01,5.01,5.01,5.01,3.46,3.46,3.46,3.46
fragment_03996,6,25.41,25.53,25.03,25.53,18.7,18.49,18.49,19.0,13.87,13.46,13.46,14.44,10.68,10.51,10.51,11.02,8.37,8.31,7.98,8.67,6.27,6.24,6.05,6.41,4.52,4.52,4.5,4.53
fragment_03997,12,29.85,29.73,29.42,30.33,23.75,23.42,23.17,24.85,17.09,16.71,16.33,18.34,12.46,12.22,12.06,13.22,9.25,9.05,8.99,9.8,6.75,6.69,6.68,6.85,4.71,4.71,4.71,4.72
fragment_03998,10,32.07,32.03,31.83,32.5,28.24,28.43,27.62,28.54,23.48,23.66,22.56,24.4,19.27,19.39,18.82,20.03,14.81,14.88,14.56,15.06,10.26,10.27,10.24,10.27,7.06,7.06,7.05,7.06
fragment_03999,3,28.0,27.98,27.98,28.04,20.37,20.35,20.35,20.4,14.45,14.45,14.45,14.45,10.46,10.47,10.45,10.47,8.46,8.46,8.45,8.46,6.93,6.94,6.93,6.94,5.76,5.76,5.76,5.76
fragment_04000,2,28.22,28.2,28.2,28.27,19.95,19.94,19.94,19.97,14.32,14.32,14.32,14.32,11.18,11.17,11.17,11.18,8.54,8.54,8.54,8.55,6.27,6.27,6.27,6.27,4.37,4.37,4.37,4.37
fragment_04001,1,28.71,28.71,28.71,28.71,23.17,23.17,23.17,23.17,18.22,18.22,18.22,18.22,13.5,13.5,13.5,13.5,9.64,9.64,9.64,9.64,6.57,6.57,6.57,6.57,4.52,4.52,4.52,4.52
fragment_04002,7,28.46,28.46,27.56,30.52,25.37,25.34,25.07,28.68,19.67,19.65,19.47,22.69,14.66,14.6,14.6,17.25,11.87,11.82,11.8,13.57,9.27,9.25,9.18,9.72,6.69,6.68,6.68,6.69
fragment_04003,2,30.34,30.34,30.34,30.35,26.6,26.59,26.59,26.6,19.98,19.98,19.98,19.99,14.01,14.01,14.01,14.02,9.64,9.64,9.64,9.64,6.28,6.28,6.28,6.28,4.32,4.32,4.32,4.32
fragment_04004,7,29.11,29.13,28.59,29.13,25.62,25.7,23.18,25.7,19.87,19.95,17.32,19.95,14.87,14.92,13.38,15.6,10.91,10.92,10.46,12.21,8.3,8.3,8.18,9.68,6.36,6.36,6.36,7.13
fragment_04005,2,27.79,27.79,27.79,27.79,24.21,24.2,24.2,24.21,18.96,18.96,18.96,18.96,13.47,13.47,13.47,13.47,9.31,9.31,9.31,9.31,6.84,6.84,6.84,6.84,5.34,5.34,5.34,5.34
fragment_04006,18,30.82,30.76,30.35,31.47,26.74,27.18,25.06,29.91,21.83,23.19,19.18,24.9,17.39,19.18,14.96,19.18,12.95,14.29,11.13,14.29,9.23,9.69,8.27,9.69,6.61,6.65,6.36,6.66
fragment_04007,3,28.81,28.82,28.74,28.82,21.7,21.7,21.66,21.71,15.18,15.17,15.17,15.19,11.38,11.36,11.36,11.4,8.65,8.64,8.64,8.66,6.36,6.36,6.36,6.36,4.42,4.42,4.42,4.42
fragment_04008,3,27.5,27.49,27.49,27.64,17.76,17.68,17.68,18.67,10.91,10.86,10.86,11.61,6.63,6.63,6.63,6.63,4.02,4.02,4.02,4.02,2.61,2.61,2.61,2.61,1.8,1.8,1.8,1.8
fragment_04009,2,28.76,28.76,28.76,28.76,21.65,21.65,21.65,21.65,15.05,15.05,15.05,15.05,10.62,10.62,10.62,10.62,7.6,7.6,7.6,7.6,5.9,5.9,5.9,5.9,4.59,4.59,4.59,4.59
fragment_04010,20,28.26,28.14,27.91,29.43,20.79,20.39,20.34,24.19,15.88,15.63,15.1,18.46,12.05,12.09,11.29,13.65,8.77,9.03,8.29,9.4,6.08,6.12,5.96,6.13,4.2,4.21,4.2,4.21
fragment_04011,4,28.1,28.07,28.07,28.46,20.31,20.35,19.73,20.36,14.26,14.35,12.91,14.39,10.25,10.34,8.9,10.37,7.7,7.76,6.84,7.78,6.12,6.15,5.53,6.17,4.98,5.01,4.59,5.02
fragment_04012,12,27.96,27.91,27.8,28.02,19.35,19.32,19.21,19.39,12.44,12.43,11.88,12.49,8.37,8.37,8.16,8.41,6.37,6.37,6.14,6.4,5.13,5.13,4.96,5.15,4.24,4.24,4.08,4.27
fragment_04013,3,32.82,32.82,32.82,33.14,28.83,28.83,28.83,30.01,21.35,21.34,21.34,22.56,15.0,15.0,15.0,15.24,9.7,9.7,9.7,9.71,6.31,6.31,6.31,6.32,4.34,4.34,4.34,4.34
fragment_04014,2,29.11,29.1,29.1,29.12,25.7,25.7,25.7,25.7,20.27,20.27,20.26,20.27,14.23,14.24,14.22,14.24,10.27,10.27,10.26,10.27,7.5,7.51,7.5,7.51,5.32,5.32,5.32,5.32
fragment_04015,3,28.02,28.02,28.02,28.03,19.45,19.45,19.45,19.46,14.17,14.17,14.17,14.18,11.05,11.04,11.04,11.05,8.15,8.15,8.15,8.16,5.69,5.69,5.69,5.69,3.93,3.93,3.93,3.93
fragment_04016,22,27.66,27.64,27.6,27.94,21.62,22.24,19.71,22.5,18.05,19.03,14.32,19.07,16.25,17.17,11.33,17.17,13.36,13.88,8.88,14.0,9.81,10.0,7.09,10.02,6.86,6.89,5.58,6.9
fragment_04017,2,27.44,27.45,27.35,27.45,20.01,20.02,19.97,20.02,13.63,13.64,13.61,13.64,9.4,9.4,9.38,9.4,6.51,6.52,6.51,6.52,4.35,4.35,4.35,4.35,2.99,2.99,2.99,2.99
fragment_04018,8,28.31,28.3,28.3,28.34,20.47,20.46,20.45,20.51,14.42,14.43,14.41,14.43,10.2,10.2,10.19,10.2,6.99,6.99,6.98,6.99,5.05,5.05,5.05,5.05,3.87,3.86,3.86,3.88
fragment_04019,8,28.35,28.4,27.67,28.41,21.87,22.1,20.97,22.12,17.24,17.65,15.7,17.65,12.62,13.07,10.94,13.07,8.86,9.09,8.02,9.09,6.05,6.08,5.92,6.09,4.18,4.18,4.18,4.18
fragment_04020,2,27.8,27.67,27.67,28.37,19.05,18.64,18.64,20.75,11.86,11.51,11.51,13.3,7.87,7.67,7.67,8.72,5.46,5.43,5.43,5.56,3.62,3.62,3.62,3.62,2.49,2.49,2.49,2.49
fragment_04021,2,28.16,28.16,28.16,28.83,20.02,20.02,20.02,21.89,12.84,12.84,12.84,14.1,9.14,9.14,9.14,9.99,7.01,7.01,7.01,7.58,5.79,5.78,5.78,6.09,4.89,4.89,4.89,5.17
fragment_04022,2,27.29,27.29,26.83,27.29,22.74,22.74,22.4,22.74,16.4,16.4,16.25,16.4,11.65,11.65,11.63,11.65,8.76,8.76,8.75,8.76,6.38,6.38,6.38,6.38,4.5,4.5,4.5,4.5
fragment_04023,2,28.86,28.87,28.85,28.87,21.73,21.74,21.73,21.74,15.17,15.17,15.17,15.18,11.41,11.39,11.39,11.45,9.02,9.01,9.01,9.04,7.4,7.39,7.39,7.41,6.15,6.15,6.15,6.16
fragment_04024,2,28.09,28.11,27.92,28.11,19.7,19.72,19.53,19.72,12.15,12.17,12.03,12.17,8.09,8.1,7.99,8.1,5.69,5.7,5.67,5.7,3.74,3.74,3.73,3.74,2.57,2.57,2.57,2.57
fragment_04025,4,30.92,30.93,30.71,31.39,26.02,26.03,25.42,27.74,19.02,19.01,18.74,20.53,12.05,12.05,12.03,12.16,7.35,7.35,7.34,7.37,4.79,4.79,4.78,4.79,3.29,3.29,3.28,3.29
fragment_04026,33,27.83,27.82,27.78,28.21,19.09,18.92,18.9,22.71,13.5,12.93,12.93,17.45,10.8,10.14,10.14,13.01,8.25,7.62,7.48,9.5,6.04,5.74,5.53,6.29,4.3,4.3,4.17,4.32
fragment_04027,22,27.8,27.72,27.72,28.42,19.34,18.9,18.9,22.96,13.88,13.0,13.0,17.87,11.03,10.3,10.3,13.22,8.49,8.02,8.02,9.5,6.17,6.07,6.05,6.27,4.3,4.3,4.29,4.31
fragment_04028,2,28.22,28.53,27.68,28.53,22.98,23.3,22.44,23.3,16.31,16.53,15.94,16.53,11.69,11.85,11.4,11.85,8.64,8.71,8.53,8.71,5.89,5.89,5.89,5.89,4.05,4.05,4.05,4.05
fragment_04029,1,28.15,28.15,28.15,28.15,20.78,20.78,20.78,20.78,13.88,13.88,13.88,13.88,8.45,8.45,8.45,8.45,5.14,5.14,5.14,5.14,3.34,3.34,3.34,3.34,2.3,2.3,2.3,2.3
fragment_04030,10,25.2,25.0,24.97,25.45,18.79,20.02,18.1,20.02,14.92,16.84,13.49,16.84,11.58,12.8,9.54,12.8,8.07,8.73,7.0,8.73,5.73,5.89,5.28,5.89,4.03,4.05,3.98,4.05
fragment_04031,2,29.55,29.6,29.48,29.6,22.3,22.47,22.04,22.47,15.45,15.56,15.27,15.56,11.18,11.31,10.98,11.31,8.65,8.76,8.48,8.76,6.71,6.77,6.63,6.77,5.24,5.28,5.2,5.28
fragment_04032,4,28.38,28.36,28.36,28.41,20.52,20.5,20.5,20.55,14.46,14.46,14.45,14.46,10.26,10.26,10.26,10.27,7.65,7.65,7.65,7.65,6.17,6.17,6.17,6.18,4.54,4.54,4.54,4.54
fragment_04033,8,28.33,28.3,28.3,28.36,20.48,20.46,20.46,20.51,14.42,14.42,14.41,14.43,10.23,10.24,10.23,10.24,7.44,7.44,7.43,7.44,5.65,5.65,5.65,5.65,4.28,4.27,4.27,4.29
fragment_04034,1,27.69,27.69,27.69,27.69,27.26,27.26,27.26,27.26,21.99,21.99,21.99,21.99,16.6,16.6,16.6,16.6,11.65,11.65,11.65,11.65,8.18,8.18,8.18,8.18,5.99,5.99,5.99,5.99
fragment_04035,8,28.8,28.85,28.71,28.87,21.68,21.71,21.63,21.72,15.43,15.53,15.25,15.62,11.73,11.95,11.38,12.04,8.36,8.61,8.02,8.66,5.8,5.86,5.73,5.86,4.03,4.03,4.03,4.03
fragment_04036,1,27.87,27.87,27.87,27.87,26.54,26.54,26.54,26.54,20.32,20.32,20.32,20.32,14.31,14.31,14.31,14.31,10.13,10.13,10.13,10.13,7.0,7.0,7.0,7.0,4.89,4.89,4.89,4.89
fragment_04037,32,28.83,28.83,28.77,28.85,21.76,21.68,21.67,22.39,15.69,16.0,15.07,17.71,11.92,12.73,10.67,14.65,9.53,10.8,7.89,11.98,8.12,9.53,6.35,10.15,6.59,7.7,5.12,7.91
fragment_04038,8,27.91,27.96,27.86,27.96,24.28,24.31,24.23,24.31,19.33,19.22,19.22,19.55,14.56,14.41,14.41,14.81,10.84,10.68,10.68,11.16,8.37,8.24,8.24,8.66,6.52,6.48,6.37,6.69
fragment_04039,1,30.59,30.59,30.59,30.59,28.45,28.45,28.45,28.45,24.52,24.52,24.52,24.52,19.52,19.52,19.52,19.52,13.92,13.92,13.92,13.92,9.13,9.13,9.13,9.13,6.27,6.27,6.27,6.27
fragment_04040,3,28.19,28.18,28.18,29.08,20.05,20.03,20.03,22.07,12.91,12.89,12.89,14.57,9.36,9.33,9.33,10.82,7.44,7.42,7.42,8.67,6.12,6.11,6.11,6.73,5.07,5.07,5.07,5.3
fragment_04041,12,30.33,30.34,30.13,30.89,24.46,24.25,24.24,26.31,18.72,18.41,18.41,20.54,14.17,13.88,13.75,15.83,9.98,9.94,9.81,10.41,6.75,6.75,6.73,6.78,4.63,4.64,4.63,4.66
fragment_04042,22,28.5,28.44,28.18,30.91,24.86,25.23,22.33,28.41,20.0,20.54,16.51,22.57,14.91,15.46,11.81,15.63,10.11,10.32,8.89,10.57,6.89,6.91,6.64,6.92,4.75,4.75,4.74,4.75
fragment_04043,6,28.19,28.19,28.19,28.93,20.04,20.04,20.04,21.95,12.9,12.9,12.79,14.1,9.28,9.28,9.08,10.02,7.14,7.14,6.95,7.69,5.63,5.63,5.63,6.05,4.49,4.48,4.48,4.87
fragment_04044,1,28.46,28.46,28.46,28.46,22.62,22.62,22.62,22.62,16.73,16.73,16.73,16.73,12.2,12.2,12.2,12.2,8.8,8.8,8.8,8.8,6.33,6.33,6.33,6.33,4.71,4.71,4.71,4.71
fragment_04045,11,27.67,27.62,27.62,27.83,21.58,21.86,19.77,21.86,17.78,18.26,14.08,18.27,15.59,16.09,11.06,16.12,12.87,13.17,9.01,13.19,9.31,9.36,7.32,9.36,6.45,6.45,5.72,6.45
fragment_04046,3,23.29,23.28,23.28,23.34,16.33,16.51,15.76,16.51,13.21,13.42,12.56,13.42,10.78,10.91,10.39,10.91,8.62,8.67,8.45,8.67,6.34,6.35,6.33,6.35,4.45,4.45,4.45,4.47
fragment_04047,4,29.55,29.56,29.44,29.71,22.39,22.35,21.92,22.88,15.88,15.55,15.09,16.58,11.78,11.54,11.13,12.35,9.26,9.14,8.83,9.65,7.22,7.24,7.05,7.36,5.6,5.61,5.53,5.66
fragment_04048,2,29.97,29.97,29.96,29.97,24.13,24.13,24.13,24.13,18.04,18.04,18.03,18.04,13.9,13.9,13.89,13.9,10.76,10.76,10.76,10.76,8.42,8.42,8.42,8.42,6.53,6.53,6.53,6.53
fragment_04049,3,27.28,27.27,27.27,27.29,19.31,19.31,19.31,19.31,13.17,13.17,13.17,13.17,9.81,9.81,9.81,9.81,7.7,7.7,7.7,7.7,5.83,5.83,5.83,5.83,4.31,4.31,4.31,4.31
fragment_04050,1,24.7,24.7,24.7,24.7,17.93,17.93,17.93,17.93,12.3,12.3,12.3,12.3,7.88,7.88,7.88,7.88,4.78,4.78,4.78,4.78,3.11,3.11,3.11,3.11,2.14,2.14,2.14,2.14
fragment_04051,2,27.84,27.81,27.81,27.91,26.0,25.95,25.95,26.08,22.13,22.11,22.11,22.17,17.91,17.79,17.79,18.13,14.49,14.33,14.33,14.78,11.24,11.17,11.17,11.38,8.57,8.57,8.56,8.57
fragment_04052,10,28.1,28.03,27.99,28.59,20.15,20.23,19.66,20.27,13.78,13.82,12.7,13.93,9.8,9.79,8.48,10.07,7.41,7.41,6.46,7.51,5.65,5.67,5.15,5.67,4.14,4.14,4.03,4.14
fragment_04053,12,28.31,28.7,28.01,28.74,22.42,24.72,20.7,25.09,17.1,20.24,15.15,20.61,13.7,16.37,12.05,16.53,11.39,13.46,10.0,13.46,9.58,10.84,8.53,10.84,7.66,8.04,7.09,8.04
fragment_04054,12,25.56,25.55,25.39,26.4,20.64,20.56,19.64,21.34,18.51,18.59,16.08,19.22,15.74,15.84,13.23,16.4,12.23,12.25,10.82,12.57,8.61,8.61,8.27,8.64,5.93,5.93,5.91,5.93
fragment_04055,4,27.74,27.74,27.66,28.62,22.49,22.38,22.38,24.07,16.41,16.23,16.23,17.63,12.46,12.32,12.24,13.25,9.24,9.19,9.19,9.76,6.83,6.81,6.81,6.94,4.79,4.79,4.79,4.8
fragment_04056,1,28.96,28.96,28.96,28.96,22.0,22.0,22.0,22.0,14.8,14.8,14.8,14.8,9.16,9.16,9.16,9.16,5.56,5.56,5.56,5.56,3.62,3.62,3.62,3.62,2.48,2.48,2.48,2.48
fragment_04057,6,27.81,27.77,27.77,27.88,20.62,20.52,20.48,20.86,14.33,14.24,14.15,14.56,10.69,10.63,10.49,10.91,8.09,8.06,7.96,8.21,6.01,6.0,5.95,6.07,4.29,4.29,4.29,4.29
fragment_04058,2,28.83,28.8,28.8,28.87,21.24,21.2,21.2,21.27,13.85,13.82,13.82,13.9,9.12,8.89,8.89,9.37,6.51,6.36,6.36,6.68,5.03,4.92,4.92,5.16,4.11,4.0,4.0,4.22
fragment_04059,4,28.81,28.83,28.78,28.84,21.23,21.25,21.2,21.27,13.86,13.89,13.81,13.89,9.17,9.37,8.89,9.37,6.51,6.67,6.3,6.67,4.92,5.01,4.79,5.01,3.97,4.04,3.82,4.05
fragment_04060,8,29.67,29.71,29.08,29.99,24.33,24.36,23.74,24.36,19.56,19.58,19.17,19.58,14.48,14.52,13.75,14.53,10.62,10.65,9.53,10.66,7.94,7.96,7.24,7.97,5.66,5.67,5.56,5.67
fragment_04061,55,28.3,28.29,28.03,29.43,22.13,22.26,20.85,25.83,17.85,18.33,15.67,21.18,14.0,14.63,12.04,16.03,9.72,9.99,8.76,9.99,6.48,6.5,6.24,6.51,4.46,4.47,4.45,4.47
fragment_04062,3,28.02,27.99,27.99,28.51,20.04,20.05,19.74,20.05,13.7,13.71,13.5,13.72,9.8,9.78,9.78,10.09,7.42,7.41,7.41,7.57,5.67,5.67,5.67,5.68,4.12,4.12,4.12,4.13
fragment_04063,16,29.01,28.71,28.19,29.83,23.14,23.42,22.28,25.27,17.34,17.96,16.21,19.39,12.28,12.81,11.55,12.99,7.93,7.99,7.82,8.01,5.2,5.2,5.19,5.21,3.57,3.57,3.57,3.58
fragment_04064,1,29.84,29.84,29.84,29.84,23.24,23.24,23.24,23.24,16.5,16.5,16.5,16.5,11.9,11.9,11.9,11.9,8.94,8.94,8.94,8.94,6.89,6.89,6.89,6.89,5.01,5.01,5.01,5.01
fragment_04065,5,28.73,28.75,28.68,28.75,21.63,21.64,21.6,21.64,15.15,15.16,15.14,15.16,11.21,11.23,11.19,11.23,8.37,8.39,8.36,8.39,6.46,6.48,6.45,6.48,4.8,4.8,4.8,4.8
fragment_04066,4,28.72,28.76,28.36,28.76,25.86,25.91,25.41,25.91,20.95,20.98,20.67,20.99,15.0,15.02,14.85,15.02,10.73,10.75,10.61,10.75,7.91,7.92,7.84,7.92,5.64,5.64,5.63,5.64
fragment_04067,3,27.59,27.59,27.56,27.59,20.28,20.28,20.27,20.28,14.05,14.05,14.03,14.05,10.55,10.56,10.54,10.56,8.46,8.46,8.45,8.46,6.78,6.78,6.77,6.78,5.32,5.32,5.31,5.32
fragment_04068,27,30.39,30.45,30.22,31.21,24.59,24.25,24.08,27.61,16.99,16.4,15.98,19.78,11.7,11.4,10.73,13.28,8.0,8.07,7.44,8.32,5.4,5.41,5.34,5.42,3.72,3.71,3.71,3.72
fragment_04069,2,27.14,27.14,27.14,27.15,19.08,19.08,19.08,19.09,12.81,12.81,12.8,12.81,8.77,8.77,8.76,8.77,6.19,6.19,6.19,6.19,4.15,4.15,4.15,4.15,2.85,2.85,2.85,2.85
fragment_04070,3,28.06,28.07,28.03,28.07,20.4,20.41,20.37,20.42,14.52,14.52,14.52,14.52,10.49,10.49,10.49,10.49,8.17,8.17,8.17,8.17,6.37,6.37,6.37,6.37,4.68,4.68,4.68,4.68
fragment_04071,3,26.2,26.21,25.54,26.21,21.27,21.29,20.85,21.29,15.51,15.53,15.43,15.69,9.93,9.93,9.92,9.93,6.04,6.04,6.04,6.04,3.93,3.93,3.93,3.93,2.7,2.7,2.7,2.7
fragment_04072,3,27.95,27.93,27.93,27.97,19.38,19.36,19.36,19.39,13.85,13.83,13.83,13.86,10.14,10.13,10.13,10.14,6.57,6.57,6.57,6.57,4.29,4.29,4.29,4.29,2.94,2.94,2.94,2.94
fragment_04073,6,28.58,28.62,28.51,29.01,23.28,22.95,22.84,24.42,17.05,16.75,16.67,17.93,13.09,12.95,12.9,13.39,10.05,10.0,9.99,10.12,7.58,7.58,7.55,7.59,5.81,5.78,5.78,5.85
fragment_04074,28,28.1,28.35,27.67,28.4,20.04,20.9,18.75,21.12,14.09,15.59,12.3,16.36,10.32,11.82,8.8,13.14,7.86,9.32,6.58,10.87,6.19,7.33,5.29,8.4,4.96,5.72,4.31,6.01
fragment_04075,3,28.82,28.84,28.76,28.84,21.72,21.73,21.69,21.73,15.14,15.15,15.13,15.15,11.03,11.04,11.02,11.04,8.09,8.09,8.08,8.09,6.03,6.03,6.03,6.03,4.18,4.18,4.18,4.18
fragment_04076,5,24.8,24.79,24.79,25.22,18.36,18.33,18.33,19.52,14.22,14.19,14.19,15.68,10.86,10.83,10.83,12.07,8.2,8.17,8.17,9.1,6.26,6.26,6.26,6.51,4.5,4.5,4.5,4.52
fragment_04077,11,30.17,29.72,29.72,31.17,24.76,24.3,24.3,27.51,17.82,17.2,17.2,20.68,12.27,11.83,11.8,13.33,8.03,7.96,7.95,8.11,5.26,5.26,5.26,5.28,3.62,3.61,3.61,3.63
fragment_04078,1,30.25,30.25,30.25,30.25,24.39,24.39,24.39,24.39,17.72,17.72,17.72,17.72,12.12,12.12,12.12,12.12,8.13,8.13,8.13,8.13,5.59,5.59,5.59,5.59,3.84,3.84,3.84,3.84
fragment_04079,2,28.78,28.78,28.78,28.78,21.66,21.65,21.65,21.66,15.35,15.34,15.34,15.39,11.67,11.65,11.65,11.71,8.83,8.82,8.82,8.85,6.51,6.51,6.51,6.52,4.65,4.65,4.65,4.65
fragment_04080,47,28.24,28.26,28.19,28.28,21.33,21.34,21.3,21.35,15.04,15.05,15.03,15.05,10.19,10.19,10.17,10.2,7.02,7.07,6.99,7.08,5.21,5.34,5.06,5.38,4.22,4.36,3.98,4.4
fragment_04081,2,37.18,37.17,37.17,37.18,37.23,37.23,37.23,37.23,28.83,28.83,28.83,28.83,17.0,17.0,17.0,17.0,10.3,10.3,10.3,10.3,6.7,6.7,6.7,6.7,4.6,4.6,4.6,4.6
fragment_04082,8,28.38,28.37,27.98,28.67,22.38,22.3,20.47,23.57,16.5,16.45,13.87,17.54,12.48,12.48,11.06,13.71,9.6,9.62,8.83,10.69,7.36,7.38,6.84,8.0,5.65,5.66,5.36,6.02
fragment_04083,29,28.26,28.15,28.03,29.07,20.66,20.34,20.34,24.61,15.18,14.68,14.6,19.02,11.19,10.7,10.49,14.0,8.28,8.07,7.74,9.27,5.96,5.94,5.82,6.04,4.14,4.15,4.14,4.15
fragment_04084,3,28.55,28.55,28.1,28.55,22.01,22.01,21.59,22.02,16.44,16.44,16.19,16.44,12.07,12.07,11.88,12.07,8.84,8.84,8.81,8.84,5.83,5.83,5.83,5.83,4.01,4.01,4.01,4.01
fragment_04085,2,28.82,28.83,28.68,28.83,21.62,21.62,21.55,21.62,14.86,14.86,14.83,14.86,10.32,10.31,10.31,10.33,6.76,6.76,6.75,6.76,4.4,4.4,4.4,4.4,3.02,3.02,3.02,3.02
fragment_04086,10,27.95,27.91,27.8,28.03,19.36,19.35,19.21,19.4,12.45,12.47,11.88,12.51,8.45,8.46,8.18,8.48,6.58,6.6,6.23,6.61,5.4,5.41,5.13,5.42,4.38,4.38,4.29,4.39
fragment_04087,32,28.12,28.15,28.0,28.6,20.55,20.98,19.75,21.18,15.55,16.55,13.78,16.81,12.73,13.9,10.54,14.31,10.69,11.68,8.53,11.96,7.89,8.31,6.49,8.31,5.62,5.71,5.19,5.71
fragment_04088,2,23.7,23.67,23.67,23.75,16.36,16.35,16.35,16.38,12.35,12.34,12.34,12.36,9.91,9.9,9.9,9.92,7.68,7.68,7.68,7.68,5.81,5.81,5.81,5.81,4.3,4.3,4.3,4.3
fragment_04089,2,31.82,31.82,31.82,31.85,29.47,29.47,29.47,29.48,25.0,25.0,24.98,25.0,17.92,17.92,17.92,17.92,12.21,12.21,12.21,12.25,8.81,8.81,8.81,8.84,6.28,6.28,6.28,6.28
fragment_04090,2,27.99,28.02,27.93,28.02,19.33,19.34,19.29,19.34,13.76,13.76,13.76,13.76,10.23,10.23,10.23,10.24,7.8,7.8,7.8,7.8,5.89,5.89,5.89,5.89,4.2,4.2,4.2,4.2
fragment_04091,1,28.53,28.53,28.53,28.53,22.68,22.68,22.68,22.68,17.33,17.33,17.33,17.33,12.76,12.76,12.76,12.76,9.43,9.43,9.43,9.43,6.82,6.82,6.82,6.82,4.8,4.8,4.8,4.8
fragment_04092,1,24.74,24.74,24.74,24.74,17.47,17.47,17.47,17.47,13.39,13.39,13.39,13.39,11.32,11.32,11.32,11.32,9.3,9.3,9.3,9.3,6.71,6.71,6.71,6.71,4.62,4.62,4.62,4.62
fragment_04093,9,28.84,28.85,28.79,28.9,21.26,21.28,21.21,21.3,13.88,13.9,13.82,13.94,9.22,9.39,8.89,9.39,6.75,6.95,6.37,6.95,5.39,5.58,4.98,5.58,4.6,4.79,4.17,4.79
fragment_04094,5,27.76,27.73,27.73,27.79,24.25,24.33,24.18,24.33,19.04,19.16,18.94,19.16,13.46,13.4,13.4,13.56,9.34,9.3,9.3,9.64,7.13,7.09,7.09,7.43,5.68,5.64,5.64,6.03
fragment_04095,3,27.5,27.51,27.49,27.52,18.98,18.98,18.97,18.98,12.79,12.79,12.78,12.79,9.51,9.51,9.51,9.52,7.22,7.22,7.22,7.22,5.47,5.47,5.47,5.47,4.18,4.18,4.18,4.18
fragment_04096,12,28.92,28.93,28.48,29.3,22.53,22.24,22.24,23.04,16.1,15.84,15.73,16.67,11.91,12.17,10.95,12.19,8.76,8.95,8.14,8.96,6.68,6.8,6.29,6.8,5.19,5.25,4.98,5.25
fragment_04097,3,28.09,28.1,28.05,28.1,19.45,19.46,19.42,19.46,14.17,14.18,14.15,14.18,11.13,11.14,11.12,11.14,8.55,8.55,8.54,8.55,6.36,6.36,6.35,6.36,4.51,4.51,4.51,4.51
fragment_04098,1,28.47,28.47,28.47,28.47,21.14,21.14,21.14,21.14,14.36,14.36,14.36,14.36,10.72,10.72,10.72,10.72,8.1,8.1,8.1,8.1,6.02,6.02,6.02,6.02,4.48,4.48,4.48,4.48
fragment_04099,5,27.97,27.99,27.94,28.0,19.4,19.41,19.38,19.41,14.12,14.12,14.09,14.12,10.89,10.89,10.86,10.9,8.53,8.53,8.51,8.53,6.7,6.7,6.7,6.7,4.84,4.84,4.84,4.84
fragment_04100,2,27.95,27.95,27.95,27.95,22.54,22.55,22.54,22.55,17.68,17.68,17.67,17.68,13.77,13.77,13.77,13.77,10.74,10.74,10.74,10.74,8.01,8.01,8.01,8.01,5.59,5.59,5.59,5.59
fragment_04101,7,28.24,28.12,28.12,28.6,23.38,22.65,22.65,24.32,16.57,15.69,15.69,17.7,10.68,10.61,10.6,10.76,6.51,6.51,6.51,6.52,4.24,4.24,4.23,4.24,2.91,2.91,2.91,2.91
fragment_04102,4,29.11,29.07,28.99,29.4,23.88,23.84,23.84,24.09,18.58,18.45,18.45,19.11,14.15,14.02,14.02,14.72,10.04,10.01,10.01,10.13,6.6,6.6,6.59,6.6,4.53,4.53,4.53,4.53
fragment_04103,35,28.32,28.34,27.74,28.73,21.88,21.22,21.08,24.36,17.38,16.44,16.29,20.01,13.02,11.92,11.86,15.43,9.62,8.89,8.81,11.14,6.89,6.56,6.49,7.36,4.98,4.9,4.88,5.06
fragment_04104,8,27.84,27.8,27.79,28.49,20.0,20.03,19.62,20.11,14.15,14.21,13.29,14.26,9.96,9.95,9.72,10.18,7.25,7.23,6.91,7.64,5.67,5.65,5.48,5.96,4.37,4.37,4.3,4.42
fragment_04105,4,28.61,28.61,28.59,29.0,23.12,23.1,23.09,25.41,16.29,16.26,16.26,18.71,11.32,11.32,11.31,11.72,7.11,7.11,7.11,7.12,4.63,4.63,4.63,4.63,3.18,3.18,3.18,3.18
fragment_04106,1,28.83,28.83,28.83,28.83,22.83,22.83,22.83,22.83,17.06,17.06,17.06,17.06,11.6,11.6,11.6,11.6,7.52,7.52,7.52,7.52,4.9,4.9,4.9,4.9,3.36,3.36,3.36,3.36
fragment_04107,6,29.29,29.33,28.74,30.21,27.14,27.16,26.8,27.16,21.87,21.84,20.97,22.27,16.15,16.12,15.9,16.59,11.48,11.46,11.31,11.72,8.05,8.05,7.99,8.12,5.59,5.59,5.59,5.6
fragment_04108,1,29.38,29.38,29.38,29.38,22.67,22.67,22.67,22.67,15.99,15.99,15.99,15.99,10.19,10.19,10.19,10.19,6.21,6.21,6.21,6.21,4.04,4.04,4.04,4.04,2.78,2.78,2.78,2.78
fragment_04109,7,28.17,28.16,28.16,29.03,20.12,20.02,20.02,22.03,13.56,12.9,12.9,14.99,10.1,9.29,9.29,11.23,7.98,7.39,7.39,8.78,6.44,6.19,6.19,6.82,5.26,5.05,5.05,5.49
fragment_04110,7,30.06,29.6,29.6,31.4,25.18,25.14,24.87,28.42,18.47,18.45,18.14,22.57,13.7,13.76,13.06,16.33,10.3,10.48,9.79,11.46,7.49,7.54,7.31,7.7,5.28,5.27,5.25,5.29
fragment_04111,6,28.42,28.49,28.17,28.49,24.24,24.73,22.9,24.86,18.24,18.78,16.7,18.83,13.61,13.97,12.55,14.53,9.24,9.33,8.85,9.67,6.29,6.31,6.23,6.31,4.33,4.33,4.32,4.34
fragment_04112,1,28.43,28.43,28.43,28.43,21.13,21.13,21.13,21.13,14.36,14.36,14.36,14.36,10.71,10.71,10.71,10.71,8.13,8.13,8.13,8.13,6.15,6.15,6.15,6.15,4.72,4.72,4.72,4.72
fragment_04113,1,29.5,29.5,29.5,29.5,24.66,24.66,24.66,24.66,19.22,19.22,19.22,19.22,14.13,14.13,14.13,14.13,10.48,10.48,10.48,10.48,7.66,7.66,7.66,7.66,5.37,5.37,5.37,5.37
fragment_04114,2,28.51,28.52,28.5,28.52,20.62,20.62,20.62,20.63,14.76,14.76,14.71,14.76,11.12,11.13,11.1,11.13,7.63,7.63,7.62,7.63,4.97,4.97,4.97,4.97,3.41,3.41,3.41,3.41
fragment_04115,3,25.65,25.7,25.36,25.7,20.78,20.86,20.39,20.86,15.6,15.63,15.41,15.63,11.58,11.62,11.39,11.62,8.86,8.89,8.75,8.89,6.31,6.32,6.3,6.32,4.34,4.34,4.34,4.34
fragment_04116,5,30.07,30.04,29.74,32.23,27.84,27.59,27.59,30.65,23.81,23.47,23.47,27.23,17.95,17.74,17.74,20.0,12.51,12.51,12.5,12.55,8.16,8.16,8.16,8.17,5.61,5.61,5.6,5.61
fragment_04117,2,27.57,27.58,27.5,27.58,18.91,18.92,18.89,18.92,12.89,12.89,12.87,12.89,9.72,9.72,9.71,9.72,7.53,7.54,7.53,7.54,5.68,5.68,5.68,5.68,4.33,4.33,4.33,4.34
fragment_04118,5,24.66,24.89,24.37,24.89,18.13,17.88,17.88,18.39,13.72,13.26,13.26,14.17,10.57,10.38,10.38,10.79,8.26,8.16,7.9,8.44,6.39,6.28,6.08,6.58,5.16,5.09,4.89,5.29
fragment_04119,6,27.88,27.78,27.62,28.08,22.93,22.8,22.39,23.27,17.19,17.06,16.56,17.54,13.08,12.97,12.87,13.53,9.55,9.56,9.42,9.78,6.92,6.97,6.83,6.98,4.93,4.93,4.92,4.93
fragment_04120,1,32.59,32.59,32.59,32.59,30.64,30.64,30.64,30.64,25.22,25.22,25.22,25.22,18.31,18.31,18.31,18.31,12.8,12.8,12.8,12.8,9.1,9.1,9.1,9.1,6.53,6.53,6.53,6.53
fragment_04121,10,27.91,27.89,27.84,28.05,20.18,19.54,19.54,21.6,14.8,13.8,13.8,17.19,12.35,11.38,11.38,14.7,10.72,10.13,10.13,12.16,8.73,8.55,8.55,9.12,6.8,6.76,6.76,6.95
fragment_04122,6,27.78,27.78,27.74,27.79,20.56,20.56,20.53,20.56,14.05,14.05,14.03,14.07,9.8,9.8,9.77,9.86,7.73,7.74,7.72,7.77,5.88,5.88,5.88,5.89,4.06,4.06,4.05,4.06
fragment_04123,2,31.48,31.47,31.47,31.49,27.72,27.72,27.72,27.72,20.99,20.99,20.99,20.99,13.57,13.57,13.57,13.57,8.29,8.29,8.29,8.29,5.4,5.4,5.4,5.4,3.71,3.71,3.71,3.71
fragment_04124,2,27.41,27.41,27.4,27.41,19.4,19.41,19.4,19.41,13.2,13.2,13.2,13.2,9.69,9.69,9.69,9.69,7.39,7.39,7.39,7.39,5.41,5.41,5.41,5.41,3.78,3.78,3.78,3.78
fragment_04125,4,31.23,31.2,31.2,31.52,26.87,26.88,26.69,26.88,21.16,21.18,20.95,21.18,14.67,14.67,14.66,14.67,9.24,9.24,9.24,9.24,6.02,6.02,6.01,6.02,4.13,4.13,4.13,4.13
fragment_04126,4,31.77,31.77,31.24,32.6,28.31,28.31,27.96,30.58,21.93,21.93,21.65,23.6,13.88,13.88,13.82,13.91,8.41,8.41,8.41,8.43,5.47,5.47,5.47,5.49,3.76,3.76,3.76,3.77
fragment_04127,4,32.11,32.11,32.11,32.51,27.41,27.41,27.41,29.88,18.84,18.84,18.84,21.11,12.72,12.72,12.72,13.18,8.01,8.01,8.01,8.02,5.21,5.21,5.21,5.22,3.58,3.58,3.58,3.59
fragment_04128,1,30.19,30.19,30.19,30.19,25.99,25.99,25.99,25.99,20.63,20.63,20.63,20.63,14.71,14.71,14.71,14.71,10.5,10.5,10.5,10.5,7.52,7.52,7.52,7.52,5.49,5.49,5.49,5.49
fragment_04129,4,28.13,28.12,28.12,28.72,20.0,19.99,19.99,21.84,12.76,12.76,12.76,13.99,8.99,8.97,8.97,9.74,6.81,6.81,6.81,7.31,5.47,5.48,5.35,5.68,4.28,4.29,4.22,4.38
fragment_04130,2,30.3,30.38,30.14,30.38,27.41,27.32,27.32,27.57,23.02,22.56,22.56,23.84,17.5,16.8,16.8,18.74,12.54,11.86,11.86,13.76,9.15,8.78,8.78,9.82,6.74,6.65,6.65,6.89
fragment_04131,2,26.45,26.46,25.96,26.46,22.32,22.32,21.74,22.32,16.71,16.71,16.37,16.71,11.11,11.11,11.05,11.11,7.49,7.49,7.47,7.49,4.97,4.97,4.97,4.97,3.42,3.42,3.42,3.42
fragment_04132,22,27.79,27.73,27.73,28.74,19.2,18.9,18.9,22.72,13.5,12.76,12.76,17.62,10.42,9.67,9.67,12.57,7.64,7.1,7.1,8.33,5.34,5.2,5.2,5.42,3.71,3.71,3.71,3.72
fragment_04133,3,28.08,28.1,28.02,28.1,21.24,20.88,20.88,21.99,16.73,16.06,16.06,18.17,12.44,11.73,11.73,13.98,9.18,8.75,8.75,10.12,6.86,6.68,6.68,7.23,5.01,4.96,4.96,5.1
fragment_04134,11,30.51,30.49,30.25,32.08,25.48,25.47,25.33,28.33,19.01,18.99,18.5,21.23,12.57,12.57,12.12,12.91,7.79,7.79,7.78,7.84,5.07,5.07,5.06,5.1,3.49,3.48,3.48,3.5
fragment_04135,1,29.93,29.93,29.93,29.93,25.76,25.76,25.76,25.76,19.97,19.97,19.97,19.97,13.16,13.16,13.16,13.16,7.99,7.99,7.99,7.99,5.2,5.2,5.2,5.2,3.57,3.57,3.57,3.57
fragment_04136,2,24.5,24.59,24.26,24.59,18.71,18.8,18.48,18.8,15.25,15.16,15.16,15.48,11.88,11.68,11.68,12.38,9.49,9.41,9.41,9.67,7.35,7.33,7.33,7.43,5.3,5.3,5.3,5.31
fragment_04137,1,30.33,30.33,30.33,30.33,25.29,25.29,25.29,25.29,19.93,19.93,19.93,19.93,15.6,15.6,15.6,15.6,11.93,11.93,11.93,11.93,8.71,8.71,8.71,8.71,6.48,6.48,6.48,6.48
fragment_04138,11,25.38,25.34,25.29,26.98,20.43,20.43,20.12,22.75,16.84,16.93,15.77,19.57,13.64,13.73,12.61,16.41,11.05,11.07,10.47,12.37,8.44,8.45,8.19,8.67,5.95,5.95,5.95,5.96
fragment_04139,50,27.9,27.86,27.79,28.79,19.85,19.65,19.61,23.5,14.57,14.09,14.08,18.62,10.32,9.6,9.6,13.5,7.59,6.93,6.93,9.51,5.71,5.2,5.2,6.3,4.23,4.0,4.0,4.34
fragment_04140,2,28.88,28.89,28.87,28.89,21.77,21.77,21.77,21.77,15.19,15.19,15.19,15.19,11.05,11.04,11.04,11.06,8.06,8.06,8.06,8.07,6.11,6.11,6.11,6.12,4.33,4.33,4.33,4.33
fragment_04141,2,28.42,28.45,28.33,28.45,21.52,21.53,21.46,21.53,15.19,15.2,15.17,15.2,10.41,10.41,10.4,10.41,7.67,7.67,7.67,7.67,5.39,5.39,5.39,5.39,3.74,3.74,3.74,3.74
fragment_04142,24,27.99,27.94,27.77,28.05,19.34,19.3,19.19,19.42,12.41,12.37,11.88,12.55,8.4,8.37,8.17,8.47,6.45,6.43,6.15,6.51,5.24,5.22,5.04,5.28,4.28,4.27,4.09,4.38
fragment_04143,1,30.72,30.72,30.72,30.72,24.87,24.87,24.87,24.87,18.34,18.34,18.34,18.34,12.94,12.94,12.94,12.94,9.45,9.45,9.45,9.45,6.9,6.9,6.9,6.9,4.84,4.84,4.84,4.84
fragment_04144,10,28.47,28.38,28.08,30.13,23.37,23.13,22.85,26.3,18.13,18.12,17.39,21.13,13.95,14.05,13.24,16.17,10.76,10.77,10.33,11.91,7.86,7.86,7.75,7.95,5.46,5.46,5.46,5.46
fragment_04145,1,27.84,27.84,27.84,27.84,21.73,21.73,21.73,21.73,16.11,16.11,16.11,16.11,11.65,11.65,11.65,11.65,8.45,8.45,8.45,8.45,5.74,5.74,5.74,5.74,3.94,3.94,3.94,3.94
fragment_04146,4,28.08,28.05,28.05,28.82,22.44,22.41,22.41,23.41,15.3,15.25,15.25,16.88,10.97,10.93,10.93,12.21,8.31,8.29,8.29,8.91,6.17,6.16,6.16,6.49,4.6,4.59,4.59,4.66
fragment_04147,2,28.79,28.81,28.73,28.81,21.66,21.67,21.63,21.67,15.21,15.22,15.2,15.22,11.35,11.35,11.34,11.35,8.35,8.36,8.35,8.36,6.11,6.12,6.11,6.12,4.41,4.41,4.41,4.41
fragment_04148,5,27.43,27.36,27.36,28.31,19.77,19.71,19.71,20.45,14.92,14.91,14.87,15.31,10.97,10.96,10.81,11.44,7.57,7.57,7.56,7.6,4.95,4.95,4.95,4.95,3.4,3.4,3.4,3.4
fragment_04149,2,27.73,27.74,27.73,27.74,26.38,26.38,26.38,26.39,20.5,20.5,20.5,20.51,15.17,15.17,15.17,15.18,10.83,10.83,10.83,10.84,7.55,7.55,7.55,7.55,5.37,5.37,5.37,5.37
fragment_04150,3,25.41,25.44,25.22,25.44,20.07,20.11,19.83,20.11,14.94,14.97,14.77,14.97,11.0,11.02,10.87,11.02,7.86,7.87,7.84,7.87,5.27,5.27,5.27,5.27,3.62,3.62,3.62,3.62
fragment_04151,9,27.92,27.93,27.76,28.03,20.13,20.56,19.21,20.56,13.75,14.27,12.69,14.27,10.26,10.46,9.8,10.47,8.05,8.08,7.92,8.12,6.35,6.4,6.22,6.41,5.04,5.06,4.99,5.07
fragment_04152,2,27.78,27.79,27.78,27.79,26.12,26.12,26.11,26.12,20.0,20.01,20.0,20.01,14.29,14.29,14.28,14.29,10.2,10.2,10.19,10.2,7.23,7.23,7.23,7.23,5.3,5.3,5.3,5.3
fragment_04153,22,26.32,26.32,26.26,26.36,20.22,20.22,20.2,20.4,15.72,16.06,14.99,16.33,12.71,13.16,11.2,13.21,10.36,10.68,8.84,10.69,7.96,8.05,7.02,8.12,5.72,5.73,5.49,5.73
fragment_04154,16,31.5,31.39,30.77,31.64,27.95,27.1,27.1,29.4,22.01,20.88,20.88,23.77,15.86,15.1,15.1,16.78,10.27,10.25,10.1,10.33,6.69,6.68,6.67,6.73,4.59,4.59,4.58,4.62
fragment_04155,7,28.31,28.25,28.12,28.56,24.18,23.67,23.55,24.87,18.77,18.33,18.21,20.0,15.12,14.89,14.38,16.76,11.51,11.32,10.74,12.97,8.7,8.51,8.29,9.44,6.49,6.45,6.33,6.58
fragment_04156,6,29.81,29.82,29.78,29.84,23.13,23.13,23.09,23.14,18.48,18.48,18.48,18.52,14.24,14.24,14.01,14.64,10.89,10.89,10.59,11.26,8.31,8.31,8.16,8.52,6.11,6.11,6.07,6.11
fragment_04157,14,27.95,28.01,27.9,28.01,20.4,20.56,19.41,21.37,14.58,14.82,13.56,15.57,11.28,11.48,10.54,11.86,8.93,9.04,8.63,9.07,6.84,6.89,6.68,6.92,5.39,5.42,5.3,5.43
fragment_04158,2,28.24,28.25,28.24,28.25,23.37,23.38,23.37,23.38,16.95,16.95,16.95,16.95,12.06,12.06,12.06,12.06,7.79,7.79,7.79,7.79,5.07,5.07,5.07,5.07,3.48,3.48,3.48,3.48
fragment_04159,4,30.31,30.14,30.14,30.77,24.68,24.17,24.17,26.62,16.98,16.39,16.39,19.6,11.37,11.08,11.01,12.77,7.71,7.58,7.53,8.29,5.37,5.37,5.36,5.4,3.7,3.7,3.7,3.71
fragment_04160,8,27.57,27.56,27.46,28.83,20.24,20.23,20.23,22.0,15.55,15.51,15.21,15.94,11.77,11.7,11.45,12.39,8.87,8.81,8.76,9.41,6.78,6.75,6.67,7.07,5.1,5.09,5.08,5.15
fragment_04161,4,27.85,27.78,27.77,27.93,20.58,20.23,20.23,20.95,14.84,14.6,14.6,15.1,11.25,11.17,11.17,11.32,8.19,8.17,8.17,8.22,5.85,5.85,5.84,5.85,4.11,4.11,4.11,4.11
fragment_04162,17,28.56,28.54,28.4,28.58,23.13,23.12,23.08,25.14,16.99,16.99,16.97,18.92,12.58,12.54,12.54,13.34,9.37,9.36,9.31,9.88,7.4,7.33,7.28,7.99,5.95,5.84,5.75,7.07
fragment_04163,8,33.86,33.87,32.68,33.91,30.71,30.72,28.92,30.85,22.71,22.71,22.38,23.77,17.18,17.18,17.18,17.79,12.27,12.27,12.24,12.4,8.24,8.24,8.23,8.25,5.66,5.66,5.65,5.67
fragment_04164,8,29.51,29.77,28.53,29.94,24.65,25.12,22.69,25.83,19.38,19.91,16.58,20.03,15.15,15.68,13.05,15.68,11.33,11.62,10.14,11.69,7.93,7.99,7.64,7.99,5.5,5.5,5.48,5.5
fragment_04165,2,28.99,28.99,28.29,28.99,22.83,22.83,22.32,22.83,16.82,16.82,16.48,16.82,12.53,12.53,12.21,12.53,9.45,9.45,9.28,9.45,6.6,6.6,6.6,6.6,4.54,4.54,4.54,4.54
fragment_04166,2,28.48,28.48,28.48,28.48,24.57,24.57,24.57,24.58,19.9,19.9,19.9,19.9,16.69,16.69,16.69,16.69,13.08,13.08,13.08,13.08,9.07,9.07,9.07,9.07,6.23,6.23,6.23,6.23
fragment_04167,6,27.87,27.85,27.84,28.03,20.36,20.38,18.96,20.85,15.03,15.25,13.26,15.25,11.75,12.09,10.1,12.09,8.93,9.16,7.9,9.16,6.56,6.66,6.15,6.66,4.61,4.61,4.59,4.61
fragment_04168,2,27.75,27.75,27.75,28.1,24.98,24.98,23.04,24.98,19.41,19.41,17.8,19.41,14.96,14.96,13.82,14.96,10.61,10.61,10.39,10.61,6.98,6.98,6.98,6.99,4.79,4.79,4.79,4.8
fragment_04169,3,30.85,30.84,30.84,30.94,28.67,28.67,28.67,28.71,26.24,26.29,25.67,26.29,21.97,22.02,21.42,22.02,16.51,16.53,16.28,16.53,11.39,11.4,11.37,11.4,7.87,7.87,7.87,7.87
fragment_04170,2,30.42,30.45,30.24,30.45,25.28,25.26,25.26,25.35,17.48,17.44,17.44,17.72,10.97,10.96,10.96,11.07,6.97,6.97,6.97,6.97,4.54,4.54,4.53,4.54,3.12,3.12,3.11,3.12
fragment_04171,4,28.74,28.74,28.73,28.74,21.63,21.63,21.63,21.63,15.04,15.04,15.04,15.04,10.66,10.65,10.65,10.67,7.84,7.82,7.82,7.86,6.12,6.1,6.1,6.14,4.83,4.82,4.82,4.83
fragment_04172,2,30.23,30.12,30.12,30.36,25.39,25.35,25.35,25.43,17.84,17.8,17.8,17.89,11.21,11.14,11.14,11.28,6.96,6.96,6.96,6.96,4.53,4.53,4.53,4.53,3.11,3.11,3.11,3.11
fragment_04173,14,28.58,28.84,28.16,29.16,22.83,24.3,20.06,24.84,17.43,19.09,13.77,20.27,14.4,15.6,11.65,16.85,11.57,12.16,10.13,12.83,8.44,8.62,8.11,8.67,5.94,5.95,5.93,5.96
fragment_04174,2,29.68,29.69,29.61,29.69,22.39,22.38,22.38,22.53,16.04,16.02,16.02,16.79,12.02,12.01,12.01,12.65,8.9,8.9,8.9,9.1,6.52,6.52,6.52,6.61,4.54,4.54,4.54,4.55
fragment_04175,3,28.72,28.76,28.65,28.76,21.13,21.15,21.11,21.15,15.82,15.85,15.78,15.85,12.84,12.86,12.81,12.86,10.18,10.19,10.17,10.19,7.54,7.54,7.53,7.54,5.37,5.37,5.36,5.37
fragment_04176,2,28.87,28.88,28.86,28.88,21.85,21.86,21.82,21.86,14.7,14.72,14.67,14.72,10.32,10.34,10.28,10.34,7.82,7.83,7.8,7.83,6.14,6.12,6.12,6.18,5.02,4.99,4.99,5.07
fragment_04177,21,30.47,30.54,29.91,30.54,25.08,26.17,23.89,26.17,20.08,21.65,18.52,21.65,15.73,17.06,14.34,17.06,11.23,11.86,10.34,11.86,7.75,7.83,7.36,7.83,5.38,5.38,5.34,5.38
fragment_04178,1,30.73,30.73,30.73,30.73,24.26,24.26,24.26,24.26,17.65,17.65,17.65,17.65,12.74,12.74,12.74,12.74,9.25,9.25,9.25,9.25,6.81,6.81,6.81,6.81,4.9,4.9,4.9,4.9
fragment_04179,28,28.18,28.38,27.69,28.4,20.43,21.03,18.73,21.11,14.83,15.39,12.3,16.31,10.97,11.28,8.8,12.1,8.5,8.74,6.79,9.15,7.0,7.07,5.83,7.65,5.83,5.78,4.99,6.61
fragment_04180,3,29.79,29.85,29.59,29.85,23.47,23.79,22.29,23.79,16.02,16.36,14.73,16.46,11.38,11.56,10.7,11.59,7.7,7.71,7.66,7.71,5.03,5.03,5.02,5.03,3.46,3.46,3.45,3.46
fragment_04181,2,28.16,28.16,28.16,28.83,20.03,20.03,20.03,21.9,12.83,12.83,12.83,14.1,9.13,9.13,9.13,9.98,6.96,6.96,6.96,7.56,5.56,5.56,5.56,5.89,4.45,4.45,4.45,4.64
fragment_04182,2,31.04,31.04,31.04,31.38,26.53,26.53,26.53,29.06,20.67,20.67,20.67,25.43,16.08,16.08,16.08,20.59,13.11,13.11,13.11,16.15,10.64,10.64,10.64,12.39,8.46,8.46,8.46,8.98
fragment_04183,12,28.06,27.97,27.97,28.59,20.22,20.24,19.64,20.33,13.59,13.61,12.7,13.77,9.12,9.19,8.29,9.26,6.54,6.53,6.0,6.64,5.09,5.09,4.69,5.17,4.11,4.11,3.8,4.17
fragment_04184,3,28.34,28.39,28.29,28.39,20.5,20.54,20.46,20.54,15.07,15.04,15.04,15.1,11.65,11.63,11.63,11.69,8.81,8.81,8.81,8.82,6.61,6.6,6.6,6.61,4.71,4.71,4.71,4.71
fragment_04185,7,29.73,29.73,28.7,29.73,22.79,22.79,22.2,22.79,16.25,16.25,15.46,16.25,11.34,11.34,11.33,11.97,8.35,8.35,8.34,9.16,6.42,6.42,6.42,6.94,5.07,5.07,5.07,5.35
fragment_04186,3,29.49,29.42,29.42,29.85,22.58,22.34,22.34,23.59,13.78,13.6,13.6,14.55,8.01,8.0,8.0,8.03,4.85,4.85,4.85,4.86,3.16,3.16,3.16,3.17,2.17,2.17,2.17,2.18
fragment_04187,1,30.46,30.46,30.46,30.46,24.43,24.43,24.43,24.43,18.28,18.28,18.28,18.28,14.55,14.55,14.55,14.55,10.88,10.88,10.88,10.88,7.38,7.38,7.38,7.38,5.07,5.07,5.07,5.07
fragment_04188,2,29.39,29.39,29.38,29.39,25.79,25.79,25.78,25.79,20.04,20.05,20.04,20.05,14.27,14.28,14.27,14.28,10.26,10.26,10.26,10.26,7.52,7.52,7.52,7.52,5.34,5.34,5.34,5.34
fragment_04189,7,30.29,30.14,30.14,31.06,24.63,24.22,24.1,27.16,17.1,16.69,16.43,20.0,11.55,11.31,11.18,13.12,7.88,7.76,7.76,8.3,5.38,5.38,5.38,5.4,3.7,3.7,3.7,3.71
fragment_04190,4,29.21,29.26,28.37,29.26,25.58,25.59,25.05,25.75,20.65,20.62,20.53,21.24,16.1,16.09,16.09,16.33,11.5,11.5,11.49,11.58,7.58,7.58,7.58,7.59,5.21,5.21,5.21,5.21
fragment_04191,20,29.75,29.75,29.74,29.76,23.21,23.21,23.2,23.21,16.43,16.43,16.42,16.43,11.39,11.4,11.39,11.4,7.74,7.74,7.74,7.74,5.59,5.6,5.54,5.6,4.37,4.38,4.21,4.4
fragment_04192,19,29.36,29.37,28.82,29.64,24.33,24.14,23.61,25.76,19.82,20.05,19.12,21.72,14.4,14.64,13.59,15.37,9.36,9.37,9.18,9.39,6.11,6.1,6.1,6.11,4.2,4.19,4.19,4.2
fragment_04193,14,27.94,28.02,27.83,28.02,20.17,20.29,19.22,20.46,13.8,13.94,12.59,14.24,9.96,10.05,9.16,10.22,7.32,7.37,6.99,7.59,5.45,5.48,5.24,5.67,4.28,4.3,4.14,4.49
fragment_04194,4,30.17,30.16,30.13,30.32,24.56,24.53,24.53,25.07,17.96,17.94,17.81,18.5,11.18,11.18,11.15,11.19,6.78,6.78,6.77,6.78,4.41,4.41,4.41,4.41,3.03,3.03,3.03,3.03
fragment_04195,19,27.96,27.91,27.89,28.02,20.3,20.55,19.26,20.55,13.99,14.3,12.71,14.31,10.12,10.25,9.45,10.28,7.71,7.75,7.4,7.79,6.03,6.05,5.83,6.09,4.9,4.91,4.71,4.99
fragment_04196,44,29.46,29.34,28.91,29.9,24.67,24.61,23.83,26.64,20.54,21.09,18.94,22.97,15.68,15.98,13.75,17.62,11.21,11.09,10.11,11.97,7.77,7.76,7.53,7.82,5.37,5.36,5.35,5.38
fragment_04197,12,31.3,31.57,30.27,31.57,30.81,31.27,28.0,31.27,27.36,27.87,23.16,27.88,20.56,20.81,18.67,20.82,13.45,13.51,13.03,13.51,8.79,8.79,8.78,8.79,6.04,6.04,6.03,6.04
fragment_04198,11,30.49,30.47,30.28,31.49,25.46,25.45,25.3,28.27,19.0,18.98,18.52,21.23,12.57,12.57,12.13,12.91,7.79,7.79,7.78,7.83,5.07,5.07,5.06,5.1,3.49,3.48,3.48,3.5
fragment_04199,4,28.95,29.22,28.61,29.22,24.12,23.95,23.87,25.19,19.32,18.72,18.72,20.86,14.73,14.29,14.08,15.8,11.28,11.16,11.06,11.41,8.34,8.31,8.24,8.38,5.92,5.92,5.92,5.93
fragment_04200,1,29.79,29.79,29.79,29.79,24.15,24.15,24.15,24.15,18.41,18.41,18.41,18.41,13.12,13.12,13.12,13.12,10.15,10.15,10.15,10.15,7.73,7.73,7.73,7.73,5.5,5.5,5.5,5.5
fragment_04201,8,28.34,28.22,28.22,29.84,23.0,22.77,22.77,25.72,17.84,17.87,17.01,20.58,13.72,13.88,13.01,15.51,10.4,10.46,10.02,11.12,7.31,7.31,7.25,7.33,5.03,5.03,5.03,5.04
fragment_04202,4,28.93,28.78,28.78,29.12,21.37,21.02,20.83,21.84,15.41,15.12,14.44,16.04,11.33,11.15,10.46,11.83,8.94,8.84,8.02,9.39,7.2,7.22,6.38,7.52,5.62,5.68,5.07,5.78
fragment_04203,3,30.79,30.79,30.49,31.22,26.17,26.17,25.64,26.56,20.67,20.67,20.03,20.77,15.91,15.91,15.37,15.91,11.37,11.37,10.97,11.37,7.91,7.91,7.85,7.91,5.44,5.44,5.43,5.44
fragment_04204,29,28.29,28.35,27.92,28.58,21.46,21.27,21.18,24.07,16.88,16.52,16.51,20.73,12.64,12.17,12.17,16.4,9.73,9.34,9.3,11.43,7.26,7.14,7.1,7.54,5.17,5.17,5.15,5.18
fragment_04205,8,30.44,30.38,30.38,31.34,25.58,25.45,25.26,28.0,18.98,18.83,18.59,21.68,12.56,12.51,12.51,13.46,8.1,8.09,8.09,8.16,5.29,5.29,5.29,5.31,3.63,3.63,3.63,3.65
fragment_04206,21,28.26,28.14,27.93,28.8,20.78,20.4,20.34,23.44,15.82,15.62,15.1,18.08,11.98,12.08,11.15,13.42,8.74,9.03,8.19,9.39,6.07,6.12,5.92,6.13,4.2,4.21,4.2,4.21
fragment_04207,1,23.39,23.39,23.39,23.39,15.54,15.54,15.54,15.54,12.38,12.38,12.38,12.38,9.95,9.95,9.95,9.95,7.61,7.61,7.61,7.61,5.65,5.65,5.65,5.65,4.03,4.03,4.03,4.03
fragment_04208,7,30.48,30.48,29.86,30.49,24.68,24.64,23.82,24.72,19.54,19.61,18.5,19.61,15.24,15.2,14.4,15.27,11.07,10.94,10.49,11.2,8.26,8.19,7.85,8.31,6.28,6.23,6.07,6.35
fragment_04209,2,28.56,28.58,28.18,28.58,22.96,22.99,22.16,22.99,17.33,17.37,16.23,17.37,11.21,11.21,10.97,11.21,6.84,6.84,6.84,6.84,4.45,4.45,4.45,4.45,3.06,3.06,3.06,3.06
fragment_04210,2,30.58,30.79,29.91,30.79,25.04,24.57,24.57,26.53,19.21,18.42,18.42,21.7,14.6,14.02,14.02,16.44,10.84,10.56,10.56,11.7,7.82,7.74,7.74,8.07,5.54,5.54,5.54,5.55
fragment_04211,1,27.44,27.44,27.44,27.44,17.71,17.71,17.71,17.71,8.88,8.88,8.88,8.88,4.86,4.86,4.86,4.86,2.95,2.95,2.95,2.95,1.92,1.92,1.92,1.92,1.32,1.32,1.32,1.32
fragment_04212,4,31.55,31.56,31.12,31.56,28.05,28.05,27.89,28.05,23.27,23.27,23.22,23.27,17.56,17.56,17.4,17.56,12.3,12.3,12.24,12.3,8.22,8.22,8.22,8.22,5.64,5.64,5.64,5.65
fragment_04213,1,28.48,28.48,28.48,28.48,21.19,21.19,21.19,21.19,14.33,14.33,14.33,14.33,10.52,10.52,10.52,10.52,7.84,7.84,7.84,7.84,5.55,5.55,5.55,5.55,3.82,3.82,3.82,3.82
fragment_04214,6,30.91,30.57,30.57,31.65,26.51,26.86,25.82,27.3,20.42,21.03,19.85,21.13,14.55,14.78,14.39,14.78,9.15,9.15,9.14,9.15,5.95,5.96,5.95,5.96,4.09,4.09,4.09,4.09
fragment_04215,6,28.79,28.78,28.77,28.8,21.65,21.65,21.64,21.66,15.06,15.05,15.04,15.08,10.98,10.92,10.92,11.06,7.94,7.89,7.88,8.02,6.15,6.07,6.07,6.28,5.19,5.12,5.11,5.29
fragment_04216,9,28.56,28.62,28.34,29.46,23.81,24.32,22.34,25.13,19.47,20.11,17.22,20.56,14.86,15.23,13.49,15.5,9.78,9.8,9.61,9.81,6.38,6.38,6.36,6.39,4.38,4.38,4.37,4.39
fragment_04217,11,28.54,28.51,28.49,29.14,25.25,25.23,24.5,27.13,19.69,19.68,18.74,22.91,14.73,14.65,14.19,18.17,11.05,10.8,10.54,13.33,8.67,8.36,8.1,10.11,6.92,6.69,6.49,7.72
fragment_04218,4,28.73,28.68,28.64,29.2,23.48,23.16,23.15,25.75,16.86,16.46,16.46,19.68,12.39,12.09,12.09,14.4,9.49,9.29,9.29,10.85,7.36,7.24,7.24,8.22,5.77,5.72,5.72,6.15
fragment_04219,2,27.87,27.89,27.86,27.89,25.49,25.52,25.47,25.52,18.77,18.79,18.74,18.79,13.07,13.1,13.05,13.1,9.6,9.61,9.58,9.61,7.03,7.03,7.02,7.03,5.23,5.23,5.23,5.23
fragment_04220,4,29.74,29.73,29.72,29.89,23.73,23.76,23.46,23.76,18.63,18.68,18.09,18.68,13.23,13.24,13.22,13.24,8.84,8.84,8.83,8.84,5.85,5.85,5.85,5.86,4.02,4.02,4.02,4.02
fragment_04221,23,27.79,27.81,27.7,28.78,19.37,19.94,18.7,23.01,13.66,14.82,11.95,17.28,10.37,11.49,8.15,11.98,7.31,7.82,5.68,7.84,4.99,5.11,4.2,5.11,3.49,3.51,3.27,3.51
fragment_04222,4,27.86,27.7,27.7,28.34,24.8,24.64,24.64,26.08,19.66,19.56,19.55,22.16,14.61,14.5,14.45,16.67,10.71,10.69,10.67,11.06,7.34,7.34,7.33,7.34,5.04,5.04,5.04,5.04
fragment_04223,53,28.26,28.28,27.67,28.48,21.34,21.02,20.83,23.06,16.18,15.61,15.52,19.04,11.64,10.82,10.8,14.73,8.87,8.12,8.1,10.83,6.86,6.48,6.35,7.54,5.08,5.04,4.83,5.18
fragment_04224,41,28.2,28.2,27.95,29.36,21.35,22.11,20.38,25.14,14.79,15.88,13.24,19.29,11.23,11.9,9.73,17.03,8.89,8.88,7.69,14.69,7.13,6.78,6.2,10.79,5.73,5.5,5.03,7.64
fragment_04225,24,28.24,28.27,28.08,29.1,20.52,20.42,20.17,23.57,14.59,14.16,14.12,17.88,10.37,9.75,9.64,13.06,7.69,7.24,7.14,9.21,5.8,5.62,5.56,6.21,4.24,4.22,4.22,4.27
fragment_04226,2,27.29,27.29,27.29,27.3,18.47,18.45,18.45,18.49,13.0,12.99,12.99,13.0,9.71,9.7,9.7,9.71,7.47,7.46,7.46,7.47,5.9,5.9,5.9,5.91,4.58,4.57,4.57,4.58
fragment_04227,32,27.7,27.62,27.62,27.91,19.5,19.12,19.12,20.49,12.91,12.47,12.34,13.96,9.1,8.81,8.7,9.75,6.63,6.47,6.4,7.0,4.99,4.87,4.81,5.25,3.96,3.86,3.82,4.2
fragment_04228,16,28.81,28.84,28.74,28.84,21.69,21.7,21.66,21.7,15.09,15.1,15.08,15.19,11.1,11.14,10.71,11.51,8.78,8.83,8.08,9.17,7.33,7.35,6.54,7.64,5.72,5.74,5.09,5.89
fragment_04229,31,28.53,28.45,28.1,30.1,23.92,24.11,22.45,27.51,18.55,19.07,16.75,21.53,13.46,13.86,12.39,14.22,8.66,8.67,8.51,8.68,5.64,5.64,5.62,5.65,3.87,3.88,3.86,3.88
fragment_04230,42,28.02,28.02,27.94,28.49,20.15,19.95,19.54,20.62,14.24,13.5,12.65,15.46,10.13,9.52,8.47,12.04,7.75,7.74,6.2,9.39,6.29,6.62,4.87,7.49,5.2,5.67,3.84,6.03
fragment_04231,6,28.23,28.48,27.82,28.48,21.13,22.25,19.38,22.25,15.63,16.83,13.73,16.83,11.0,11.43,10.33,11.43,6.97,6.98,6.96,6.99,4.54,4.54,4.54,4.55,3.12,3.12,3.12,3.12
fragment_04232,3,29.55,29.55,29.38,29.55,23.15,23.15,22.7,23.34,16.86,16.86,16.43,16.97,12.37,12.37,12.2,12.52,9.37,9.37,9.3,9.52,6.82,6.82,6.81,6.86,4.75,4.75,4.75,4.75
fragment_04233,2,27.74,27.75,27.63,27.75,19.76,19.76,19.72,19.76,13.67,13.67,13.63,13.67,10.45,10.45,10.42,10.45,8.4,8.4,8.39,8.4,6.65,6.65,6.64,6.65,5.27,5.27,5.27,5.27
fragment_04234,13,27.77,27.73,27.63,27.86,20.1,20.18,19.12,20.72,13.63,13.82,12.3,14.23,9.66,9.89,8.66,10.1,6.98,7.1,6.44,7.24,5.21,5.26,4.87,5.36,3.89,3.91,3.71,3.96
fragment_04235,12,27.38,27.4,27.31,27.41,18.64,18.65,18.62,18.65,12.88,12.79,12.59,13.11,10.11,9.99,9.71,10.63,8.59,8.68,7.97,9.23,7.23,7.46,6.61,7.73,5.8,5.93,5.48,5.99
fragment_04236,4,28.13,28.13,26.72,28.14,23.87,23.87,22.85,24.01,17.79,17.79,17.37,18.62,13.21,13.21,12.86,13.35,9.3,9.3,9.17,9.4,6.66,6.66,6.56,6.71,4.91,4.91,4.87,4.93
fragment_04237,2,30.89,30.89,30.89,30.96,24.98,24.98,24.9,24.98,18.06,18.06,18.05,18.06,12.04,12.04,12.03,12.04,7.93,7.93,7.93,7.93,5.29,5.29,5.29,5.29,3.63,3.63,3.63,3.63
fragment_04238,6,28.76,28.78,28.7,28.79,21.65,21.65,21.62,21.66,15.91,15.92,15.88,15.92,13.31,13.32,13.3,13.32,10.96,10.97,10.95,10.97,8.1,8.1,8.1,8.1,5.6,5.6,5.6,5.6
fragment_04239,18,30.82,30.78,30.5,31.75,26.0,26.03,24.76,29.36,19.94,20.32,18.34,23.09,14.0,14.33,13.33,14.59,8.84,8.85,8.76,8.87,5.76,5.76,5.74,5.77,3.95,3.96,3.94,3.97
fragment_04240,4,30.36,30.34,30.34,31.19,24.28,24.2,24.2,27.12,16.87,16.76,16.76,20.41,12.23,12.18,12.18,13.96,8.73,8.72,8.72,9.27,6.05,6.05,6.05,6.05,4.15,4.15,4.15,4.16
fragment_04241,22,28.85,29.03,28.06,29.27,23.2,22.8,21.98,24.59,17.27,17.02,15.65,19.19,12.08,12.14,10.78,13.48,8.13,8.21,7.63,8.42,5.44,5.44,5.39,5.48,3.75,3.74,3.74,3.76
fragment_04242,17,28.02,27.98,27.98,28.58,20.22,20.25,19.64,20.34,13.65,13.62,12.7,13.83,9.24,9.19,8.29,9.39,6.57,6.56,5.99,6.67,5.19,5.17,4.68,5.27,4.23,4.23,3.84,4.3
fragment_04243,2,29.74,29.74,29.74,29.75,23.2,23.2,23.2,23.2,16.66,16.72,16.59,16.72,12.28,12.43,12.12,12.43,8.58,8.74,8.4,8.74,5.78,5.78,5.77,5.78,3.97,3.97,3.97,3.97
fragment_04244,12,29.46,29.47,28.44,29.91,27.51,27.52,25.52,29.12,23.52,23.53,21.38,24.55,18.49,18.5,17.24,18.93,13.41,13.42,12.35,13.63,9.78,9.79,9.03,9.86,7.36,7.36,6.93,7.41
fragment_04245,4,29.96,29.96,29.96,30.51,24.26,24.26,24.21,25.23,18.16,18.16,18.1,18.98,14.31,14.31,14.13,14.65,10.41,10.41,10.05,10.45,7.04,7.04,7.03,7.04,4.84,4.84,4.84,4.84
fragment_04246,15,28.02,28.02,27.85,28.54,20.05,20.12,19.55,20.86,14.22,14.88,12.85,15.34,10.18,10.92,9.17,11.67,7.82,8.51,7.04,9.54,6.18,6.65,5.62,7.3,4.85,5.08,4.57,5.21
fragment_04247,23,27.47,27.49,27.44,27.5,19.49,19.49,19.45,19.5,13.42,13.53,13.06,13.7,10.59,10.78,9.91,10.89,9.04,9.23,8.38,9.77,7.9,8.09,7.18,8.88,6.87,6.93,6.3,7.7
fragment_04248,4,28.93,28.89,28.89,29.0,22.45,22.29,22.29,22.78,16.15,15.84,15.84,16.8,12.34,12.34,12.34,12.35,9.49,9.63,9.2,9.63,7.2,7.29,7.01,7.29,5.55,5.6,5.44,5.6
fragment_04249,6,28.33,28.29,28.22,28.72,23.18,22.94,22.94,25.19,16.99,16.63,16.63,19.11,12.81,12.6,12.54,14.3,9.17,9.13,8.93,10.11,6.63,6.61,6.61,6.8,4.67,4.67,4.66,4.67
fragment_04250,8,28.02,27.97,27.81,28.59,20.02,19.82,19.82,22.92,15.15,14.92,14.92,18.91,11.32,11.16,11.14,14.15,8.64,8.58,8.45,10.52,6.8,6.83,6.66,7.51,5.14,5.17,5.08,5.2
fragment_04251,3,23.41,23.41,23.41,23.47,15.92,15.93,15.09,15.93,12.48,12.49,11.77,12.49,9.98,9.98,9.98,10.07,7.96,7.96,7.96,8.33,6.18,6.18,6.18,6.51,4.92,4.92,4.92,5.16
fragment_04252,2,28.29,28.29,28.23,28.29,21.46,21.46,21.46,21.49,16.96,16.97,16.67,16.97,13.48,13.48,13.02,13.48,10.05,10.05,10.01,10.05,7.48,7.48,7.48,7.49,5.33,5.33,5.33,5.33
fragment_04253,4,28.06,28.08,28.02,28.64,21.06,21.08,20.44,21.08,15.54,15.67,14.36,15.67,11.34,11.52,10.97,11.52,8.61,8.74,8.34,8.74,6.9,7.01,6.67,7.01,5.66,5.72,5.54,5.72
fragment_04254,3,28.21,28.2,28.2,29.27,21.32,21.32,21.32,24.44,16.47,16.47,16.47,19.07,12.23,12.23,12.18,12.58,7.76,7.76,7.76,7.78,5.05,5.05,5.05,5.06,3.47,3.47,3.47,3.48
fragment_04255,6,29.09,29.3,28.81,29.3,26.89,27.1,26.28,27.1,21.83,21.81,21.17,22.18,16.11,16.07,15.81,16.33,11.17,11.17,11.02,11.23,7.86,7.87,7.77,7.89,5.71,5.71,5.68,5.72
fragment_04256,2,29.54,29.25,29.25,29.94,22.87,22.26,22.26,23.74,15.47,14.99,14.99,16.16,10.03,9.87,9.87,10.26,6.45,6.44,6.44,6.45,4.2,4.2,4.2,4.2,2.88,2.88,2.88,2.88
fragment_04257,3,29.61,29.63,29.45,29.9,22.04,21.95,21.95,23.65,13.68,13.61,13.61,14.79,8.31,8.31,8.31,8.38,5.05,5.05,5.04,5.08,3.29,3.29,3.28,3.3,2.26,2.26,2.25,2.27
fragment_04258,16,28.61,28.6,28.48,29.27,23.19,23.08,23.02,25.66,16.38,16.26,16.26,19.15,11.5,11.38,11.38,13.48,8.47,8.36,8.36,10.07,6.74,6.65,6.65,7.89,5.44,5.37,5.37,6.27
fragment_04259,10,28.68,28.68,28.19,29.51,23.17,23.14,22.73,25.58,17.96,17.94,16.74,19.76,13.02,13.01,11.86,13.63,8.54,8.54,8.07,8.64,5.61,5.61,5.59,5.63,3.86,3.86,3.85,3.87
fragment_04260,7,31.61,31.76,30.62,31.97,26.86,26.93,25.81,27.32,20.63,20.66,19.72,21.26,14.81,14.82,14.54,15.02,9.41,9.41,9.4,9.42,6.13,6.13,6.11,6.13,4.21,4.21,4.2,4.21
fragment_04261,11,28.5,28.54,27.93,29.89,23.0,22.8,22.51,25.79,17.69,17.65,17.01,20.49,13.6,13.71,12.97,15.49,10.3,10.3,10.01,11.1,7.29,7.29,7.25,7.33,5.03,5.03,5.03,5.04
fragment_04262,6,29.84,29.81,29.8,29.93,26.3,26.29,26.28,26.34,22.33,22.34,22.29,22.34,16.98,16.97,16.94,16.99,11.0,11.0,10.99,11.0,7.27,7.27,7.27,7.27,5.0,5.0,4.99,5.0
fragment_04263,2,31.12,31.12,31.12,31.12,26.77,26.77,26.77,26.77,21.51,21.51,21.51,21.51,14.74,14.74,14.74,14.74,10.01,10.01,10.01,10.01,7.23,7.23,7.23,7.23,5.07,5.07,5.07,5.07
fragment_04264,22,27.97,28.04,27.86,28.74,21.1,21.14,20.47,21.7,15.8,15.68,14.42,17.66,11.96,11.68,11.15,14.41,9.2,8.88,8.42,11.85,6.91,6.71,6.42,8.06,5.31,5.23,5.12,5.54
fragment_04265,7,28.47,28.75,28.2,28.81,22.2,24.14,20.48,24.25,16.48,18.78,14.42,19.0,13.38,15.17,11.63,15.56,10.68,11.51,9.67,11.92,7.77,8.06,7.37,8.11,5.55,5.57,5.5,5.57
fragment_04266,1,29.62,29.62,29.62,29.62,23.09,23.09,23.09,23.09,17.69,17.69,17.69,17.69,12.26,12.26,12.26,12.26,8.25,8.25,8.25,8.25,5.79,5.79,5.79,5.79,4.13,4.13,4.13,4.13
fragment_04267,52,30.31,30.22,30.16,31.17,24.5,24.84,24.03,27.59,16.89,18.02,15.96,20.36,11.8,13.4,10.72,14.31,8.65,10.01,7.73,10.24,6.55,7.11,6.0,7.12,4.83,4.89,4.69,4.9
fragment_04268,3,27.82,27.82,27.82,28.14,19.08,19.0,19.0,21.87,13.16,13.08,13.08,15.96,9.98,9.96,9.96,10.74,6.94,6.94,6.94,6.97,4.53,4.53,4.53,4.54,3.11,3.11,3.11,3.12
fragment_04269,1,30.48,30.48,30.48,30.48,24.47,24.47,24.47,24.47,18.16,18.16,18.16,18.16,14.07,14.07,14.07,14.07,10.29,10.29,10.29,10.29,7.16,7.16,7.16,7.16,4.92,4.92,4.92,4.92
fragment_04270,14,26.0,26.34,25.35,26.39,21.54,22.92,19.71,22.92,18.94,20.78,16.31,20.78,15.96,17.51,13.46,17.51,12.37,13.03,11.01,13.03,8.65,8.69,8.37,8.69,5.97,5.97,5.95,5.97
fragment_04271,3,28.65,28.62,28.62,29.07,22.27,22.22,22.21,23.37,16.26,16.21,16.21,17.31,12.0,11.95,11.94,13.13,8.9,8.85,8.85,9.81,6.73,6.72,6.72,7.0,4.86,4.86,4.86,4.87
fragment_04272,12,27.96,27.91,27.78,28.02,19.34,19.31,19.2,19.39,12.44,12.41,11.88,12.49,8.37,8.36,8.16,8.4,6.37,6.35,6.14,6.4,5.13,5.12,4.96,5.15,4.23,4.23,4.08,4.26
fragment_04273,1,28.32,28.32,28.32,28.32,20.1,20.1,20.1,20.1,13.02,13.02,13.02,13.02,9.03,9.03,9.03,9.03,6.47,6.47,6.47,6.47,4.96,4.96,4.96,4.96,3.71,3.71,3.71,3.71
fragment_04274,2,27.7,27.71,27.64,27.71,20.36,20.36,20.35,20.36,13.91,13.91,13.9,13.91,9.88,9.88,9.87,9.88,7.47,7.47,7.47,7.47,5.3,5.3,5.3,5.3,3.67,3.67,3.67,3.67
fragment_04275,15,27.91,27.93,27.71,28.09,25.09,25.0,25.0,26.66,18.81,18.83,18.3,20.22,14.06,14.15,13.44,14.48,10.42,10.45,10.02,10.95,7.65,7.67,7.51,7.7,5.46,5.46,5.44,5.46
fragment_04276,33,28.22,28.23,28.03,28.7,21.39,21.56,20.5,24.55,15.37,15.73,13.17,18.45,11.42,11.76,9.09,12.84,7.87,8.01,6.54,8.04,5.21,5.22,4.85,5.23,3.59,3.59,3.58,3.59
fragment_04277,20,28.03,28.03,28.01,28.61,20.25,20.27,19.65,20.29,13.68,13.64,12.7,13.81,9.26,9.2,8.29,9.38,6.61,6.53,5.95,6.85,5.32,5.24,4.63,5.51,4.49,4.42,3.85,4.71
fragment_04278,5,30.05,30.07,29.31,30.07,24.67,24.68,24.47,24.68,19.93,19.93,19.82,20.04,15.89,15.9,15.73,16.2,12.04,12.04,12.01,12.19,8.57,8.57,8.56,8.57,5.9,5.9,5.9,5.9
fragment_04279,1,30.21,30.21,30.21,30.21,23.49,23.49,23.49,23.49,16.9,16.9,16.9,16.9,12.61,12.61,12.61,12.61,9.21,9.21,9.21,9.21,6.82,6.82,6.82,6.82,4.93,4.93,4.93,4.93
fragment_04280,1,29.75,29.75,29.75,29.75,23.22,23.22,23.22,23.22,16.57,16.57,16.57,16.57,11.95,11.95,11.95,11.95,8.37,8.37,8.37,8.37,5.59,5.59,5.59,5.59,3.84,3.84,3.84,3.84
fragment_04281,1,30.7,30.7,30.7,30.7,24.57,24.57,24.57,24.57,18.28,18.28,18.28,18.28,14.3,14.3,14.3,14.3,10.64,10.64,10.64,10.64,7.66,7.66,7.66,7.66,5.51,5.51,5.51,5.51
fragment_04282,9,28.03,27.99,27.99,28.57,20.23,20.27,19.64,20.34,13.6,13.66,12.7,13.77,9.2,9.23,8.29,9.24,6.54,6.55,5.99,6.63,5.15,5.16,4.69,5.19,4.2,4.21,3.83,4.24
fragment_04283,2,27.88,27.88,27.87,27.88,21.95,21.94,21.94,21.95,16.58,16.58,16.58,16.58,11.99,11.99,11.99,11.99,8.69,8.69,8.69,8.69,5.87,5.87,5.87,5.87,4.03,4.03,4.03,4.03
fragment_04284,4,28.02,28.04,27.98,28.04,20.22,20.37,20.01,20.37,14.21,14.61,13.67,14.61,10.53,11.0,9.87,11.0,8.3,8.61,7.85,8.61,6.52,6.72,6.24,6.72,5.14,5.26,4.97,5.26
fragment_04285,3,30.31,30.12,30.12,30.75,24.78,24.16,24.16,26.62,17.14,16.38,16.38,19.6,11.47,11.08,11.08,12.78,7.76,7.58,7.58,8.29,5.38,5.37,5.37,5.4,3.7,3.7,3.7,3.71
fragment_04286,12,30.06,30.08,30.03,30.1,24.51,24.54,24.48,24.54,18.78,18.79,18.76,18.79,13.2,13.2,13.19,13.2,8.99,8.99,8.98,8.99,6.47,6.48,6.44,6.49,4.95,4.96,4.87,4.97
fragment_04287,23,28.23,28.22,28.04,28.87,21.09,20.84,20.72,22.99,15.9,15.35,15.35,17.56,11.66,11.32,11.17,12.49,7.62,7.6,7.55,7.72,4.98,4.98,4.97,5.02,3.42,3.42,3.42,3.45
fragment_04288,8,27.92,27.92,27.87,27.94,21.39,21.73,19.88,21.91,16.3,16.57,14.65,17.82,13.5,13.63,12.26,15.32,10.92,10.97,10.31,12.04,8.41,8.51,7.96,8.67,6.11,6.15,5.98,6.16
fragment_04289,4,29.71,29.75,29.42,29.76,24.22,24.25,24.04,24.25,20.42,20.45,20.2,20.46,15.57,15.63,15.25,15.63,9.94,9.94,9.94,9.94,6.47,6.47,6.47,6.47,4.44,4.44,4.44,4.45
fragment_04290,1,29.91,29.91,29.91,29.91,23.23,23.23,23.23,23.23,15.03,15.03,15.03,15.03,8.88,8.88,8.88,8.88,5.39,5.39,5.39,5.39,3.51,3.51,3.51,3.51,2.41,2.41,2.41,2.41
fragment_04291,2,28.06,28.06,27.65,28.06,22.78,22.78,22.37,22.78,16.24,16.24,16.15,16.24,11.96,11.96,11.78,11.96,9.35,9.35,9.25,9.35,7.4,7.4,7.32,7.4,5.87,5.87,5.82,5.87
fragment_04292,2,27.86,27.85,27.85,27.86,25.49,25.49,25.49,25.49,18.88,18.87,18.87,18.9,13.93,13.93,13.93,13.94,10.93,10.93,10.93,10.94,8.53,8.53,8.53,8.53,6.65,6.65,6.65,6.65
fragment_04293,2,28.21,28.21,27.8,28.21,22.87,22.87,22.47,22.87,16.37,16.37,16.35,16.37,11.89,11.89,11.8,11.89,8.75,8.75,8.72,8.75,6.44,6.44,6.43,6.44,4.51,4.51,4.51,4.51
fragment_04294,4,28.11,28.07,28.07,28.48,20.2,20.25,19.74,20.25,13.95,13.97,13.7,13.97,10.43,10.39,10.39,10.88,8.58,8.51,8.51,9.33,7.12,7.06,7.06,7.75,5.65,5.61,5.61,5.99
fragment_04295,18,27.84,27.79,27.73,28.83,19.43,19.07,18.88,22.21,14.15,13.3,13.07,17.2,11.4,10.69,10.27,13.3,8.72,8.54,8.04,9.6,6.21,6.2,6.0,6.29,4.32,4.32,4.32,4.32
fragment_04296,18,28.59,28.62,28.52,29.21,24.3,24.29,23.94,26.74,19.02,18.76,18.65,22.53,15.9,15.66,15.08,18.62,12.83,12.69,12.35,14.51,9.73,9.73,9.67,10.63,7.34,7.34,7.33,7.94
fragment_04297,2,27.58,27.59,27.5,27.59,18.92,18.93,18.89,18.93,12.88,12.88,12.85,12.88,9.67,9.67,9.65,9.67,7.45,7.45,7.45,7.45,5.35,5.35,5.35,5.35,3.7,3.7,3.7,3.7
fragment_04298,8,27.91,27.87,27.87,28.79,19.83,19.63,19.63,22.35,14.57,14.07,14.07,16.54,10.15,9.6,9.6,10.99,6.87,6.72,6.72,7.05,4.58,4.58,4.58,4.59,3.14,3.14,3.14,3.15
fragment_04299,1,28.04,28.04,28.04,28.04,21.47,21.47,21.47,21.47,15.88,15.88,15.88,15.88,11.65,11.65,11.65,11.65,8.46,8.46,8.46,8.46,6.08,6.08,6.08,6.08,4.48,4.48,4.48,4.48
fragment_04300,9,25.26,25.32,25.11,26.22,18.88,18.68,18.68,22.37,15.19,15.02,14.8,19.22,11.99,12.0,11.41,14.63,9.28,9.11,8.88,10.52,7.03,6.92,6.8,7.39,5.1,5.09,5.07,5.13
fragment_04301,2,28.15,28.15,28.15,28.16,22.84,22.83,22.83,22.84,16.51,16.51,16.51,16.51,12.23,12.22,12.22,12.23,8.71,8.71,8.71,8.71,5.93,5.93,5.93,5.93,4.07,4.07,4.07,4.07
fragment_04302,7,28.89,28.94,27.82,29.19,25.8,26.41,24.84,26.41,20.2,20.95,18.85,20.95,14.47,14.62,14.24,14.62,9.73,9.76,9.68,9.76,6.41,6.42,6.41,6.42,4.41,4.41,4.4,4.41
fragment_04303,10,29.03,29.03,28.8,29.32,22.5,22.28,22.27,23.03,16.01,15.85,15.74,16.63,11.97,12.21,10.93,12.21,8.8,8.97,8.13,8.97,6.71,6.81,6.27,6.81,5.19,5.24,4.98,5.24
fragment_04304,2,29.67,29.66,29.66,29.72,22.61,22.59,22.59,22.69,15.25,15.22,15.22,15.4,10.55,10.53,10.53,10.67,8.0,7.98,7.98,8.12,6.17,6.17,6.17,6.21,4.77,4.75,4.75,4.84
fragment_04305,17,23.86,23.86,23.37,24.42,19.73,19.81,18.67,20.35,16.82,16.58,15.58,18.37,12.46,12.05,11.2,14.04,9.21,8.97,8.69,10.12,6.84,6.72,6.59,7.27,5.1,5.04,4.99,5.31
fragment_04306,1,27.47,27.47,27.47,27.47,24.63,24.63,24.63,24.63,19.73,19.73,19.73,19.73,13.64,13.64,13.64,13.64,8.42,8.42,8.42,8.42,5.48,5.48,5.48,5.48,3.77,3.77,3.77,3.77
fragment_04307,1,30.2,30.2,30.2,30.2,24.27,24.27,24.27,24.27,17.92,17.92,17.92,17.92,13.48,13.48,13.48,13.48,9.55,9.55,9.55,9.55,6.33,6.33,6.33,6.33,4.35,4.35,4.35,4.35
fragment_04308,11,28.5,28.59,27.99,29.14,21.76,21.94,20.71,23.73,17.16,17.47,15.46,19.18,12.75,12.92,11.18,13.16,8.24,8.28,7.84,8.28,5.39,5.39,5.38,5.39,3.7,3.7,3.7,3.7
fragment_04309,8,28.74,28.75,28.69,28.79,21.63,21.64,21.61,21.67,15.21,15.2,15.17,15.24,11.44,11.42,11.41,11.47,8.78,8.77,8.77,8.96,6.75,6.74,6.74,6.82,4.83,4.83,4.83,4.84
fragment_04310,1,28.44,28.44,28.44,28.44,21.72,21.72,21.72,21.72,16.4,16.4,16.4,16.4,11.01,11.01,11.01,11.01,6.72,6.72,6.72,6.72,4.37,4.37,4.37,4.37,3.0,3.0,3.0,3.0
fragment_04311,1,29.91,29.91,29.91,29.91,23.39,23.39,23.39,23.39,16.68,16.68,16.68,16.68,11.26,11.26,11.26,11.26,7.08,7.08,7.08,7.08,4.61,4.61,4.61,4.61,3.17,3.17,3.17,3.17
fragment_04312,1,24.56,24.56,24.56,24.56,17.51,17.51,17.51,17.51,13.55,13.55,13.55,13.55,11.18,11.18,11.18,11.18,8.53,8.53,8.53,8.53,5.89,5.89,5.89,5.89,4.04,4.04,4.04,4.04
fragment_04313,8,28.03,27.99,27.83,28.57,20.04,19.81,19.81,22.94,15.15,14.9,14.89,18.91,11.31,11.13,11.11,14.16,8.63,8.56,8.42,10.64,6.84,6.84,6.66,7.95,5.37,5.38,5.29,5.75
fragment_04314,3,28.2,28.19,28.19,28.85,20.03,20.03,20.02,21.9,12.85,12.86,12.71,14.0,9.24,9.25,9.02,9.84,7.1,7.11,6.87,7.58,5.66,5.67,5.49,5.85,4.6,4.61,4.35,4.61
fragment_04315,2,27.73,27.72,27.72,27.73,24.82,24.81,24.81,24.84,18.06,18.04,18.04,18.07,12.27,12.26,12.26,12.27,8.24,8.23,8.23,8.24,5.39,5.39,5.39,5.39,3.7,3.7,3.7,3.7
fragment_04316,36,28.93,28.68,28.25,30.45,23.23,23.43,22.12,27.47,17.56,17.94,16.0,21.95,12.72,12.96,11.55,15.02,8.72,8.83,8.07,9.32,6.01,6.06,5.84,6.07,4.16,4.16,4.16,4.17
fragment_04317,17,28.62,28.53,28.4,30.01,25.43,25.32,24.0,28.09,19.97,19.76,18.27,23.61,15.07,14.77,13.84,18.49,11.13,10.66,10.16,14.05,8.57,8.16,7.73,10.65,6.84,6.55,6.26,7.89
fragment_04318,1,30.48,30.48,30.48,30.48,24.46,24.46,24.46,24.46,18.18,18.18,18.18,18.18,13.94,13.94,13.94,13.94,10.22,10.22,10.22,10.22,6.98,6.98,6.98,6.98,4.8,4.8,4.8,4.8
fragment_04319,20,28.81,28.82,28.73,28.83,21.68,21.69,21.65,21.69,15.14,15.09,15.07,15.63,11.0,10.7,10.7,11.95,8.52,8.07,8.05,9.68,7.15,6.53,6.52,8.03,5.63,5.13,5.11,6.04
fragment_04320,1,27.43,27.43,27.43,27.43,19.41,19.41,19.41,19.41,13.21,13.21,13.21,13.21,9.85,9.85,9.85,9.85,7.65,7.65,7.65,7.65,5.75,5.75,5.75,5.75,4.35,4.35,4.35,4.35
fragment_04321,8,25.3,25.27,25.27,25.5,19.69,19.88,17.88,19.88,16.89,17.19,14.24,17.19,14.93,15.3,11.93,15.3,12.1,12.43,9.39,12.43,9.5,9.74,7.56,9.74,6.92,6.99,6.07,6.99
fragment_04322,38,28.1,28.34,27.72,28.35,20.02,20.91,18.76,20.93,14.12,15.99,12.3,15.99,10.39,12.67,8.79,12.67,7.93,10.27,6.54,10.27,6.28,8.17,5.25,8.17,5.07,6.22,4.29,6.22
fragment_04323,6,30.74,30.56,30.56,31.57,25.98,25.77,25.77,28.05,18.7,18.62,18.62,20.53,12.0,12.01,11.95,12.15,7.34,7.33,7.33,7.36,4.78,4.77,4.77,4.79,3.28,3.28,3.28,3.29
fragment_04324,27,28.23,28.25,28.02,28.84,21.19,22.05,20.59,23.19,15.09,16.46,14.04,17.71,11.52,12.57,10.67,13.96,8.61,9.03,8.18,9.73,6.24,6.33,6.14,6.37,4.35,4.35,4.34,4.37
fragment_04325,2,27.61,27.61,27.6,27.61,19.75,19.75,19.75,19.75,13.3,13.3,13.3,13.3,8.93,8.94,8.93,8.94,6.04,6.05,6.04,6.05,3.95,3.95,3.95,3.95,2.71,2.71,2.71,2.71
fragment_04326,4,31.12,31.02,30.68,31.54,27.56,27.47,27.47,28.66,22.02,21.88,21.88,24.17,16.05,16.1,15.81,17.29,10.85,10.88,10.78,10.89,7.08,7.08,7.08,7.09,4.87,4.87,4.86,4.87
fragment_04327,2,27.82,27.83,27.82,27.83,25.4,25.42,25.39,25.42,18.71,18.72,18.7,18.72,13.17,13.18,13.15,13.18,9.84,9.85,9.83,9.85,7.44,7.44,7.43,7.44,5.5,5.51,5.5,5.51
fragment_04328,3,30.19,30.19,30.18,30.25,24.35,24.35,24.35,24.39,18.91,18.91,18.91,18.95,14.29,14.29,14.29,14.42,11.1,11.1,11.1,11.36,8.38,8.38,8.38,8.43,5.82,5.82,5.82,5.82
fragment_04329,8,28.49,28.49,28.32,29.15,25.18,25.18,24.48,26.91,19.63,19.62,18.68,22.25,14.56,14.54,14.1,17.08,10.62,10.61,10.21,12.37,7.85,7.84,7.66,8.46,5.81,5.81,5.76,5.82
fragment_04330,6,31.65,31.72,31.34,32.35,27.87,28.53,26.79,29.66,21.17,21.95,19.91,22.9,13.6,13.87,13.2,14.09,8.51,8.53,8.49,8.55,5.55,5.55,5.54,5.56,3.81,3.81,3.81,3.82
