name,n_conformers,pct_V_bur_boltz,pct_V_bur_min_E,pct_V_bur_min,pct_V_bur_max
fragment_00001,1,13.39,13.39,13.39,13.39
fragment_00002,1,15.43,15.43,15.43,15.43
fragment_00003,1,18.42,18.42,18.42,18.42
fragment_00004,1,21.67,21.67,21.67,21.67
fragment_00005,1,20.54,20.54,20.54,20.54
fragment_00006,1,23.71,23.71,23.71,23.71
fragment_00007,1,21.64,21.64,21.64,21.64
fragment_00008,2,20.19,20.18,20.18,20.2
fragment_00009,3,18.79,18.67,18.67,19.93
fragment_00010,1,21.33,21.33,21.33,21.33
fragment_00011,1,29.05,29.05,29.05,29.05
fragment_00012,1,21.64,21.64,21.64,21.64
fragment_00013,2,21.29,21.3,21.26,21.3
fragment_00014,1,18.18,18.18,18.18,18.18
fragment_00015,2,19.62,19.63,19.58,19.63
fragment_00016,4,22.93,22.93,22.51,24.79
fragment_00017,1,22.43,22.43,22.43,22.43
fragment_00018,1,18.93,18.93,18.93,18.93
fragment_00019,1,23.23,23.23,23.23,23.23
fragment_00020,2,20.48,20.47,20.47,20.52
fragment_00021,2,21.58,21.59,21.57,21.59
fragment_00022,3,23.85,23.5,23.5,25.26
fragment_00023,1,18.47,18.47,18.47,18.47
fragment_00024,6,24.08,24.08,24.08,26.47
fragment_00025,1,24.38,24.38,24.38,24.38
fragment_00026,1,16.33,16.33,16.33,16.33
fragment_00027,4,21.66,21.67,21.63,21.67
fragment_00028,1,21.55,21.55,21.55,21.55
fragment_00029,6,20.74,20.62,20.61,22.84
fragment_00030,4,21.67,21.68,21.63,21.68
fragment_00031,2,22.44,22.43,22.43,24.02
fragment_00032,1,17.03,17.03,17.03,17.03
fragment_00033,2,22.75,22.75,22.75,22.75
fragment_00034,3,18.8,18.79,18.79,20.08
fragment_00035,3,21.75,21.77,21.72,21.77
fragment_00036,1,23.62,23.62,23.62,23.62
fragment_00037,2,22.75,22.7,22.7,22.8
fragment_00038,1,21.65,21.65,21.65,21.65
fragment_00039,4,23.09,23.08,23.08,25.15
fragment_00040,2,19.06,19.05,19.05,19.1
fragment_00041,8,18.85,18.69,18.69,20.71
fragment_00042,2,21.1,21.11,21.06,21.11
fragment_00043,2,20.96,20.96,20.96,20.96
fragment_00044,2,20.27,20.28,20.27,20.28
fragment_00045,3,19.2,18.59,18.59,19.75
fragment_00046,1,23.21,23.21,23.21,23.21
fragment_00047,1,17.67,17.67,17.67,17.67
fragment_00048,3,19.59,19.49,19.49,19.76
fragment_00049,2,21.65,21.65,21.65,21.66
fragment_00050,1,21.68,21.68,21.68,21.68
fragment_00051,3,17.24,18.0,16.73,18.0
fragment_00052,4,21.63,21.65,21.6,21.65
fragment_00053,1,22.62,22.62,22.62,22.62
fragment_00054,1,21.67,21.67,21.67,21.67
fragment_00055,2,22.41,22.05,22.05,23.42
fragment_00056,2,18.82,18.81,18.81,18.84
fragment_00057,3,20.38,20.4,20.34,20.4
fragment_00058,4,21.65,21.67,21.62,21.67
fragment_00059,1,24.36,24.36,24.36,24.36
fragment_00060,1,24.61,24.61,24.61,24.61
fragment_00061,4,21.67,21.69,21.63,21.7
fragment_00062,1,19.35,19.35,19.35,19.35
fragment_00063,5,20.51,20.5,20.34,22.43
fragment_00064,1,18.03,18.03,18.03,18.03
fragment_00065,4,19.91,20.0,19.6,20.08
fragment_00066,3,24.08,23.6,23.6,24.67
fragment_00067,1,24.47,24.47,24.47,24.47
fragment_00068,5,23.94,23.93,23.93,26.1
fragment_00069,5,24.43,24.21,24.21,26.4
fragment_00070,3,24.39,24.21,24.21,26.22
fragment_00071,4,21.66,21.66,21.62,21.68
fragment_00072,1,18.01,18.01,18.01,18.01
fragment_00073,4,21.64,21.65,21.61,21.65
fragment_00074,1,24.54,24.54,24.54,24.54
fragment_00075,1,22.64,22.64,22.64,22.64
fragment_00076,1,21.62,21.62,21.62,21.62
fragment_00077,3,24.09,23.6,23.6,24.67
fragment_00078,9,19.14,18.95,18.95,20.92
fragment_00079,3,20.01,20.02,19.99,20.02
fragment_00080,2,21.7,21.7,21.67,21.7
fragment_00081,12,24.24,24.29,23.42,25.99
fragment_00082,1,23.23,23.23,23.23,23.23
fragment_00083,2,20.41,20.38,20.38,20.45
fragment_00084,5,22.31,22.18,22.18,24.67
fragment_00085,2,20.56,20.56,20.5,20.56
fragment_00086,2,21.31,21.32,21.27,21.32
fragment_00087,1,19.41,19.41,19.41,19.41
fragment_00088,2,25.34,25.34,25.34,25.35
fragment_00089,3,19.45,18.81,18.81,20.2
fragment_00090,1,20.29,20.29,20.29,20.29
fragment_00091,1,23.59,23.59,23.59,23.59
fragment_00092,4,21.66,21.67,21.64,21.67
fragment_00093,3,25.27,25.28,24.64,25.28
fragment_00094,3,18.16,18.18,17.93,18.18
fragment_00095,3,23.9,23.9,22.93,24.33
fragment_00096,2,18.52,18.52,18.52,18.55
fragment_00097,1,29.49,29.49,29.49,29.49
fragment_00098,2,24.5,24.51,23.79,24.51
fragment_00099,1,25.56,25.56,25.56,25.56
fragment_00100,3,23.75,23.82,23.16,24.06
fragment_00101,14,20.98,21.17,20.51,23.47
fragment_00102,1,25.45,25.45,25.45,25.45
fragment_00103,4,19.79,19.65,19.65,20.92
fragment_00104,2,21.68,21.69,21.65,21.69
fragment_00105,1,24.36,24.36,24.36,24.36
fragment_00106,1,22.83,22.83,22.83,22.83
fragment_00107,11,24.87,24.73,24.56,25.59
fragment_00108,3,23.74,23.8,23.17,24.05
fragment_00109,2,19.79,19.79,19.75,19.79
fragment_00110,1,10.36,10.36,10.36,10.36
fragment_00111,1,24.38,24.38,24.38,24.38
fragment_00112,4,21.64,21.65,21.61,21.66
fragment_00113,11,23.26,23.14,23.02,25.82
fragment_00114,1,18.83,18.83,18.83,18.83
fragment_00115,4,21.69,21.71,21.66,21.71
fragment_00116,2,21.68,21.68,21.68,21.68
fragment_00117,1,26.73,26.73,26.73,26.73
fragment_00118,1,24.55,24.55,24.55,24.55
fragment_00119,2,21.68,21.68,21.68,21.68
fragment_00120,14,25.94,25.62,25.62,28.49
fragment_00121,3,23.99,23.98,23.98,25.97
fragment_00122,2,21.69,21.7,21.19,21.7
fragment_00123,2,18.91,18.92,18.88,18.92
fragment_00124,1,23.24,23.24,23.24,23.24
fragment_00125,2,20.09,20.09,20.06,20.09
fragment_00126,5,22.78,22.78,22.49,23.17
fragment_00127,10,18.98,18.9,18.7,21.74
fragment_00128,2,20.18,20.18,20.17,20.18
fragment_00129,2,21.68,21.7,21.65,21.7
fragment_00130,1,18.08,18.08,18.08,18.08
fragment_00131,2,20.48,20.46,20.46,20.51
fragment_00132,3,18.81,18.58,18.58,19.82
fragment_00133,1,25.49,25.49,25.49,25.49
fragment_00134,1,23.63,23.63,23.63,23.63
fragment_00135,2,18.83,18.82,18.82,18.87
fragment_00136,2,25.0,25.0,25.0,25.0
fragment_00137,2,21.65,21.64,21.64,21.65
fragment_00138,2,22.26,22.17,22.17,24.81
fragment_00139,17,21.64,21.65,21.58,21.65
fragment_00140,2,21.55,21.55,21.55,21.55
fragment_00141,2,19.69,19.71,19.64,19.71
fragment_00142,3,19.03,19.0,19.0,22.29
fragment_00143,9,19.03,19.02,18.89,22.91
fragment_00144,2,22.15,22.15,21.67,22.15
fragment_00145,3,23.87,23.73,23.73,24.9
fragment_00146,9,22.32,22.32,21.57,22.53
fragment_00147,1,24.29,24.29,24.29,24.29
fragment_00148,3,22.44,22.44,22.44,23.38
fragment_00149,2,21.32,21.33,21.28,21.33
fragment_00150,2,22.26,22.18,22.18,24.86
fragment_00151,2,19.71,19.71,19.71,19.72
fragment_00152,6,29.88,29.67,29.67,31.77
fragment_00153,7,25.94,25.24,25.24,26.87
fragment_00154,4,21.69,21.71,21.66,21.71
fragment_00155,5,19.7,18.82,18.82,20.8
fragment_00156,3,20.96,20.97,20.47,20.97
fragment_00157,2,20.47,20.46,20.46,20.5
fragment_00158,22,18.9,18.69,18.69,21.74
fragment_00159,3,20.52,20.55,20.48,20.55
fragment_00160,2,24.15,24.14,24.14,26.8
fragment_00161,1,25.52,25.52,25.52,25.52
fragment_00162,1,22.94,22.94,22.94,22.94
fragment_00163,5,23.18,23.15,23.15,25.19
fragment_00164,1,8.99,8.99,8.99,8.99
fragment_00165,2,18.87,18.88,18.87,18.88
fragment_00166,3,19.9,19.91,19.89,19.91
fragment_00167,1,22.5,22.5,22.5,22.5
fragment_00168,11,21.36,21.37,20.68,23.42
fragment_00169,1,22.58,22.58,22.58,22.58
fragment_00170,6,26.02,25.87,25.87,28.25
fragment_00171,2,19.64,19.64,19.59,19.64
fragment_00172,1,23.21,23.21,23.21,23.21
fragment_00173,3,20.15,20.12,20.12,22.3
fragment_00174,3,22.43,22.43,22.43,23.35
fragment_00175,3,21.7,21.7,21.67,21.72
fragment_00176,2,24.14,24.13,24.13,26.76
fragment_00177,4,23.7,23.7,23.51,23.71
fragment_00178,2,20.5,20.48,20.48,20.53
fragment_00179,1,19.25,19.25,19.25,19.25
fragment_00180,2,21.68,21.68,21.68,21.68
fragment_00181,1,21.59,21.59,21.59,21.59
fragment_00182,1,21.66,21.66,21.66,21.66
fragment_00183,1,21.85,21.85,21.85,21.85
fragment_00184,4,23.26,23.16,23.16,23.39
fragment_00185,3,20.13,20.16,20.1,20.16
fragment_00186,1,23.22,23.22,23.22,23.22
fragment_00187,3,20.16,20.13,20.13,22.22
fragment_00188,3,21.06,21.11,20.81,21.11
fragment_00189,3,20.3,20.86,18.85,20.9
fragment_00190,1,19.7,19.7,19.7,19.7
fragment_00191,1,20.42,20.42,20.42,20.42
fragment_00192,2,23.16,23.17,23.14,23.17
fragment_00193,2,20.37,20.37,20.36,20.37
fragment_00194,4,21.68,21.69,21.65,21.69
fragment_00195,6,21.25,20.94,20.94,21.69
fragment_00196,1,21.86,21.86,21.86,21.86
fragment_00197,2,23.39,23.38,23.38,23.39
fragment_00198,14,19.6,18.91,18.89,22.1
fragment_00199,3,21.58,21.59,21.53,21.59
fragment_00200,6,26.02,25.87,25.81,28.24
fragment_00201,3,22.98,22.98,22.98,24.8
fragment_00202,1,23.21,23.21,23.21,23.21
fragment_00203,4,20.11,20.42,19.56,20.42
fragment_00204,2,21.32,21.33,21.3,21.33
fragment_00205,2,21.68,21.68,21.68,21.68
fragment_00206,25,25.38,25.28,24.6,27.06
fragment_00207,3,20.81,20.86,20.36,20.86
fragment_00208,2,22.69,22.69,22.29,22.69
fragment_00209,1,22.82,22.82,22.82,22.82
fragment_00210,2,19.83,19.83,19.83,19.83
fragment_00211,1,23.23,23.23,23.23,23.23
fragment_00212,4,21.63,21.63,21.63,21.64
fragment_00213,3,21.69,21.69,21.66,21.7
fragment_00214,10,23.19,23.01,22.93,25.61
fragment_00215,1,23.15,23.15,23.15,23.15
fragment_00216,6,23.19,23.19,23.11,25.27
fragment_00217,2,19.16,19.15,19.15,19.21
fragment_00218,1,24.18,24.18,24.18,24.18
fragment_00219,11,24.09,24.07,24.07,26.52
fragment_00220,6,20.26,20.28,20.22,20.29
fragment_00221,5,20.67,20.67,20.07,21.92
fragment_00222,1,24.56,24.56,24.56,24.56
fragment_00223,1,23.16,23.16,23.16,23.16
fragment_00224,1,18.87,18.87,18.87,18.87
fragment_00225,1,24.14,24.14,24.14,24.14
fragment_00226,3,20.01,19.59,19.59,20.37
fragment_00227,2,20.01,20.01,20.01,21.87
fragment_00228,1,24.4,24.4,24.4,24.4
fragment_00229,1,24.97,24.97,24.97,24.97
fragment_00230,4,21.67,21.67,21.64,21.69
fragment_00231,10,23.33,23.15,23.02,25.92
fragment_00232,11,21.61,21.62,21.59,21.66
fragment_00233,2,19.67,19.67,19.64,19.67
fragment_00234,9,24.46,24.08,24.05,27.54
fragment_00235,1,26.28,26.28,26.28,26.28
fragment_00236,6,21.62,21.62,21.59,21.64
fragment_00237,13,21.29,21.79,20.77,23.92
fragment_00238,2,21.65,21.67,21.62,21.67
fragment_00239,1,22.01,22.01,22.01,22.01
fragment_00240,3,19.1,18.71,18.71,20.04
fragment_00241,10,20.19,20.08,20.07,20.44
fragment_00242,1,24.87,24.87,24.87,24.87
fragment_00243,2,19.08,19.08,19.08,19.1
fragment_00244,5,24.02,24.0,24.0,26.09
fragment_00245,2,21.75,21.75,21.75,21.75
fragment_00246,7,23.12,23.06,23.06,25.26
fragment_00247,14,21.29,21.8,20.75,23.95
fragment_00248,7,23.88,23.72,23.72,26.31
fragment_00249,2,19.86,19.86,19.84,19.86
fragment_00250,3,22.61,22.63,22.39,22.63
fragment_00251,3,21.65,21.66,21.61,21.66
fragment_00252,6,26.73,26.73,25.93,26.93
fragment_00253,4,23.38,23.19,23.18,25.72
fragment_00254,1,24.37,24.37,24.37,24.37
fragment_00255,1,21.46,21.46,21.46,21.46
fragment_00256,5,24.61,24.54,24.54,25.46
fragment_00257,28,21.14,21.17,20.39,23.88
fragment_00258,1,20.15,20.15,20.15,20.15
fragment_00259,3,18.81,18.81,18.81,20.1
fragment_00260,10,24.45,24.08,24.06,27.04
fragment_00261,2,20.47,20.49,20.4,20.49
fragment_00262,9,24.09,24.07,24.07,26.46
fragment_00263,1,25.16,25.16,25.16,25.16
fragment_00264,2,19.89,19.9,19.87,19.9
fragment_00265,1,24.53,24.53,24.53,24.53
fragment_00266,1,21.51,21.51,21.51,21.51
fragment_00267,2,21.69,21.7,21.69,21.7
fragment_00268,1,23.23,23.23,23.23,23.23
fragment_00269,2,21.35,21.35,20.82,21.35
fragment_00270,5,24.03,24.01,24.01,26.08
fragment_00271,6,21.59,21.81,20.53,22.51
fragment_00272,7,21.66,21.68,21.62,21.68
fragment_00273,4,21.65,21.65,21.63,21.67
fragment_00274,7,19.34,19.28,19.24,22.91
fragment_00275,1,22.65,22.65,22.65,22.65
fragment_00276,2,23.16,23.15,23.15,23.18
fragment_00277,1,23.08,23.08,23.08,23.08
fragment_00278,5,23.08,23.07,23.07,25.2
fragment_00279,26,24.5,24.58,24.08,27.6
fragment_00280,16,26.57,26.0,26.0,30.11
fragment_00281,2,26.08,26.07,26.07,26.08
fragment_00282,7,24.18,24.17,24.17,26.7
fragment_00283,29,24.53,24.65,24.06,27.54
fragment_00284,1,23.67,23.67,23.67,23.67
fragment_00285,1,22.64,22.64,22.64,22.64
fragment_00286,6,28.04,28.04,28.04,30.37
fragment_00287,1,25.14,25.14,25.14,25.14
fragment_00288,11,18.95,18.7,18.7,21.57
fragment_00289,4,21.68,21.7,21.65,21.7
fragment_00290,2,22.36,22.36,22.36,22.64
fragment_00291,1,24.5,24.5,24.5,24.5
fragment_00292,26,19.04,18.74,18.73,22.18
fragment_00293,1,23.4,23.4,23.4,23.4
fragment_00294,1,23.24,23.24,23.24,23.24
fragment_00295,2,20.47,20.45,20.45,20.5
fragment_00296,1,23.59,23.59,23.59,23.59
fragment_00297,2,22.68,22.19,22.19,23.19
fragment_00298,1,22.76,22.76,22.76,22.76
fragment_00299,7,23.05,23.04,23.01,24.98
fragment_00300,5,22.86,22.53,22.45,25.09
fragment_00301,1,23.76,23.76,23.76,23.76
fragment_00302,17,23.99,23.94,23.85,25.78
fragment_00303,2,19.18,19.19,19.15,19.19
fragment_00304,4,20.02,20.02,20.0,21.95
fragment_00305,1,23.33,23.33,23.33,23.33
fragment_00306,2,25.28,25.26,25.26,25.34
fragment_00307,4,27.76,27.2,27.2,29.23
fragment_00308,2,22.58,22.58,22.06,22.58
fragment_00309,1,24.43,24.43,24.43,24.43
fragment_00310,3,20.38,20.39,20.33,20.39
fragment_00311,4,26.27,26.32,24.6,26.32
fragment_00312,2,18.76,18.77,18.73,18.77
fragment_00313,1,23.06,23.06,23.06,23.06
fragment_00314,2,21.75,21.75,21.74,21.75
fragment_00315,1,21.16,21.16,21.16,21.16
fragment_00316,10,23.46,23.76,22.37,26.22
fragment_00317,3,24.1,24.21,23.29,24.21
fragment_00318,15,25.98,26.03,23.52,26.32
fragment_00319,2,21.7,21.7,21.68,21.7
fragment_00320,1,23.6,23.6,23.6,23.6
fragment_00321,2,22.71,22.19,22.19,23.24
fragment_00322,2,21.31,21.31,21.28,21.31
fragment_00323,2,20.41,20.38,20.38,20.44
fragment_00324,4,20.66,20.63,20.59,22.79
fragment_00325,2,25.49,25.49,25.48,25.49
fragment_00326,1,24.39,24.39,24.39,24.39
fragment_00327,2,25.31,25.29,25.29,25.35
fragment_00328,2,22.31,22.3,22.3,25.06
fragment_00329,10,20.42,20.41,20.24,22.71
fragment_00330,2,25.32,25.33,25.32,25.33
fragment_00331,3,20.39,20.49,20.17,20.49
fragment_00332,8,21.65,21.68,21.63,21.68
fragment_00333,1,22.65,22.65,22.65,22.65
fragment_00334,1,24.53,24.53,24.53,24.53
fragment_00335,1,23.08,23.08,23.08,23.08
fragment_00336,4,20.66,20.63,20.59,22.79
fragment_00337,6,24.22,24.22,24.22,25.17
fragment_00338,2,20.42,20.4,20.4,20.46
fragment_00339,9,20.43,20.42,20.23,22.69
fragment_00340,2,19.06,19.05,19.05,19.09
fragment_00341,2,24.11,24.13,23.05,24.13
fragment_00342,3,24.94,24.9,24.9,27.29
fragment_00343,2,19.96,19.96,19.96,19.97
fragment_00344,17,24.72,24.62,24.29,26.75
fragment_00345,10,23.46,23.77,22.36,26.25
fragment_00346,1,22.6,22.6,22.6,22.6
fragment_00347,2,24.94,24.94,24.93,24.94
fragment_00348,2,25.41,25.42,25.39,25.42
fragment_00349,2,23.69,23.71,23.27,23.71
fragment_00350,5,24.15,24.15,24.13,25.12
fragment_00351,2,25.51,25.51,25.5,25.51
fragment_00352,2,23.53,23.41,23.41,23.66
fragment_00353,9,24.12,24.1,24.1,25.21
fragment_00354,3,20.31,20.32,20.26,20.32
fragment_00355,4,21.57,21.58,21.54,21.58
fragment_00356,2,24.29,24.93,23.51,24.93
fragment_00357,7,22.55,22.49,22.49,25.06
fragment_00358,4,23.78,23.7,23.7,25.69
fragment_00359,2,18.87,18.88,18.84,18.88
fragment_00360,1,23.52,23.52,23.52,23.52
fragment_00361,2,19.49,19.49,19.46,19.49
fragment_00362,9,24.26,24.28,24.2,25.21
fragment_00363,1,28.7,28.7,28.7,28.7
fragment_00364,3,20.02,20.01,20.01,21.93
fragment_00365,3,21.64,21.65,21.61,21.66
fragment_00366,1,18.56,18.56,18.56,18.56
fragment_00367,2,25.04,24.98,24.98,26.2
fragment_00368,2,18.64,18.65,18.61,18.65
fragment_00369,2,24.17,24.21,24.1,24.21
fragment_00370,2,25.42,25.43,25.41,25.43
fragment_00371,18,24.01,24.39,23.46,24.56
fragment_00372,7,24.23,24.22,24.22,26.81
fragment_00373,2,23.91,23.45,23.45,24.78
fragment_00374,2,20.44,20.44,20.43,20.44
fragment_00375,4,21.64,21.66,21.62,21.66
fragment_00376,1,25.53,25.53,25.53,25.53
fragment_00377,2,20.52,20.49,20.49,20.55
fragment_00378,3,20.12,20.12,20.12,23.3
fragment_00379,2,24.3,24.94,23.53,24.94
fragment_00380,2,21.67,21.67,21.66,21.67
fragment_00381,16,25.35,25.23,24.42,27.84
fragment_00382,4,24.54,24.05,24.05,25.2
fragment_00383,1,24.54,24.54,24.54,24.54
fragment_00384,1,23.28,23.28,23.28,23.28
fragment_00385,4,25.07,24.83,24.83,25.6
fragment_00386,2,19.64,19.64,19.58,19.64
fragment_00387,1,23.21,23.21,23.21,23.21
fragment_00388,1,23.55,23.55,23.55,23.55
fragment_00389,2,23.39,23.94,22.42,23.94
fragment_00390,1,21.76,21.76,21.76,21.76
fragment_00391,9,24.8,25.32,24.21,28.34
fragment_00392,2,20.4,20.43,20.36,20.43
fragment_00393,24,24.09,24.23,22.7,27.87
fragment_00394,2,25.75,25.75,25.75,26.18
fragment_00395,2,23.86,23.86,23.86,23.86
fragment_00396,2,21.69,21.69,21.69,21.69
fragment_00397,2,20.67,20.68,20.64,20.68
fragment_00398,1,23.54,23.54,23.54,23.54
fragment_00399,2,20.41,20.39,20.39,20.44
fragment_00400,1,24.24,24.24,24.24,24.24
fragment_00401,2,23.36,23.88,22.42,23.88
fragment_00402,1,27.78,27.78,27.78,27.78
fragment_00403,4,23.18,23.17,23.17,25.2
fragment_00404,4,23.28,23.47,22.9,26.04
fragment_00405,2,21.61,21.61,21.57,21.61
fragment_00406,2,22.38,22.38,22.38,22.53
fragment_00407,4,24.22,24.13,24.13,26.71
fragment_00408,2,21.76,21.77,21.76,21.77
fragment_00409,9,24.86,25.33,24.21,28.32
fragment_00410,20,19.1,19.18,18.91,23.02
fragment_00411,15,25.44,25.27,24.44,28.01
fragment_00412,6,23.19,23.19,23.12,25.47
fragment_00413,4,24.22,24.13,24.13,26.68
fragment_00414,4,22.81,22.8,22.8,22.83
fragment_00415,1,23.28,23.28,23.28,23.28
fragment_00416,6,25.11,25.06,24.43,25.75
fragment_00417,4,23.42,23.34,23.34,25.29
fragment_00418,1,24.49,24.49,24.49,24.49
fragment_00419,2,24.56,24.56,24.55,24.56
fragment_00420,2,24.11,24.14,23.05,24.14
fragment_00421,2,21.3,21.31,21.26,21.31
fragment_00422,2,23.76,24.11,23.12,24.11
fragment_00423,3,22.97,22.97,22.97,23.69
fragment_00424,1,23.2,23.2,23.2,23.2
fragment_00425,6,26.16,26.16,25.67,26.77
fragment_00426,1,24.43,24.43,24.43,24.43
fragment_00427,2,19.84,19.84,19.84,19.85
fragment_00428,2,25.32,25.32,25.32,25.32
fragment_00429,32,21.48,21.66,20.41,24.48
fragment_00430,1,17.58,17.58,17.58,17.58
fragment_00431,2,25.33,25.33,25.33,25.34
fragment_00432,2,21.12,21.12,21.07,21.12
fragment_00433,7,21.06,20.89,20.89,24.52
fragment_00434,1,21.54,21.54,21.54,21.54
fragment_00435,1,18.44,18.44,18.44,18.44
fragment_00436,1,25.53,25.53,25.53,25.53
fragment_00437,3,28.57,27.96,27.96,29.04
fragment_00438,2,20.36,20.38,20.35,20.38
fragment_00439,1,24.13,24.13,24.13,24.13
fragment_00440,2,21.71,21.71,21.7,21.71
fragment_00441,1,23.26,23.26,23.26,23.26
fragment_00442,50,18.9,18.69,18.69,21.86
fragment_00443,10,24.2,24.16,24.16,25.16
fragment_00444,12,21.37,22.07,20.49,23.82
fragment_00445,1,24.99,24.99,24.99,24.99
fragment_00446,1,23.59,23.59,23.59,23.59
fragment_00447,10,24.24,24.23,24.21,25.14
fragment_00448,9,20.1,18.8,18.8,22.2
fragment_00449,5,23.96,23.94,23.94,25.99
fragment_00450,16,26.57,26.0,26.0,30.11
fragment_00451,12,20.33,20.23,20.21,23.26
fragment_00452,3,20.38,20.4,20.34,20.4
fragment_00453,2,26.44,26.44,26.44,26.44
fragment_00454,2,26.01,26.01,26.01,26.01
fragment_00455,2,21.55,21.56,21.55,21.56
fragment_00456,3,20.39,20.41,20.34,20.41
fragment_00457,6,24.24,24.24,24.22,25.09
fragment_00458,22,19.09,18.7,18.7,22.55
fragment_00459,18,21.73,22.07,20.48,22.46
fragment_00460,6,20.01,20.0,20.0,21.95
fragment_00461,5,30.82,30.78,30.76,33.06
fragment_00462,10,24.68,24.34,24.26,27.57
fragment_00463,1,24.44,24.44,24.44,24.44
fragment_00464,1,24.37,24.37,24.37,24.37
fragment_00465,1,22.93,22.93,22.93,22.93
fragment_00466,1,22.93,22.93,22.93,22.93
fragment_00467,2,19.04,19.03,19.03,19.09
fragment_00468,2,21.48,21.48,20.97,21.48
fragment_00469,4,24.16,24.16,24.16,25.13
fragment_00470,1,23.27,23.27,23.27,23.27
fragment_00471,6,21.69,21.69,21.68,21.69
fragment_00472,2,22.55,22.55,22.55,22.6
fragment_00473,20,23.92,23.73,23.73,26.42
fragment_00474,10,24.88,25.1,24.26,27.59
fragment_00475,1,21.39,21.39,21.39,21.39
fragment_00476,3,21.63,21.64,21.58,21.64
fragment_00477,2,21.52,21.52,21.46,21.52
fragment_00478,11,20.35,20.24,20.22,23.4
fragment_00479,2,26.41,26.42,26.4,26.42
fragment_00480,1,23.15,23.15,23.15,23.15
fragment_00481,1,19.73,19.73,19.73,19.73
fragment_00482,1,20.94,20.94,20.94,20.94
fragment_00483,1,22.0,22.0,22.0,22.0
fragment_00484,7,19.1,18.95,18.95,22.51
fragment_00485,2,23.76,24.11,23.12,24.11
fragment_00486,1,24.41,24.41,24.41,24.41
fragment_00487,3,22.55,22.55,22.55,23.5
fragment_00488,6,19.1,18.94,18.94,22.46
fragment_00489,1,24.39,24.39,24.39,24.39
fragment_00490,4,24.21,23.97,23.97,26.22
fragment_00491,4,23.48,23.2,23.2,25.76
fragment_00492,10,24.23,24.26,24.17,25.15
fragment_00493,16,24.55,24.57,23.44,24.65
fragment_00494,1,23.79,23.79,23.79,23.79
fragment_00495,2,24.08,24.08,24.08,24.08
fragment_00496,2,19.05,19.04,19.04,19.09
fragment_00497,8,19.07,18.95,18.91,22.83
fragment_00498,8,24.22,24.28,24.15,25.17
fragment_00499,2,21.45,21.46,21.39,21.46
fragment_00500,16,21.65,21.65,21.58,21.66
fragment_00501,1,23.16,23.16,23.16,23.16
fragment_00502,3,24.62,24.21,24.21,25.5
fragment_00503,5,30.82,30.77,30.77,33.07
fragment_00504,2,25.44,25.45,25.44,25.45
fragment_00505,8,21.65,21.66,21.62,21.67
fragment_00506,4,23.07,23.05,23.05,25.13
fragment_00507,2,27.25,27.25,27.25,27.26
fragment_00508,2,20.54,20.56,20.45,20.56
fragment_00509,4,21.67,21.68,21.64,21.68
fragment_00510,1,21.16,21.16,21.16,21.16
fragment_00511,4,21.63,21.64,21.59,21.66
fragment_00512,9,23.23,23.13,23.04,25.86
fragment_00513,1,24.64,24.64,24.64,24.64
fragment_00514,2,22.73,22.73,22.3,22.73
fragment_00515,2,24.37,24.31,24.31,25.17
fragment_00516,3,22.4,22.4,22.4,23.23
fragment_00517,1,23.55,23.55,23.55,23.55
fragment_00518,4,27.89,27.89,27.49,28.87
fragment_00519,7,24.26,24.24,24.21,25.13
fragment_00520,7,20.75,20.58,20.58,24.13
fragment_00521,4,25.38,25.34,25.34,27.92
fragment_00522,11,18.99,18.97,18.71,22.02
fragment_00523,11,24.2,24.2,24.15,26.79
fragment_00524,2,20.64,20.63,20.63,20.66
fragment_00525,2,20.51,20.5,20.5,20.55
fragment_00526,4,24.2,23.96,23.96,26.19
fragment_00527,4,24.2,23.95,23.95,26.21
fragment_00528,11,32.96,33.11,31.26,35.02
fragment_00529,11,24.54,24.25,24.04,27.24
fragment_00530,2,21.69,21.68,21.68,21.69
fragment_00531,1,23.78,23.78,23.78,23.78
fragment_00532,1,23.48,23.48,23.48,23.48
fragment_00533,11,20.43,20.42,20.14,22.7
fragment_00534,23,19.04,18.7,18.69,21.75
fragment_00535,4,23.79,23.71,23.71,25.65
fragment_00536,24,27.28,26.79,26.22,30.15
fragment_00537,2,22.32,22.32,22.32,25.04
fragment_00538,2,21.75,21.75,21.74,21.75
fragment_00539,2,23.95,23.95,23.95,23.95
fragment_00540,1,23.13,23.13,23.13,23.13
fragment_00541,1,23.07,23.07,23.07,23.07
fragment_00542,1,23.84,23.84,23.84,23.84
fragment_00543,10,20.42,20.42,20.12,22.7
fragment_00544,2,20.03,20.03,20.03,21.87
fragment_00545,6,24.27,24.16,24.13,27.23
fragment_00546,1,23.27,23.27,23.27,23.27
fragment_00547,3,24.49,24.04,24.04,25.23
fragment_00548,2,25.54,25.53,25.53,25.55
fragment_00549,1,23.39,23.39,23.39,23.39
fragment_00550,10,24.55,24.31,24.03,27.23
fragment_00551,1,25.59,25.59,25.59,25.59
fragment_00552,3,23.43,23.35,23.35,25.3
fragment_00553,1,24.34,24.34,24.34,24.34
fragment_00554,2,23.88,24.34,23.07,24.34
fragment_00555,5,26.28,26.46,25.51,27.57
fragment_00556,13,21.3,21.31,20.7,23.78
fragment_00557,4,20.34,20.34,20.34,21.96
fragment_00558,2,21.72,21.71,21.71,21.73
fragment_00559,5,23.96,23.94,23.94,25.98
fragment_00560,7,21.61,21.61,21.58,21.65
fragment_00561,2,23.91,24.05,23.19,24.05
fragment_00562,2,21.56,21.56,21.55,21.56
fragment_00563,4,24.06,24.06,24.06,25.15
fragment_00564,2,21.65,21.65,21.65,21.66
fragment_00565,2,20.61,20.6,20.6,20.64
fragment_00566,3,21.11,20.79,20.79,21.37
fragment_00567,5,25.63,25.62,25.6,28.33
fragment_00568,2,21.13,21.13,21.1,21.13
fragment_00569,2,20.47,20.46,20.46,20.51
fragment_00570,2,24.37,24.15,24.15,25.0
fragment_00571,6,21.71,21.71,21.7,21.71
fragment_00572,3,24.61,24.18,24.18,25.5
fragment_00573,3,18.8,18.79,18.79,20.05
fragment_00574,4,24.95,25.01,24.67,25.03
fragment_00575,4,24.17,23.92,23.92,26.19
fragment_00576,2,25.38,25.4,25.36,25.4
fragment_00577,9,24.28,24.26,24.11,25.12
fragment_00578,11,25.7,25.47,24.16,26.69
fragment_00579,1,24.14,24.14,24.14,24.14
fragment_00580,3,19.18,18.76,18.76,20.13
fragment_00581,2,23.44,23.46,23.05,23.46
fragment_00582,1,25.2,25.2,25.2,25.2
fragment_00583,2,25.74,25.74,25.73,25.74
fragment_00584,2,21.77,21.77,21.76,21.77
fragment_00585,1,24.39,24.39,24.39,24.39
fragment_00586,1,24.46,24.46,24.46,24.46
fragment_00587,2,22.59,22.59,22.19,22.59
fragment_00588,4,25.03,24.93,24.93,26.76
fragment_00589,4,22.13,22.12,22.12,22.32
fragment_00590,8,24.2,24.28,23.57,24.28
fragment_00591,1,24.44,24.44,24.44,24.44
fragment_00592,1,16.86,16.86,16.86,16.86
fragment_00593,5,18.1,18.09,18.08,18.13
fragment_00594,5,20.12,20.11,19.85,21.5
fragment_00595,6,25.54,25.54,25.51,25.55
fragment_00596,4,20.04,20.04,20.04,21.89
fragment_00597,9,26.72,26.98,26.02,28.15
fragment_00598,2,24.14,24.39,23.47,24.39
fragment_00599,2,22.53,22.54,21.91,22.54
fragment_00600,6,21.63,21.62,21.59,21.65
fragment_00601,8,19.05,18.92,18.91,22.83
fragment_00602,1,23.15,23.15,23.15,23.15
fragment_00603,11,23.3,23.14,23.02,25.78
fragment_00604,2,23.6,23.64,23.22,23.64
fragment_00605,25,21.59,21.59,21.57,21.61
fragment_00606,26,26.75,25.9,24.83,28.47
fragment_00607,5,27.79,27.78,27.73,30.58
fragment_00608,4,21.66,21.65,21.65,21.67
fragment_00609,2,26.69,26.92,25.92,26.92
fragment_00610,1,23.32,23.32,23.32,23.32
fragment_00611,1,25.54,25.54,25.54,25.54
fragment_00612,4,22.55,22.55,22.53,22.55
fragment_00613,6,24.24,24.24,24.22,25.12
fragment_00614,1,22.44,22.44,22.44,22.44
fragment_00615,1,22.71,22.71,22.71,22.71
fragment_00616,1,20.15,20.15,20.15,20.15
fragment_00617,2,24.96,24.95,24.95,24.96
fragment_00618,1,19.73,19.73,19.73,19.73
fragment_00619,3,22.39,22.39,22.39,23.23
fragment_00620,1,21.68,21.68,21.68,21.68
fragment_00621,2,19.41,19.4,19.4,19.41
fragment_00622,22,24.67,24.67,24.23,28.35
fragment_00623,3,26.58,26.57,26.57,26.84
fragment_00624,1,25.48,25.48,25.48,25.48
fragment_00625,1,22.68,22.68,22.68,22.68
fragment_00626,1,24.49,24.49,24.49,24.49
fragment_00627,2,22.68,22.68,22.2,22.68
fragment_00628,4,22.14,22.13,22.13,22.31
fragment_00629,1,21.79,21.79,21.79,21.79
fragment_00630,2,25.73,25.73,25.73,26.19
fragment_00631,3,20.38,20.4,20.33,20.4
fragment_00632,1,25.17,25.17,25.17,25.17
fragment_00633,6,24.26,24.25,24.21,25.13
fragment_00634,2,23.74,23.99,23.45,23.99
fragment_00635,4,25.42,25.42,25.07,25.5
fragment_00636,18,23.21,23.06,23.05,25.55
fragment_00637,6,19.77,19.77,19.56,19.8
fragment_00638,2,20.54,20.6,20.36,20.6
fragment_00639,2,20.03,20.03,20.03,21.88
fragment_00640,1,21.47,21.47,21.47,21.47
fragment_00641,56,22.1,22.17,20.84,26.65
fragment_00642,5,23.12,23.15,22.28,23.15
fragment_00643,2,23.66,23.7,23.25,23.7
fragment_00644,15,20.98,21.37,19.94,22.28
fragment_00645,3,23.66,23.66,23.62,23.66
fragment_00646,8,24.27,24.26,24.21,25.16
fragment_00647,1,23.0,23.0,23.0,23.0
fragment_00648,6,26.16,26.16,25.67,26.75
fragment_00649,2,32.94,32.93,32.93,33.0
fragment_00650,1,23.19,23.19,23.19,23.19
fragment_00651,2,20.49,20.46,20.46,20.55
fragment_00652,42,24.77,25.84,23.49,26.12
fragment_00653,18,24.73,24.62,24.29,26.77
fragment_00654,21,18.99,18.72,18.71,21.88
fragment_00655,2,21.64,21.65,21.61,21.65
fragment_00656,2,18.9,18.9,18.86,18.9
fragment_00657,3,24.24,24.26,24.1,24.27
fragment_00658,5,21.29,21.31,21.25,21.31
fragment_00659,2,22.76,22.76,22.34,22.76
fragment_00660,16,20.4,20.46,19.4,20.63
fragment_00661,2,21.79,21.79,21.75,21.79
fragment_00662,1,24.97,24.97,24.97,24.97
fragment_00663,4,27.05,27.03,27.03,29.74
fragment_00664,7,21.06,20.89,20.89,24.54
fragment_00665,1,24.37,24.37,24.37,24.37
fragment_00666,4,25.55,25.68,25.18,27.47
fragment_00667,5,21.68,21.68,21.64,21.69
fragment_00668,1,24.49,24.49,24.49,24.49
fragment_00669,7,19.07,19.1,18.92,21.97
fragment_00670,3,20.27,20.25,20.25,20.3
fragment_00671,3,23.88,23.71,23.62,24.59
fragment_00672,10,23.38,23.13,23.02,25.97
fragment_00673,2,25.39,25.39,25.39,25.39
fragment_00674,2,28.98,28.98,28.98,28.98
fragment_00675,1,21.88,21.88,21.88,21.88
fragment_00676,4,25.09,24.85,24.85,25.6
fragment_00677,5,25.51,25.59,24.87,26.14
fragment_00678,4,23.73,23.73,23.4,23.73
fragment_00679,2,24.15,24.39,23.51,24.39
fragment_00680,36,27.65,27.62,26.04,29.91
fragment_00681,7,19.09,19.11,18.89,22.48
fragment_00682,6,20.77,20.58,20.58,24.2
fragment_00683,2,25.48,25.49,25.48,25.49
fragment_00684,1,24.34,24.34,24.34,24.34
fragment_00685,2,25.53,25.51,25.51,25.54
fragment_00686,1,24.34,24.34,24.34,24.34
fragment_00687,2,26.5,26.5,26.5,26.51
fragment_00688,1,23.83,23.83,23.83,23.83
fragment_00689,4,23.28,23.47,22.9,26.05
fragment_00690,1,28.17,28.17,28.17,28.17
fragment_00691,23,24.89,25.37,24.23,28.38
fragment_00692,6,19.11,18.96,18.96,22.45
fragment_00693,1,24.39,24.39,24.39,24.39
fragment_00694,2,17.49,17.5,17.49,17.5
fragment_00695,2,24.56,24.59,24.4,24.59
fragment_00696,6,20.39,20.42,20.35,20.42
fragment_00697,2,22.69,21.98,21.98,23.62
fragment_00698,9,18.98,18.98,18.89,21.95
fragment_00699,2,24.6,24.61,23.84,24.61
fragment_00700,3,23.13,23.13,23.13,23.16
fragment_00701,1,26.89,26.89,26.89,26.89
fragment_00702,4,21.75,21.77,21.72,21.77
fragment_00703,2,19.99,19.99,19.99,21.84
fragment_00704,2,24.38,24.39,24.38,24.39
fragment_00705,2,18.89,18.9,18.88,18.9
fragment_00706,2,32.91,32.94,32.56,32.94
fragment_00707,4,20.02,20.01,20.01,21.88
fragment_00708,2,24.07,24.07,24.07,24.24
fragment_00709,29,22.44,22.48,20.4,24.7
fragment_00710,4,25.32,25.3,25.3,27.52
fragment_00711,5,24.31,24.31,24.22,26.44
fragment_00712,4,30.23,30.28,30.18,30.5
fragment_00713,4,28.0,28.15,27.67,29.27
fragment_00714,3,20.19,20.19,20.17,20.19
fragment_00715,5,26.27,26.46,25.51,27.58
fragment_00716,10,23.86,23.69,23.45,24.5
fragment_00717,12,23.56,23.61,22.76,27.25
fragment_00718,5,18.89,18.87,18.83,22.61
fragment_00719,6,19.11,18.96,18.96,22.5
fragment_00720,5,21.63,21.64,21.6,21.64
fragment_00721,1,22.98,22.98,22.98,22.98
fragment_00722,2,21.76,21.76,21.75,21.76
fragment_00723,13,27.09,26.86,26.64,31.08
fragment_00724,2,24.01,24.01,24.01,24.01
fragment_00725,30,21.79,22.31,20.79,25.31
fragment_00726,1,24.52,24.52,24.52,24.52
fragment_00727,5,20.13,20.12,19.79,21.56
fragment_00728,10,19.19,19.21,18.7,22.49
fragment_00729,2,19.83,19.83,19.83,19.83
fragment_00730,9,24.13,24.13,24.11,25.21
fragment_00731,13,27.47,27.6,24.97,27.6
fragment_00732,3,18.97,18.97,18.97,18.97
fragment_00733,6,24.96,24.93,24.93,26.72
fragment_00734,1,23.28,23.28,23.28,23.28
fragment_00735,2,25.32,25.32,25.31,25.32
fragment_00736,1,24.14,24.14,24.14,24.14
fragment_00737,3,20.84,20.84,20.53,20.84
fragment_00738,1,23.78,23.78,23.78,23.78
fragment_00739,11,20.46,20.21,20.21,23.59
fragment_00740,5,29.97,29.5,29.5,30.91
fragment_00741,7,24.96,24.93,24.93,26.72
fragment_00742,2,24.36,24.3,24.3,25.15
fragment_00743,5,24.26,24.15,24.13,27.25
fragment_00744,4,26.23,26.23,25.39,28.49
fragment_00745,4,20.4,20.39,20.39,22.03
fragment_00746,8,25.52,25.51,25.49,25.56
fragment_00747,1,24.05,24.05,24.05,24.05
fragment_00748,38,24.81,25.91,23.26,26.19
fragment_00749,5,28.18,28.18,27.75,29.3
fragment_00750,2,19.8,19.8,19.76,19.8
fragment_00751,26,21.25,21.11,20.73,25.31
fragment_00752,4,25.02,24.93,24.93,26.76
fragment_00753,4,25.47,25.42,25.42,27.9
fragment_00754,4,23.78,23.64,23.45,25.2
fragment_00755,4,21.4,21.34,21.34,23.5
fragment_00756,20,24.65,24.99,24.09,27.56
fragment_00757,12,26.24,26.26,26.2,28.62
fragment_00758,13,25.64,25.46,24.17,26.78
fragment_00759,1,22.45,22.45,22.45,22.45
fragment_00760,66,22.0,22.27,20.87,26.65
fragment_00761,7,26.09,26.52,24.89,26.53
fragment_00762,3,23.77,23.63,23.45,24.24
fragment_00763,4,20.47,20.4,20.4,22.41
fragment_00764,29,22.34,22.46,20.4,24.59
fragment_00765,7,26.8,26.9,25.81,28.9
fragment_00766,2,26.19,26.19,26.19,26.19
fragment_00767,6,21.74,21.74,21.73,22.12
fragment_00768,1,23.19,23.19,23.19,23.19
fragment_00769,1,19.45,19.45,19.45,19.45
fragment_00770,19,24.0,24.03,23.38,25.93
fragment_00771,1,24.34,24.34,24.34,24.34
fragment_00772,2,18.89,18.9,18.86,18.9
fragment_00773,11,23.88,23.36,23.36,26.45
fragment_00774,2,18.91,18.92,18.88,18.92
fragment_00775,1,23.14,23.14,23.14,23.14
fragment_00776,1,22.64,22.64,22.64,22.64
fragment_00777,6,23.04,23.02,23.02,24.97
fragment_00778,1,24.11,24.11,24.11,24.11
fragment_00779,12,23.15,23.08,22.39,24.91
fragment_00780,2,26.13,26.14,26.12,26.14
fragment_00781,4,21.56,21.58,21.53,21.58
fragment_00782,1,23.06,23.06,23.06,23.06
fragment_00783,24,23.53,23.73,22.35,26.46
fragment_00784,2,21.71,21.71,21.7,21.71
fragment_00785,1,24.29,24.29,24.29,24.29
fragment_00786,13,20.53,20.2,20.2,23.6
fragment_00787,1,24.33,24.33,24.33,24.33
fragment_00788,14,20.97,21.31,20.65,23.7
fragment_00789,2,25.37,25.37,25.37,25.37
fragment_00790,1,28.42,28.42,28.42,28.42
fragment_00791,1,23.16,23.16,23.16,23.16
fragment_00792,4,28.0,28.16,27.66,29.26
fragment_00793,2,20.02,19.99,19.99,21.84
fragment_00794,2,23.33,23.33,23.33,23.33
fragment_00795,11,23.15,23.13,23.12,25.31
fragment_00796,4,20.47,20.45,20.45,22.44
fragment_00797,5,25.36,25.32,25.32,27.51
fragment_00798,14,23.76,24.36,23.03,25.39
fragment_00799,2,18.91,18.91,18.88,18.91
fragment_00800,2,21.4,21.42,21.38,21.42
fragment_00801,8,19.04,18.95,18.72,21.04
fragment_00802,2,19.62,19.62,19.59,19.62
fragment_00803,16,24.46,24.42,24.24,26.66
fragment_00804,25,21.74,21.98,20.9,25.4
fragment_00805,11,23.29,23.26,22.61,26.93
fragment_00806,2,25.39,25.41,25.36,25.41
fragment_00807,2,20.47,20.46,20.46,20.5
fragment_00808,2,22.46,22.43,22.43,23.13
fragment_00809,2,25.55,25.55,25.55,25.56
fragment_00810,2,21.45,21.45,20.92,21.45
fragment_00811,11,23.7,23.72,23.2,23.72
fragment_00812,1,23.55,23.55,23.55,23.55
fragment_00813,2,20.03,20.03,20.03,21.86
fragment_00814,4,19.89,19.91,19.86,19.91
fragment_00815,2,26.03,26.03,26.02,26.03
fragment_00816,4,25.51,25.51,24.99,25.51
fragment_00817,2,18.76,18.76,18.76,18.8
fragment_00818,2,24.55,24.54,24.54,24.56
fragment_00819,1,23.16,23.16,23.16,23.16
fragment_00820,4,25.51,25.71,25.06,26.0
fragment_00821,4,21.65,21.67,21.62,21.67
fragment_00822,3,22.55,22.51,22.51,24.22
fragment_00823,3,20.48,20.47,20.47,20.52
fragment_00824,2,23.26,23.26,23.26,26.6
fragment_00825,2,20.4,20.41,20.38,20.41
fragment_00826,2,20.18,20.18,20.17,20.18
fragment_00827,1,23.09,23.09,23.09,23.09
fragment_00828,20,24.63,24.95,24.08,27.54
fragment_00829,1,23.62,23.62,23.62,23.62
fragment_00830,1,24.32,24.32,24.32,24.32
fragment_00831,2,21.6,21.6,21.6,21.61
fragment_00832,6,22.08,22.08,21.67,22.08
fragment_00833,1,26.61,26.61,26.61,26.61
fragment_00834,32,20.92,21.03,20.49,23.4
fragment_00835,1,23.64,23.64,23.64,23.64
fragment_00836,4,22.64,22.64,22.64,22.71
fragment_00837,5,22.53,22.36,22.32,24.55
fragment_00838,1,20.95,20.95,20.95,20.95
fragment_00839,2,21.08,21.09,21.05,21.09
fragment_00840,4,21.66,21.67,21.66,21.67
fragment_00841,2,22.69,22.69,22.2,22.69
fragment_00842,4,25.47,25.39,25.25,26.74
fragment_00843,3,20.4,20.42,20.36,20.42
fragment_00844,1,24.82,24.82,24.82,24.82
fragment_00845,1,22.67,22.67,22.67,22.67
fragment_00846,6,21.35,20.86,20.85,23.35
fragment_00847,1,24.52,24.52,24.52,24.52
fragment_00848,12,23.29,23.26,22.59,26.93
fragment_00849,4,23.5,23.51,23.17,23.51
fragment_00851,2,22.63,22.63,21.83,22.63
fragment_00852,10,27.48,27.6,25.0,27.6
fragment_00853,5,25.63,25.62,25.6,28.33
fragment_00854,1,22.91,22.91,22.91,22.91
fragment_00855,3,20.75,20.75,20.75,20.98
fragment_00856,12,24.24,24.27,23.52,24.39
fragment_00857,4,23.45,23.19,23.18,25.81
fragment_00858,17,24.12,23.86,23.79,26.45
fragment_00859,2,26.38,26.36,26.36,26.4
fragment_00860,1,25.83,25.83,25.83,25.83
fragment_00861,8,24.73,24.74,24.24,26.26
fragment_00862,3,20.73,20.73,20.41,20.73
fragment_00863,1,23.71,23.71,23.71,23.71
fragment_00864,1,23.52,23.52,23.52,23.52
fragment_00865,5,24.09,24.09,24.08,25.2
fragment_00866,1,23.13,23.13,23.13,23.13
fragment_00867,4,19.77,19.64,19.64,22.06
fragment_00868,2,25.23,25.23,25.23,25.83
fragment_00869,2,19.49,19.68,19.29,19.68
fragment_00870,10,23.89,23.69,23.5,24.91
fragment_00871,12,26.24,26.26,26.19,28.59
fragment_00872,4,19.53,19.52,19.52,20.38
fragment_00873,2,20.54,20.6,20.37,20.6
fragment_00874,2,22.4,22.3,22.3,25.36
fragment_00875,4,27.05,27.02,27.02,29.74
fragment_00876,7,24.01,23.8,23.8,26.38
fragment_00877,4,21.61,21.61,21.58,21.62
fragment_00878,1,23.15,23.15,23.15,23.15
fragment_00879,6,20.28,20.3,20.26,20.3
fragment_00880,5,24.31,24.31,24.22,26.43
fragment_00881,6,27.49,27.2,27.2,29.98
fragment_00882,4,20.04,20.01,20.01,22.01
fragment_00883,9,20.54,20.54,20.1,22.14
fragment_00884,1,19.34,19.34,19.34,19.34
fragment_00885,1,23.64,23.64,23.64,23.64
fragment_00886,3,21.72,21.73,21.69,21.73
fragment_00887,6,24.11,24.11,24.11,26.65
fragment_00888,3,20.52,20.56,20.48,20.56
fragment_00889,1,23.07,23.07,23.07,23.07
fragment_00890,5,25.57,25.71,25.18,27.47
fragment_00891,3,25.64,25.64,25.19,25.79
fragment_00892,10,20.45,20.46,20.37,20.9
fragment_00893,2,26.03,26.53,25.0,26.53
fragment_00894,1,22.4,22.4,22.4,22.4
fragment_00895,2,21.04,21.04,21.03,21.04
fragment_00896,10,23.58,23.62,23.11,27.24
fragment_00897,1,21.66,21.66,21.66,21.66
fragment_00898,6,22.52,22.34,22.34,25.96
fragment_00899,2,21.66,21.67,21.65,21.67
fragment_00900,1,24.13,24.13,24.13,24.13
fragment_00901,6,24.37,24.27,22.86,26.54
fragment_00902,14,26.81,26.81,26.02,27.69
fragment_00903,5,24.09,24.01,24.01,26.99
fragment_00904,5,20.32,20.44,18.98,22.76
fragment_00905,2,21.51,21.51,21.51,21.51
fragment_00906,2,25.5,25.53,25.47,25.53
fragment_00907,13,26.31,26.03,25.97,28.98
fragment_00908,10,20.97,20.98,20.48,21.25
fragment_00909,1,21.21,21.21,21.21,21.21
fragment_00910,44,23.9,23.9,22.45,27.65
fragment_00911,1,24.38,24.38,24.38,24.38
fragment_00912,4,19.91,19.94,19.88,19.94
fragment_00913,2,20.44,20.42,20.42,20.48
fragment_00914,30,22.09,22.25,20.52,23.62
fragment_00915,1,22.67,22.67,22.67,22.67
fragment_00916,2,22.4,22.29,22.29,25.38
fragment_00917,3,21.64,21.66,21.6,21.66
fragment_00918,2,26.21,26.21,26.2,26.21
fragment_00919,56,21.24,21.21,20.38,23.76
fragment_00920,29,21.97,22.45,20.4,24.89
fragment_00921,11,23.44,23.15,23.03,25.88
fragment_00922,1,20.87,20.87,20.87,20.87
fragment_00923,6,19.07,19.09,18.95,21.97
fragment_00924,3,20.78,20.78,20.41,20.79
fragment_00925,12,20.63,20.26,20.26,23.93
fragment_00926,2,20.54,20.54,20.47,20.54
fragment_00927,1,23.57,23.57,23.57,23.57
fragment_00928,6,18.83,18.83,18.81,20.19
fragment_00929,3,23.89,23.72,23.62,24.58
fragment_00930,2,23.85,24.29,23.06,24.29
fragment_00931,3,21.2,21.25,20.8,21.25
fragment_00932,1,24.39,24.39,24.39,24.39
fragment_00933,4,23.24,23.24,23.0,23.56
fragment_00934,20,21.24,21.26,21.21,21.27
fragment_00935,1,22.4,22.4,22.4,22.4
fragment_00936,8,23.22,22.84,22.67,26.68
fragment_00937,2,23.1,22.96,22.96,23.28
fragment_00938,2,22.3,22.29,22.29,22.3
fragment_00939,2,26.0,26.0,25.98,26.0
fragment_00940,4,19.79,19.66,19.66,22.06
fragment_00941,3,20.38,20.39,20.33,20.4
fragment_00942,9,26.81,26.91,26.1,28.4
fragment_00943,4,20.02,20.02,20.02,21.89
fragment_00944,6,19.48,19.49,19.45,19.51
fragment_00945,25,21.9,22.13,20.77,24.46
fragment_00946,10,20.65,20.84,19.1,21.02
fragment_00947,1,22.02,22.02,22.02,22.02
fragment_00948,1,22.98,22.98,22.98,22.98
fragment_00949,1,24.55,24.55,24.55,24.55
fragment_00950,54,21.11,21.05,20.38,25.35
fragment_00951,7,20.09,20.0,20.0,22.03
fragment_00952,6,30.84,30.46,30.4,32.67
fragment_00953,4,20.01,20.01,20.01,21.88
fragment_00954,1,27.27,27.27,27.27,27.27
fragment_00955,3,22.56,22.52,22.52,24.18
fragment_00956,6,24.72,24.74,24.47,24.74
fragment_00957,2,25.97,25.98,25.97,25.98
fragment_00958,6,23.57,23.45,23.04,24.02
fragment_00959,2,18.92,18.92,18.88,18.92
fragment_00960,10,23.17,23.07,23.02,25.56
fragment_00961,3,20.54,20.57,20.51,20.57
fragment_00962,2,21.13,21.14,21.09,21.14
fragment_00963,1,27.22,27.22,27.22,27.22
fragment_00964,1,24.61,24.61,24.61,24.61
fragment_00965,4,21.37,21.39,21.33,21.39
fragment_00966,2,21.19,21.18,21.18,21.19
fragment_00967,3,20.41,20.43,20.36,20.43
fragment_00968,4,24.3,24.31,24.29,24.31
fragment_00969,6,23.07,22.66,22.26,24.23
fragment_00970,10,19.01,18.71,18.71,21.66
fragment_00971,55,21.25,21.51,20.36,24.35
fragment_00972,2,25.23,25.23,25.23,25.83
fragment_00973,2,22.84,22.81,22.81,22.91
fragment_00974,22,18.91,18.7,18.7,22.36
fragment_00975,28,25.66,25.71,24.67,29.35
fragment_00976,48,24.2,24.18,23.13,26.15
fragment_00977,6,23.04,23.02,23.02,24.97
fragment_00978,2,23.63,24.39,22.65,24.39
fragment_00979,11,22.12,22.28,20.8,23.76
fragment_00980,3,18.95,18.96,18.95,18.96
fragment_00981,2,23.25,23.25,23.25,26.16
fragment_00982,4,27.34,27.25,26.36,28.92
fragment_00983,5,21.03,21.05,20.41,21.05
fragment_00984,2,20.02,20.02,20.02,21.8
fragment_00985,1,22.62,22.62,22.62,22.62
fragment_00986,1,23.38,23.38,23.38,23.38
fragment_00987,16,24.12,23.86,23.79,26.46
fragment_00988,3,20.85,20.85,20.41,20.85
fragment_00989,13,24.99,24.13,24.13,26.84
fragment_00990,2,20.4,20.42,20.3,20.42
fragment_00991,29,21.63,21.46,20.38,22.56
fragment_00992,6,21.3,21.33,20.64,23.45
fragment_00993,2,25.41,25.41,25.41,25.41
fragment_00994,3,19.42,19.42,19.4,19.43
fragment_00995,2,21.68,21.68,21.68,21.68
fragment_00996,28,24.51,24.32,24.01,27.54
fragment_00997,10,20.47,20.21,20.05,21.08
fragment_00998,1,23.52,23.52,23.52,23.52
fragment_00999,3,24.93,24.9,24.9,27.27
fragment_01000,3,21.67,21.68,21.64,21.68
fragment_01001,1,19.46,19.46,19.46,19.46
fragment_01002,23,21.92,21.67,20.77,24.94
fragment_01003,6,24.32,24.32,24.21,26.42
fragment_01004,1,22.93,22.93,22.93,22.93
fragment_01005,5,24.68,24.23,24.23,26.13
fragment_01006,6,24.91,24.26,24.21,26.79
fragment_01007,6,18.38,18.18,18.18,19.08
fragment_01008,2,23.9,24.04,23.23,24.04
fragment_01009,2,24.37,24.13,24.13,25.0
fragment_01010,1,19.59,19.59,19.59,19.59
fragment_01011,9,20.55,20.54,20.02,22.24
fragment_01012,1,23.1,23.1,23.1,23.1
fragment_01013,2,18.93,18.94,18.89,18.94
fragment_01014,1,24.02,24.02,24.02,24.02
fragment_01015,3,23.78,23.78,23.78,24.1
fragment_01016,2,28.1,28.1,28.09,28.1
fragment_01017,3,25.61,25.55,25.5,26.64
fragment_01018,15,25.12,25.09,25.09,26.98
fragment_01019,1,24.64,24.64,24.64,24.64
fragment_01020,2,19.39,19.4,19.38,19.4
fragment_01021,2,19.42,19.42,19.42,19.42
fragment_01022,3,21.74,21.75,21.71,21.75
fragment_01023,1,23.0,23.0,23.0,23.0
fragment_01024,3,20.39,20.4,20.34,20.4
fragment_01025,2,19.8,19.8,19.77,19.8
fragment_01026,2,21.67,21.67,21.63,21.67
fragment_01027,2,22.7,23.18,22.18,23.18
fragment_01028,20,24.1,24.1,24.07,25.18
fragment_01029,3,25.83,25.67,25.67,26.94
fragment_01030,2,20.01,20.01,20.01,21.84
fragment_01031,8,24.13,23.96,23.92,24.7
fragment_01032,43,23.83,22.46,22.42,27.59
fragment_01033,1,24.52,24.52,24.52,24.52
fragment_01034,3,21.63,21.63,21.59,21.65
fragment_01035,1,22.92,22.92,22.92,22.92
fragment_01036,25,18.89,18.71,18.7,21.97
fragment_01037,11,20.83,21.46,20.24,23.21
fragment_01038,1,24.67,24.67,24.67,24.67
fragment_01039,45,27.77,28.73,25.38,29.08
fragment_01040,2,24.66,24.46,24.46,25.31
fragment_01041,2,23.73,23.73,23.72,23.73
fragment_01042,13,24.32,24.27,23.41,24.7
fragment_01043,3,15.99,16.07,15.94,16.07
fragment_01044,14,21.08,21.11,21.05,21.12
fragment_01045,41,24.49,24.91,23.14,26.7
fragment_01046,5,21.61,21.62,21.59,21.65
fragment_01047,1,23.05,23.05,23.05,23.05
fragment_01048,11,20.16,19.99,19.98,22.11
fragment_01049,4,21.32,20.9,20.9,22.23
fragment_01050,13,23.83,24.36,23.03,25.41
fragment_01051,4,21.55,21.56,21.52,21.58
fragment_01052,2,20.52,20.49,20.49,20.55
fragment_01053,14,23.05,23.04,23.04,24.92
fragment_01054,4,22.31,22.13,22.13,23.8
fragment_01055,2,22.74,22.75,22.3,22.75
fragment_01056,3,25.45,25.4,25.24,26.5
fragment_01057,6,26.57,26.98,26.17,28.21
fragment_01058,1,22.62,22.62,22.62,22.62
fragment_01059,1,23.25,23.25,23.25,23.25
fragment_01060,1,24.51,24.51,24.51,24.51
fragment_01061,4,25.29,25.67,24.82,25.67
fragment_01062,1,24.33,24.33,24.33,24.33
fragment_01063,16,21.61,21.59,21.31,23.53
fragment_01064,22,21.6,21.94,20.86,25.36
fragment_01065,2,20.54,20.55,20.44,20.55
fragment_01066,7,23.56,23.29,23.29,24.2
fragment_01067,1,22.5,22.5,22.5,22.5
fragment_01068,1,25.45,25.45,25.45,25.45
fragment_01069,2,23.89,23.75,23.75,25.03
fragment_01070,3,20.51,20.61,20.23,20.61
fragment_01071,2,21.46,21.46,20.95,21.46
fragment_01072,4,24.08,24.03,24.03,26.34
fragment_01073,1,27.56,27.56,27.56,27.56
fragment_01074,1,15.63,15.63,15.63,15.63
fragment_01075,2,21.76,21.77,21.75,21.77
fragment_01076,2,23.62,24.39,22.63,24.39
fragment_01077,1,24.48,24.48,24.48,24.48
fragment_01078,5,23.05,22.97,22.97,23.12
fragment_01079,10,23.33,23.23,23.0,26.63
fragment_01080,8,19.92,19.92,19.45,19.94
fragment_01081,1,21.75,21.75,21.75,21.75
fragment_01082,42,22.37,22.83,20.38,25.2
fragment_01083,7,22.83,22.48,22.28,25.9
fragment_01084,1,23.24,23.24,23.24,23.24
fragment_01085,4,23.34,23.19,23.19,25.75
fragment_01086,2,25.68,25.62,25.62,26.73
fragment_01087,2,24.62,24.62,24.62,24.62
fragment_01088,4,25.51,25.7,25.06,25.97
fragment_01089,2,26.55,26.54,26.54,26.55
fragment_01090,7,25.11,25.06,24.84,28.24
fragment_01091,1,22.94,22.94,22.94,22.94
fragment_01092,47,21.09,21.12,21.06,21.12
fragment_01093,8,24.25,24.27,24.2,25.21
fragment_01094,4,21.53,21.54,21.5,21.55
fragment_01095,30,21.82,21.8,20.69,24.87
fragment_01096,2,21.04,21.04,21.03,21.04
fragment_01097,23,24.75,24.39,24.16,27.64
fragment_01098,12,20.44,21.35,18.85,22.85
fragment_01099,11,21.77,21.78,21.72,21.79
fragment_01100,5,24.68,24.23,24.23,26.27
fragment_01101,32,21.69,22.12,20.77,25.2
fragment_01102,4,21.76,21.77,21.72,21.77
fragment_01103,1,24.77,24.77,24.77,24.77
fragment_01104,1,24.49,24.49,24.49,24.49
fragment_01105,2,23.34,23.38,23.29,23.38
fragment_01106,9,23.08,23.09,22.3,23.98
fragment_01107,1,24.54,24.54,24.54,24.54
fragment_01108,2,26.02,26.53,25.0,26.53
fragment_01109,2,21.76,21.77,21.76,21.77
fragment_01110,2,26.79,26.68,26.68,27.67
fragment_01111,31,22.17,21.96,20.81,23.92
fragment_01112,25,25.18,25.23,24.27,27.74
fragment_01113,3,21.56,21.57,21.53,21.57
fragment_01114,1,19.31,19.31,19.31,19.31
fragment_01115,10,23.52,23.41,23.41,26.75
fragment_01116,3,23.16,22.99,22.99,24.18
fragment_01117,2,18.78,18.77,18.77,18.81
fragment_01118,4,21.64,21.67,21.61,21.67
fragment_01119,1,24.46,24.46,24.46,24.46
fragment_01120,5,26.77,26.9,25.83,26.9
fragment_01121,2,21.62,21.64,21.59,21.64
fragment_01122,9,21.07,21.39,20.74,25.22
fragment_01123,18,26.25,26.92,24.8,26.92
fragment_01124,7,24.45,24.21,24.21,24.93
fragment_01125,7,23.08,22.68,22.34,24.28
fragment_01126,2,21.78,21.79,21.77,21.79
fragment_01127,1,18.09,18.09,18.09,18.09
fragment_01128,11,24.1,23.84,23.83,26.4
fragment_01129,1,23.22,23.22,23.22,23.22
fragment_01130,5,25.72,25.71,25.36,26.14
fragment_01131,5,23.02,22.92,22.92,24.93
fragment_01132,12,26.39,26.02,25.97,29.1
fragment_01133,1,23.66,23.66,23.66,23.66
fragment_01134,11,21.7,21.71,21.66,21.71
fragment_01135,2,22.75,23.26,22.19,23.26
fragment_01136,30,25.67,25.72,24.68,29.33
fragment_01137,33,21.63,22.11,20.71,25.19
fragment_01138,10,23.36,23.24,22.99,26.64
fragment_01139,4,18.98,19.01,18.88,19.02
fragment_01140,4,25.47,25.48,25.43,25.49
fragment_01141,15,23.89,23.61,23.11,27.29
fragment_01142,2,23.74,23.98,23.44,23.98
fragment_01143,2,21.65,21.65,21.64,21.65
fragment_01144,10,20.34,20.53,19.41,20.67
fragment_01145,8,22.31,22.63,21.66,24.26
fragment_01146,14,21.67,21.68,21.61,21.69
fragment_01147,4,21.73,21.74,21.71,21.74
fragment_01148,21,21.91,21.69,21.3,24.91
fragment_01149,12,23.4,23.25,23.25,25.66
fragment_01150,24,21.91,23.62,20.41,25.09
fragment_01151,20,20.46,20.48,19.34,21.3
fragment_01152,1,23.26,23.26,23.26,23.26
fragment_01153,2,24.6,24.61,23.59,24.61
fragment_01154,7,24.21,24.26,24.13,25.06
fragment_01155,2,23.01,22.98,22.98,23.2
fragment_01156,2,21.47,21.47,21.42,21.47
fragment_01157,1,23.59,23.59,23.59,23.59
fragment_01158,9,20.03,18.84,18.83,21.85
fragment_01159,3,25.58,25.58,25.58,25.69
fragment_01160,2,22.8,22.8,22.29,22.8
fragment_01161,3,18.74,18.74,18.74,20.05
fragment_01162,2,25.4,25.4,25.4,25.4
fragment_01163,1,22.14,22.14,22.14,22.14
fragment_01164,6,25.93,26.59,25.01,26.62
fragment_01165,2,19.96,19.97,19.94,19.97
fragment_01166,4,25.63,25.61,25.21,26.02
fragment_01167,9,21.63,21.65,21.6,21.68
fragment_01168,2,25.34,25.35,25.34,25.35
fragment_01169,9,21.97,22.09,20.46,25.4
fragment_01170,5,31.31,31.49,30.4,32.67
fragment_01171,2,19.79,19.79,19.76,19.79
fragment_01172,14,21.09,21.11,21.06,21.12
fragment_01173,1,23.62,23.62,23.62,23.62
fragment_01174,2,22.72,22.72,22.33,22.72
fragment_01175,2,23.81,23.81,22.92,23.81
fragment_01176,1,21.81,21.81,21.81,21.81
fragment_01177,1,21.69,21.69,21.69,21.69
fragment_01178,6,26.84,26.77,26.77,28.98
fragment_01179,4,26.07,26.09,25.53,26.82
fragment_01180,5,25.42,25.42,24.67,25.64
fragment_01181,2,24.31,24.28,24.28,27.06
fragment_01182,23,23.56,23.77,22.33,26.55
fragment_01183,1,22.98,22.98,22.98,22.98
fragment_01184,4,19.85,19.86,19.83,19.86
fragment_01185,1,21.93,21.93,21.93,21.93
fragment_01186,9,29.2,29.53,28.46,30.33
fragment_01187,1,21.93,21.93,21.93,21.93
fragment_01188,3,27.34,26.85,26.85,28.74
fragment_01189,3,20.93,20.94,20.93,20.94
fragment_01190,1,22.39,22.39,22.39,22.39
fragment_01191,8,26.97,26.99,25.85,27.78
fragment_01192,6,24.31,24.31,24.2,26.44
fragment_01193,3,21.21,21.32,20.87,21.32
fragment_01194,6,24.93,24.27,24.22,26.79
fragment_01195,25,24.9,25.19,24.12,27.64
fragment_01196,2,18.91,18.91,18.89,18.91
fragment_01197,9,23.21,23.19,22.45,23.33
fragment_01198,2,25.78,25.78,25.77,25.78
fragment_01199,13,27.9,28.33,27.06,29.61
fragment_01200,5,22.47,22.31,22.31,22.96
fragment_01201,4,18.9,18.88,18.88,22.69
fragment_01202,47,18.81,18.72,18.71,22.14
fragment_01203,8,21.79,21.85,20.52,22.54
fragment_01204,2,22.79,22.79,22.28,22.79
fragment_01205,4,22.57,22.08,22.08,23.69
fragment_01206,17,21.25,21.65,20.53,22.51
fragment_01207,7,21.49,21.82,20.48,22.79
fragment_01208,4,24.07,24.07,24.07,25.18
fragment_01209,3,19.9,19.92,19.89,19.92
fragment_01210,2,21.8,21.8,21.8,21.8
fragment_01211,1,23.57,23.57,23.57,23.57
fragment_01212,9,29.63,30.14,29.16,30.71
fragment_01213,2,22.68,22.68,22.29,22.68
fragment_01214,3,19.11,18.71,18.71,20.11
fragment_01215,1,23.19,23.19,23.19,23.19
fragment_01216,1,23.25,23.25,23.25,23.25
fragment_01217,1,22.22,22.22,22.22,22.22
fragment_01218,16,28.14,28.12,27.13,29.78
fragment_01219,2,19.8,19.8,19.76,19.8
fragment_01220,1,22.8,22.8,22.8,22.8
fragment_01221,1,23.69,23.69,23.69,23.69
fragment_01222,1,18.02,18.02,18.02,18.02
fragment_01223,2,23.89,23.75,23.75,25.04
fragment_01224,4,21.68,21.68,21.67,21.68
fragment_01225,3,19.41,19.42,19.41,19.42
fragment_01226,27,24.78,25.06,24.24,27.18
fragment_01227,8,20.15,20.44,18.66,21.37
fragment_01228,4,27.34,27.26,26.35,28.92
fragment_01229,2,20.42,20.4,20.4,20.45
fragment_01230,1,24.85,24.85,24.85,24.85
fragment_01231,19,24.1,24.11,24.06,25.19
fragment_01232,1,22.72,22.72,22.72,22.72
fragment_01233,2,19.98,19.97,19.97,21.82
fragment_01234,2,21.83,21.82,21.82,21.83
fragment_01235,1,24.05,24.05,24.05,24.05
fragment_01236,49,24.48,24.17,24.05,27.55
fragment_01237,26,21.45,22.08,20.4,25.28
fragment_01238,8,20.43,20.41,20.31,22.27
fragment_01239,5,21.17,21.18,21.13,21.18
fragment_01240,25,24.54,24.31,24.02,27.52
fragment_01241,3,20.52,20.56,20.48,20.56
fragment_01242,7,23.55,23.29,23.29,24.19
fragment_01243,8,23.23,22.84,22.61,26.7
fragment_01244,2,22.79,22.79,22.4,22.79
fragment_01245,9,24.23,24.26,24.17,25.11
fragment_01246,3,24.39,24.12,24.12,25.47
fragment_01247,3,21.59,21.59,21.56,21.62
fragment_01248,6,23.19,23.2,22.5,23.2
fragment_01249,2,25.34,25.34,25.34,25.34
fragment_01250,6,22.54,22.36,22.29,24.54
fragment_01251,1,23.62,23.62,23.62,23.62
fragment_01252,1,25.84,25.84,25.84,25.84
fragment_01253,2,20.4,20.38,20.38,20.44
fragment_01254,1,24.52,24.52,24.52,24.52
fragment_01255,19,20.41,20.37,19.36,21.47
fragment_01256,12,26.39,26.0,26.0,29.09
fragment_01257,10,26.72,26.98,26.03,28.13
fragment_01258,2,25.35,25.35,25.35,25.35
fragment_01259,5,24.09,24.09,24.09,25.19
fragment_01260,2,25.28,25.28,25.27,25.28
fragment_01261,7,19.29,18.82,18.82,23.03
fragment_01262,1,24.89,24.89,24.89,24.89
fragment_01263,2,25.56,25.56,25.54,25.56
fragment_01264,3,26.8,26.67,26.67,28.66
fragment_01265,25,23.87,23.88,23.28,26.85
fragment_01266,24,24.5,24.09,24.06,27.52
fragment_01267,1,23.16,23.16,23.16,23.16
fragment_01268,5,25.44,25.44,24.69,25.65
fragment_01269,4,23.7,23.79,23.44,23.79
fragment_01270,4,20.02,20.01,20.01,21.9
fragment_01271,12,23.37,22.88,22.73,25.76
fragment_01272,2,20.36,20.36,20.36,20.36
fragment_01273,1,27.71,27.71,27.71,27.71
fragment_01274,3,21.6,21.6,21.56,21.61
fragment_01275,2,26.34,26.31,26.31,26.39
fragment_01276,2,21.38,21.39,21.38,21.39
fragment_01277,2,22.49,22.56,22.31,22.56
fragment_01278,2,22.54,22.54,22.02,22.54
fragment_01279,22,19.27,18.92,18.92,22.95
fragment_01280,2,24.04,24.04,24.01,24.04
fragment_01281,2,24.08,24.08,24.08,24.24
fragment_01282,21,20.88,20.64,20.61,23.57
fragment_01283,4,20.05,20.04,20.04,22.17
fragment_01284,2,23.68,23.83,23.16,23.83
fragment_01285,2,18.88,18.88,18.88,18.88
fragment_01286,2,22.76,22.75,22.75,22.76
fragment_01287,14,31.32,32.07,30.09,34.07
fragment_01288,2,20.47,20.45,20.45,20.49
fragment_01289,8,22.8,22.64,22.46,24.4
fragment_01290,2,27.07,27.07,27.07,27.07
fragment_01291,2,19.42,19.43,19.42,19.43
fragment_01292,1,23.12,23.12,23.12,23.12
fragment_01293,6,20.02,20.0,20.0,21.88
fragment_01294,2,25.99,26.84,25.04,26.84
fragment_01295,26,19.28,18.94,18.94,22.92
fragment_01296,18,20.2,20.17,20.17,24.74
fragment_01297,2,19.43,19.43,19.43,19.43
fragment_01298,3,20.1,20.11,19.84,20.11
fragment_01299,2,25.37,25.36,25.36,25.37
fragment_01300,1,23.21,23.21,23.21,23.21
fragment_01301,3,18.93,18.66,18.66,19.98
fragment_01302,5,20.03,19.99,19.53,20.14
fragment_01303,2,24.39,24.4,24.23,24.4
fragment_01304,1,18.17,18.17,18.17,18.17
fragment_01305,2,26.73,26.73,26.73,26.73
fragment_01306,2,26.95,26.95,26.95,26.96
fragment_01307,1,24.7,24.7,24.7,24.7
fragment_01308,11,21.69,22.6,20.54,22.92
fragment_01309,1,20.1,20.1,20.1,20.1
fragment_01310,2,21.64,21.64,21.64,21.64
fragment_01311,47,24.53,24.98,24.05,27.58
fragment_01312,2,24.31,24.28,24.28,27.05
fragment_01313,3,23.16,22.99,22.99,24.1
fragment_01314,2,20.51,20.51,20.51,20.53
fragment_01315,4,25.37,25.37,25.36,25.37
fragment_01316,2,25.11,25.1,25.1,25.11
fragment_01317,9,26.17,26.08,25.96,29.29
fragment_01318,1,20.96,20.96,20.96,20.96
fragment_01319,15,26.89,26.8,25.33,29.97
fragment_01320,2,20.36,20.38,20.31,20.38
fragment_01321,2,21.76,21.76,21.76,21.76
fragment_01322,28,31.09,31.22,29.95,33.83
fragment_01323,3,20.37,20.37,20.36,20.37
fragment_01324,6,23.76,23.76,23.64,23.77
fragment_01325,40,22.63,23.66,20.6,23.89
fragment_01326,41,24.03,24.18,22.92,26.13
fragment_01327,3,25.81,25.66,25.66,26.4
fragment_01328,1,21.95,21.95,21.95,21.95
fragment_01329,4,23.58,23.57,23.49,26.15
fragment_01330,9,21.68,21.7,21.65,21.7
fragment_01331,1,23.21,23.21,23.21,23.21
fragment_01332,1,23.96,23.96,23.96,23.96
fragment_01333,1,24.44,24.44,24.44,24.44
fragment_01334,2,22.56,22.56,22.18,22.56
fragment_01335,10,22.43,22.38,20.49,23.62
fragment_01336,2,19.91,19.93,19.87,19.93
fragment_01337,2,22.68,22.68,22.28,22.68
fragment_01338,4,20.02,20.01,20.01,21.87
fragment_01339,2,22.69,21.97,21.97,23.64
fragment_01340,1,19.31,19.31,19.31,19.31
fragment_01341,1,25.03,25.03,25.03,25.03
fragment_01342,2,21.44,21.45,21.41,21.45
fragment_01343,4,30.47,30.49,30.16,30.49
fragment_01344,2,20.43,20.41,20.41,20.46
fragment_01345,1,22.16,22.16,22.16,22.16
fragment_01346,2,23.69,23.84,23.14,23.84
fragment_01347,11,18.92,18.71,18.71,21.68
fragment_01348,2,19.08,19.07,19.07,19.11
fragment_01349,3,24.92,24.92,24.38,24.92
fragment_01350,6,26.59,26.61,25.95,27.32
fragment_01351,2,26.46,26.48,26.45,26.48
fragment_01352,56,21.85,22.24,20.38,25.03
fragment_01353,9,24.76,24.47,24.36,27.0
fragment_01354,2,20.45,20.42,20.42,20.48
fragment_01355,8,27.87,28.09,25.21,28.09
fragment_01356,1,23.64,23.64,23.64,23.64
fragment_01357,2,21.69,21.7,21.67,21.7
fragment_01358,1,19.36,19.36,19.36,19.36
fragment_01359,1,22.78,22.78,22.78,22.78
fragment_01360,15,20.3,20.38,20.03,20.38
fragment_01361,8,23.52,23.34,23.34,26.4
fragment_01362,3,25.22,25.2,25.2,27.41
fragment_01363,10,20.35,20.61,19.89,22.03
fragment_01364,11,22.36,22.34,21.12,25.52
fragment_01365,14,23.04,23.03,23.02,24.77
fragment_01366,4,20.0,20.01,19.99,21.83
fragment_01367,5,20.16,20.16,20.06,21.79
fragment_01368,6,19.1,18.95,18.95,22.43
fragment_01369,6,25.55,23.41,23.41,26.97
fragment_01370,46,24.46,24.08,24.06,27.28
fragment_01371,16,21.08,21.35,20.69,23.95
fragment_01372,2,21.87,21.87,21.83,21.87
fragment_01373,5,19.73,19.73,19.7,19.75
fragment_01374,6,21.66,21.67,21.63,21.68
fragment_01375,3,20.44,20.42,20.42,20.48
fragment_01376,2,21.59,21.59,21.58,21.59
fragment_01377,1,26.97,26.97,26.97,26.97
fragment_01378,7,25.09,25.03,24.9,28.62
fragment_01379,1,22.68,22.68,22.68,22.68
fragment_01380,8,23.52,23.35,23.35,26.4
fragment_01381,5,21.67,21.68,21.64,21.68
fragment_01382,1,21.72,21.72,21.72,21.72
fragment_01383,2,25.52,25.52,25.52,25.53
fragment_01384,5,21.17,20.39,20.39,23.33
fragment_01385,2,20.56,20.57,20.51,20.57
fragment_01386,2,20.6,20.6,20.6,20.61
fragment_01387,7,21.68,21.68,21.64,21.69
fragment_01388,4,22.26,22.27,22.22,22.28
fragment_01389,4,22.76,22.92,20.38,23.06
fragment_01390,1,24.33,24.33,24.33,24.33
fragment_01391,8,21.61,21.85,20.5,22.81
fragment_01392,1,17.45,17.45,17.45,17.45
fragment_01393,6,24.22,24.22,24.21,25.17
fragment_01394,13,26.23,25.92,25.92,28.98
fragment_01395,2,22.03,22.04,21.47,22.04
fragment_01396,1,22.02,22.02,22.02,22.02
fragment_01397,2,24.53,24.54,24.53,24.54
fragment_01398,6,24.13,24.07,24.07,26.63
fragment_01399,1,23.57,23.57,23.57,23.57
fragment_01400,3,19.41,19.4,19.38,19.42
fragment_01401,10,19.17,18.71,18.71,21.14
fragment_01402,6,24.01,23.97,23.97,25.78
fragment_01403,2,22.64,23.08,22.18,23.08
fragment_01404,1,24.71,24.71,24.71,24.71
fragment_01405,7,19.29,18.83,18.83,23.03
fragment_01406,2,19.84,19.84,19.83,19.84
fragment_01407,44,24.47,24.89,23.49,25.79
fragment_01408,2,21.66,21.65,21.65,21.66
fragment_01409,5,26.84,26.92,26.49,26.92
fragment_01410,2,24.38,24.47,24.18,24.47
fragment_01411,5,21.33,21.34,21.3,21.34
fragment_01412,6,26.85,26.78,26.78,28.99
fragment_01413,8,23.02,22.92,22.43,26.13
fragment_01414,2,19.97,19.97,19.96,19.97
fragment_01415,3,19.42,19.43,19.39,19.43
fragment_01416,2,22.37,22.37,22.08,22.37
fragment_01417,13,19.23,19.05,18.87,20.37
fragment_01418,1,23.61,23.61,23.61,23.61
fragment_01419,8,22.81,22.64,22.46,24.51
fragment_01420,2,23.22,23.13,23.13,23.35
fragment_01421,2,20.54,20.53,20.53,20.58
fragment_01422,8,21.65,21.67,21.62,21.68
fragment_01423,2,24.38,24.38,24.38,24.38
fragment_01424,3,24.62,24.72,22.2,24.72
fragment_01425,3,23.86,23.86,22.92,23.9
fragment_01426,3,26.67,26.7,26.58,26.7
fragment_01427,3,20.02,20.02,20.02,21.95
fragment_01428,2,25.49,25.48,25.48,25.49
fragment_01429,10,21.23,21.53,20.77,24.02
fragment_01430,4,25.37,25.37,25.36,25.37
fragment_01431,1,24.15,24.15,24.15,24.15
fragment_01432,1,26.01,26.01,26.01,26.01
fragment_01433,1,22.62,22.62,22.62,22.62
fragment_01434,6,23.67,23.29,23.29,25.67
fragment_01435,9,19.7,19.71,19.68,19.73
fragment_01436,2,24.47,24.46,24.46,24.47
fragment_01437,2,19.39,19.38,19.38,19.41
fragment_01438,5,24.91,25.08,24.73,26.07
fragment_01439,1,22.45,22.45,22.45,22.45
fragment_01440,9,26.17,26.08,25.92,29.28
fragment_01441,2,21.13,21.14,21.08,21.14
fragment_01442,9,19.91,19.89,19.58,19.93
fragment_01443,5,25.32,25.41,24.81,27.09
fragment_01444,2,25.15,25.15,25.14,25.15
fragment_01445,5,23.15,23.15,22.29,23.84
fragment_01447,14,21.22,20.81,20.73,23.87
fragment_01448,1,22.4,22.4,22.4,22.4
fragment_01449,12,22.0,22.15,20.47,22.18
fragment_01450,2,20.6,20.6,20.6,20.63
fragment_01451,7,25.82,25.68,25.68,28.63
fragment_01452,1,23.0,23.0,23.0,23.0
fragment_01453,4,23.38,23.24,23.24,25.85
fragment_01454,4,21.67,21.67,21.67,22.21
fragment_01455,2,26.38,26.38,26.38,26.38
fragment_01456,2,25.41,25.4,25.4,25.42
fragment_01457,20,20.38,20.35,19.28,21.43
fragment_01458,17,23.88,23.6,23.16,27.29
fragment_01459,12,24.02,24.18,23.3,25.44
fragment_01460,8,20.07,20.06,20.05,23.21
fragment_01461,8,18.75,18.78,18.69,20.03
fragment_01462,1,25.09,25.09,25.09,25.09
fragment_01463,40,18.9,18.69,18.68,22.32
fragment_01464,1,21.75,21.75,21.75,21.75
fragment_01465,2,24.22,24.22,24.22,24.22
fragment_01466,3,25.86,25.86,25.85,26.06
fragment_01467,3,22.6,22.6,21.78,22.61
fragment_01468,8,23.38,23.12,23.11,25.81
fragment_01469,18,21.59,22.55,20.55,24.01
fragment_01470,4,24.3,24.3,24.3,25.31
fragment_01471,4,23.26,23.18,23.18,25.0
fragment_01472,2,20.36,20.39,20.3,20.39
fragment_01473,24,21.37,20.8,20.74,25.25
fragment_01474,3,23.22,23.15,23.15,24.37
fragment_01475,9,23.61,23.58,23.48,23.79
fragment_01476,7,19.05,18.91,18.91,22.44
fragment_01477,7,24.16,24.1,24.1,26.63
fragment_01478,1,22.63,22.63,22.63,22.63
fragment_01479,2,21.73,21.73,21.72,21.73
fragment_01480,8,26.88,26.86,25.87,26.95
fragment_01481,1,21.49,21.49,21.49,21.49
fragment_01482,4,26.25,26.25,25.4,28.49
fragment_01483,24,19.43,19.3,18.91,22.21
fragment_01484,10,22.13,22.02,21.05,25.13
fragment_01485,5,23.43,23.44,23.23,23.56
fragment_01486,8,21.91,21.66,21.66,23.91
fragment_01487,6,18.29,18.5,16.67,18.5
fragment_01488,1,24.27,24.27,24.27,24.27
fragment_01489,1,23.2,23.2,23.2,23.2
fragment_01490,1,24.11,24.11,24.11,24.11
fragment_01491,1,25.03,25.03,25.03,25.03
fragment_01492,2,26.03,26.05,26.02,26.05
fragment_01493,1,25.14,25.14,25.14,25.14
fragment_01494,1,24.2,24.2,24.2,24.2
fragment_01495,21,19.1,18.72,18.72,21.73
fragment_01496,8,20.36,20.33,20.27,22.32
fragment_01497,6,23.17,23.16,23.16,25.59
fragment_01498,1,24.5,24.5,24.5,24.5
fragment_01499,3,24.44,24.44,24.4,24.44
fragment_01500,6,29.91,29.58,29.58,31.04
fragment_01501,16,21.68,21.7,21.61,21.71
fragment_01502,5,20.32,20.44,18.97,22.83
fragment_01503,14,23.67,23.94,22.76,24.66
fragment_01504,1,23.08,23.08,23.08,23.08
fragment_01505,2,25.39,25.38,25.38,25.39
fragment_01506,5,23.11,22.96,22.96,23.33
fragment_01507,9,26.24,26.34,25.53,29.14
fragment_01508,2,21.68,21.68,21.68,21.69
fragment_01509,2,25.66,25.6,25.6,26.73
fragment_01510,6,23.65,23.65,23.64,23.95
fragment_01511,2,23.44,23.41,23.41,23.55
fragment_01512,2,22.65,22.65,22.26,22.65
fragment_01513,2,23.24,23.25,23.24,23.25
fragment_01514,1,24.41,24.41,24.41,24.41
fragment_01515,2,20.61,20.6,20.6,20.62
fragment_01516,3,22.63,22.62,22.31,22.81
fragment_01517,26,21.7,21.71,21.65,21.72
fragment_01518,6,17.75,17.75,17.75,17.93
fragment_01519,4,17.73,17.74,17.64,17.74
fragment_01520,6,19.11,19.18,18.95,22.48
fragment_01521,7,22.64,22.53,22.53,25.7
fragment_01522,6,22.8,22.96,22.37,24.35
fragment_01523,12,22.67,22.63,22.34,24.48
fragment_01524,3,25.21,25.2,25.2,27.45
fragment_01525,8,26.96,26.89,26.89,27.43
fragment_01526,1,23.21,23.21,23.21,23.21
fragment_01527,2,23.26,23.27,23.24,23.27
fragment_01528,19,21.25,21.27,21.19,21.27
fragment_01529,28,21.46,21.62,20.5,24.66
fragment_01530,5,26.83,26.85,26.25,26.85
fragment_01531,7,19.35,19.0,19.0,22.4
fragment_01532,1,23.98,23.98,23.98,23.98
fragment_01533,3,18.96,18.96,18.96,18.97
fragment_01534,2,22.59,22.6,22.08,22.6
fragment_01535,14,20.9,20.47,20.47,23.65
fragment_01536,4,25.29,25.66,24.82,25.66
fragment_01537,7,20.25,18.84,18.84,21.9
fragment_01538,6,21.07,21.09,21.05,21.13
fragment_01539,54,18.89,18.69,18.69,22.21
fragment_01540,12,23.39,23.16,23.03,26.06
fragment_01541,22,22.2,21.89,20.98,23.86
fragment_01542,2,22.11,22.12,21.54,22.12
fragment_01543,7,28.78,28.78,28.57,30.9
fragment_01544,14,19.82,18.88,18.87,22.15
fragment_01545,3,19.41,19.42,19.39,19.42
fragment_01546,4,24.37,24.33,24.33,27.24
fragment_01547,7,22.69,22.45,22.29,25.9
fragment_01548,24,21.62,21.96,20.86,25.32
fragment_01549,7,25.81,25.66,25.66,28.62
fragment_01550,5,25.61,25.59,25.23,26.07
fragment_01551,9,23.24,23.27,23.14,25.14
fragment_01552,2,23.72,23.32,23.32,24.53
fragment_01553,7,25.06,25.39,23.72,25.39
fragment_01554,13,20.3,20.19,19.46,20.59
fragment_01555,1,24.97,24.97,24.97,24.97
fragment_01556,2,20.36,20.37,20.36,20.37
fragment_01557,2,19.78,19.78,19.76,19.78
fragment_01558,2,26.0,26.0,25.98,26.0
fragment_01559,4,23.51,23.25,23.25,25.99
fragment_01560,2,25.48,25.48,25.48,25.49
fragment_01561,11,26.24,26.32,25.52,29.1
fragment_01562,10,27.44,26.92,26.92,29.32
fragment_01563,1,23.1,23.1,23.1,23.1
fragment_01564,4,22.33,22.23,22.23,22.87
fragment_01565,24,25.18,25.22,24.16,27.73
fragment_01566,4,20.53,20.51,20.51,24.21
fragment_01567,3,21.98,21.93,21.93,22.19
fragment_01568,2,23.4,23.4,23.4,23.4
fragment_01569,2,19.9,19.92,19.86,19.92
fragment_01570,8,23.34,23.1,23.1,25.73
fragment_01571,38,24.04,24.44,23.4,25.3
fragment_01572,3,19.87,19.84,19.84,19.9
fragment_01573,1,25.12,25.12,25.12,25.12
fragment_01574,2,26.24,26.24,26.24,26.24
fragment_01575,1,23.62,23.62,23.62,23.62
fragment_01576,4,24.55,25.39,23.13,25.39
fragment_01577,12,21.43,21.38,20.56,23.64
fragment_01578,7,21.08,21.09,21.05,21.1
fragment_01579,12,19.77,19.73,19.71,19.86
fragment_01580,12,21.18,20.81,20.81,23.93
fragment_01581,6,20.5,20.49,20.35,20.73
fragment_01582,1,22.75,22.75,22.75,22.75
fragment_01583,2,23.54,23.54,23.51,23.54
fragment_01584,2,25.5,25.51,25.5,25.51
fragment_01585,4,21.62,21.63,21.59,21.65
fragment_01586,6,19.05,18.91,18.91,22.48
fragment_01587,2,26.47,26.46,26.46,26.48
fragment_01588,26,22.46,21.82,20.59,24.0
fragment_01589,2,20.47,20.46,20.46,20.5
fragment_01590,4,19.88,19.9,19.85,19.9
fragment_01591,1,23.08,23.08,23.08,23.08
fragment_01592,8,25.63,26.47,24.87,26.47
fragment_01593,17,23.9,24.01,23.34,25.87
fragment_01594,2,21.6,21.62,21.57,21.62
fragment_01595,1,23.95,23.95,23.95,23.95
fragment_01596,1,24.57,24.57,24.57,24.57
fragment_01597,5,21.9,21.84,21.14,22.33
fragment_01598,20,24.09,24.1,24.04,25.06
fragment_01599,2,21.68,21.67,21.67,21.68
fragment_01600,17,21.7,21.72,21.65,21.72
fragment_01601,1,23.13,23.13,23.13,23.13
fragment_01602,2,23.04,23.04,22.65,23.04
fragment_01603,1,22.88,22.88,22.88,22.88
fragment_01604,11,20.74,20.74,19.2,21.38
fragment_01605,12,20.73,21.31,19.93,21.37
fragment_01606,2,20.5,20.48,20.48,20.53
fragment_01607,33,21.67,21.67,21.63,21.7
fragment_01608,2,20.49,20.48,20.48,20.52
fragment_01609,15,23.19,23.09,23.06,25.73
fragment_01610,10,25.57,25.56,25.44,25.6
fragment_01611,4,21.75,21.76,21.73,21.76
fragment_01612,1,21.64,21.64,21.64,21.64
fragment_01613,4,19.85,19.87,19.84,19.87
fragment_01614,45,23.3,22.92,22.54,24.89
fragment_01615,4,20.02,20.02,20.02,21.95
fragment_01616,3,20.37,20.36,20.36,20.39
fragment_01617,2,23.2,23.21,23.2,23.21
fragment_01618,2,20.54,20.56,20.49,20.56
fragment_01619,1,24.06,24.06,24.06,24.06
fragment_01620,7,25.6,26.43,24.89,26.43
fragment_01621,28,27.22,26.39,26.18,29.98
fragment_01622,2,26.0,26.88,25.04,26.88
fragment_01623,4,21.71,21.72,21.68,21.72
fragment_01624,6,21.4,21.39,19.86,22.59
fragment_01625,7,28.07,28.01,28.01,32.01
fragment_01626,27,18.91,18.7,18.7,21.81
fragment_01627,1,25.05,25.05,25.05,25.05
fragment_01628,3,23.15,23.15,23.15,23.19
fragment_01629,4,21.34,21.32,20.87,23.44
fragment_01630,4,21.62,21.62,21.61,21.64
fragment_01631,8,27.88,28.09,25.24,28.09
fragment_01632,1,23.26,23.26,23.26,23.26
fragment_01633,20,22.47,22.47,21.3,25.77
fragment_01634,10,24.02,24.19,23.3,25.42
fragment_01635,28,23.88,24.5,23.08,26.43
fragment_01636,3,18.96,18.95,18.95,18.96
fragment_01637,15,21.01,21.36,20.69,23.6
fragment_01638,10,19.94,19.84,19.38,22.38
fragment_01639,1,23.95,23.95,23.95,23.95
fragment_01640,4,21.62,21.64,21.59,21.64
fragment_01641,7,20.33,20.38,20.07,20.4
fragment_01642,7,21.68,21.68,21.63,21.69
fragment_01643,44,20.52,20.78,19.11,20.98
fragment_01644,4,22.16,22.15,22.15,22.32
fragment_01645,45,23.46,23.13,22.55,24.78
fragment_01646,5,24.36,24.04,24.04,26.82
fragment_01647,17,31.1,31.21,29.95,33.37
fragment_01648,1,25.35,25.35,25.35,25.35
fragment_01649,5,22.27,22.17,22.17,23.06
fragment_01650,2,20.36,20.37,20.35,20.37
fragment_01651,30,31.1,31.22,29.95,33.91
fragment_01652,3,23.27,23.19,23.18,25.67
fragment_01653,1,24.55,24.55,24.55,24.55
fragment_01654,4,22.32,22.07,22.07,23.52
fragment_01655,1,13.95,13.95,13.95,13.95
fragment_01656,2,20.39,20.37,20.37,20.43
fragment_01657,1,23.42,23.42,23.42,23.42
fragment_01658,2,21.76,21.76,21.76,21.77
fragment_01659,2,23.4,23.4,23.4,23.4
fragment_01660,4,21.58,21.6,21.56,21.6
fragment_01661,2,23.71,23.31,23.31,24.5
fragment_01662,8,24.52,25.23,22.97,25.77
fragment_01663,4,28.79,28.48,28.48,30.59
fragment_01664,3,24.04,24.04,24.04,24.95
fragment_01665,1,24.55,24.55,24.55,24.55
fragment_01666,3,18.81,18.81,18.81,20.11
fragment_01667,2,23.68,23.68,22.88,23.68
fragment_01668,2,26.34,26.34,26.34,26.34
fragment_01669,2,22.68,23.13,22.2,23.13
fragment_01670,2,27.84,27.84,27.84,27.85
fragment_01671,2,25.52,25.53,25.5,25.53
fragment_01672,2,22.68,22.68,22.29,22.68
fragment_01673,9,18.95,18.83,18.7,21.63
fragment_01674,1,27.63,27.63,27.63,27.63
fragment_01675,9,19.82,19.84,19.8,19.87
fragment_01676,7,20.06,20.05,20.05,22.16
fragment_01677,2,24.59,25.5,23.3,25.5
fragment_01678,1,24.53,24.53,24.53,24.53
fragment_01679,1,22.21,22.21,22.21,22.21
fragment_01680,2,20.5,20.49,20.49,20.53
fragment_01681,7,19.1,18.95,18.95,22.42
fragment_01682,1,23.5,23.5,23.5,23.5
fragment_01683,1,23.74,23.74,23.74,23.74
fragment_01684,16,24.45,24.42,24.23,26.63
fragment_01685,23,25.84,25.86,24.73,27.2
fragment_01686,13,27.0,26.17,26.17,29.61
fragment_01687,3,20.23,20.15,20.15,22.88
fragment_01688,7,23.06,23.05,23.0,24.91
fragment_01689,2,23.24,23.17,23.17,23.36
fragment_01690,2,18.84,18.83,18.83,18.86
fragment_01691,2,19.42,19.42,19.42,19.42
fragment_01692,2,24.34,24.32,24.32,27.19
fragment_01693,3,22.51,22.05,22.05,23.37
fragment_01694,2,23.21,23.22,22.5,23.22
fragment_01695,10,27.36,27.05,27.05,30.04
fragment_01696,2,25.34,25.34,25.34,25.34
fragment_01697,3,20.5,20.55,20.44,20.55
fragment_01698,4,24.17,24.18,24.11,24.19
fragment_01699,2,23.47,23.35,23.35,25.17
fragment_01700,6,19.08,18.94,18.94,22.5
fragment_01701,5,21.17,20.39,20.39,23.31
fragment_01702,2,21.1,21.09,21.09,21.1
fragment_01703,3,20.2,20.31,19.81,20.31
fragment_01704,10,23.3,23.21,23.13,26.29
fragment_01705,13,20.71,20.56,19.62,22.73
fragment_01706,9,22.01,21.95,21.76,25.11
fragment_01707,4,23.86,23.86,22.9,24.17
fragment_01708,1,24.06,24.06,24.06,24.06
fragment_01709,6,22.82,22.96,22.38,24.69
fragment_01710,6,21.32,21.35,21.28,21.35
fragment_01711,3,28.42,28.64,27.82,28.64
fragment_01712,13,26.84,26.81,25.36,29.98
fragment_01713,21,19.38,19.08,18.88,22.22
fragment_01714,7,18.6,18.39,18.09,20.45
fragment_01715,14,26.79,26.79,26.01,27.52
fragment_01716,10,23.17,23.07,23.01,25.55
fragment_01717,11,24.17,24.2,23.4,24.97
fragment_01718,13,27.88,28.33,27.05,29.62
fragment_01719,2,21.75,21.76,21.74,21.76
fragment_01720,8,21.91,21.64,21.64,23.91
fragment_01721,3,25.48,25.48,24.99,25.48
fragment_01722,2,21.7,21.71,21.66,21.71
fragment_01723,6,19.67,19.66,19.64,19.67
fragment_01724,4,25.68,25.67,25.67,25.8
fragment_01725,4,24.3,24.3,24.3,25.35
fragment_01726,1,24.38,24.38,24.38,24.38
fragment_01727,12,27.5,27.71,26.23,27.71
fragment_01728,31,20.99,21.06,20.36,24.23
fragment_01729,2,25.56,25.56,25.55,25.56
fragment_01730,2,24.34,24.31,24.31,27.16
fragment_01731,1,22.81,22.81,22.81,22.81
fragment_01732,10,15.3,15.57,14.92,18.51
fragment_01733,8,23.02,22.93,22.44,26.14
fragment_01734,1,25.29,25.29,25.29,25.29
fragment_01735,5,26.73,26.82,26.59,27.06
fragment_01736,2,20.58,20.61,20.55,20.61
fragment_01737,2,19.01,19.0,19.0,19.04
fragment_01738,19,33.54,34.47,30.55,35.91
fragment_01739,4,20.04,20.03,20.03,21.9
fragment_01740,9,21.15,21.29,20.45,21.29
fragment_01741,10,22.32,21.99,20.6,23.75
fragment_01742,1,24.22,24.22,24.22,24.22
fragment_01743,1,25.52,25.52,25.52,25.52
fragment_01744,2,25.8,25.81,25.8,25.81
fragment_01745,45,24.49,24.94,24.06,27.56
fragment_01746,3,20.22,20.15,20.15,22.85
fragment_01747,3,19.4,19.4,19.39,19.4
fragment_01748,4,23.02,24.21,20.55,24.21
fragment_01749,2,22.14,22.15,21.66,22.15
fragment_01750,1,24.52,24.52,24.52,24.52
fragment_01751,7,23.05,23.03,23.03,25.25
fragment_01752,25,21.68,21.79,20.66,24.62
fragment_01753,1,22.35,22.35,22.35,22.35
fragment_01754,26,25.84,25.58,24.69,29.53
fragment_01755,1,24.65,24.65,24.65,24.65
fragment_01756,8,20.43,20.42,20.24,22.09
fragment_01757,5,24.38,24.37,23.75,24.4
fragment_01758,1,24.99,24.99,24.99,24.99
fragment_01759,4,20.54,20.52,20.52,24.2
fragment_01760,1,22.49,22.49,22.49,22.49
fragment_01761,4,20.07,20.02,20.02,22.01
fragment_01762,18,21.87,22.48,20.64,23.92
fragment_01763,6,24.46,24.33,24.03,26.42
fragment_01764,4,23.28,23.18,23.18,24.99
fragment_01765,2,26.1,26.1,26.1,26.1
fragment_01766,6,17.22,17.22,17.22,18.38
fragment_01767,42,18.92,18.69,18.68,22.17
fragment_01768,3,21.65,21.66,21.61,21.66
fragment_01769,1,24.43,24.43,24.43,24.43
fragment_01770,4,20.02,20.0,20.0,22.04
fragment_01771,7,27.03,27.29,25.55,28.38
fragment_01772,4,20.02,20.01,20.01,21.89
fragment_01773,2,21.42,21.42,20.9,21.42
fragment_01774,8,26.02,26.63,25.02,26.63
fragment_01775,7,20.15,20.24,20.0,21.97
fragment_01776,4,23.11,23.1,23.1,26.31
fragment_01777,9,19.02,18.72,18.72,21.58
fragment_01778,4,20.02,20.01,20.01,21.9
fragment_01779,2,21.63,21.63,21.63,21.63
fragment_01780,16,23.68,23.46,23.4,25.27
fragment_01781,2,21.55,21.55,21.54,21.55
fragment_01782,1,22.67,22.67,22.67,22.67
fragment_01783,2,25.29,25.29,25.29,25.29
fragment_01784,3,19.11,18.57,18.57,19.52
fragment_01785,5,21.06,21.08,20.44,21.08
fragment_01786,1,23.06,23.06,23.06,23.06
fragment_01787,12,20.45,20.25,19.89,20.86
fragment_01788,3,24.49,25.04,23.36,25.04
fragment_01789,2,22.64,22.64,22.25,22.64
fragment_01790,2,18.91,18.91,18.88,18.91
fragment_01791,14,27.07,26.61,26.59,30.24
fragment_01792,4,20.02,20.0,20.0,21.98
fragment_01793,2,24.6,24.45,24.45,25.31
fragment_01794,2,19.83,19.83,19.83,19.83
fragment_01795,3,20.13,20.14,20.09,20.14
fragment_01796,3,26.69,26.65,26.65,29.67
fragment_01797,21,20.47,20.46,19.37,21.57
fragment_01798,2,21.36,21.36,21.11,21.36
fragment_01799,4,23.4,23.32,23.17,23.55
fragment_01800,4,28.51,28.38,28.38,30.32
fragment_01801,2,24.59,24.45,24.45,25.34
fragment_01802,2,23.85,23.85,23.85,23.86
fragment_01803,9,23.76,23.62,23.62,26.25
fragment_01804,10,27.35,27.03,27.03,30.02
fragment_01805,3,18.8,18.82,18.79,20.27
fragment_01806,2,21.59,21.61,21.57,21.61
fragment_01807,1,16.79,16.79,16.79,16.79
fragment_01808,6,19.11,19.2,18.96,22.49
fragment_01809,4,24.66,24.86,24.24,27.85
fragment_01810,2,21.46,21.47,21.4,21.47
fragment_01811,1,22.39,22.39,22.39,22.39
fragment_01812,41,18.88,19.3,17.53,20.05
fragment_01813,18,21.92,22.5,20.64,23.59
fragment_01814,3,21.01,21.17,19.84,21.17
fragment_01815,44,21.75,21.95,20.88,24.55
fragment_01816,1,26.01,26.01,26.01,26.01
fragment_01817,4,24.9,25.06,24.74,26.07
fragment_01818,2,23.39,23.38,23.38,23.49
fragment_01819,2,21.66,21.65,21.65,21.67
fragment_01820,2,21.79,21.8,21.79,21.8
fragment_01821,4,23.71,23.71,22.87,23.72
fragment_01822,2,21.71,21.71,21.67,21.71
fragment_01823,10,26.62,26.15,26.1,29.26
fragment_01824,42,19.3,18.95,18.93,22.3
fragment_01825,11,24.81,24.47,24.36,26.98
fragment_01826,1,23.6,23.6,23.6,23.6
fragment_01827,2,24.61,25.54,23.3,25.54
fragment_01828,2,23.23,23.23,23.23,23.23
fragment_01829,43,24.07,23.75,23.02,26.14
fragment_01830,7,20.16,20.16,19.85,21.54
fragment_01831,6,19.95,19.91,19.65,22.68
fragment_01832,1,23.13,23.13,23.13,23.13
fragment_01833,4,23.68,23.75,23.43,23.78
fragment_01834,23,22.02,22.19,20.5,24.48
fragment_01835,6,27.33,27.16,26.23,28.41
fragment_01836,2,22.75,22.75,22.34,22.75
fragment_01837,4,23.71,23.86,23.13,25.14
fragment_01838,24,25.85,25.86,24.58,29.15
fragment_01839,2,23.0,22.96,22.96,23.21
fragment_01840,4,22.98,22.98,22.98,24.88
fragment_01841,1,28.53,28.53,28.53,28.53
fragment_01842,3,23.78,23.83,23.6,23.83
fragment_01843,3,24.05,24.06,23.85,24.06
fragment_01844,2,21.57,21.58,21.07,21.58
fragment_01845,36,23.83,23.49,22.97,26.67
fragment_01846,2,22.84,22.84,22.32,22.84
fragment_01847,3,20.38,20.39,20.33,20.4
fragment_01848,6,25.2,25.21,25.06,25.32
fragment_01849,10,26.71,26.69,26.07,26.9
fragment_01850,8,19.16,19.0,19.0,22.51
fragment_01851,2,19.04,19.03,19.03,19.08
fragment_01852,2,26.33,26.33,26.33,26.33
fragment_01853,3,24.2,24.18,24.18,24.21
fragment_01854,2,26.34,26.3,26.3,26.38
fragment_01855,2,23.66,23.67,23.66,23.67
fragment_01856,1,22.83,22.83,22.83,22.83
fragment_01857,11,23.25,23.02,22.76,24.14
fragment_01858,6,25.11,24.9,24.81,27.1
fragment_01859,4,20.03,19.99,19.56,20.13
fragment_01860,2,22.82,22.82,22.41,22.82
fragment_01861,2,21.64,21.64,21.61,21.64
fragment_01862,1,23.16,23.16,23.16,23.16
fragment_01863,5,24.86,24.97,24.44,25.46
fragment_01864,3,20.48,20.48,19.85,20.49
fragment_01865,27,18.92,18.71,18.71,21.97
fragment_01866,5,28.83,28.72,28.72,30.87
fragment_01867,2,26.0,26.5,25.01,26.5
fragment_01868,14,21.67,21.69,21.63,21.69
fragment_01869,17,21.41,21.52,20.61,25.35
fragment_01870,2,19.58,19.58,19.57,19.58
fragment_01871,1,24.7,24.7,24.7,24.7
fragment_01872,5,21.75,21.77,21.72,21.77
fragment_01873,1,21.75,21.75,21.75,21.75
fragment_01874,3,26.54,26.52,26.21,27.62
fragment_01875,12,22.88,23.05,22.53,23.05
fragment_01876,4,21.7,21.71,21.7,21.71
fragment_01877,29,21.26,21.83,20.76,24.18
fragment_01878,2,21.61,21.62,21.58,21.62
fragment_01879,1,21.15,21.15,21.15,21.15
fragment_01880,4,23.12,23.12,23.12,26.47
fragment_01881,10,22.36,22.34,20.43,23.61
fragment_01882,4,23.88,23.84,23.84,24.1
fragment_01883,1,24.86,24.86,24.86,24.86
fragment_01884,1,22.82,22.82,22.82,22.82
fragment_01885,11,26.74,26.9,25.94,29.17
fragment_01886,3,20.4,20.43,20.35,20.43
fragment_01887,4,24.57,24.74,24.03,26.32
fragment_01888,10,23.44,23.16,23.03,25.95
fragment_01889,7,25.55,25.52,25.52,27.94
fragment_01890,5,21.66,21.68,21.64,21.68
fragment_01891,2,21.74,21.74,21.74,21.75
fragment_01892,2,24.02,23.99,23.99,24.31
fragment_01893,4,21.57,21.59,21.53,21.59
fragment_01894,6,20.09,20.06,20.06,22.29
fragment_01895,18,20.83,20.99,20.5,23.54
fragment_01896,2,20.48,20.46,20.46,20.52
fragment_01897,7,21.68,21.68,21.64,21.68
fragment_01898,11,21.64,21.66,21.6,21.7
fragment_01899,2,21.74,21.74,21.74,21.74
fragment_01900,3,23.24,23.25,23.23,23.25
fragment_01901,17,24.62,24.81,23.42,24.81
fragment_01902,16,20.46,20.56,19.67,21.05
fragment_01903,23,24.34,24.66,22.99,26.64
fragment_01904,2,24.1,24.13,23.95,24.13
fragment_01905,55,24.46,25.01,24.01,27.53
fragment_01906,3,25.17,25.17,24.48,25.17
fragment_01907,7,19.22,19.22,18.81,22.79
fragment_01908,12,21.43,21.38,20.55,23.65
fragment_01909,2,25.4,25.41,25.4,25.41
fragment_01910,17,24.18,24.1,23.42,25.7
fragment_01911,2,18.65,18.65,18.61,18.65
fragment_01912,5,23.8,23.97,23.1,25.04
fragment_01913,1,21.75,21.75,21.75,21.75
fragment_01914,37,22.21,21.92,20.58,24.8
fragment_01915,1,21.5,21.5,21.5,21.5
fragment_01916,3,18.46,18.84,18.07,18.84
fragment_01917,4,18.76,18.73,18.73,20.32
fragment_01918,6,25.03,25.0,25.0,26.33
fragment_01919,5,20.03,20.03,19.62,20.13
fragment_01920,1,22.37,22.37,22.37,22.37
fragment_01921,4,23.44,23.39,23.18,23.53
fragment_01922,2,19.8,19.81,19.77,19.81
fragment_01923,12,25.06,25.03,24.93,26.47
fragment_01924,2,23.61,23.62,22.95,23.62
fragment_01925,2,20.07,20.07,20.01,20.07
fragment_01926,1,21.79,21.79,21.79,21.79
fragment_01927,6,20.34,20.34,20.32,20.38
fragment_01928,27,24.06,24.51,23.04,26.49
fragment_01929,7,24.1,24.09,24.09,26.55
fragment_01930,25,18.95,18.69,18.69,22.1
fragment_01931,5,25.04,25.02,25.02,26.06
fragment_01932,2,22.2,22.21,21.88,22.21
fragment_01933,42,19.25,18.96,18.96,21.9
fragment_01934,1,23.25,23.25,23.25,23.25
fragment_01935,2,19.29,19.29,19.29,19.29
fragment_01936,9,26.77,26.89,25.96,29.19
fragment_01937,5,23.02,22.92,22.92,24.95
fragment_01938,52,18.95,18.69,18.69,21.96
fragment_01939,12,21.76,21.94,20.51,23.19
fragment_01940,3,19.38,19.38,19.36,19.38
fragment_01941,4,24.37,24.33,24.33,27.29
fragment_01942,10,19.94,19.83,19.37,22.41
fragment_01943,1,24.27,24.27,24.27,24.27
fragment_01944,6,21.68,21.67,21.63,21.74
fragment_01945,3,24.19,24.19,24.19,25.18
fragment_01946,1,22.95,22.95,22.95,22.95
fragment_01947,4,24.38,24.39,24.37,24.39
fragment_01948,4,26.56,26.43,26.43,27.11
fragment_01949,2,21.67,21.67,21.67,21.67
fragment_01950,35,23.96,24.57,22.76,25.55
fragment_01951,6,21.68,21.68,21.67,21.69
fragment_01952,1,20.28,20.28,20.28,20.28
fragment_01953,1,19.49,19.49,19.49,19.49
fragment_01954,12,20.38,20.38,20.03,20.54
fragment_01955,24,26.88,26.81,26.01,28.06
fragment_01956,7,24.14,24.09,24.09,26.56
fragment_01957,19,20.44,20.44,19.61,21.14
fragment_01958,2,24.18,24.18,24.17,24.18
fragment_01959,16,22.93,22.94,22.84,23.02
fragment_01960,5,23.23,23.22,23.22,23.23
fragment_01961,4,25.81,25.83,24.61,25.83
fragment_01962,12,22.29,22.28,21.04,25.34
fragment_01963,1,25.34,25.34,25.34,25.34
fragment_01964,25,25.66,25.6,24.53,29.15
fragment_01965,20,23.94,24.56,23.35,24.57
fragment_01966,6,26.6,26.65,26.29,26.66
fragment_01967,1,24.0,24.0,24.0,24.0
fragment_01968,4,25.43,25.43,25.42,25.44
fragment_01969,1,21.94,21.94,21.94,21.94
fragment_01970,14,30.08,30.81,28.93,32.87
fragment_01971,2,22.59,22.59,22.07,22.59
fragment_01972,27,25.58,25.59,24.49,28.73
fragment_01973,1,23.05,23.05,23.05,23.05
fragment_01974,13,20.31,20.36,19.62,20.36
fragment_01975,1,24.99,24.99,24.99,24.99
fragment_01976,6,20.21,20.3,19.55,20.3
fragment_01977,2,19.42,19.42,19.42,19.42
fragment_01978,1,24.15,24.15,24.15,24.15
fragment_01979,1,24.18,24.18,24.18,24.18
fragment_01980,4,21.54,21.54,21.52,21.57
fragment_01981,4,22.78,22.79,22.25,22.79
fragment_01982,4,19.64,19.64,19.61,19.64
fragment_01983,4,22.53,24.21,20.59,24.22
fragment_01984,4,21.7,21.71,21.67,21.71
fragment_01985,2,24.93,24.93,24.93,24.93
fragment_01986,14,27.75,27.22,27.22,30.23
fragment_01987,2,21.68,21.69,21.68,21.69
fragment_01988,3,21.69,21.69,21.65,21.7
fragment_01989,1,23.04,23.04,23.04,23.04
fragment_01990,6,26.94,26.95,26.24,27.14
fragment_01991,1,24.49,24.49,24.49,24.49
fragment_01992,25,21.11,21.09,20.37,23.82
fragment_01993,19,24.44,24.22,23.75,25.75
fragment_01994,2,21.72,21.71,21.71,21.74
fragment_01995,2,22.59,22.59,22.05,22.59
fragment_01996,1,22.42,22.42,22.42,22.42
fragment_01997,2,21.54,21.55,21.48,21.55
fragment_01998,1,22.76,22.76,22.76,22.76
fragment_01999,7,19.07,19.09,18.89,22.46
fragment_02000,2,26.09,26.09,26.09,26.09
fragment_02001,2,24.73,24.5,24.5,25.39
fragment_02002,6,16.25,16.35,15.77,18.08
fragment_02003,2,30.51,30.51,30.51,30.52
fragment_02004,11,23.3,23.22,22.9,26.24
fragment_02005,4,25.75,25.72,25.72,27.16
fragment_02006,29,27.18,26.39,26.17,30.02
fragment_02007,2,22.6,22.61,22.08,22.61
fragment_02008,16,20.42,20.49,19.34,21.31
fragment_02009,2,22.34,22.61,21.97,22.61
fragment_02010,6,19.11,19.17,18.95,22.46
fragment_02011,5,21.54,21.54,21.53,21.55
fragment_02012,3,24.21,24.29,24.14,24.29
fragment_02013,1,22.91,22.91,22.91,22.91
fragment_02014,2,15.78,15.79,15.12,15.79
fragment_02015,2,22.09,22.09,22.08,22.09
fragment_02016,4,19.88,19.49,19.49,20.16
fragment_02017,6,23.04,23.03,23.01,24.7
fragment_02018,9,24.1,24.25,23.8,24.25
fragment_02019,3,20.22,20.32,19.82,20.32
fragment_02020,4,21.68,21.69,21.65,21.69
fragment_02021,13,20.26,20.28,19.64,20.33
fragment_02022,2,24.22,24.08,24.08,24.49
fragment_02023,13,29.92,29.66,29.66,32.28
fragment_02024,1,23.17,23.17,23.17,23.17
fragment_02025,4,23.47,23.11,23.11,25.28
fragment_02026,4,25.16,25.29,24.99,25.3
fragment_02027,2,25.28,25.28,25.28,25.29
fragment_02028,1,22.37,22.37,22.37,22.37
fragment_02029,1,23.68,23.68,23.68,23.68
fragment_02030,1,24.21,24.21,24.21,24.21
fragment_02031,5,23.44,23.46,23.25,23.57
fragment_02032,12,27.5,27.72,26.23,27.72
fragment_02033,1,24.85,24.85,24.85,24.85
fragment_02034,14,25.54,25.58,24.49,28.6
fragment_02035,6,26.18,25.79,25.78,26.67
fragment_02036,3,20.37,20.39,20.33,20.39
fragment_02037,3,23.47,24.67,21.97,24.67
fragment_02038,4,26.93,26.94,26.69,26.94
fragment_02039,61,25.83,26.11,24.14,27.14
fragment_02040,6,26.22,26.05,26.04,29.36
fragment_02041,2,25.85,25.86,25.85,25.86
fragment_02042,7,20.56,20.58,20.48,20.58
fragment_02043,4,22.39,22.63,21.95,22.69
fragment_02044,1,30.62,30.62,30.62,30.62
fragment_02045,1,23.14,23.14,23.14,23.14
fragment_02046,1,23.22,23.22,23.22,23.22
fragment_02047,2,21.65,21.65,21.63,21.65
fragment_02048,27,25.8,25.85,24.58,29.15
fragment_02049,27,19.04,18.9,18.72,21.78
fragment_02050,21,25.54,25.35,25.32,28.77
fragment_02051,8,22.56,22.54,22.38,25.73
fragment_02052,13,27.03,26.59,26.59,30.21
fragment_02053,10,19.37,19.02,19.02,22.59
fragment_02054,15,20.45,20.4,19.48,20.61
fragment_02055,1,22.79,22.79,22.79,22.79
fragment_02056,4,21.58,21.59,21.57,21.6
fragment_02057,4,24.14,24.14,24.12,24.21
fragment_02058,5,23.76,23.93,23.09,24.97
fragment_02059,2,26.29,26.29,26.29,26.29
fragment_02060,1,23.84,23.84,23.84,23.84
fragment_02061,2,21.74,21.74,21.74,21.74
fragment_02062,7,19.36,19.33,19.32,21.3
fragment_02063,3,19.84,19.84,19.54,19.84
fragment_02064,5,22.29,22.08,21.92,23.55
fragment_02065,4,20.03,20.02,20.02,21.88
fragment_02066,5,21.58,21.59,21.56,21.6
fragment_02067,1,22.46,22.46,22.46,22.46
fragment_02068,6,20.65,20.43,19.63,21.46
fragment_02069,17,22.55,22.46,21.29,25.82
fragment_02070,1,23.14,23.14,23.14,23.14
fragment_02071,1,23.58,23.58,23.58,23.58
fragment_02072,4,25.78,25.79,25.59,25.79
fragment_02073,1,24.24,24.24,24.24,24.24
fragment_02074,3,24.26,24.3,24.13,24.3
fragment_02075,3,20.09,20.09,19.81,20.1
fragment_02076,3,20.71,20.97,19.78,20.98
fragment_02077,1,23.32,23.32,23.32,23.32
fragment_02078,18,20.2,20.22,19.55,20.36
fragment_02079,4,25.44,25.42,25.42,25.48
fragment_02080,45,21.92,22.04,20.96,25.54
fragment_02081,16,23.69,23.46,23.41,25.24
fragment_02082,1,19.05,19.05,19.05,19.05
fragment_02083,16,21.69,21.71,21.65,21.72
fragment_02084,6,24.83,24.82,24.82,25.07
fragment_02085,1,22.85,22.85,22.85,22.85
fragment_02086,7,23.61,23.52,23.03,26.67
fragment_02087,10,20.37,20.74,19.13,20.87
fragment_02088,21,24.38,24.38,24.0,27.21
fragment_02089,9,21.71,22.16,20.99,24.21
fragment_02090,21,18.89,18.72,18.72,22.71
fragment_02091,4,25.77,25.77,25.76,26.09
fragment_02092,7,24.18,23.67,23.54,24.91
fragment_02093,2,21.33,21.34,21.3,21.34
fragment_02094,2,22.78,22.78,22.37,22.78
fragment_02095,2,25.67,25.67,25.67,25.7
fragment_02096,4,21.75,21.75,21.75,22.28
fragment_02097,2,20.45,20.44,20.44,20.47
fragment_02098,3,18.27,18.28,17.72,18.28
fragment_02099,6,19.11,19.21,18.96,22.47
fragment_02100,5,25.41,25.82,25.06,25.82
fragment_02101,2,20.03,20.02,20.02,21.95
fragment_02102,14,25.54,25.59,24.49,28.57
fragment_02103,10,23.19,23.07,23.01,25.51
fragment_02104,3,23.36,23.35,23.35,23.45
fragment_02105,1,23.25,23.25,23.25,23.25
fragment_02106,10,19.37,19.38,19.35,19.4
fragment_02107,2,24.01,23.98,23.98,24.29
fragment_02108,5,19.52,19.5,19.24,21.27
fragment_02109,7,27.93,28.03,26.82,28.03
fragment_02110,1,24.64,24.64,24.64,24.64
fragment_02111,4,19.97,20.02,19.86,21.78
fragment_02112,2,18.96,18.96,18.96,18.96
fragment_02113,1,23.25,23.25,23.25,23.25
fragment_02114,3,21.12,21.18,20.73,21.18
fragment_02115,1,24.43,24.43,24.43,24.43
fragment_02116,25,23.9,23.74,23.71,26.02
fragment_02117,4,23.65,23.83,23.07,25.1
fragment_02118,6,24.24,24.32,24.18,24.32
fragment_02119,8,21.69,21.69,21.68,21.7
fragment_02120,1,21.35,21.35,21.35,21.35
fragment_02121,2,24.5,24.5,24.49,24.5
fragment_02122,8,20.03,20.03,20.02,21.86
fragment_02123,11,21.41,21.5,20.45,24.24
fragment_02124,1,21.46,21.46,21.46,21.46
fragment_02125,8,26.43,26.43,25.83,27.23
fragment_02126,7,19.08,19.12,18.88,22.33
fragment_02127,12,20.7,20.61,20.03,23.85
fragment_02128,9,25.51,25.33,25.33,28.61
fragment_02129,5,26.91,27.22,26.01,29.63
fragment_02130,4,19.84,19.82,19.82,19.85
fragment_02131,4,24.65,24.86,24.24,27.82
fragment_02132,6,19.91,19.96,19.54,20.39
fragment_02133,31,23.06,23.04,23.01,26.72
fragment_02134,4,19.58,19.58,19.5,20.01
fragment_02135,5,26.35,26.34,26.2,27.94
fragment_02136,10,23.16,23.08,23.04,25.57
fragment_02137,2,21.91,21.91,21.07,21.91
fragment_02138,8,21.94,21.95,21.92,22.04
fragment_02139,3,19.82,19.81,19.81,19.85
fragment_02140,4,25.99,25.89,25.89,29.51
fragment_02141,13,23.49,24.11,22.34,24.44
fragment_02142,1,23.72,23.72,23.72,23.72
fragment_02143,13,20.58,21.1,19.23,21.12
fragment_02144,3,30.69,30.68,30.39,30.7
fragment_02145,12,26.24,26.5,25.18,29.16
fragment_02146,1,23.17,23.17,23.17,23.17
fragment_02147,4,23.47,23.46,23.45,23.56
fragment_02148,9,23.93,24.14,23.39,24.57
fragment_02149,11,24.52,24.23,24.06,27.17
fragment_02150,1,16.1,16.1,16.1,16.1
fragment_02151,3,21.51,21.52,21.46,21.52
fragment_02152,3,22.92,23.22,22.23,23.22
fragment_02153,9,22.05,22.09,20.42,25.3
fragment_02154,1,22.32,22.32,22.32,22.32
fragment_02155,4,21.65,21.65,21.64,21.65
fragment_02156,6,27.69,27.5,27.5,30.6
fragment_02157,2,24.17,24.17,24.17,24.17
fragment_02158,1,23.5,23.5,23.5,23.5
fragment_02159,2,18.91,18.91,18.89,18.91
fragment_02160,2,26.57,26.57,25.94,26.57
fragment_02161,4,20.04,20.04,20.04,21.88
fragment_02162,5,18.49,18.43,18.43,19.0
fragment_02163,13,26.79,26.17,26.17,29.62
fragment_02164,6,19.1,18.95,18.95,22.43
fragment_02165,14,22.81,22.79,22.36,23.4
fragment_02166,9,25.17,25.12,25.11,25.66
fragment_02167,2,28.55,28.66,27.84,28.66
fragment_02168,5,27.85,27.93,27.15,28.35
fragment_02169,12,19.35,19.31,19.2,19.38
fragment_02170,51,22.31,22.58,20.98,25.7
fragment_02171,20,23.83,23.81,23.77,24.78
fragment_02172,14,21.25,21.68,20.54,22.51
fragment_02173,4,21.59,21.6,21.57,21.6
fragment_02174,4,20.05,20.12,19.62,20.13
fragment_02175,23,21.33,21.35,21.3,21.35
fragment_02176,1,24.46,24.46,24.46,24.46
fragment_02177,4,24.14,24.14,24.13,24.17
fragment_02178,14,27.28,27.15,27.14,28.12
fragment_02179,10,20.36,20.33,20.28,22.21
fragment_02180,1,24.4,24.4,24.4,24.4
fragment_02181,15,20.16,20.09,19.54,21.17
fragment_02182,3,20.37,20.39,20.33,20.39
fragment_02183,10,31.27,31.31,30.98,33.46
fragment_02184,2,21.62,21.63,21.62,21.63
fragment_02185,2,23.48,24.68,21.97,24.68
fragment_02186,1,20.97,20.97,20.97,20.97
fragment_02187,2,24.54,24.54,24.54,24.54
fragment_02188,26,24.51,24.65,24.06,27.62
fragment_02189,53,21.69,21.72,21.65,21.72
fragment_02190,2,20.45,20.45,20.44,20.45
fragment_02191,1,19.42,19.42,19.42,19.42
fragment_02192,3,24.2,24.29,24.12,24.29
fragment_02193,3,19.38,19.38,19.38,19.38
fragment_02194,42,21.79,21.42,20.38,25.42
fragment_02195,1,24.7,24.7,24.7,24.7
fragment_02196,1,24.59,24.59,24.59,24.59
fragment_02197,37,21.98,22.14,20.9,24.08
fragment_02198,3,21.57,21.59,21.54,21.59
fragment_02199,1,27.99,27.99,27.99,27.99
fragment_02200,1,23.42,23.42,23.42,23.42
fragment_02201,10,15.33,15.57,14.91,18.35
fragment_02202,5,27.02,27.16,26.32,27.16
fragment_02203,7,26.04,26.89,25.25,26.89
fragment_02204,4,20.04,20.04,20.04,21.9
fragment_02205,1,23.2,23.2,23.2,23.2
fragment_02206,4,24.39,24.12,24.12,25.75
fragment_02207,2,23.92,23.92,23.92,23.93
fragment_02208,2,22.74,22.74,22.25,22.74
fragment_02209,3,25.54,25.97,25.15,25.97
fragment_02210,28,18.91,18.7,18.69,22.58
fragment_02211,4,22.4,22.65,21.95,22.68
fragment_02212,6,23.09,23.1,22.58,24.08
fragment_02213,4,21.64,21.64,21.64,21.64
fragment_02214,9,22.96,22.95,22.92,25.39
fragment_02215,9,26.42,26.74,25.76,27.94
fragment_02216,7,20.1,20.02,20.02,22.01
fragment_02217,6,24.17,24.16,24.16,26.7
fragment_02218,6,24.27,24.26,24.26,24.31
fragment_02219,2,23.2,23.2,23.2,23.2
fragment_02220,1,23.42,23.42,23.42,23.42
fragment_02221,2,21.49,21.49,21.43,21.49
fragment_02222,10,20.92,20.06,20.05,25.26
fragment_02223,47,24.47,25.1,24.01,27.55
fragment_02224,4,21.57,21.59,21.54,21.59
fragment_02225,4,22.52,22.53,21.99,22.53
fragment_02226,10,24.2,23.66,22.96,27.07
fragment_02227,2,18.91,18.92,18.88,18.92
fragment_02228,10,27.72,28.03,25.05,28.03
fragment_02229,3,22.91,22.85,22.85,24.22
fragment_02230,8,24.84,24.17,24.17,26.91
fragment_02231,9,21.69,21.69,21.68,21.7
fragment_02232,2,24.16,24.19,24.04,24.19
fragment_02233,4,21.65,21.66,21.62,21.67
fragment_02234,1,28.53,28.53,28.53,28.53
fragment_02235,4,23.65,23.82,23.07,25.14
fragment_02236,12,20.53,20.51,19.75,22.72
fragment_02237,9,20.39,20.65,19.55,20.65
fragment_02238,2,20.36,20.37,20.36,20.37
fragment_02239,6,20.24,20.23,19.96,21.51
fragment_02240,2,26.02,26.03,26.02,26.03
fragment_02241,1,20.79,20.79,20.79,20.79
fragment_02242,3,20.33,20.35,20.3,20.35
fragment_02243,14,25.64,25.27,25.27,28.96
fragment_02244,3,24.09,24.08,24.08,25.35
fragment_02245,1,24.44,24.44,24.44,24.44
fragment_02246,5,19.88,19.88,19.39,19.9
fragment_02247,13,21.7,21.71,21.65,21.72
fragment_02248,7,24.62,25.06,22.92,25.79
fragment_02249,25,20.42,20.19,20.19,23.85
fragment_02250,1,23.02,23.02,23.02,23.02
fragment_02251,1,28.44,28.44,28.44,28.44
fragment_02252,4,24.23,24.14,24.14,26.98
fragment_02253,7,26.45,26.42,25.82,27.2
fragment_02254,2,19.05,19.05,19.05,19.08
fragment_02255,67,25.77,25.65,24.58,27.7
fragment_02256,23,19.14,18.93,18.93,22.91
fragment_02257,2,23.6,23.64,23.44,23.64
fragment_02258,13,20.42,20.3,19.17,20.9
fragment_02259,3,18.96,18.97,18.96,18.97
fragment_02260,39,21.97,21.69,20.62,24.94
fragment_02261,1,24.36,24.36,24.36,24.36
fragment_02262,5,22.28,22.13,22.0,23.82
fragment_02263,9,23.22,23.07,23.01,25.54
fragment_02264,3,23.89,23.89,22.97,24.25
fragment_02265,9,20.37,20.38,20.33,20.4
fragment_02266,10,21.76,21.46,20.68,24.16
fragment_02267,6,22.94,22.78,22.61,23.27
fragment_02268,7,20.11,21.52,18.91,21.56
fragment_02269,8,25.56,25.52,25.52,27.74
fragment_02270,1,24.21,24.21,24.21,24.21
fragment_02271,13,21.21,21.08,20.87,22.61
fragment_02272,10,27.84,26.97,26.97,30.05
fragment_02273,3,24.49,24.49,24.47,24.5
fragment_02274,2,20.03,20.03,20.03,21.86
fragment_02275,3,24.08,24.07,24.07,25.36
fragment_02276,6,23.21,23.06,23.01,25.1
fragment_02277,8,20.66,20.42,19.63,21.44
fragment_02278,2,22.69,22.69,22.3,22.69
fragment_02279,9,23.92,24.12,23.4,24.55
fragment_02280,23,25.69,25.51,24.53,29.09
fragment_02281,2,23.93,23.93,23.92,23.93
fragment_02282,6,20.2,20.2,20.19,20.25
fragment_02283,11,20.35,20.36,20.32,20.37
fragment_02284,11,23.38,22.89,22.65,25.79
fragment_02285,5,27.16,27.17,26.23,27.17
fragment_02286,12,19.34,19.31,19.21,19.39
fragment_02287,1,26.02,26.02,26.02,26.02
fragment_02288,8,22.35,22.29,22.27,22.75
fragment_02289,47,21.5,21.48,20.62,22.58
fragment_02290,1,21.41,21.41,21.41,21.41
fragment_02291,3,23.07,23.07,23.07,25.12
fragment_02292,6,19.36,19.34,19.21,19.39
fragment_02293,2,26.38,26.39,26.36,26.39
fragment_02294,2,23.24,23.24,23.22,23.24
fragment_02295,8,19.25,18.99,18.99,23.2
fragment_02296,5,18.93,18.8,18.8,22.36
fragment_02297,6,21.66,21.67,21.64,21.67
fragment_02298,4,24.55,24.56,24.36,24.56
fragment_02299,2,20.53,20.55,20.48,20.55
fragment_02300,1,23.66,23.66,23.66,23.66
fragment_02301,1,23.77,23.77,23.77,23.77
fragment_02302,1,24.47,24.47,24.47,24.47
fragment_02303,6,20.67,19.3,19.3,22.64
fragment_02304,14,23.61,23.93,22.8,24.67
fragment_02305,26,20.48,20.2,20.2,23.32
fragment_02306,3,26.93,26.99,26.19,26.99
fragment_02307,3,19.41,19.41,19.38,19.41
fragment_02308,2,24.57,24.44,24.44,25.3
fragment_02309,8,21.5,21.23,21.23,24.7
fragment_02310,2,22.31,22.57,21.93,22.57
fragment_02311,9,22.8,22.58,22.58,25.56
fragment_02312,2,22.49,22.57,22.31,22.57
fragment_02313,11,25.53,25.32,25.32,28.26
fragment_02314,4,20.02,20.01,20.01,21.87
fragment_02315,5,22.77,21.5,20.62,24.67
fragment_02316,1,23.49,23.49,23.49,23.49
fragment_02317,2,19.17,19.18,19.14,19.18
fragment_02318,2,20.49,20.48,20.48,20.52
fragment_02319,1,20.16,20.16,20.16,20.16
fragment_02320,3,20.51,20.56,20.45,20.56
fragment_02321,3,22.58,22.34,22.34,23.6
fragment_02322,2,24.69,24.53,24.53,25.72
fragment_02323,2,21.77,21.77,21.77,21.77
fragment_02324,22,25.58,26.52,24.45,28.16
fragment_02325,3,23.75,23.8,23.57,23.8
fragment_02326,4,23.94,23.91,22.96,24.66
fragment_02327,2,22.59,22.59,22.09,22.59
fragment_02328,2,19.83,19.83,19.82,19.83
fragment_02329,24,24.33,24.7,24.03,26.78
fragment_02330,5,23.06,23.05,23.05,25.08
fragment_02331,1,24.47,24.47,24.47,24.47
fragment_02332,26,24.08,24.0,24.0,26.45
fragment_02333,3,22.87,22.94,22.71,22.95
fragment_02334,33,23.78,23.5,23.29,26.61
fragment_02335,6,23.18,23.18,22.75,23.18
fragment_02336,17,19.68,19.69,19.65,19.7
fragment_02337,12,21.86,22.27,20.69,23.98
fragment_02338,12,25.64,25.82,24.49,28.03
fragment_02339,2,25.97,25.97,25.97,25.97
fragment_02340,4,21.37,21.39,21.33,21.39
fragment_02341,1,26.16,26.16,26.16,26.16
fragment_02342,13,23.65,23.63,23.21,23.73
fragment_02343,17,21.65,21.66,21.59,21.66
fragment_02344,2,23.48,23.47,23.47,23.48
fragment_02345,1,23.56,23.56,23.56,23.56
fragment_02346,1,23.68,23.68,23.68,23.68
fragment_02347,3,27.62,26.99,26.99,28.55
fragment_02348,9,20.17,20.17,20.14,21.6
fragment_02349,3,20.4,20.42,20.35,20.42
fragment_02350,5,19.53,19.5,19.24,21.28
fragment_02351,11,22.84,22.58,22.58,25.6
fragment_02352,6,19.36,19.32,19.2,19.41
fragment_02353,4,20.03,20.03,20.03,22.0
fragment_02354,1,23.26,23.26,23.26,23.26
fragment_02355,10,27.84,26.99,26.99,30.05
fragment_02356,6,25.89,25.73,25.73,27.68
fragment_02357,6,22.55,22.54,21.83,22.82
fragment_02358,4,23.33,23.19,23.18,25.73
fragment_02359,3,24.2,24.13,24.13,24.46
fragment_02360,1,23.98,23.98,23.98,23.98
fragment_02361,4,25.36,25.36,25.36,25.36
fragment_02362,16,19.17,19.55,18.08,19.97
fragment_02363,1,21.78,21.78,21.78,21.78
fragment_02364,25,20.66,21.02,19.45,22.0
fragment_02365,12,20.15,20.39,19.61,20.82
fragment_02366,1,21.79,21.79,21.79,21.79
fragment_02367,25,19.1,19.14,18.71,21.62
fragment_02368,3,25.58,25.47,25.47,27.91
fragment_02369,10,23.91,24.55,23.11,25.34
fragment_02370,10,21.77,21.78,21.73,21.78
fragment_02371,9,24.74,24.23,24.19,26.46
fragment_02372,19,20.24,20.25,20.2,20.27
fragment_02373,1,23.08,23.08,23.08,23.08
fragment_02374,8,20.01,19.83,19.82,22.92
fragment_02375,20,24.1,24.11,24.05,25.21
fragment_02376,1,18.77,18.77,18.77,18.77
fragment_02377,1,17.67,17.67,17.67,17.67
fragment_02378,5,18.92,18.78,18.78,22.36
fragment_02379,30,23.36,23.32,22.67,26.04
fragment_02380,1,24.41,24.41,24.41,24.41
fragment_02381,1,24.53,24.53,24.53,24.53
fragment_02382,2,23.66,23.67,22.81,23.67
fragment_02383,2,26.36,26.38,26.35,26.38
fragment_02384,1,22.16,22.16,22.16,22.16
fragment_02385,3,24.49,24.46,24.46,24.65
fragment_02386,1,24.28,24.28,24.28,24.28
fragment_02387,6,19.1,18.95,18.95,22.5
fragment_02388,2,21.74,21.74,21.47,21.74
fragment_02389,45,33.08,33.85,30.41,35.59
fragment_02390,2,19.18,19.19,19.15,19.19
fragment_02391,8,21.46,22.06,20.48,22.33
fragment_02392,9,25.52,25.84,23.74,25.88
fragment_02393,20,24.51,24.63,24.05,27.94
fragment_02394,2,21.73,21.31,21.31,24.37
fragment_02395,41,24.66,24.6,23.89,26.65
fragment_02396,1,24.42,24.42,24.42,24.42
fragment_02397,2,20.05,20.06,20.05,20.06
fragment_02398,7,19.83,18.83,18.83,21.52
fragment_02399,26,25.61,25.6,24.49,29.08
fragment_02400,10,25.51,25.35,25.35,28.59
fragment_02401,44,21.11,20.74,20.37,23.92
fragment_02402,1,23.62,23.62,23.62,23.62
fragment_02403,26,19.14,19.22,18.7,21.6
fragment_02404,3,20.99,20.93,20.93,21.77
fragment_02405,3,20.52,20.55,20.26,20.55
fragment_02406,9,21.69,21.69,21.67,21.71
fragment_02407,2,21.7,21.7,21.7,21.7
fragment_02408,3,21.19,21.24,20.86,21.24
fragment_02409,3,19.38,19.39,19.37,19.39
fragment_02410,1,21.78,21.78,21.78,21.78
fragment_02411,4,26.29,26.3,24.59,26.3
fragment_02412,23,20.38,20.21,20.21,23.18
fragment_02413,5,28.84,28.73,28.73,30.86
fragment_02414,13,23.17,23.17,23.14,25.15
fragment_02415,1,22.97,22.97,22.97,22.97
fragment_02416,22,26.06,26.47,25.19,29.14
fragment_02417,2,20.54,20.54,20.54,20.55
fragment_02418,34,23.15,25.12,20.38,25.16
fragment_02419,15,25.23,25.05,25.02,26.41
fragment_02420,2,22.68,22.19,22.19,23.25
fragment_02421,1,23.22,23.22,23.22,23.22
fragment_02422,2,22.55,22.55,22.17,22.55
fragment_02423,2,24.33,24.29,24.29,27.22
fragment_02424,9,20.12,20.01,20.01,22.05
fragment_02425,1,23.63,23.63,23.63,23.63
fragment_02426,2,24.38,24.38,24.38,24.39
fragment_02427,5,25.41,25.81,25.06,25.81
fragment_02428,2,20.57,20.56,20.56,20.6
fragment_02429,49,18.87,18.69,18.68,22.22
fragment_02430,16,20.24,20.26,19.64,20.31
fragment_02431,4,21.74,21.75,21.72,21.76
fragment_02432,12,26.17,25.93,25.93,28.84
fragment_02433,27,24.64,24.69,24.07,27.55
fragment_02434,6,26.6,26.61,25.93,27.33
fragment_02435,2,20.21,20.21,20.21,20.21
fragment_02436,2,21.57,21.58,21.56,21.58
fragment_02437,2,16.96,16.97,16.95,16.97
fragment_02438,7,18.56,18.37,18.09,20.4
fragment_02439,8,22.48,22.72,21.93,22.95
fragment_02440,12,25.49,25.28,25.28,28.27
fragment_02441,2,22.99,22.48,22.48,24.2
fragment_02442,2,25.27,25.25,25.25,25.38
fragment_02443,2,20.54,20.54,20.54,20.57
fragment_02444,2,23.26,23.17,23.17,23.4
fragment_02445,8,22.65,23.17,20.51,24.95
fragment_02446,5,25.25,24.22,24.19,27.72
fragment_02447,6,23.46,23.53,22.32,23.97
fragment_02448,6,20.26,20.29,20.22,20.29
fragment_02449,1,21.53,21.53,21.53,21.53
fragment_02450,3,23.44,23.13,23.13,25.18
fragment_02451,5,21.91,21.88,21.13,22.2
fragment_02452,2,21.69,21.7,21.68,21.7
fragment_02453,4,18.09,18.09,18.06,18.1
fragment_02454,5,20.54,20.5,20.5,20.56
fragment_02455,1,24.18,24.18,24.18,24.18
fragment_02456,1,25.51,25.51,25.51,25.51
fragment_02457,4,20.01,20.01,20.01,21.85
fragment_02458,12,26.6,26.06,26.06,29.77
fragment_02459,2,27.07,27.06,27.06,27.07
fragment_02460,38,21.69,21.71,20.61,23.6
fragment_02461,4,21.36,21.38,21.33,21.38
fragment_02462,2,19.41,19.41,19.41,19.41
fragment_02463,27,24.32,24.62,22.93,28.06
fragment_02464,7,22.88,22.28,22.26,24.3
fragment_02465,2,19.36,19.36,19.36,21.01
fragment_02466,2,26.32,26.35,26.3,26.35
fragment_02467,4,21.67,21.69,21.64,21.69
fragment_02468,3,21.13,21.13,21.11,21.14
fragment_02469,5,26.66,26.57,25.31,27.76
fragment_02470,2,20.39,20.4,19.98,20.4
fragment_02471,2,25.73,25.73,25.73,25.73
fragment_02472,1,19.33,19.33,19.33,19.33
fragment_02473,3,20.98,20.97,20.96,21.0
fragment_02474,6,24.3,24.32,24.24,24.33
fragment_02475,5,20.56,20.55,20.53,20.61
fragment_02476,4,19.56,19.55,19.55,20.22
fragment_02477,25,20.43,20.7,19.11,20.88
fragment_02478,11,20.7,21.18,19.93,21.21
fragment_02479,25,24.45,24.21,24.07,27.58
fragment_02480,2,21.73,21.73,21.73,21.73
fragment_02481,14,19.35,19.38,19.21,19.43
fragment_02482,2,26.75,26.75,26.75,26.75
fragment_02483,14,26.12,26.83,25.01,26.83
fragment_02484,6,23.22,22.87,22.8,24.44
fragment_02485,8,21.66,21.67,21.58,21.68
fragment_02486,8,25.22,24.18,24.18,27.8
fragment_02487,8,22.06,22.32,20.98,25.21
fragment_02488,2,26.07,26.06,26.06,26.07
fragment_02489,10,28.11,27.13,27.13,30.41
fragment_02490,11,21.03,20.32,20.32,23.68
fragment_02491,1,22.5,22.5,22.5,22.5
fragment_02492,11,20.25,20.3,19.65,20.37
fragment_02493,4,28.75,28.39,28.39,30.6
fragment_02494,4,21.79,21.78,21.78,21.83
fragment_02495,1,25.01,25.01,25.01,25.01
fragment_02496,4,20.03,20.03,20.01,21.99
fragment_02497,2,25.04,24.57,24.57,26.53
fragment_02498,12,19.35,19.34,19.21,19.4
fragment_02499,11,20.14,20.0,19.99,22.07
fragment_02500,1,24.94,24.94,24.94,24.94
fragment_02501,25,26.7,26.74,25.95,29.21
fragment_02502,12,22.97,22.61,22.48,26.12
fragment_02503,2,25.35,25.35,25.35,25.35
fragment_02504,15,27.46,26.77,26.09,28.96
fragment_02505,2,21.47,21.48,20.92,21.48
fragment_02506,1,17.46,17.46,17.46,17.46
fragment_02507,4,24.4,24.39,24.39,26.57
fragment_02508,10,27.85,28.22,25.15,28.22
fragment_02509,15,26.92,27.1,26.2,29.6
fragment_02510,1,27.01,27.01,27.01,27.01
fragment_02511,17,24.18,23.69,23.69,26.5
fragment_02512,26,24.5,24.1,24.1,27.55
fragment_02513,21,23.3,23.11,23.0,25.79
fragment_02514,1,24.97,24.97,24.97,24.97
fragment_02515,9,27.44,27.37,26.28,29.06
fragment_02516,8,18.89,18.67,18.67,22.12
fragment_02517,12,20.57,20.71,19.13,20.71
fragment_02518,4,21.6,21.59,21.59,21.61
fragment_02519,2,15.67,15.65,15.65,15.72
fragment_02520,11,20.44,20.44,20.07,22.74
fragment_02521,1,23.23,23.23,23.23,23.23
fragment_02522,1,25.52,25.52,25.52,25.52
fragment_02523,10,19.29,18.77,18.65,20.58
fragment_02524,32,21.83,21.76,20.51,22.54
fragment_02525,7,24.5,24.4,24.4,28.52
fragment_02526,6,19.34,19.31,19.21,19.38
fragment_02527,2,19.42,19.42,19.42,19.42
fragment_02528,11,23.38,23.12,23.07,25.83
fragment_02529,10,20.09,20.0,19.99,21.74
fragment_02530,7,20.36,20.35,20.33,20.37
fragment_02531,3,26.76,26.7,26.7,27.37
fragment_02532,4,20.02,20.01,20.01,21.9
fragment_02533,31,21.56,21.27,21.07,24.05
fragment_02534,2,24.21,24.21,24.21,24.21
fragment_02535,1,28.45,28.45,28.45,28.45
fragment_02536,4,22.91,22.92,21.97,22.92
fragment_02537,6,21.32,21.34,21.29,21.34
fragment_02538,18,23.04,23.38,21.68,23.58
fragment_02539,1,24.51,24.51,24.51,24.51
fragment_02540,15,28.11,28.11,27.16,29.78
fragment_02541,4,21.89,21.9,21.84,21.91
fragment_02542,7,29.97,29.69,29.68,32.24
fragment_02543,6,25.66,25.21,25.2,26.84
fragment_02544,11,22.36,22.23,20.83,25.38
fragment_02545,1,23.84,23.84,23.84,23.84
fragment_02546,4,24.72,24.73,24.7,24.74
fragment_02547,4,19.37,19.36,19.35,19.38
fragment_02548,2,24.68,24.53,24.53,25.7
fragment_02549,4,24.13,24.15,24.1,24.19
fragment_02550,1,24.09,24.09,24.09,24.09
fragment_02551,2,21.14,21.13,21.13,21.15
fragment_02552,20,25.0,25.21,22.33,28.39
fragment_02553,1,21.76,21.76,21.76,21.76
fragment_02554,1,23.32,23.32,23.32,23.32
fragment_02555,2,19.08,19.08,19.08,19.11
fragment_02556,15,26.91,27.08,26.21,29.61
fragment_02557,1,23.12,23.12,23.12,23.12
fragment_02558,2,21.7,21.7,21.7,21.71
fragment_02559,6,23.55,23.1,23.1,25.66
fragment_02560,7,24.63,24.66,23.86,24.67
fragment_02561,1,26.27,26.27,26.27,26.27
fragment_02562,7,19.36,19.35,19.19,19.42
fragment_02563,6,20.12,20.14,19.76,20.18
fragment_02564,23,25.68,25.8,24.67,29.28
fragment_02565,2,18.18,18.29,18.03,18.29
fragment_02566,9,21.44,21.45,20.83,21.46
fragment_02567,58,24.23,24.91,23.48,25.28
fragment_02568,1,22.85,22.85,22.85,22.85
fragment_02569,25,20.93,20.65,20.61,25.58
fragment_02570,1,22.82,22.82,22.82,22.82
fragment_02571,16,21.04,21.37,19.31,21.48
fragment_02572,2,20.6,20.59,20.59,20.63
fragment_02573,2,19.42,19.41,19.41,19.42
fragment_02574,2,22.0,22.01,21.45,22.01
fragment_02575,25,22.2,22.88,20.62,25.35
fragment_02576,19,23.79,23.76,23.69,25.98
fragment_02577,4,23.44,23.15,23.15,25.13
fragment_02578,16,22.85,22.81,22.34,24.03
fragment_02579,1,21.29,21.29,21.29,21.29
fragment_02580,7,27.83,27.91,26.59,27.91
fragment_02581,5,26.72,26.8,26.59,27.04
fragment_02582,2,20.58,20.57,20.57,20.6
fragment_02583,8,18.59,18.35,18.07,20.46
fragment_02584,6,19.33,19.28,19.21,19.36
fragment_02585,5,20.14,20.08,20.08,24.53
fragment_02586,3,21.14,21.21,20.74,21.21
fragment_02587,22,22.07,22.24,20.54,24.49
fragment_02588,2,22.65,22.2,22.2,23.19
fragment_02589,2,26.11,26.11,26.11,26.84
fragment_02590,2,23.47,23.35,23.35,25.18
fragment_02591,11,21.65,21.65,21.54,21.65
fragment_02592,10,23.18,22.84,22.7,26.67
fragment_02593,13,21.69,21.71,21.66,21.71
fragment_02594,13,21.22,21.72,20.73,23.76
fragment_02595,1,24.79,24.79,24.79,24.79
fragment_02596,6,32.61,32.56,32.56,34.3
fragment_02597,9,18.77,18.78,18.71,20.15
fragment_02598,2,24.54,24.53,24.53,24.55
fragment_02599,15,21.56,21.24,21.04,23.37
fragment_02600,10,19.36,19.38,19.35,19.41
fragment_02601,2,26.77,26.77,26.77,26.78
fragment_02602,8,23.12,23.14,23.05,25.16
fragment_02603,10,21.73,22.1,20.46,24.49
fragment_02604,49,21.51,21.54,20.68,23.48
fragment_02605,6,23.16,23.16,23.16,25.59
fragment_02606,2,20.98,20.98,20.98,20.99
fragment_02607,11,23.98,24.24,22.92,26.94
fragment_02608,2,20.48,20.49,20.4,20.49
fragment_02609,1,23.17,23.17,23.17,23.17
fragment_02610,9,21.64,21.65,21.61,21.65
fragment_02611,1,22.87,22.87,22.87,22.87
fragment_02612,2,19.42,19.42,19.42,19.42
fragment_02613,25,19.01,18.69,18.69,21.97
fragment_02614,13,23.12,23.11,23.11,25.19
fragment_02615,20,18.86,18.86,18.84,18.86
fragment_02616,6,19.35,19.33,19.21,19.4
fragment_02617,1,24.3,24.3,24.3,24.3
fragment_02618,2,27.76,27.63,27.63,28.14
fragment_02619,1,23.58,23.58,23.58,23.58
fragment_02620,6,24.39,24.42,24.38,24.42
fragment_02621,2,24.09,24.09,24.09,24.09
fragment_02622,3,23.03,23.03,23.0,23.03
fragment_02623,3,23.73,23.73,23.73,24.99
fragment_02624,13,22.97,22.6,22.49,26.1
fragment_02625,20,25.54,25.36,25.31,28.62
fragment_02626,4,20.04,20.04,20.04,21.88
fragment_02627,1,26.3,26.3,26.3,26.3
fragment_02628,2,23.17,23.1,23.1,23.33
fragment_02629,1,21.77,21.77,21.77,21.77
fragment_02630,6,19.38,19.35,19.2,19.43
fragment_02631,2,26.51,26.51,26.51,26.51
fragment_02632,2,19.43,19.44,19.42,19.44
fragment_02633,3,25.13,25.13,24.48,25.13
fragment_02634,7,23.23,23.07,23.0,25.69
fragment_02635,5,24.2,24.3,24.13,24.3
fragment_02636,2,20.58,20.57,20.57,20.6
fragment_02637,14,27.98,28.33,27.14,29.46
fragment_02638,8,18.86,18.97,18.21,19.22
fragment_02639,4,22.67,22.67,22.27,22.67
fragment_02640,1,24.47,24.47,24.47,24.47
fragment_02641,3,20.61,20.57,20.57,22.79
fragment_02642,11,23.08,23.06,23.06,25.18
fragment_02643,3,23.13,23.09,23.09,25.17
fragment_02644,2,21.35,21.35,21.1,21.35
fragment_02645,1,21.5,21.5,21.5,21.5
fragment_02646,2,23.19,23.2,23.19,23.2
fragment_02647,3,22.83,22.79,22.79,22.88
fragment_02648,5,20.47,20.43,20.38,23.74
fragment_02649,57,21.39,21.69,20.39,22.75
fragment_02650,2,20.53,20.55,20.41,20.55
fragment_02651,2,23.95,24.63,23.15,24.63
fragment_02652,2,21.73,21.73,21.72,21.73
fragment_02653,1,23.72,23.72,23.72,23.72
fragment_02654,10,21.89,22.24,20.7,23.97
fragment_02655,1,22.36,22.36,22.36,22.36
fragment_02656,1,23.16,23.16,23.16,23.16
fragment_02657,1,23.41,23.41,23.41,23.41
fragment_02658,2,25.43,25.43,25.43,25.46
fragment_02659,8,23.6,23.92,22.53,25.1
fragment_02660,6,21.21,20.85,20.85,22.22
fragment_02661,9,19.33,19.28,19.2,19.37
fragment_02662,4,23.54,23.56,23.31,23.56
fragment_02663,2,21.74,21.74,21.74,21.74
fragment_02664,7,21.32,20.66,20.66,25.5
fragment_02665,2,21.77,21.78,21.14,21.78
fragment_02666,11,25.74,25.55,25.16,28.33
fragment_02667,2,25.47,25.47,25.47,25.52
fragment_02668,13,19.64,19.58,19.58,21.91
fragment_02669,25,20.54,21.21,19.78,22.13
fragment_02670,3,19.5,19.5,19.5,19.61
fragment_02671,22,20.45,20.21,20.21,23.93
fragment_02672,2,22.71,22.71,22.28,22.71
fragment_02673,15,27.74,27.24,27.24,30.22
fragment_02674,15,22.86,22.33,22.33,25.12
fragment_02675,2,22.99,22.49,22.49,24.18
fragment_02676,27,23.01,24.26,20.37,24.29
fragment_02677,3,20.65,20.67,20.62,20.67
fragment_02678,2,26.18,26.18,26.18,26.18
fragment_02679,12,27.48,27.47,26.2,29.61
fragment_02680,28,24.97,24.83,24.13,27.58
fragment_02681,2,26.15,26.11,26.11,26.2
fragment_02682,2,19.72,19.72,19.71,19.72
fragment_02683,20,24.1,24.12,24.04,25.16
fragment_02684,8,20.07,18.8,18.8,22.2
fragment_02685,4,26.56,26.53,26.21,27.61
fragment_02686,10,20.07,18.8,18.8,22.27
fragment_02687,8,20.01,19.84,19.83,22.85
fragment_02688,2,22.53,21.94,21.94,23.14
fragment_02689,9,20.17,20.22,19.62,20.22
fragment_02690,3,22.77,22.77,22.77,22.8
fragment_02691,3,21.66,21.65,21.65,21.7
fragment_02692,16,31.04,31.23,29.92,33.39
fragment_02693,35,23.92,23.78,23.7,26.27
fragment_02694,3,25.97,25.96,25.96,28.65
fragment_02695,3,25.97,25.97,25.97,28.62
fragment_02696,3,24.99,25.03,24.59,25.03
fragment_02697,2,22.33,22.6,21.94,22.6
fragment_02698,3,20.02,20.01,20.01,21.96
fragment_02699,7,23.03,23.0,23.0,24.87
fragment_02700,3,22.27,22.26,22.26,22.52
fragment_02701,4,23.09,23.09,23.09,23.1
fragment_02702,3,19.91,19.96,19.62,19.96
fragment_02703,3,24.34,24.34,24.34,24.38
fragment_02704,3,21.59,21.6,21.56,21.6
fragment_02705,6,23.03,22.95,22.95,25.15
fragment_02706,2,25.33,25.33,25.33,25.33
fragment_02707,11,19.41,19.44,19.33,19.47
fragment_02708,2,25.45,25.44,25.44,25.46
fragment_02709,3,21.24,20.87,20.87,22.07
fragment_02710,1,24.29,24.29,24.29,24.29
fragment_02711,13,19.32,19.28,19.19,19.38
fragment_02712,14,25.25,25.34,24.01,27.32
fragment_02713,4,21.64,21.64,21.63,21.64
fragment_02714,22,24.36,24.71,24.04,26.76
fragment_02715,1,23.63,23.63,23.63,23.63
fragment_02716,58,21.17,21.18,20.38,23.56
fragment_02717,2,21.74,21.75,21.71,21.75
fragment_02718,10,19.99,19.97,19.97,22.02
fragment_02719,1,23.22,23.22,23.22,23.22
fragment_02720,4,21.64,21.64,21.64,21.65
fragment_02721,1,21.97,21.97,21.97,21.97
fragment_02722,11,25.54,25.22,25.14,27.71
fragment_02723,3,25.54,25.53,25.53,26.61
fragment_02724,4,20.02,20.01,20.01,21.9
fragment_02725,11,23.79,23.36,23.36,26.38
fragment_02726,2,27.65,27.65,27.65,27.71
fragment_02727,1,22.81,22.81,22.81,22.81
fragment_02728,14,24.69,24.92,23.87,25.8
fragment_02729,3,20.37,20.38,20.36,20.38
fragment_02730,4,25.37,25.4,25.31,25.41
fragment_02731,3,21.65,21.66,21.62,21.66
fragment_02732,4,24.26,24.32,24.18,24.32
fragment_02733,10,20.13,20.07,20.07,23.28
fragment_02734,12,20.58,20.56,19.62,22.48
fragment_02735,20,20.04,20.09,19.55,20.96
fragment_02736,2,24.02,23.51,23.51,24.66
fragment_02737,4,24.06,24.06,23.97,24.06
fragment_02738,2,14.1,14.1,14.09,14.1
fragment_02739,11,20.71,21.12,19.85,22.57
fragment_02740,10,25.73,25.54,25.18,26.85
fragment_02741,2,22.3,22.17,22.17,24.87
fragment_02742,2,22.4,22.39,22.39,22.48
fragment_02743,10,23.4,23.43,23.11,26.21
fragment_02744,1,21.46,21.46,21.46,21.46
fragment_02745,6,23.87,23.85,23.8,23.93
fragment_02746,2,22.11,22.12,21.53,22.12
fragment_02747,13,23.14,23.12,23.08,25.2
fragment_02748,2,23.22,23.22,23.22,23.22
fragment_02749,3,20.81,20.82,20.81,20.82
fragment_02750,10,26.43,26.3,26.02,28.45
fragment_02751,1,24.84,24.84,24.84,24.84
fragment_02752,29,22.95,22.97,22.84,23.09
fragment_02753,2,21.16,21.22,20.8,21.22
fragment_02754,49,21.6,21.6,21.57,21.61
fragment_02755,4,15.94,15.93,15.28,15.97
fragment_02756,2,23.49,24.27,22.5,24.27
fragment_02757,3,24.68,24.65,24.65,24.83
fragment_02758,2,16.73,16.68,16.68,16.78
fragment_02759,11,23.41,23.11,23.02,25.86
fragment_02760,2,25.25,25.24,25.24,25.26
fragment_02761,2,20.39,20.39,20.38,20.39
fragment_02762,1,21.8,21.8,21.8,21.8
fragment_02763,1,24.87,24.87,24.87,24.87
fragment_02764,2,22.53,21.95,21.95,23.14
fragment_02765,1,19.68,19.68,19.68,19.68
fragment_02766,3,23.25,23.62,22.56,24.03
fragment_02767,2,23.84,23.84,23.83,23.84
fragment_02768,1,23.58,23.58,23.58,23.58
fragment_02769,3,22.04,21.95,21.95,23.62
fragment_02770,1,23.18,23.18,23.18,23.18
fragment_02771,6,27.5,27.2,27.2,30.02
fragment_02772,12,24.45,24.44,23.92,25.27
fragment_02773,51,21.48,21.49,20.37,23.65
fragment_02774,10,19.02,18.73,18.73,21.54
fragment_02775,5,23.06,23.06,23.06,25.11
fragment_02776,6,20.24,20.22,19.97,21.57
fragment_02777,2,27.08,27.08,27.08,27.52
fragment_02778,35,22.54,22.24,20.84,24.76
fragment_02779,1,19.5,19.5,19.5,19.5
fragment_02780,3,24.9,24.91,23.82,24.91
fragment_02781,20,19.37,19.41,19.21,19.42
fragment_02782,54,21.31,21.01,20.9,23.62
fragment_02783,2,25.94,25.84,25.84,26.46
fragment_02784,3,19.98,19.49,19.49,20.37
fragment_02785,21,19.38,19.38,19.22,19.44
fragment_02786,15,21.67,21.68,21.64,21.69
fragment_02787,8,27.6,27.04,27.04,29.6
fragment_02788,8,27.61,27.03,27.03,29.61
fragment_02789,6,24.45,24.41,24.26,27.45
fragment_02790,21,22.87,24.37,20.46,24.9
fragment_02791,4,20.0,19.98,19.98,23.26
fragment_02792,1,23.22,23.22,23.22,23.22
fragment_02793,3,22.42,22.11,22.11,23.46
fragment_02794,12,19.35,19.32,19.21,19.4
fragment_02795,7,23.17,22.94,22.94,25.15
fragment_02796,1,23.1,23.1,23.1,23.1
fragment_02797,10,24.71,24.32,24.25,27.52
fragment_02798,1,24.37,24.37,24.37,24.37
fragment_02799,26,23.11,22.81,22.13,27.44
fragment_02800,3,20.63,20.96,18.85,20.96
fragment_02801,3,25.47,25.47,25.41,25.47
fragment_02802,1,20.88,20.88,20.88,20.88
fragment_02803,4,26.45,26.59,25.45,26.59
fragment_02804,1,23.87,23.87,23.87,23.87
fragment_02805,3,20.16,20.17,20.13,20.17
fragment_02806,1,21.8,21.8,21.8,21.8
fragment_02807,9,27.77,27.85,27.27,27.85
fragment_02808,11,23.38,23.14,23.02,25.83
fragment_02809,11,22.69,22.69,22.46,24.43
fragment_02810,4,21.56,21.56,21.52,21.59
fragment_02811,10,25.78,25.4,25.4,28.66
fragment_02812,18,23.36,23.17,23.17,25.23
fragment_02813,13,26.48,26.39,25.25,27.04
fragment_02814,7,19.93,19.92,19.49,19.97
fragment_02815,4,21.16,21.16,21.13,21.17
fragment_02816,3,26.84,26.8,26.8,28.88
fragment_02817,10,20.39,20.21,20.19,22.3
fragment_02818,1,23.18,23.18,23.18,23.18
fragment_02819,1,24.37,24.37,24.37,24.37
fragment_02820,10,23.86,23.78,23.76,24.22
fragment_02821,2,25.32,24.94,24.94,27.17
fragment_02822,2,20.8,20.8,20.8,20.8
fragment_02823,9,22.26,22.25,21.49,22.45
fragment_02824,6,22.16,23.87,20.47,24.65
fragment_02825,2,22.81,22.29,22.29,23.64
fragment_02826,6,19.39,19.36,19.19,19.45
fragment_02827,1,23.19,23.19,23.19,23.19
fragment_02828,9,21.13,20.46,20.46,23.56
fragment_02829,6,27.24,26.36,26.36,28.61
fragment_02830,8,21.65,21.64,21.63,21.65
fragment_02831,8,19.95,19.92,19.61,22.67
fragment_02832,1,21.74,21.74,21.74,21.74
fragment_02833,9,22.92,22.83,22.58,25.78
fragment_02834,2,24.26,24.26,24.25,24.26
fragment_02835,12,24.24,23.59,22.93,26.29
fragment_02836,2,26.03,26.03,26.03,26.03
fragment_02837,2,22.69,22.69,22.27,22.69
fragment_02838,7,24.29,24.35,24.23,24.35
fragment_02839,2,19.97,19.96,19.96,19.98
fragment_02840,8,21.47,21.81,20.55,22.49
fragment_02841,2,26.42,26.44,26.4,26.44
fragment_02842,31,23.95,24.56,23.04,25.46
fragment_02843,6,20.29,20.27,20.27,22.14
fragment_02844,19,21.38,20.66,20.59,25.37
fragment_02845,17,28.46,28.26,27.22,29.73
fragment_02846,7,22.51,22.46,22.46,25.06
fragment_02847,12,21.3,20.82,20.54,23.81
fragment_02848,2,26.39,26.38,26.38,26.81
fragment_02849,2,16.36,16.35,16.35,16.37
fragment_02850,1,24.5,24.5,24.5,24.5
fragment_02851,6,26.62,26.65,26.53,26.66
fragment_02852,5,22.97,22.95,22.94,24.88
fragment_02853,2,15.42,15.16,15.16,17.09
fragment_02854,9,20.22,20.25,19.65,20.32
fragment_02855,1,23.14,23.14,23.14,23.14
fragment_02856,2,25.67,25.67,25.67,25.68
fragment_02857,3,20.53,20.55,20.51,20.55
fragment_02858,1,24.45,24.45,24.45,24.45
fragment_02859,3,21.12,21.12,20.49,21.13
fragment_02860,1,25.11,25.11,25.11,25.11
fragment_02861,2,21.2,21.21,19.98,21.21
fragment_02862,6,20.89,20.79,20.31,21.04
fragment_02863,1,26.65,26.65,26.65,26.65
fragment_02864,2,24.33,24.29,24.29,27.24
fragment_02865,7,19.66,19.66,19.61,19.67
fragment_02866,4,22.4,22.36,22.36,22.59
fragment_02867,11,31.28,31.31,30.99,33.44
fragment_02868,6,27.24,26.35,26.35,28.63
fragment_02869,4,20.49,20.47,20.47,20.52
fragment_02870,3,19.41,19.41,19.41,19.42
fragment_02871,1,24.38,24.38,24.38,24.38
fragment_02872,8,26.93,26.9,25.84,27.76
fragment_02873,2,21.64,21.64,21.63,21.64
fragment_02874,10,20.17,20.21,19.62,20.21
fragment_02875,1,23.08,23.08,23.08,23.08
fragment_02876,1,24.39,24.39,24.39,24.39
fragment_02877,10,27.85,28.21,25.17,28.21
fragment_02878,4,15.35,15.32,15.32,15.48
fragment_02879,4,24.27,24.16,24.16,27.02
fragment_02880,2,23.59,23.63,23.42,23.63
fragment_02881,8,21.66,21.66,21.66,21.67
fragment_02882,2,20.37,20.37,20.36,20.37
fragment_02883,2,28.54,28.65,27.85,28.65
fragment_02884,2,19.16,19.12,19.12,19.38
fragment_02885,2,25.99,26.49,25.0,26.49
fragment_02886,1,24.37,24.37,24.37,24.37
fragment_02887,1,22.83,22.83,22.83,22.83
fragment_02888,4,25.41,25.39,25.39,25.44
fragment_02889,1,23.15,23.15,23.15,23.15
fragment_02890,5,21.65,21.67,21.62,21.67
fragment_02891,1,24.5,24.5,24.5,24.5
fragment_02892,2,15.66,15.64,15.64,15.72
fragment_02893,5,23.91,23.61,23.44,25.16
fragment_02894,4,23.92,23.88,23.88,24.18
fragment_02895,4,27.97,28.28,24.86,28.28
fragment_02896,4,21.18,21.18,21.18,21.98
fragment_02897,4,22.14,22.14,22.14,22.31
fragment_02898,1,21.7,21.7,21.7,21.7
fragment_02899,2,19.63,19.63,19.58,19.63
fragment_02900,1,24.71,24.71,24.71,24.71
fragment_02901,4,19.99,19.82,19.82,22.85
fragment_02902,12,23.97,24.24,22.39,26.95
fragment_02903,2,25.3,25.3,25.23,25.3
fragment_02904,15,21.28,22.82,19.72,22.82
fragment_02905,6,20.13,20.13,19.79,20.33
fragment_02906,2,22.53,22.54,22.03,22.54
fragment_02907,2,20.37,20.35,20.35,20.41
fragment_02908,13,25.65,25.84,24.49,28.02
fragment_02909,4,25.94,25.93,25.74,27.81
fragment_02910,10,21.73,21.47,20.61,24.0
fragment_02911,2,21.63,21.64,21.6,21.64
fragment_02912,36,22.84,22.4,22.13,25.41
fragment_02913,10,23.07,23.13,22.93,23.72
fragment_02914,21,24.82,25.64,24.39,25.64
fragment_02915,4,23.08,23.1,22.57,23.46
fragment_02916,25,25.63,25.8,24.7,29.52
fragment_02917,8,18.76,18.33,18.05,20.55
fragment_02918,2,20.51,20.49,20.49,20.55
fragment_02919,9,27.74,27.49,27.49,31.45
fragment_02920,21,21.57,21.25,21.08,22.9
fragment_02921,11,23.98,24.57,23.15,25.33
fragment_02922,6,27.68,27.5,27.5,30.67
fragment_02923,1,25.93,25.93,25.93,25.93
fragment_02924,55,21.84,22.1,21.62,23.18
fragment_02925,9,21.44,20.65,20.65,25.41
fragment_02926,4,20.5,20.59,19.84,20.59
fragment_02927,10,21.15,20.46,20.46,24.1
fragment_02928,9,19.38,19.22,18.74,21.05
fragment_02929,15,19.35,19.28,19.21,19.46
fragment_02930,8,19.06,18.88,18.88,22.73
fragment_02931,44,33.29,33.86,30.47,35.4
fragment_02932,15,25.28,25.39,24.01,27.34
fragment_02933,1,22.6,22.6,22.6,22.6
fragment_02934,4,20.02,20.01,20.01,21.9
fragment_02935,2,25.4,25.4,25.39,25.4
fragment_02936,6,20.17,20.16,19.86,21.53
fragment_02937,17,20.18,20.25,19.63,20.26
fragment_02938,2,25.76,25.76,25.17,25.76
fragment_02939,2,22.82,22.82,22.45,22.82
fragment_02940,1,21.81,21.81,21.81,21.81
fragment_02941,2,23.24,23.24,23.24,23.24
fragment_02942,3,21.67,21.67,21.62,21.67
fragment_02943,4,20.49,20.48,20.47,20.52
fragment_02944,10,25.16,25.41,24.05,25.95
fragment_02945,11,26.23,26.15,25.9,28.13
fragment_02946,8,22.6,22.75,21.9,23.34
fragment_02947,5,24.15,24.17,24.1,24.17
fragment_02948,7,23.24,23.03,23.03,26.22
fragment_02949,10,20.18,20.2,19.64,20.22
fragment_02950,12,20.67,21.06,19.82,22.77
fragment_02951,3,19.43,19.42,19.42,19.44
fragment_02952,2,20.18,20.18,20.17,20.18
fragment_02953,2,24.6,24.6,23.59,24.6
fragment_02954,2,24.1,24.1,24.1,24.1
fragment_02955,4,21.66,21.67,21.63,21.69
fragment_02956,5,25.22,25.35,24.09,25.35
fragment_02957,1,26.26,26.26,26.26,26.26
fragment_02958,16,25.65,25.28,25.28,28.97
fragment_02959,2,22.24,22.57,21.87,22.57
fragment_02960,10,23.35,23.11,22.8,26.65
fragment_02961,1,24.86,24.86,24.86,24.86
fragment_02962,3,21.1,21.18,20.85,21.18
fragment_02963,7,21.59,20.92,20.89,22.53
fragment_02964,1,22.65,22.65,22.65,22.65
fragment_02965,1,23.64,23.64,23.64,23.64
fragment_02966,12,19.28,19.24,19.17,19.38
fragment_02967,2,19.49,19.47,19.47,19.5
fragment_02968,32,23.42,23.33,22.54,26.04
fragment_02969,25,20.07,20.15,19.56,20.27
fragment_02970,6,21.63,21.62,21.58,21.64
fragment_02971,2,25.39,25.39,25.39,25.39
fragment_02972,4,21.66,21.69,21.63,21.69
fragment_02973,7,26.14,26.03,25.21,26.61
fragment_02974,18,23.83,23.78,23.7,24.25
fragment_02975,4,26.44,26.57,25.46,26.57
fragment_02976,1,22.37,22.37,22.37,22.37
fragment_02977,4,23.59,23.91,22.56,23.91
fragment_02978,10,22.03,22.02,21.03,25.07
fragment_02979,17,21.43,21.54,20.64,25.34
fragment_02980,2,26.27,26.27,26.27,26.27
fragment_02981,2,26.45,26.46,26.2,26.46
fragment_02982,1,23.16,23.16,23.16,23.16
fragment_02983,1,24.68,24.68,24.68,24.68
fragment_02984,11,25.69,25.8,24.99,27.18
fragment_02985,14,21.74,20.55,20.39,23.38
fragment_02986,3,25.65,25.66,25.21,25.9
fragment_02987,44,21.48,21.47,20.71,22.87
fragment_02988,2,22.71,22.71,22.28,22.71
fragment_02989,7,19.23,19.24,18.8,22.79
fragment_02990,5,19.32,19.28,19.22,19.36
fragment_02991,2,21.64,21.65,21.6,21.65
fragment_02992,7,24.5,24.39,24.39,28.53
fragment_02993,2,25.33,24.95,24.95,27.16
fragment_02994,2,22.68,22.68,22.28,22.68
fragment_02995,12,19.34,19.3,19.21,19.38
fragment_02996,8,24.86,24.79,24.61,25.71
fragment_02997,19,24.09,24.06,23.98,24.81
fragment_02998,7,24.1,24.13,23.77,24.13
fragment_02999,57,21.69,21.68,21.64,21.72
fragment_03000,3,17.78,17.17,17.17,18.2
fragment_03001,44,18.97,18.73,18.72,21.79
fragment_03002,3,19.14,19.14,19.14,21.72
fragment_03003,1,27.2,27.2,27.2,27.2
fragment_03004,53,21.43,21.79,20.38,24.51
fragment_03005,23,25.28,25.29,25.04,26.42
fragment_03006,10,24.17,23.6,22.97,26.21
fragment_03007,2,25.27,25.28,25.27,25.28
fragment_03008,6,21.33,21.36,21.3,21.36
fragment_03009,8,25.45,25.43,25.43,25.5
fragment_03010,1,23.63,23.63,23.63,23.63
fragment_03011,1,26.12,26.12,26.12,26.12
fragment_03012,1,23.28,23.28,23.28,23.28
fragment_03013,4,24.6,24.57,24.57,27.63
fragment_03014,2,22.24,22.24,21.71,22.24
fragment_03015,3,22.92,22.89,22.89,24.53
fragment_03016,2,21.7,21.7,21.7,21.7
fragment_03017,3,27.75,27.75,27.75,29.3
fragment_03018,2,23.64,23.64,23.64,23.64
fragment_03019,3,18.87,18.87,18.86,18.88
fragment_03020,8,23.11,23.12,23.09,25.2
fragment_03021,2,19.95,19.97,19.9,19.97
fragment_03022,10,20.09,20.04,20.03,22.09
fragment_03023,13,20.37,20.56,19.23,20.56
fragment_03024,3,27.14,27.19,26.3,27.19
fragment_03025,4,25.38,25.39,25.37,25.39
fragment_03026,1,26.13,26.13,26.13,26.13
fragment_03027,1,21.06,21.06,21.06,21.06
fragment_03028,3,19.43,19.43,19.43,19.43
fragment_03029,13,24.7,24.93,23.83,25.78
fragment_03030,12,25.24,24.26,24.26,28.6
fragment_03031,2,26.86,26.85,26.85,26.86
fragment_03032,9,26.26,26.52,24.82,26.52
fragment_03033,6,24.84,24.5,24.5,28.31
fragment_03034,1,22.04,22.04,22.04,22.04
fragment_03035,2,22.75,22.75,22.33,22.75
fragment_03036,10,30.87,30.79,30.75,33.66
fragment_03037,2,21.34,21.36,21.32,21.36
fragment_03038,4,19.98,19.81,19.81,22.89
fragment_03039,4,25.88,25.88,25.88,26.24
fragment_03040,5,20.17,20.22,19.78,20.22
fragment_03041,4,21.65,21.66,21.61,21.66
fragment_03042,16,25.74,26.42,23.83,26.42
fragment_03043,2,21.69,21.7,21.68,21.7
fragment_03044,3,25.28,25.16,24.94,26.54
fragment_03045,2,17.71,17.71,17.7,17.71
fragment_03046,1,23.4,23.4,23.4,23.4
fragment_03047,10,20.19,20.23,19.64,20.25
fragment_03048,12,20.18,20.16,20.16,22.11
fragment_03049,6,19.25,19.24,19.24,19.26
fragment_03050,6,25.54,25.48,25.1,25.7
fragment_03051,7,25.23,25.22,24.48,26.84
fragment_03052,2,18.98,18.97,18.97,19.02
fragment_03053,2,29.52,29.5,29.5,29.67
fragment_03054,3,20.34,20.35,20.3,20.36
fragment_03055,2,14.13,14.12,14.12,14.32
fragment_03056,1,25.48,25.48,25.48,25.48
fragment_03057,2,23.22,23.12,23.12,23.35
fragment_03058,1,19.76,19.76,19.76,19.76
fragment_03059,13,19.37,19.36,19.23,19.41
fragment_03060,2,20.49,20.51,20.38,20.51
fragment_03061,14,21.22,21.21,21.18,21.24
fragment_03062,6,26.9,27.09,26.25,27.1
fragment_03063,12,22.68,22.7,21.97,22.89
fragment_03064,4,26.35,26.35,24.51,26.37
fragment_03065,55,20.43,20.53,20.03,22.13
fragment_03066,13,25.97,25.98,25.03,28.22
fragment_03067,1,24.65,24.65,24.65,24.65
fragment_03068,3,21.25,21.32,20.95,21.32
fragment_03069,2,18.91,18.92,18.88,18.92
fragment_03070,6,21.68,21.68,21.67,21.68
fragment_03071,5,20.12,20.12,19.81,20.47
fragment_03072,15,24.08,24.07,24.05,25.05
fragment_03073,5,26.11,26.24,25.11,27.36
fragment_03074,11,21.3,21.85,18.99,21.85
fragment_03075,13,18.9,18.91,18.89,18.92
fragment_03076,1,24.58,24.58,24.58,24.58
fragment_03077,6,20.4,20.36,20.22,20.57
fragment_03078,21,21.32,22.05,19.1,22.18
fragment_03079,2,21.68,21.68,21.68,21.68
fragment_03080,3,21.68,21.69,21.66,21.69
fragment_03081,6,25.37,25.34,25.3,28.66
fragment_03082,2,20.29,20.29,20.29,20.29
fragment_03083,1,24.44,24.44,24.44,24.44
fragment_03084,11,19.91,19.9,19.89,21.94
fragment_03085,1,25.57,25.57,25.57,25.57
fragment_03086,4,20.14,20.19,19.72,20.19
fragment_03087,5,22.63,22.53,22.53,22.87
fragment_03088,8,23.59,23.91,22.55,25.11
fragment_03089,1,22.81,22.81,22.81,22.81
fragment_03090,1,32.85,32.85,32.85,32.85
fragment_03091,4,24.29,24.48,23.73,25.72
fragment_03092,21,20.26,20.39,19.65,20.43
fragment_03093,19,22.98,22.91,22.89,23.43
fragment_03094,8,22.05,22.05,22.04,22.16
fragment_03095,7,27.84,27.91,26.12,27.91
fragment_03096,4,26.85,26.86,26.73,26.87
fragment_03097,2,21.69,21.7,21.65,21.7
fragment_03098,2,25.5,25.41,25.41,25.59
fragment_03099,21,20.21,20.25,19.65,20.25
fragment_03100,11,25.5,25.22,25.14,27.75
fragment_03101,9,21.24,21.54,20.78,24.03
fragment_03102,3,27.76,27.75,27.75,29.29
fragment_03103,50,22.02,22.29,20.84,25.77
fragment_03104,21,22.74,22.34,20.65,24.81
fragment_03105,4,23.71,23.86,23.13,25.15
fragment_03106,2,25.54,25.54,25.54,25.54
fragment_03107,2,24.15,24.16,24.13,24.16
fragment_03108,23,19.2,18.71,18.71,22.24
fragment_03109,1,24.69,24.69,24.69,24.69
fragment_03110,4,24.71,24.72,24.71,24.74
fragment_03111,45,21.84,22.36,20.91,25.44
fragment_03112,2,18.63,18.64,18.6,18.64
fragment_03113,1,23.17,23.17,23.17,23.17
fragment_03114,54,25.74,25.62,24.68,29.6
fragment_03115,13,20.28,20.28,19.65,20.45
fragment_03116,1,25.91,25.91,25.91,25.91
fragment_03117,1,24.09,24.09,24.09,24.09
fragment_03118,7,26.83,26.45,26.12,28.22
fragment_03119,2,31.9,31.9,31.9,31.9
fragment_03121,3,20.39,20.41,20.35,20.41
fragment_03122,12,22.43,22.39,20.45,23.63
fragment_03123,1,23.1,23.1,23.1,23.1
fragment_03124,11,20.21,20.25,19.65,20.3
fragment_03125,3,26.86,26.85,26.85,26.98
fragment_03126,16,21.32,21.33,21.29,21.33
fragment_03127,22,25.27,25.28,24.69,28.55
fragment_03128,12,20.45,20.85,19.85,22.56
fragment_03129,15,30.58,29.39,29.39,33.31
fragment_03130,2,19.41,19.41,19.41,19.41
fragment_03131,3,21.3,21.57,20.08,21.58
fragment_03132,16,25.51,25.55,25.27,25.68
fragment_03133,4,21.56,21.57,21.53,21.58
fragment_03134,6,24.17,24.16,24.16,26.74
fragment_03135,1,21.85,21.85,21.85,21.85
fragment_03136,5,24.24,24.16,24.16,27.18
fragment_03137,5,21.06,21.08,20.43,21.08
fragment_03138,9,20.12,20.08,20.08,23.25
fragment_03139,2,22.51,22.52,22.0,22.52
fragment_03140,8,14.8,14.8,14.79,15.06
fragment_03141,29,21.44,21.9,20.74,24.2
fragment_03142,1,27.24,27.24,27.24,27.24
fragment_03143,3,25.61,25.51,25.51,27.4
fragment_03144,1,21.89,21.89,21.89,21.89
fragment_03145,2,22.97,23.28,22.44,23.28
fragment_03146,26,24.85,24.84,24.26,27.02
fragment_03147,1,21.93,21.93,21.93,21.93
fragment_03148,6,21.64,21.74,20.5,22.66
fragment_03149,24,21.34,21.0,20.94,22.91
fragment_03150,2,23.76,24.0,23.17,24.0
fragment_03151,6,23.41,22.89,22.89,24.51
fragment_03152,4,21.65,21.66,21.62,21.66
fragment_03153,5,19.11,18.96,18.96,21.48
fragment_03154,4,24.13,24.13,24.12,24.13
fragment_03155,1,23.0,23.0,23.0,23.0
fragment_03156,7,19.4,19.4,19.38,19.4
fragment_03157,3,21.7,21.71,21.67,21.71
fragment_03158,9,22.51,22.73,21.82,23.39
fragment_03159,12,23.2,23.09,23.07,25.68
fragment_03160,6,26.79,26.44,26.13,28.11
fragment_03161,20,27.43,27.25,26.74,29.03
fragment_03162,1,23.22,23.22,23.22,23.22
fragment_03163,15,24.98,24.71,24.5,27.92
fragment_03164,8,23.11,23.03,23.01,25.37
fragment_03165,2,21.17,21.17,21.17,21.17
fragment_03166,2,21.7,21.71,21.7,21.71
fragment_03167,6,22.6,23.08,21.9,24.33
fragment_03168,1,23.15,23.15,23.15,23.15
fragment_03169,8,21.5,21.24,21.24,24.66
fragment_03170,2,21.78,21.79,21.77,21.79
fragment_03171,2,14.09,14.09,14.09,14.09
fragment_03172,4,21.69,21.71,21.66,21.71
fragment_03173,10,21.47,21.55,20.4,23.58
fragment_03174,1,24.5,24.5,24.5,24.5
fragment_03175,1,24.12,24.12,24.12,24.12
fragment_03176,8,28.03,28.19,25.03,28.19
fragment_03177,9,23.13,22.86,22.6,26.69
fragment_03178,7,20.31,20.29,20.25,20.72
fragment_03179,10,24.5,24.23,24.23,27.17
fragment_03180,12,19.35,19.32,19.21,19.41
fragment_03181,1,25.31,25.31,25.31,25.31
fragment_03182,3,24.33,24.26,23.95,25.25
fragment_03183,16,21.66,21.68,21.62,21.68
fragment_03184,2,25.42,25.43,25.41,25.43
fragment_03185,4,25.46,25.45,25.45,25.48
fragment_03186,1,24.71,24.71,24.71,24.71
fragment_03187,2,23.43,23.5,23.18,23.5
fragment_03188,3,23.2,22.0,22.0,24.48
fragment_03189,2,23.29,23.29,23.29,23.29
fragment_03190,5,29.04,28.89,28.89,31.1
fragment_03191,2,24.03,23.51,23.51,24.66
fragment_03192,2,22.35,22.64,21.95,22.64
fragment_03193,1,24.56,24.56,24.56,24.56
fragment_03194,23,25.96,26.0,25.39,28.29
fragment_03195,5,21.52,21.53,21.47,21.53
fragment_03196,9,23.13,23.12,23.12,25.32
fragment_03197,11,20.05,19.86,19.86,23.63
fragment_03198,4,21.57,21.46,21.46,21.74
fragment_03199,3,21.43,21.52,20.04,21.52
fragment_03200,20,23.41,23.15,23.1,25.22
fragment_03201,1,21.98,21.98,21.98,21.98
fragment_03202,1,21.02,21.02,21.02,21.02
fragment_03203,7,23.03,22.94,22.94,25.35
fragment_03204,2,21.77,21.78,21.25,21.78
fragment_03205,13,18.9,18.91,18.87,18.91
fragment_03206,4,26.98,27.0,26.93,27.0
fragment_03207,9,23.29,23.63,22.57,24.23
fragment_03208,18,24.5,24.65,24.04,27.94
fragment_03209,5,20.13,20.12,19.81,20.38
fragment_03210,3,25.38,25.01,25.01,25.82
fragment_03211,2,24.29,23.95,23.95,26.44
fragment_03212,14,24.79,25.1,22.53,25.12
fragment_03213,24,21.08,21.08,20.36,23.78
fragment_03214,13,21.33,21.34,21.3,21.34
fragment_03215,2,19.8,19.8,19.76,19.8
fragment_03216,3,19.96,19.95,19.95,19.97
fragment_03217,3,20.38,20.39,20.35,20.39
fragment_03218,13,20.23,20.27,19.67,20.37
fragment_03219,1,23.51,23.51,23.51,23.51
fragment_03220,2,25.39,25.39,25.39,25.39
fragment_03221,6,21.45,21.47,21.42,21.47
fragment_03222,13,25.13,26.72,23.46,26.72
fragment_03223,15,24.64,24.67,24.04,28.4
fragment_03224,12,21.39,21.4,21.36,21.41
fragment_03225,15,31.39,31.36,30.01,33.49
fragment_03226,1,24.58,24.58,24.58,24.58
fragment_03227,11,25.99,25.94,25.94,27.97
fragment_03228,22,21.51,22.07,20.39,25.13
fragment_03229,7,23.0,22.98,22.98,24.71
fragment_03230,18,20.93,22.21,19.59,22.25
fragment_03231,14,23.05,23.06,23.01,24.99
fragment_03232,3,25.71,25.71,25.71,25.84
fragment_03233,1,23.32,23.32,23.32,23.32
fragment_03234,8,22.34,22.34,22.33,22.43
fragment_03235,14,20.34,20.41,19.65,20.45
fragment_03236,3,21.28,21.28,21.28,21.6
fragment_03237,1,22.66,22.66,22.66,22.66
fragment_03238,2,22.09,22.09,22.08,22.09
fragment_03239,2,20.91,21.01,20.52,21.01
fragment_03240,2,14.83,14.83,14.83,14.83
fragment_03241,3,28.9,28.9,28.9,30.07
fragment_03242,2,26.57,26.58,26.57,26.58
fragment_03243,3,20.77,20.83,20.36,20.83
fragment_03244,2,22.44,22.45,21.93,22.45
fragment_03245,2,22.65,22.65,22.23,22.65
fragment_03246,2,21.63,21.63,21.62,21.63
fragment_03247,3,18.39,18.14,18.14,21.5
fragment_03248,3,21.6,21.61,21.56,21.61
fragment_03249,5,22.34,22.33,22.33,25.52
fragment_03250,1,22.04,22.04,22.04,22.04
fragment_03251,4,22.86,22.93,22.69,22.99
fragment_03252,1,21.96,21.96,21.96,21.96
fragment_03253,27,21.67,21.49,20.89,24.95
fragment_03254,18,27.58,27.9,25.57,29.24
fragment_03255,2,24.93,24.93,24.92,24.93
fragment_03256,2,23.83,23.83,23.8,23.83
fragment_03257,3,23.08,23.15,22.89,23.16
fragment_03258,2,20.38,20.38,20.37,20.38
fragment_03259,15,24.06,24.04,24.04,26.25
fragment_03260,45,23.84,23.77,23.64,26.35
fragment_03261,2,22.59,22.59,22.07,22.59
fragment_03262,4,21.72,21.72,21.72,21.73
fragment_03263,3,17.78,17.8,17.31,17.8
fragment_03264,32,21.99,21.66,21.64,24.51
fragment_03265,1,26.03,26.03,26.03,26.03
fragment_03266,29,20.1,21.42,18.85,21.85
fragment_03267,50,19.81,19.65,19.62,23.59
fragment_03268,1,24.41,24.41,24.41,24.41
fragment_03269,2,20.99,20.98,20.98,21.0
fragment_03270,1,17.48,17.48,17.48,17.48
fragment_03271,2,26.33,26.33,26.33,26.33
fragment_03272,27,23.04,23.02,23.01,25.69
fragment_03273,1,23.5,23.5,23.5,23.5
fragment_03274,7,28.08,28.01,28.01,32.01
fragment_03275,1,23.24,23.24,23.24,23.24
fragment_03276,16,24.66,27.09,23.57,27.09
fragment_03277,4,18.79,18.13,18.13,21.63
fragment_03278,10,23.32,23.14,23.06,25.94
fragment_03279,5,22.83,22.79,22.79,22.98
fragment_03280,14,21.24,21.21,21.21,21.28
fragment_03281,20,23.12,23.09,23.09,25.11
fragment_03282,3,20.96,20.93,20.93,21.56
fragment_03283,1,24.38,24.38,24.38,24.38
fragment_03284,1,21.87,21.87,21.87,21.87
fragment_03285,5,18.49,18.43,18.43,19.01
fragment_03286,5,19.89,19.91,19.86,19.91
fragment_03287,16,24.16,24.12,23.63,24.36
fragment_03288,3,21.43,21.35,20.6,21.96
fragment_03289,6,23.57,23.58,23.56,23.58
fragment_03290,13,25.84,25.66,25.29,27.55
fragment_03291,24,18.92,18.71,18.71,21.81
fragment_03292,3,20.39,20.4,20.35,20.41
fragment_03293,46,19.08,18.7,18.7,22.23
fragment_03294,1,21.54,21.54,21.54,21.54
fragment_03295,3,21.44,21.35,20.59,21.96
fragment_03296,8,27.48,27.36,26.35,29.05
fragment_03297,3,20.35,20.35,20.33,20.35
fragment_03298,4,25.91,26.54,24.22,26.54
fragment_03299,1,21.77,21.77,21.77,21.77
fragment_03300,19,23.83,23.7,23.69,26.18
fragment_03301,11,20.44,20.44,19.95,22.76
fragment_03302,20,20.21,20.23,19.64,20.27
fragment_03303,2,24.04,24.04,24.04,24.05
fragment_03304,1,23.26,23.26,23.26,23.26
fragment_03305,22,27.17,26.23,26.23,31.31
fragment_03306,2,20.52,20.54,20.43,20.54
fragment_03307,10,21.78,21.94,20.73,23.76
fragment_03308,6,20.34,20.34,20.3,20.37
fragment_03309,7,25.11,25.26,24.71,28.38
fragment_03310,10,25.47,25.47,24.56,25.58
fragment_03311,7,27.93,28.04,26.79,28.04
fragment_03312,1,24.54,24.54,24.54,24.54
fragment_03313,1,24.18,24.18,24.18,24.18
fragment_03314,4,23.04,22.91,22.88,23.21
fragment_03315,1,22.83,22.83,22.83,22.83
fragment_03316,7,23.05,23.04,23.04,23.35
fragment_03317,2,25.28,25.28,25.28,25.29
fragment_03318,17,19.4,19.4,19.36,19.41
fragment_03319,14,25.27,25.29,23.99,27.37
fragment_03320,6,24.79,24.89,22.66,24.89
fragment_03321,6,20.39,20.42,20.35,20.42
fragment_03322,5,24.11,24.12,23.7,24.18
fragment_03323,3,18.57,18.61,18.04,18.61
fragment_03324,7,21.68,21.66,21.63,21.73
fragment_03325,19,25.77,26.02,24.93,29.11
fragment_03326,1,22.92,22.92,22.92,22.92
fragment_03327,27,21.7,21.71,21.66,21.73
fragment_03328,7,26.5,26.86,25.82,27.29
fragment_03329,6,25.13,25.15,24.31,25.15
fragment_03330,5,24.13,24.14,24.07,24.21
fragment_03331,1,22.83,22.83,22.83,22.83
fragment_03332,25,20.16,20.18,19.61,20.58
fragment_03333,7,25.27,25.45,24.41,25.45
fragment_03334,1,23.98,23.98,23.98,23.98
fragment_03335,17,26.13,26.59,25.19,29.07
fragment_03336,9,22.78,22.72,22.39,24.23
fragment_03337,6,24.18,24.29,24.13,24.29
fragment_03338,24,25.96,25.54,25.53,29.52
fragment_03339,8,20.2,20.25,19.65,20.31
fragment_03340,6,23.44,22.93,22.93,24.5
fragment_03341,11,22.79,22.8,22.23,22.8
fragment_03342,10,21.35,21.37,20.76,25.21
fragment_03343,8,20.07,20.25,18.31,21.43
fragment_03344,19,21.67,21.68,21.62,21.69
fragment_03345,2,18.9,18.91,18.87,18.91
fragment_03346,16,23.85,24.12,23.43,24.32
fragment_03347,4,24.19,23.95,23.95,26.2
fragment_03348,1,21.99,21.99,21.99,21.99
fragment_03349,6,22.62,22.51,22.42,24.68
fragment_03350,13,21.31,22.28,20.53,23.83
fragment_03351,1,23.19,23.19,23.19,23.19
fragment_03352,2,24.0,24.0,24.0,24.0
fragment_03353,2,20.18,20.19,20.16,20.19
fragment_03354,2,23.83,23.83,23.81,23.83
fragment_03355,4,20.17,20.2,19.78,20.24
fragment_03356,6,23.15,22.98,22.35,24.04
fragment_03357,1,24.63,24.63,24.63,24.63
fragment_03358,6,26.57,26.99,26.17,28.2
fragment_03359,2,27.07,27.21,26.93,27.21
fragment_03360,12,25.26,25.29,25.22,25.29
fragment_03361,1,23.12,23.12,23.12,23.12
fragment_03362,20,24.07,23.88,23.81,26.54
fragment_03363,17,21.69,21.72,21.65,21.72
fragment_03364,8,21.57,21.56,21.55,21.61
fragment_03365,1,23.24,23.24,23.24,23.24
fragment_03366,2,21.44,21.46,21.39,21.46
fragment_03367,1,26.01,26.01,26.01,26.01
fragment_03368,1,24.55,24.55,24.55,24.55
fragment_03369,6,21.23,21.32,20.88,21.32
fragment_03370,9,23.41,23.18,23.18,26.34
fragment_03371,11,23.34,23.18,22.91,26.15
fragment_03372,20,21.64,21.64,21.6,21.65
fragment_03373,7,25.36,25.31,25.13,28.66
fragment_03374,17,21.63,21.62,21.56,21.64
fragment_03375,6,21.45,21.45,21.42,21.47
fragment_03376,2,21.83,21.82,21.82,21.83
fragment_03377,2,21.68,21.68,21.67,21.68
fragment_03378,9,19.31,19.31,19.21,19.39
fragment_03379,3,22.91,22.92,22.9,22.92
fragment_03380,6,20.92,20.93,20.89,20.93
fragment_03381,43,25.99,25.63,24.75,29.58
fragment_03382,3,22.89,22.61,22.24,23.17
fragment_03383,5,23.1,23.1,23.09,23.11
fragment_03384,4,21.69,21.69,21.68,21.71
fragment_03385,1,21.23,21.23,21.23,21.23
fragment_03386,6,21.33,21.35,21.29,21.35
fragment_03387,12,20.46,20.5,19.62,22.86
fragment_03388,23,24.07,24.05,24.03,25.03
fragment_03389,1,24.76,24.76,24.76,24.76
fragment_03390,2,20.37,20.37,20.36,20.37
fragment_03391,3,19.93,20.0,19.89,20.0
fragment_03392,1,21.83,21.83,21.83,21.83
fragment_03393,3,23.74,23.74,23.74,25.01
fragment_03394,4,25.61,25.49,25.49,26.6
fragment_03395,2,21.8,21.79,21.79,22.7
fragment_03396,1,24.48,24.48,24.48,24.48
fragment_03397,4,20.29,20.31,20.25,20.31
fragment_03398,29,21.69,21.67,21.63,21.94
fragment_03399,2,26.12,26.12,26.12,26.84
fragment_03400,16,23.26,23.14,23.1,25.1
fragment_03401,1,19.3,19.3,19.3,19.3
fragment_03402,2,27.09,27.09,27.09,27.09
fragment_03403,18,33.14,32.99,32.55,35.43
fragment_03404,21,22.01,22.21,20.6,23.55
fragment_03405,2,26.86,26.86,26.86,26.86
fragment_03406,7,25.09,25.23,24.73,27.02
fragment_03407,9,25.1,24.99,24.87,28.58
fragment_03408,7,25.51,26.04,24.69,28.14
fragment_03409,7,23.25,23.03,23.03,26.25
fragment_03410,10,26.22,26.46,25.2,29.16
fragment_03411,11,30.9,30.8,30.8,33.66
fragment_03412,7,24.4,24.6,22.44,24.6
fragment_03413,2,21.22,21.29,20.62,21.29
fragment_03414,23,22.89,22.71,22.08,27.1
fragment_03415,2,23.22,23.24,23.16,23.24
fragment_03416,19,24.32,24.14,23.62,25.77
fragment_03417,2,21.25,21.23,21.23,21.29
fragment_03418,2,21.65,21.65,21.65,21.65
fragment_03419,2,23.6,23.6,23.6,23.6
fragment_03420,3,18.95,18.96,18.95,18.96
fragment_03421,1,21.12,21.12,21.12,21.12
fragment_03422,36,27.92,28.38,26.27,31.36
fragment_03423,1,21.9,21.9,21.9,21.9
fragment_03424,3,19.36,19.37,19.34,19.37
fragment_03425,2,25.94,25.94,25.94,25.97
fragment_03426,2,30.29,30.29,30.29,30.29
fragment_03427,21,22.4,23.26,20.38,24.52
fragment_03428,27,21.86,21.98,20.69,24.65
fragment_03429,23,20.5,21.07,19.77,21.98
fragment_03430,11,21.38,21.43,21.13,21.5
fragment_03431,4,23.78,23.79,22.44,23.79
fragment_03432,25,18.96,18.72,18.72,21.57
fragment_03433,2,24.57,24.57,24.57,24.57
fragment_03434,38,24.82,25.43,22.97,26.81
fragment_03435,4,15.62,15.61,15.48,15.68
fragment_03436,1,23.2,23.2,23.2,23.2
fragment_03437,9,24.83,24.15,24.15,26.93
fragment_03438,12,24.11,24.09,24.06,27.74
fragment_03439,8,19.98,18.86,18.85,22.15
fragment_03440,3,22.99,23.06,22.64,23.06
fragment_03441,1,23.6,23.6,23.6,23.6
fragment_03442,12,23.36,23.31,23.31,26.68
fragment_03443,3,23.09,23.08,22.41,24.59
fragment_03444,2,19.28,19.25,19.25,19.45
fragment_03445,4,25.57,25.76,25.24,25.76
fragment_03446,2,21.32,21.32,21.32,21.32
fragment_03447,3,25.22,25.24,24.75,25.24
fragment_03448,47,24.7,25.92,23.17,26.01
fragment_03449,11,22.48,22.25,22.24,23.04
fragment_03450,19,20.87,21.04,19.86,21.92
fragment_03451,10,19.33,19.28,19.2,19.37
fragment_03452,1,25.36,25.36,25.36,25.36
fragment_03453,28,22.74,24.32,20.46,24.32
fragment_03454,29,31.49,32.65,30.07,34.85
fragment_03455,40,24.26,24.34,23.68,26.37
fragment_03456,4,25.29,25.5,23.72,25.51
fragment_03457,1,22.16,22.16,22.16,22.16
fragment_03458,1,22.76,22.76,22.76,22.76
fragment_03459,3,23.37,24.64,21.98,24.64
fragment_03460,5,20.13,20.13,19.81,21.26
fragment_03461,6,25.89,25.73,25.71,27.67
fragment_03462,1,26.04,26.04,26.04,26.04
fragment_03463,2,24.21,24.24,24.06,24.24
fragment_03464,2,21.22,21.23,20.8,21.23
fragment_03465,4,23.57,23.57,23.24,23.57
fragment_03466,5,23.93,23.88,23.88,24.81
fragment_03467,2,23.65,23.45,23.45,24.03
fragment_03468,3,17.52,17.48,17.48,18.16
fragment_03469,1,25.89,25.89,25.89,25.89
fragment_03470,7,23.0,22.98,22.98,24.7
fragment_03471,5,21.64,21.63,21.63,21.65
fragment_03472,1,24.98,24.98,24.98,24.98
fragment_03473,45,18.93,18.68,18.68,22.18
fragment_03474,6,19.35,19.31,19.21,19.39
fragment_03475,14,25.67,25.35,25.07,26.74
fragment_03476,4,23.45,23.1,23.1,25.22
fragment_03477,26,21.67,21.51,20.93,24.8
fragment_03478,1,24.45,24.45,24.45,24.45
fragment_03479,16,18.91,18.91,18.88,18.95
fragment_03480,2,18.84,18.84,18.84,18.87
fragment_03481,35,21.67,21.67,21.62,21.8
fragment_03482,17,22.55,22.55,22.13,22.8
fragment_03483,2,17.7,17.7,17.69,17.7
fragment_03484,1,23.63,23.63,23.63,23.63
fragment_03485,2,25.45,25.0,25.0,26.24
fragment_03486,3,19.5,19.5,19.5,19.6
fragment_03487,5,19.31,19.32,19.29,23.26
fragment_03488,2,21.66,21.63,21.63,21.7
fragment_03489,1,26.66,26.66,26.66,26.66
fragment_03490,2,20.45,20.45,20.44,20.45
fragment_03491,3,20.93,20.94,20.55,20.94
fragment_03492,8,21.57,21.56,21.55,21.62
fragment_03493,12,24.86,24.73,23.39,25.25
fragment_03494,8,24.63,24.2,24.11,27.29
fragment_03495,7,21.59,21.6,21.56,21.63
fragment_03496,2,21.94,21.94,21.87,21.94
fragment_03497,5,20.18,20.16,20.16,22.2
fragment_03498,9,21.08,21.14,20.51,21.32
fragment_03499,2,23.99,25.05,22.79,25.05
fragment_03500,3,30.77,30.77,30.63,30.77
fragment_03501,8,23.39,23.16,23.16,25.83
fragment_03502,7,22.4,22.31,22.31,25.86
fragment_03503,8,22.96,22.83,22.83,25.41
fragment_03504,1,24.89,24.89,24.89,24.89
fragment_03505,2,24.13,24.13,24.13,24.13
fragment_03506,1,22.64,22.64,22.64,22.64
fragment_03507,1,25.35,25.35,25.35,25.35
fragment_03508,2,24.46,24.45,24.45,25.34
fragment_03509,5,24.18,24.21,24.14,24.21
fragment_03510,25,21.7,22.18,20.69,24.99
fragment_03511,16,21.69,21.72,21.64,21.72
fragment_03512,3,23.08,23.1,22.94,23.18
fragment_03513,1,24.81,24.81,24.81,24.81
fragment_03514,2,21.51,21.52,21.46,21.52
fragment_03515,22,20.52,21.49,18.72,21.49
fragment_03516,6,34.94,35.16,34.42,35.17
fragment_03517,4,17.52,17.48,17.43,18.17
fragment_03518,27,19.83,20.91,18.75,21.54
fragment_03519,4,27.39,27.42,26.77,27.93
fragment_03520,1,25.59,25.59,25.59,25.59
fragment_03521,12,24.86,24.73,23.38,25.24
fragment_03522,29,23.02,22.97,22.92,25.19
fragment_03523,1,25.07,25.07,25.07,25.07
fragment_03524,13,26.65,26.67,25.81,28.93
fragment_03525,4,24.43,24.45,24.22,24.89
fragment_03526,2,26.09,26.09,26.09,26.09
fragment_03527,1,23.32,23.32,23.32,23.32
fragment_03528,17,26.71,27.17,25.16,30.03
fragment_03529,2,26.58,27.17,25.77,27.17
fragment_03530,10,21.7,21.7,21.66,21.7
fragment_03531,14,15.56,15.44,14.93,18.83
fragment_03532,1,21.32,21.32,21.32,21.32
fragment_03533,1,20.95,20.95,20.95,20.95
fragment_03534,6,25.31,25.32,24.76,25.37
fragment_03535,1,22.37,22.37,22.37,22.37
fragment_03536,2,24.46,24.45,24.45,25.35
fragment_03537,23,26.01,26.61,24.77,29.55
fragment_03538,4,26.36,26.34,26.19,27.95
fragment_03539,37,20.25,20.2,19.79,20.83
fragment_03540,5,24.3,24.23,24.2,27.17
fragment_03541,2,26.04,26.04,26.03,26.04
fragment_03542,5,26.74,27.43,25.15,27.43
fragment_03543,1,23.02,23.02,23.02,23.02
fragment_03544,2,19.33,19.33,19.33,19.33
fragment_03545,2,20.8,20.81,20.75,20.81
fragment_03546,14,26.1,25.72,25.48,28.23
fragment_03547,9,22.79,22.79,22.21,22.8
fragment_03548,4,28.5,28.39,28.39,30.34
fragment_03549,6,31.65,30.96,30.96,32.42
fragment_03550,1,24.42,24.42,24.42,24.42
fragment_03551,18,20.64,20.2,19.88,22.5
fragment_03552,3,20.39,20.41,20.34,20.41
fragment_03553,53,21.59,21.54,20.67,23.5
fragment_03554,3,23.08,23.07,23.07,25.13
fragment_03555,3,26.42,26.39,26.39,28.11
fragment_03556,7,21.71,21.86,20.67,23.42
fragment_03557,41,19.17,19.48,18.9,23.07
fragment_03558,57,19.14,19.16,18.69,22.3
fragment_03559,2,22.79,22.79,22.4,22.79
fragment_03560,1,21.78,21.78,21.78,21.78
fragment_03561,4,20.62,20.65,20.58,20.65
fragment_03562,6,25.96,25.7,25.7,26.65
fragment_03563,10,24.49,24.32,24.03,27.03
fragment_03564,4,24.49,24.43,24.34,24.72
fragment_03565,8,19.63,18.91,18.91,21.82
fragment_03566,5,15.69,15.68,15.64,15.74
fragment_03567,10,23.06,23.12,22.91,23.57
fragment_03568,1,22.73,22.73,22.73,22.73
fragment_03569,2,21.85,21.86,21.85,21.86
fragment_03570,2,22.67,22.67,22.27,22.67
fragment_03571,6,25.15,25.14,25.14,25.53
fragment_03572,1,21.85,21.85,21.85,21.85
fragment_03573,2,19.67,19.66,19.66,19.68
fragment_03574,6,24.16,24.17,24.12,24.2
fragment_03575,4,25.83,25.77,25.77,26.34
fragment_03576,18,24.46,24.21,23.86,25.52
fragment_03577,23,19.43,19.31,18.91,22.25
fragment_03578,1,23.33,23.33,23.33,23.33
fragment_03579,3,25.92,26.55,25.1,26.55
fragment_03580,2,21.44,21.43,21.43,21.45
fragment_03581,4,19.08,19.08,19.07,19.12
fragment_03582,7,20.38,20.47,19.23,20.48
fragment_03583,6,25.52,25.44,25.36,26.14
fragment_03584,25,21.7,22.21,20.67,24.99
fragment_03585,12,23.37,23.11,23.11,25.67
fragment_03586,3,23.55,24.47,21.92,24.47
fragment_03587,1,24.08,24.08,24.08,24.08
fragment_03588,4,24.77,24.92,24.21,24.92
fragment_03589,6,20.13,20.13,19.79,21.49
fragment_03590,2,21.72,21.73,21.21,21.73
fragment_03591,2,25.41,25.42,25.4,25.42
fragment_03592,7,27.44,27.57,25.94,27.57
fragment_03593,6,29.76,29.32,29.31,30.31
fragment_03594,3,19.1,19.1,19.09,19.1
fragment_03595,14,20.33,20.94,19.1,20.94
fragment_03596,20,25.34,24.18,24.18,26.91
fragment_03597,4,21.95,21.95,21.46,23.98
fragment_03598,3,20.12,20.12,20.12,20.16
fragment_03599,11,27.28,27.08,26.8,28.21
fragment_03600,2,22.08,22.17,21.86,22.17
fragment_03601,6,21.14,20.1,20.1,23.91
fragment_03602,78,26.17,27.03,24.18,28.69
fragment_03603,4,24.15,24.19,23.49,25.23
fragment_03604,5,24.69,24.74,24.22,26.21
fragment_03605,13,24.8,24.91,23.95,25.97
fragment_03606,2,23.27,23.27,23.26,23.27
fragment_03607,2,25.25,25.25,25.25,25.25
fragment_03608,2,21.81,21.78,21.78,21.85
fragment_03609,9,23.01,23.01,22.99,24.86
fragment_03610,9,18.9,18.91,18.89,18.92
fragment_03611,1,25.29,25.29,25.29,25.29
fragment_03612,4,20.2,20.22,19.8,20.26
fragment_03613,2,21.08,21.08,21.08,21.09
fragment_03614,1,23.03,23.03,23.03,23.03
fragment_03615,17,23.9,23.17,23.17,25.75
fragment_03616,1,23.22,23.22,23.22,23.22
fragment_03617,1,25.5,25.5,25.5,25.5
fragment_03618,3,20.1,20.1,20.1,23.17
fragment_03619,6,20.14,20.13,19.9,21.48
fragment_03620,4,22.78,22.79,22.24,22.79
fragment_03621,5,20.36,20.44,20.06,20.44
fragment_03622,6,15.66,15.63,15.63,15.71
fragment_03623,1,24.63,24.63,24.63,24.63
fragment_03624,2,24.02,24.02,23.85,24.02
fragment_03625,2,21.8,21.8,21.8,21.8
fragment_03626,11,24.52,24.29,24.06,27.43
fragment_03627,26,20.22,20.27,19.65,20.4
fragment_03628,1,25.56,25.56,25.56,25.56
fragment_03629,7,26.51,26.52,25.48,28.33
fragment_03630,2,25.28,25.28,25.28,25.28
fragment_03631,4,26.07,26.06,25.69,26.79
fragment_03632,3,19.55,19.55,19.55,20.21
fragment_03633,6,25.97,25.77,25.77,28.06
fragment_03634,1,25.05,25.05,25.05,25.05
fragment_03635,2,23.81,24.05,23.16,24.05
fragment_03636,2,19.19,19.19,19.15,19.19
fragment_03637,2,20.36,20.37,20.36,20.37
fragment_03638,2,21.79,21.79,21.79,21.79
fragment_03639,1,23.89,23.89,23.89,23.89
fragment_03640,2,28.03,28.03,28.03,28.03
fragment_03641,19,23.8,23.36,23.14,27.3
fragment_03642,3,25.72,25.73,25.72,25.86
fragment_03643,2,26.33,26.34,26.33,26.34
fragment_03644,2,22.8,22.8,22.4,22.8
fragment_03645,3,22.76,22.76,22.76,22.8
fragment_03646,1,24.43,24.43,24.43,24.43
fragment_03647,8,22.36,22.74,21.21,23.18
fragment_03648,14,21.68,21.43,20.94,22.92
fragment_03649,5,26.12,26.25,25.1,27.37
fragment_03650,3,26.22,26.22,26.22,28.82
fragment_03651,16,20.22,20.2,20.2,22.07
fragment_03652,6,24.84,24.51,24.51,28.31
fragment_03653,2,21.68,21.68,21.68,21.68
fragment_03654,12,22.74,23.02,20.37,23.99
fragment_03655,10,20.18,20.25,19.64,20.29
fragment_03656,18,30.41,29.79,29.78,32.56
fragment_03657,19,20.7,19.43,19.32,21.8
fragment_03658,2,20.51,20.5,20.5,20.54
fragment_03659,49,25.52,25.37,25.11,26.49
fragment_03660,4,24.12,24.12,24.1,24.16
fragment_03661,7,22.71,22.99,22.27,24.48
fragment_03662,10,21.77,21.79,21.73,21.79
fragment_03663,16,25.27,25.37,24.01,27.83
fragment_03664,6,19.67,19.66,19.63,19.67
fragment_03665,20,19.56,19.56,19.55,20.19
fragment_03666,1,24.19,24.19,24.19,24.19
fragment_03667,19,19.38,19.34,19.32,21.7
fragment_03668,1,25.52,25.52,25.52,25.52
fragment_03669,4,20.74,20.75,18.68,20.75
fragment_03670,3,27.19,27.19,27.17,27.59
fragment_03671,4,23.76,23.77,22.45,23.82
fragment_03672,4,24.21,24.29,24.15,24.29
fragment_03673,3,24.05,23.97,23.97,26.03
fragment_03674,11,21.17,21.1,20.55,21.67
fragment_03675,8,21.6,21.61,21.59,21.61
fragment_03676,17,25.59,25.54,25.21,26.86
fragment_03677,42,19.93,19.63,19.63,23.37
fragment_03678,1,22.84,22.84,22.84,22.84
fragment_03679,12,20.61,20.53,20.46,23.29
fragment_03680,5,22.62,22.5,22.41,24.69
fragment_03681,7,23.27,23.16,23.15,25.91
fragment_03682,22,22.11,22.27,21.17,24.95
fragment_03683,6,25.29,25.25,25.08,25.34
fragment_03684,5,25.29,24.21,24.21,27.73
fragment_03685,29,20.18,20.29,19.64,20.39
fragment_03686,57,22.17,22.46,20.92,26.69
fragment_03687,1,23.22,23.22,23.22,23.22
fragment_03688,14,22.84,22.32,22.03,24.97
fragment_03689,4,19.07,19.06,19.06,19.09
fragment_03690,5,24.69,24.48,24.48,25.07
fragment_03691,1,25.47,25.47,25.47,25.47
fragment_03692,2,23.23,23.23,23.23,23.23
fragment_03693,9,21.65,21.65,21.65,21.66
fragment_03694,4,20.04,20.03,20.03,21.91
fragment_03695,9,27.5,26.78,26.48,28.43
fragment_03696,30,21.8,22.9,20.95,22.9
fragment_03697,5,24.16,25.1,22.68,25.1
fragment_03698,5,25.56,25.55,25.48,25.87
fragment_03699,4,21.79,21.8,21.79,21.8
fragment_03700,2,21.64,21.63,21.63,21.64
fragment_03701,3,19.31,19.31,19.31,19.32
fragment_03702,2,20.29,20.31,20.27,20.31
fragment_03703,5,24.17,24.14,24.14,24.21
fragment_03704,4,21.8,21.81,21.8,21.81
fragment_03705,1,26.03,26.03,26.03,26.03
fragment_03706,36,22.97,22.12,20.51,25.13
fragment_03707,1,23.76,23.76,23.76,23.76
fragment_03708,5,24.17,24.21,24.12,24.21
fragment_03709,4,26.3,26.31,26.29,26.32
fragment_03710,1,24.36,24.36,24.36,24.36
fragment_03711,1,23.61,23.61,23.61,23.61
fragment_03712,2,26.36,26.38,26.34,26.38
fragment_03713,2,21.74,21.74,21.73,21.74
fragment_03714,2,19.97,19.97,19.97,19.97
fragment_03715,4,15.75,15.79,15.7,15.8
fragment_03716,3,20.79,20.79,20.79,20.79
fragment_03717,5,21.06,21.09,21.04,21.09
fragment_03718,4,21.63,21.65,21.61,21.65
fragment_03719,12,19.14,18.92,18.92,21.61
fragment_03720,2,15.68,15.67,15.67,15.72
fragment_03721,1,21.95,21.95,21.95,21.95
fragment_03722,19,20.2,20.24,19.65,20.25
fragment_03723,10,19.76,19.61,19.61,20.54
fragment_03724,3,19.84,19.84,19.83,19.87
fragment_03725,3,21.82,21.83,21.79,21.83
fragment_03726,8,21.7,21.7,21.68,21.73
fragment_03727,1,19.36,19.36,19.36,19.36
fragment_03728,7,24.79,24.38,24.27,27.28
fragment_03729,6,24.3,24.16,24.14,27.34
fragment_03730,44,21.84,21.96,20.95,25.64
fragment_03731,1,22.18,22.18,22.18,22.18
fragment_03732,4,21.25,21.27,21.2,21.27
fragment_03733,18,21.62,22.58,19.27,22.58
fragment_03734,11,20.23,20.2,20.2,22.16
fragment_03735,24,19.19,18.72,18.72,22.15
fragment_03736,8,20.28,20.18,19.87,22.77
fragment_03737,22,18.9,18.71,18.71,22.02
fragment_03738,2,26.25,26.23,26.23,26.27
fragment_03739,1,24.35,24.35,24.35,24.35
fragment_03740,3,23.9,23.9,22.91,24.24
fragment_03741,73,26.41,26.69,24.54,30.63
fragment_03742,9,25.81,25.78,25.78,28.03
fragment_03743,1,23.22,23.22,23.22,23.22
fragment_03744,2,22.87,22.24,22.24,23.75
fragment_03745,4,23.59,23.9,22.55,23.9
fragment_03746,11,25.16,25.02,24.94,26.74
fragment_03747,2,26.52,26.53,26.44,26.53
fragment_03748,2,26.96,26.97,26.95,26.97
fragment_03749,2,24.66,24.66,24.66,24.66
fragment_03750,23,23.36,23.22,22.9,26.13
fragment_03751,8,21.61,21.62,21.57,21.62
fragment_03752,10,20.31,20.56,19.26,20.56
fragment_03753,2,22.72,22.73,22.34,22.73
fragment_03754,2,26.42,26.43,26.41,26.43
fragment_03755,1,26.73,26.73,26.73,26.73
fragment_03756,3,26.2,26.2,25.95,27.45
fragment_03757,2,21.66,21.65,21.65,21.67
fragment_03758,1,24.87,24.87,24.87,24.87
fragment_03759,3,19.42,19.41,19.41,19.43
fragment_03760,1,24.18,24.18,24.18,24.18
fragment_03761,2,20.37,20.4,20.33,20.4
fragment_03762,3,24.87,24.93,24.6,24.93
fragment_03763,1,23.67,23.67,23.67,23.67
fragment_03764,3,25.45,25.44,25.44,25.47
fragment_03765,7,20.94,20.87,20.1,23.06
fragment_03766,5,17.4,17.13,15.9,17.73
fragment_03767,6,23.44,23.46,23.0,23.46
fragment_03769,3,19.13,19.12,19.12,19.19
fragment_03770,1,25.24,25.24,25.24,25.24
fragment_03771,2,21.44,21.43,21.43,21.47
fragment_03772,5,19.3,19.3,19.3,19.31
fragment_03773,1,22.38,22.38,22.38,22.38
fragment_03774,16,26.61,26.62,25.04,27.21
fragment_03775,1,21.16,21.16,21.16,21.16
fragment_03776,4,21.66,21.68,21.63,21.68
fragment_03777,27,23.0,22.15,20.38,25.16
fragment_03778,5,20.04,20.03,20.03,21.96
fragment_03779,4,22.86,22.81,22.81,23.02
fragment_03780,22,26.14,26.04,25.89,29.46
fragment_03781,3,23.08,23.07,23.07,25.15
fragment_03782,13,23.18,23.04,22.46,24.84
fragment_03783,17,24.03,23.56,23.38,27.03
fragment_03784,42,26.08,25.98,24.82,29.59
fragment_03785,1,24.44,24.44,24.44,24.44
fragment_03786,9,19.43,18.9,18.82,21.96
fragment_03787,10,26.03,25.65,25.65,27.84
fragment_03788,3,22.92,22.88,22.88,24.29
fragment_03789,2,22.42,22.41,22.41,22.47
fragment_03790,8,22.47,22.51,20.63,25.35
fragment_03791,3,18.97,18.97,18.96,18.97
fragment_03792,1,21.79,21.79,21.79,21.79
fragment_03793,23,30.02,29.72,29.71,32.39
fragment_03794,10,27.73,28.03,25.04,28.03
fragment_03795,8,19.09,18.91,18.91,22.05
fragment_03796,2,24.13,24.13,24.13,24.13
fragment_03797,1,28.81,28.81,28.81,28.81
fragment_03798,9,20.16,20.18,19.64,20.21
fragment_03799,17,23.54,23.77,22.6,26.07
fragment_03800,2,21.69,21.7,21.67,21.7
fragment_03801,49,23.02,23.02,22.99,24.87
fragment_03802,7,20.5,20.49,20.3,20.8
fragment_03803,5,21.61,21.61,21.57,21.62
fragment_03804,9,26.43,26.52,25.29,27.74
fragment_03805,5,24.36,24.04,24.04,26.81
fragment_03806,9,20.0,19.98,19.98,21.88
fragment_03807,13,19.36,19.39,19.21,19.44
fragment_03808,14,21.69,21.69,21.63,21.7
fragment_03809,4,24.94,24.98,24.69,24.98
fragment_03810,2,21.72,21.72,21.72,21.73
fragment_03811,6,20.16,20.19,20.11,20.19
fragment_03812,10,20.74,21.05,19.86,22.73
fragment_03813,8,25.69,25.82,25.25,26.2
fragment_03814,2,29.07,29.48,28.26,29.48
fragment_03815,1,24.86,24.86,24.86,24.86
fragment_03816,2,18.9,18.9,18.88,18.9
fragment_03817,2,19.83,19.83,19.8,19.83
fragment_03818,1,21.15,21.15,21.15,21.15
fragment_03819,21,20.46,20.43,19.27,21.52
fragment_03820,7,19.08,19.1,18.89,22.48
fragment_03821,11,23.17,23.17,22.69,24.22
fragment_03822,11,20.42,20.5,20.25,20.52
fragment_03823,6,23.69,23.67,23.67,23.8
fragment_03824,7,20.16,20.13,20.13,24.48
fragment_03825,9,25.33,25.44,24.54,25.65
fragment_03826,1,22.43,22.43,22.43,22.43
fragment_03827,2,21.69,21.69,21.69,21.69
fragment_03828,4,26.03,25.81,25.81,28.12
fragment_03829,2,17.76,17.76,17.76,17.76
fragment_03830,2,25.51,25.5,25.5,25.51
fragment_03831,1,23.15,23.15,23.15,23.15
fragment_03832,2,22.55,22.48,22.48,22.71
fragment_03833,3,25.28,25.28,25.04,25.98
fragment_03834,2,25.03,25.12,24.9,25.12
fragment_03835,3,25.54,25.42,25.42,28.01
fragment_03836,18,24.72,24.12,23.41,27.04
fragment_03837,3,25.59,25.51,25.51,27.48
fragment_03838,1,21.24,21.24,21.24,21.24
fragment_03839,5,24.93,24.92,24.56,26.85
fragment_03840,1,23.06,23.06,23.06,23.06
fragment_03841,1,22.66,22.66,22.66,22.66
fragment_03842,8,21.81,21.97,20.88,24.14
fragment_03843,1,23.22,23.22,23.22,23.22
fragment_03844,4,21.67,21.66,21.64,21.69
fragment_03845,4,22.21,22.19,22.19,22.34
fragment_03846,4,14.98,14.99,14.96,14.99
fragment_03847,6,19.98,19.96,19.96,21.92
fragment_03848,2,20.28,20.28,20.28,20.28
fragment_03849,10,21.5,20.67,20.67,25.51
fragment_03850,21,19.14,18.92,18.92,22.87
fragment_03851,2,25.45,25.45,25.45,25.45
fragment_03852,3,21.14,21.19,20.74,21.19
fragment_03853,1,18.86,18.86,18.86,18.86
fragment_03854,8,19.34,19.22,19.22,22.12
fragment_03855,8,21.66,21.67,21.63,21.68
fragment_03856,2,26.94,26.95,26.93,26.95
fragment_03857,4,25.41,25.43,25.25,25.44
fragment_03858,5,22.94,22.62,22.5,26.28
fragment_03859,10,21.03,20.31,20.31,23.6
fragment_03860,7,18.67,18.67,18.63,18.67
fragment_03861,3,24.12,24.14,23.96,24.14
fragment_03862,2,24.3,24.31,24.3,24.31
fragment_03863,24,20.83,20.81,20.38,23.72
fragment_03864,18,20.29,20.78,19.42,20.78
fragment_03865,3,20.7,20.78,20.44,20.78
fragment_03866,16,20.17,20.25,19.65,20.29
fragment_03867,46,21.91,22.81,20.88,23.05
fragment_03868,1,22.05,22.05,22.05,22.05
fragment_03869,5,26.88,27.03,26.39,27.03
fragment_03870,7,23.84,23.85,22.87,24.22
fragment_03871,7,23.05,23.04,23.04,23.07
fragment_03872,4,23.22,23.22,23.22,23.22
fragment_03873,11,20.14,20.28,19.65,20.35
fragment_03874,7,27.4,27.52,25.97,27.52
fragment_03875,6,25.36,25.63,24.43,25.63
fragment_03876,36,20.24,20.12,20.11,22.38
fragment_03877,23,22.2,22.15,20.5,23.54
fragment_03878,10,20.28,20.28,20.26,20.33
fragment_03879,4,22.63,22.62,22.47,22.74
fragment_03880,3,27.17,27.24,26.6,27.24
fragment_03881,14,18.53,18.52,16.81,18.68
fragment_03882,2,25.96,25.95,25.95,25.97
fragment_03883,4,20.3,20.35,19.65,20.35
fragment_03884,1,23.05,23.05,23.05,23.05
fragment_03885,5,35.25,35.02,35.02,36.89
fragment_03886,3,23.18,23.09,22.65,23.38
fragment_03887,2,23.48,24.66,21.98,24.66
fragment_03888,5,20.53,19.82,19.82,21.42
fragment_03889,7,23.24,23.18,23.18,26.02
fragment_03890,1,22.41,22.41,22.41,22.41
fragment_03891,11,21.08,21.18,20.61,23.05
fragment_03892,5,30.72,30.75,29.73,32.01
fragment_03893,22,22.22,22.18,21.05,24.45
fragment_03894,21,20.25,20.29,19.65,20.38
fragment_03895,2,27.76,27.63,27.63,28.15
fragment_03896,11,24.56,24.16,24.15,27.37
fragment_03897,3,25.63,25.99,24.06,25.99
fragment_03898,14,25.85,25.66,25.29,27.54
fragment_03899,8,24.21,24.2,24.18,24.28
fragment_03900,2,21.78,21.78,21.28,21.78
fragment_03901,5,25.54,25.09,25.07,26.29
fragment_03902,12,27.09,26.86,26.38,31.07
fragment_03903,8,25.52,26.02,24.7,28.14
fragment_03904,1,24.37,24.37,24.37,24.37
fragment_03905,2,21.68,21.67,21.67,21.68
fragment_03906,10,23.15,22.86,22.64,26.69
fragment_03907,4,22.69,22.23,22.23,24.82
fragment_03908,3,18.05,17.95,17.95,18.41
fragment_03909,2,24.59,24.38,24.38,24.83
fragment_03910,6,20.85,20.9,20.42,20.91
fragment_03911,7,19.61,18.79,18.73,20.58
fragment_03912,24,20.3,20.37,19.63,21.37
fragment_03913,6,14.78,14.78,14.78,14.89
fragment_03914,2,23.52,24.14,22.51,24.14
fragment_03915,7,22.46,22.51,20.62,24.67
fragment_03916,2,23.36,24.61,21.97,24.61
fragment_03917,1,25.13,25.13,25.13,25.13
fragment_03918,1,21.71,21.71,21.71,21.71
fragment_03919,2,19.56,19.56,19.56,19.56
fragment_03920,2,22.88,22.88,22.5,22.88
fragment_03921,8,23.52,23.35,23.35,26.26
fragment_03922,1,24.65,24.65,24.65,24.65
fragment_03923,3,21.84,21.86,21.81,21.86
fragment_03924,2,22.01,22.0,22.0,22.01
fragment_03925,11,21.69,21.69,21.66,21.7
fragment_03926,4,24.14,24.15,24.12,24.19
fragment_03927,9,21.67,21.68,21.64,21.69
fragment_03928,2,26.49,26.48,26.48,26.5
fragment_03929,20,24.23,24.64,22.92,27.7
fragment_03930,22,22.66,22.54,22.38,25.75
fragment_03931,7,20.45,20.44,20.43,20.49
fragment_03932,4,28.58,28.7,26.27,28.7
fragment_03933,3,24.65,24.65,24.62,24.65
fragment_03934,2,25.51,25.5,25.5,25.52
fragment_03935,12,20.43,20.07,20.07,22.84
fragment_03936,3,24.25,24.27,24.12,24.27
fragment_03937,2,25.47,25.47,25.47,25.47
fragment_03938,12,21.67,21.67,21.64,21.77
fragment_03939,4,24.26,24.27,24.25,24.27
fragment_03940,47,24.08,23.83,23.8,26.51
fragment_03941,2,25.16,25.16,25.16,25.16
fragment_03942,3,19.34,19.32,19.32,21.58
fragment_03943,1,22.86,22.86,22.86,22.86
fragment_03944,28,21.42,20.51,20.38,25.17
fragment_03945,8,22.03,22.2,21.0,22.22
fragment_03946,3,20.87,21.78,20.06,21.78
fragment_03947,9,24.84,23.39,23.21,27.69
fragment_03948,24,20.18,20.23,19.63,20.27
fragment_03949,4,25.39,25.4,25.37,25.41
fragment_03950,16,20.18,20.19,19.66,20.46
fragment_03951,1,24.32,24.32,24.32,24.32
fragment_03952,2,25.54,25.55,25.54,25.55
fragment_03953,6,20.23,20.23,19.88,20.64
fragment_03954,33,21.04,20.81,20.71,23.73
fragment_03955,4,19.98,19.81,19.81,22.79
fragment_03956,11,28.28,28.64,27.4,29.94
fragment_03957,2,21.81,21.81,21.81,21.81
fragment_03958,1,23.6,23.6,23.6,23.6
fragment_03959,4,24.23,24.14,24.14,27.0
fragment_03960,10,25.35,25.04,24.8,28.36
fragment_03961,2,26.48,26.48,26.47,26.48
fragment_03962,15,20.11,20.11,19.54,20.45
fragment_03963,4,24.28,24.28,24.28,24.28
fragment_03964,2,19.84,20.08,19.6,20.08
fragment_03965,10,25.08,24.98,24.93,26.52
fragment_03966,8,22.3,22.54,21.07,22.55
fragment_03967,11,21.31,21.81,20.8,23.78
fragment_03968,1,24.13,24.13,24.13,24.13
fragment_03969,4,22.96,22.95,22.95,23.21
fragment_03970,5,20.48,20.47,20.46,20.51
fragment_03971,2,24.12,24.12,24.12,24.12
fragment_03972,2,23.95,24.63,23.16,24.63
fragment_03973,4,22.44,22.41,22.41,23.34
fragment_03974,6,19.35,19.31,19.21,19.4
fragment_03975,11,25.2,24.96,24.96,28.17
fragment_03976,1,23.23,23.23,23.23,23.23
fragment_03977,1,25.71,25.71,25.71,25.71
fragment_03978,19,23.08,22.99,22.99,24.74
fragment_03979,10,25.2,25.06,24.7,28.15
fragment_03980,9,20.2,20.25,19.65,20.32
fragment_03981,22,22.74,22.5,22.5,25.75
fragment_03982,2,25.43,25.44,25.42,25.44
fragment_03983,2,23.27,23.28,23.26,23.28
fragment_03984,24,25.22,25.17,24.69,28.56
fragment_03985,8,23.12,22.92,22.9,23.5
fragment_03986,13,25.25,24.86,24.86,28.67
fragment_03987,1,27.29,27.29,27.29,27.29
fragment_03988,1,23.14,23.14,23.14,23.14
fragment_03989,13,24.1,24.12,24.07,26.56
fragment_03990,57,21.87,21.92,20.74,24.96
fragment_03991,5,23.33,23.09,23.09,25.62
fragment_03992,5,31.79,31.78,31.67,33.82
fragment_03993,1,19.07,19.07,19.07,19.07
fragment_03994,15,32.99,33.26,31.99,33.38
fragment_03995,2,20.42,20.42,20.42,20.42
fragment_03996,6,18.7,18.49,18.49,19.0
fragment_03997,12,23.75,23.42,23.17,24.85
fragment_03998,10,28.24,28.43,27.62,28.54
fragment_03999,3,20.37,20.35,20.35,20.4
fragment_04000,2,19.95,19.94,19.94,19.97
fragment_04001,1,23.17,23.17,23.17,23.17
fragment_04002,7,25.37,25.34,25.07,28.68
fragment_04003,2,26.6,26.59,26.59,26.6
fragment_04004,7,25.62,25.7,23.18,25.7
fragment_04005,2,24.21,24.2,24.2,24.21
fragment_04006,18,26.74,27.18,25.06,29.91
fragment_04007,3,21.7,21.7,21.66,21.71
fragment_04008,3,17.76,17.68,17.68,18.67
fragment_04009,2,21.65,21.65,21.65,21.65
fragment_04010,20,20.79,20.39,20.34,24.19
fragment_04011,4,20.31,20.35,19.73,20.36
fragment_04012,12,19.35,19.32,19.21,19.39
fragment_04013,3,28.83,28.83,28.83,30.01
fragment_04014,2,25.7,25.7,25.7,25.7
fragment_04015,3,19.45,19.45,19.45,19.46
fragment_04016,22,21.62,22.24,19.71,22.5
fragment_04017,2,20.01,20.02,19.97,20.02
fragment_04018,8,20.47,20.46,20.45,20.51
fragment_04019,8,21.87,22.1,20.97,22.12
fragment_04020,2,19.05,18.64,18.64,20.75
fragment_04021,2,20.02,20.02,20.02,21.89
fragment_04022,2,22.74,22.74,22.4,22.74
fragment_04023,2,21.73,21.74,21.73,21.74
fragment_04024,2,19.7,19.72,19.53,19.72
fragment_04025,4,26.02,26.03,25.42,27.74
fragment_04026,33,19.09,18.92,18.9,22.71
fragment_04027,22,19.34,18.9,18.9,22.96
fragment_04028,2,22.98,23.3,22.44,23.3
fragment_04029,1,20.78,20.78,20.78,20.78
fragment_04030,10,18.79,20.02,18.1,20.02
fragment_04031,2,22.3,22.47,22.04,22.47
fragment_04032,4,20.52,20.5,20.5,20.55
fragment_04033,8,20.48,20.46,20.46,20.51
fragment_04034,1,27.26,27.26,27.26,27.26
fragment_04035,8,21.68,21.71,21.63,21.72
fragment_04036,1,26.54,26.54,26.54,26.54
fragment_04037,32,21.76,21.68,21.67,22.39
fragment_04038,8,24.28,24.31,24.23,24.31
fragment_04039,1,28.45,28.45,28.45,28.45
fragment_04040,3,20.05,20.03,20.03,22.07
fragment_04041,12,24.46,24.25,24.24,26.31
fragment_04042,22,24.86,25.23,22.33,28.41
fragment_04043,6,20.04,20.04,20.04,21.95
fragment_04044,1,22.62,22.62,22.62,22.62
fragment_04045,11,21.58,21.86,19.77,21.86
fragment_04046,3,16.33,16.51,15.76,16.51
fragment_04047,4,22.39,22.35,21.92,22.88
fragment_04048,2,24.13,24.13,24.13,24.13
fragment_04049,3,19.31,19.31,19.31,19.31
fragment_04050,1,17.93,17.93,17.93,17.93
fragment_04051,2,26.0,25.95,25.95,26.08
fragment_04052,10,20.15,20.23,19.66,20.27
fragment_04053,12,22.42,24.72,20.7,25.09
fragment_04054,12,20.64,20.56,19.64,21.34
fragment_04055,4,22.49,22.38,22.38,24.07
fragment_04056,1,22.0,22.0,22.0,22.0
fragment_04057,6,20.62,20.52,20.48,20.86
fragment_04058,2,21.24,21.2,21.2,21.27
fragment_04059,4,21.23,21.25,21.2,21.27
fragment_04060,8,24.33,24.36,23.74,24.36
fragment_04061,55,22.13,22.26,20.85,25.83
fragment_04062,3,20.04,20.05,19.74,20.05
fragment_04063,16,23.14,23.42,22.28,25.27
fragment_04064,1,23.24,23.24,23.24,23.24
fragment_04065,5,21.63,21.64,21.6,21.64
fragment_04066,4,25.86,25.91,25.41,25.91
fragment_04067,3,20.28,20.28,20.27,20.28
fragment_04068,27,24.59,24.25,24.08,27.61
fragment_04069,2,19.08,19.08,19.08,19.09
fragment_04070,3,20.4,20.41,20.37,20.42
fragment_04071,3,21.27,21.29,20.85,21.29
fragment_04072,3,19.38,19.36,19.36,19.39
fragment_04073,6,23.28,22.95,22.84,24.42
fragment_04074,28,20.04,20.9,18.75,21.12
fragment_04075,3,21.72,21.73,21.69,21.73
fragment_04076,5,18.36,18.33,18.33,19.52
fragment_04077,11,24.76,24.3,24.3,27.51
fragment_04078,1,24.39,24.39,24.39,24.39
fragment_04079,2,21.66,21.65,21.65,21.66
fragment_04080,47,21.33,21.34,21.3,21.35
fragment_04081,2,37.23,37.23,37.23,37.23
fragment_04082,8,22.38,22.3,20.47,23.57
fragment_04083,29,20.66,20.34,20.34,24.61
fragment_04084,3,22.01,22.01,21.59,22.02
fragment_04085,2,21.62,21.62,21.55,21.62
fragment_04086,10,19.36,19.35,19.21,19.4
fragment_04087,32,20.55,20.98,19.75,21.18
fragment_04088,2,16.36,16.35,16.35,16.38
fragment_04089,2,29.47,29.47,29.47,29.48
fragment_04090,2,19.33,19.34,19.29,19.34
fragment_04091,1,22.68,22.68,22.68,22.68
fragment_04092,1,17.47,17.47,17.47,17.47
fragment_04093,9,21.26,21.28,21.21,21.3
fragment_04094,5,24.25,24.33,24.18,24.33
fragment_04095,3,18.98,18.98,18.97,18.98
fragment_04096,12,22.53,22.24,22.24,23.04
fragment_04097,3,19.45,19.46,19.42,19.46
fragment_04098,1,21.14,21.14,21.14,21.14
fragment_04099,5,19.4,19.41,19.38,19.41
fragment_04100,2,22.54,22.55,22.54,22.55
fragment_04101,7,23.38,22.65,22.65,24.32
fragment_04102,4,23.88,23.84,23.84,24.09
fragment_04103,35,21.88,21.22,21.08,24.36
fragment_04104,8,20.0,20.03,19.62,20.11
fragment_04105,4,23.12,23.1,23.09,25.41
fragment_04106,1,22.83,22.83,22.83,22.83
fragment_04107,6,27.14,27.16,26.8,27.16
fragment_04108,1,22.67,22.67,22.67,22.67
fragment_04109,7,20.12,20.02,20.02,22.03
fragment_04110,7,25.18,25.14,24.87,28.42
fragment_04111,6,24.24,24.73,22.9,24.86
fragment_04112,1,21.13,21.13,21.13,21.13
fragment_04113,1,24.66,24.66,24.66,24.66
fragment_04114,2,20.62,20.62,20.62,20.63
fragment_04115,3,20.78,20.86,20.39,20.86
fragment_04116,5,27.84,27.59,27.59,30.65
fragment_04117,2,18.91,18.92,18.89,18.92
fragment_04118,5,18.13,17.88,17.88,18.39
fragment_04119,6,22.93,22.8,22.39,23.27
fragment_04120,1,30.64,30.64,30.64,30.64
fragment_04121,10,20.18,19.54,19.54,21.6
fragment_04122,6,20.56,20.56,20.53,20.56
fragment_04123,2,27.72,27.72,27.72,27.72
fragment_04124,2,19.4,19.41,19.4,19.41
fragment_04125,4,26.87,26.88,26.69,26.88
fragment_04126,4,28.31,28.31,27.96,30.58
fragment_04127,4,27.41,27.41,27.41,29.88
fragment_04128,1,25.99,25.99,25.99,25.99
fragment_04129,4,20.0,19.99,19.99,21.84
fragment_04130,2,27.41,27.32,27.32,27.57
fragment_04131,2,22.32,22.32,21.74,22.32
fragment_04132,22,19.2,18.9,18.9,22.72
fragment_04133,3,21.24,20.88,20.88,21.99
fragment_04134,11,25.48,25.47,25.33,28.33
fragment_04135,1,25.76,25.76,25.76,25.76
fragment_04136,2,18.71,18.8,18.48,18.8
fragment_04137,1,25.29,25.29,25.29,25.29
fragment_04138,11,20.43,20.43,20.12,22.75
fragment_04139,50,19.85,19.65,19.61,23.5
fragment_04140,2,21.77,21.77,21.77,21.77
fragment_04141,2,21.52,21.53,21.46,21.53
fragment_04142,24,19.34,19.3,19.19,19.42
fragment_04143,1,24.87,24.87,24.87,24.87
fragment_04144,10,23.37,23.13,22.85,26.3
fragment_04145,1,21.73,21.73,21.73,21.73
fragment_04146,4,22.44,22.41,22.41,23.41
fragment_04147,2,21.66,21.67,21.63,21.67
fragment_04148,5,19.77,19.71,19.71,20.45
fragment_04149,2,26.38,26.38,26.38,26.39
fragment_04150,3,20.07,20.11,19.83,20.11
fragment_04151,9,20.13,20.56,19.21,20.56
fragment_04152,2,26.12,26.12,26.11,26.12
fragment_04153,22,20.22,20.22,20.2,20.4
fragment_04154,16,27.95,27.1,27.1,29.4
fragment_04155,7,24.18,23.67,23.55,24.87
fragment_04156,6,23.13,23.13,23.09,23.14
fragment_04157,14,20.4,20.56,19.41,21.37
fragment_04158,2,23.37,23.38,23.37,23.38
fragment_04159,4,24.68,24.17,24.17,26.62
fragment_04160,8,20.24,20.23,20.23,22.0
fragment_04161,4,20.58,20.23,20.23,20.95
fragment_04162,17,23.13,23.12,23.08,25.14
fragment_04163,8,30.71,30.72,28.92,30.85
fragment_04164,8,24.65,25.12,22.69,25.83
fragment_04165,2,22.83,22.83,22.32,22.83
fragment_04166,2,24.57,24.57,24.57,24.58
fragment_04167,6,20.36,20.38,18.96,20.85
fragment_04168,2,24.98,24.98,23.04,24.98
fragment_04169,3,28.67,28.67,28.67,28.71
fragment_04170,2,25.28,25.26,25.26,25.35
fragment_04171,4,21.63,21.63,21.63,21.63
fragment_04172,2,25.39,25.35,25.35,25.43
fragment_04173,14,22.83,24.3,20.06,24.84
fragment_04174,2,22.39,22.38,22.38,22.53
fragment_04175,3,21.13,21.15,21.11,21.15
fragment_04176,2,21.85,21.86,21.82,21.86
fragment_04177,21,25.08,26.17,23.89,26.17
fragment_04178,1,24.26,24.26,24.26,24.26
fragment_04179,28,20.43,21.03,18.73,21.11
fragment_04180,3,23.47,23.79,22.29,23.79
fragment_04181,2,20.03,20.03,20.03,21.9
fragment_04182,2,26.53,26.53,26.53,29.06
fragment_04183,12,20.22,20.24,19.64,20.33
fragment_04184,3,20.5,20.54,20.46,20.54
fragment_04185,7,22.79,22.79,22.2,22.79
fragment_04186,3,22.58,22.34,22.34,23.59
fragment_04187,1,24.43,24.43,24.43,24.43
fragment_04188,2,25.79,25.79,25.78,25.79
fragment_04189,7,24.63,24.22,24.1,27.16
fragment_04190,4,25.58,25.59,25.05,25.75
fragment_04191,20,23.21,23.21,23.2,23.21
fragment_04192,19,24.33,24.14,23.61,25.76
fragment_04193,14,20.17,20.29,19.22,20.46
fragment_04194,4,24.56,24.53,24.53,25.07
fragment_04195,19,20.3,20.55,19.26,20.55
fragment_04196,44,24.67,24.61,23.83,26.64
fragment_04197,12,30.81,31.27,28.0,31.27
fragment_04198,11,25.46,25.45,25.3,28.27
fragment_04199,4,24.12,23.95,23.87,25.19
fragment_04200,1,24.15,24.15,24.15,24.15
fragment_04201,8,23.0,22.77,22.77,25.72
fragment_04202,4,21.37,21.02,20.83,21.84
fragment_04203,3,26.17,26.17,25.64,26.56
fragment_04204,29,21.46,21.27,21.18,24.07
fragment_04205,8,25.58,25.45,25.26,28.0
fragment_04206,21,20.78,20.4,20.34,23.44
fragment_04207,1,15.54,15.54,15.54,15.54
fragment_04208,7,24.68,24.64,23.82,24.72
fragment_04209,2,22.96,22.99,22.16,22.99
fragment_04210,2,25.04,24.57,24.57,26.53
fragment_04211,1,17.71,17.71,17.71,17.71
fragment_04212,4,28.05,28.05,27.89,28.05
fragment_04213,1,21.19,21.19,21.19,21.19
fragment_04214,6,26.51,26.86,25.82,27.3
fragment_04215,6,21.65,21.65,21.64,21.66
fragment_04216,9,23.81,24.32,22.34,25.13
fragment_04217,11,25.25,25.23,24.5,27.13
fragment_04218,4,23.48,23.16,23.15,25.75
fragment_04219,2,25.49,25.52,25.47,25.52
fragment_04220,4,23.73,23.76,23.46,23.76
fragment_04221,23,19.37,19.94,18.7,23.01
fragment_04222,4,24.8,24.64,24.64,26.08
fragment_04223,53,21.34,21.02,20.83,23.06
fragment_04224,41,21.35,22.11,20.38,25.14
fragment_04225,24,20.52,20.42,20.17,23.57
fragment_04226,2,18.47,18.45,18.45,18.49
fragment_04227,32,19.5,19.12,19.12,20.49
fragment_04228,16,21.69,21.7,21.66,21.7
fragment_04229,31,23.92,24.11,22.45,27.51
fragment_04230,42,20.15,19.95,19.54,20.62
fragment_04231,6,21.13,22.25,19.38,22.25
fragment_04232,3,23.15,23.15,22.7,23.34
fragment_04233,2,19.76,19.76,19.72,19.76
fragment_04234,13,20.1,20.18,19.12,20.72
fragment_04235,12,18.64,18.65,18.62,18.65
fragment_04236,4,23.87,23.87,22.85,24.01
fragment_04237,2,24.98,24.98,24.9,24.98
fragment_04238,6,21.65,21.65,21.62,21.66
fragment_04239,18,26.0,26.03,24.76,29.36
fragment_04240,4,24.28,24.2,24.2,27.12
fragment_04241,22,23.2,22.8,21.98,24.59
fragment_04242,17,20.22,20.25,19.64,20.34
fragment_04243,2,23.2,23.2,23.2,23.2
fragment_04244,12,27.51,27.52,25.52,29.12
fragment_04245,4,24.26,24.26,24.21,25.23
fragment_04246,15,20.05,20.12,19.55,20.86
fragment_04247,23,19.49,19.49,19.45,19.5
fragment_04248,4,22.45,22.29,22.29,22.78
fragment_04249,6,23.18,22.94,22.94,25.19
fragment_04250,8,20.02,19.82,19.82,22.92
fragment_04251,3,15.92,15.93,15.09,15.93
fragment_04252,2,21.46,21.46,21.46,21.49
fragment_04253,4,21.06,21.08,20.44,21.08
fragment_04254,3,21.32,21.32,21.32,24.44
fragment_04255,6,26.89,27.1,26.28,27.1
fragment_04256,2,22.87,22.26,22.26,23.74
fragment_04257,3,22.04,21.95,21.95,23.65
fragment_04258,16,23.19,23.08,23.02,25.66
fragment_04259,10,23.17,23.14,22.73,25.58
fragment_04260,7,26.86,26.93,25.81,27.32
fragment_04261,11,23.0,22.8,22.51,25.79
fragment_04262,6,26.3,26.29,26.28,26.34
fragment_04263,2,26.77,26.77,26.77,26.77
fragment_04264,22,21.1,21.14,20.47,21.7
fragment_04265,7,22.2,24.14,20.48,24.25
fragment_04266,1,23.09,23.09,23.09,23.09
fragment_04267,52,24.5,24.84,24.03,27.59
fragment_04268,3,19.08,19.0,19.0,21.87
fragment_04269,1,24.47,24.47,24.47,24.47
fragment_04270,14,21.54,22.92,19.71,22.92
fragment_04271,3,22.27,22.22,22.21,23.37
fragment_04272,12,19.34,19.31,19.2,19.39
fragment_04273,1,20.1,20.1,20.1,20.1
fragment_04274,2,20.36,20.36,20.35,20.36
fragment_04275,15,25.09,25.0,25.0,26.66
fragment_04276,33,21.39,21.56,20.5,24.55
fragment_04277,20,20.25,20.27,19.65,20.29
fragment_04278,5,24.67,24.68,24.47,24.68
fragment_04279,1,23.49,23.49,23.49,23.49
fragment_04280,1,23.22,23.22,23.22,23.22
fragment_04281,1,24.57,24.57,24.57,24.57
fragment_04282,9,20.23,20.27,19.64,20.34
fragment_04283,2,21.95,21.94,21.94,21.95
fragment_04284,4,20.22,20.37,20.01,20.37
fragment_04285,3,24.78,24.16,24.16,26.62
fragment_04286,12,24.51,24.54,24.48,24.54
fragment_04287,23,21.09,20.84,20.72,22.99
fragment_04288,8,21.39,21.73,19.88,21.91
fragment_04289,4,24.22,24.25,24.04,24.25
fragment_04290,1,23.23,23.23,23.23,23.23
fragment_04291,2,22.78,22.78,22.37,22.78
fragment_04292,2,25.49,25.49,25.49,25.49
fragment_04293,2,22.87,22.87,22.47,22.87
fragment_04294,4,20.2,20.25,19.74,20.25
fragment_04295,18,19.43,19.07,18.88,22.21
fragment_04296,18,24.3,24.29,23.94,26.74
fragment_04297,2,18.92,18.93,18.89,18.93
fragment_04298,8,19.83,19.63,19.63,22.35
fragment_04299,1,21.47,21.47,21.47,21.47
fragment_04300,9,18.88,18.68,18.68,22.37
fragment_04301,2,22.84,22.83,22.83,22.84
fragment_04302,7,25.8,26.41,24.84,26.41
fragment_04303,10,22.5,22.28,22.27,23.03
fragment_04304,2,22.61,22.59,22.59,22.69
fragment_04305,17,19.73,19.81,18.67,20.35
fragment_04306,1,24.63,24.63,24.63,24.63
fragment_04307,1,24.27,24.27,24.27,24.27
fragment_04308,11,21.76,21.94,20.71,23.73
fragment_04309,8,21.63,21.64,21.61,21.67
fragment_04310,1,21.72,21.72,21.72,21.72
fragment_04311,1,23.39,23.39,23.39,23.39
fragment_04312,1,17.51,17.51,17.51,17.51
fragment_04313,8,20.04,19.81,19.81,22.94
fragment_04314,3,20.03,20.03,20.02,21.9
fragment_04315,2,24.82,24.81,24.81,24.84
fragment_04316,36,23.23,23.43,22.12,27.47
fragment_04317,17,25.43,25.32,24.0,28.09
fragment_04318,1,24.46,24.46,24.46,24.46
fragment_04319,20,21.68,21.69,21.65,21.69
fragment_04320,1,19.41,19.41,19.41,19.41
fragment_04321,8,19.69,19.88,17.88,19.88
fragment_04322,38,20.02,20.91,18.76,20.93
fragment_04323,6,25.98,25.77,25.77,28.05
fragment_04324,27,21.19,22.05,20.59,23.19
fragment_04325,2,19.75,19.75,19.75,19.75
fragment_04326,4,27.56,27.47,27.47,28.66
fragment_04327,2,25.4,25.42,25.39,25.42
fragment_04328,3,24.35,24.35,24.35,24.39
fragment_04329,8,25.18,25.18,24.48,26.91
fragment_04330,6,27.87,28.53,26.79,29.66
