name,n_conformers,pct_V_bur_boltz,pct_V_bur_min_E,pct_V_bur_min,pct_V_bur_max
fragment_00001,1,13.38,13.38,13.38,13.38
fragment_00002,1,15.68,15.68,15.68,15.68
fragment_00003,1,18.95,18.95,18.95,18.95
fragment_00004,2,22.16,22.16,22.15,22.16
fragment_00005,1,21.07,21.07,21.07,21.07
fragment_00006,1,24.55,24.55,24.55,24.55
fragment_00007,2,22.13,22.13,22.13,22.13
fragment_00008,1,20.43,20.43,20.43,20.43
fragment_00009,3,21.21,19.24,19.24,22.2
fragment_00010,1,21.45,21.45,21.45,21.45
fragment_00011,1,30.1,30.1,30.1,30.1
fragment_00012,2,22.14,22.14,22.14,22.14
fragment_00013,1,21.7,21.7,21.7,21.7
fragment_00014,1,18.36,18.36,18.36,18.36
fragment_00015,1,19.95,19.95,19.95,19.95
fragment_00016,4,23.76,23.56,23.56,26.71
fragment_00017,1,22.84,22.84,22.84,22.84
fragment_00018,1,19.17,19.17,19.17,19.17
fragment_00019,2,23.77,23.77,23.77,23.77
fragment_00020,1,20.76,20.76,20.76,20.76
fragment_00021,2,22.05,22.05,22.05,22.05
fragment_00022,5,25.21,24.73,24.06,27.14
fragment_00023,2,19.04,18.92,18.92,19.29
fragment_00024,2,24.96,24.96,24.96,28.07
fragment_00025,2,25.4,25.4,25.4,25.4
fragment_00026,1,16.45,16.45,16.45,16.45
fragment_00027,2,22.16,22.16,22.16,22.16
fragment_00028,2,22.03,22.03,22.03,22.03
fragment_00029,3,22.94,22.58,22.58,25.3
fragment_00030,2,22.17,22.17,22.17,22.17
fragment_00031,1,22.69,22.69,22.69,22.69
fragment_00032,2,17.17,17.19,16.79,17.19
fragment_00033,4,23.84,23.3,22.22,25.69
fragment_00034,3,20.2,21.57,19.16,21.57
fragment_00035,2,22.24,22.24,22.24,22.24
fragment_00036,1,24.57,24.57,24.57,24.57
fragment_00037,4,23.87,23.35,22.22,25.72
fragment_00038,2,22.13,22.14,22.13,22.14
fragment_00039,8,24.48,23.76,23.76,27.13
fragment_00040,3,19.6,19.6,19.57,19.6
fragment_00041,7,21.27,19.27,19.27,23.29
fragment_00042,2,21.51,21.52,21.51,21.52
fragment_00043,1,22.09,22.09,22.09,22.09
fragment_00044,1,20.63,20.63,20.63,20.63
fragment_00045,3,21.46,21.66,19.18,21.66
fragment_00046,2,23.74,23.74,23.74,23.74
fragment_00047,1,18.03,18.03,18.03,18.03
fragment_00048,4,20.39,20.54,20.02,20.54
fragment_00049,2,22.13,22.13,22.13,22.13
fragment_00050,2,22.19,22.19,22.19,22.19
fragment_00051,6,17.84,18.64,16.65,18.64
fragment_00052,2,22.14,22.14,22.14,22.14
fragment_00053,3,23.16,23.17,23.16,23.3
fragment_00054,2,22.16,22.17,22.16,22.17
fragment_00055,2,22.74,22.58,22.58,24.26
fragment_00056,2,19.35,19.35,19.35,19.35
fragment_00057,1,20.72,20.72,20.72,20.72
fragment_00058,2,22.14,22.14,22.14,22.14
fragment_00059,2,25.39,25.39,25.39,25.39
fragment_00060,2,25.57,25.58,25.56,25.58
fragment_00061,2,22.16,22.16,22.16,22.17
fragment_00062,1,19.62,19.62,19.62,19.62
fragment_00063,3,21.13,20.72,20.72,22.89
fragment_00064,4,18.24,18.14,18.14,18.36
fragment_00065,8,21.24,21.36,20.2,21.36
fragment_00066,4,25.73,25.34,24.33,27.64
fragment_00067,1,25.42,25.42,25.42,25.42
fragment_00068,2,24.79,24.79,24.79,27.71
fragment_00069,4,27.57,28.1,24.93,28.1
fragment_00070,4,27.59,28.14,24.94,28.14
fragment_00071,2,22.15,22.15,22.15,22.16
fragment_00072,2,18.16,18.17,18.15,18.17
fragment_00073,2,22.14,22.14,22.14,22.15
fragment_00074,2,25.76,25.76,25.76,25.76
fragment_00075,2,23.08,23.08,23.08,23.09
fragment_00076,2,22.1,22.09,22.09,22.1
fragment_00077,4,25.73,25.37,24.32,27.65
fragment_00078,7,21.62,23.32,19.6,24.69
fragment_00079,3,20.62,20.62,20.53,20.62
fragment_00080,2,22.16,22.16,22.16,22.16
fragment_00081,17,29.48,30.43,23.99,30.45
fragment_00082,2,23.77,23.77,23.77,23.77
fragment_00083,1,20.68,20.68,20.68,20.68
fragment_00084,3,23.51,23.48,23.48,25.55
fragment_00085,2,20.95,20.95,20.95,20.95
fragment_00086,1,21.73,21.73,21.73,21.73
fragment_00087,1,19.68,19.68,19.68,19.68
fragment_00088,4,26.98,26.98,26.89,26.99
fragment_00089,3,20.93,21.68,19.33,21.68
fragment_00090,3,20.91,20.92,20.82,20.92
fragment_00091,2,24.82,24.83,24.82,24.83
fragment_00092,2,22.18,22.19,22.18,22.19
fragment_00093,1,26.1,26.1,26.1,26.1
fragment_00094,1,19.45,19.45,19.45,19.45
fragment_00095,2,24.25,24.25,24.25,24.25
fragment_00096,2,19.04,19.04,19.04,19.04
fragment_00097,1,30.54,30.54,30.54,30.54
fragment_00098,2,25.41,25.42,25.41,25.42
fragment_00099,1,26.43,26.43,26.43,26.43
fragment_00100,3,25.29,26.44,23.87,26.44
fragment_00101,9,21.5,20.72,20.72,24.66
fragment_00102,1,27.34,27.34,27.34,27.34
fragment_00103,3,20.72,20.55,20.55,22.08
fragment_00104,2,22.19,22.19,22.19,22.19
fragment_00105,2,25.38,25.37,25.37,25.38
fragment_00106,2,23.89,23.93,23.28,23.93
fragment_00107,12,25.64,25.49,25.34,29.75
fragment_00108,3,25.3,26.45,23.87,26.45
fragment_00109,1,20.09,20.09,20.09,20.09
fragment_00110,1,10.33,10.33,10.33,10.33
fragment_00111,2,25.4,25.4,25.4,25.4
fragment_00112,2,22.13,22.13,22.13,22.13
fragment_00113,12,24.64,23.65,23.55,27.01
fragment_00114,1,18.94,18.94,18.94,18.94
fragment_00115,2,22.19,22.19,22.19,22.19
fragment_00116,2,22.19,22.19,22.19,22.19
fragment_00117,1,29.28,29.28,29.28,29.28
fragment_00118,2,25.59,25.59,25.59,25.59
fragment_00119,2,22.19,22.19,22.19,22.19
fragment_00120,10,30.84,31.79,25.5,31.79
fragment_00121,2,24.88,24.87,24.87,27.93
fragment_00122,3,22.26,22.26,22.26,22.4
fragment_00123,1,19.17,19.17,19.17,19.17
fragment_00124,2,23.77,23.77,23.77,23.78
fragment_00125,1,20.37,20.37,20.37,20.37
fragment_00126,3,25.22,25.19,25.19,25.44
fragment_00127,9,22.62,23.08,19.31,24.64
fragment_00128,1,20.57,20.57,20.57,20.57
fragment_00129,2,22.18,22.18,22.18,22.18
fragment_00130,1,18.4,18.4,18.4,18.4
fragment_00131,1,20.75,20.75,20.75,20.75
fragment_00132,3,21.12,21.83,19.16,21.83
fragment_00133,1,26.36,26.36,26.36,26.36
fragment_00134,2,24.26,24.26,24.26,24.26
fragment_00135,2,19.35,19.34,19.34,19.35
fragment_00136,3,26.35,26.32,26.32,27.29
fragment_00137,2,22.14,22.14,22.14,22.14
fragment_00138,5,23.3,22.87,22.58,26.93
fragment_00139,8,22.13,22.12,22.12,22.14
fragment_00140,2,22.03,22.03,22.03,22.03
fragment_00141,1,19.97,19.97,19.97,19.97
fragment_00142,3,20.78,19.65,19.65,24.18
fragment_00143,8,23.33,26.74,19.49,26.74
fragment_00144,3,22.88,22.89,22.87,22.89
fragment_00145,3,26.54,27.43,24.63,27.43
fragment_00146,15,23.07,23.04,23.03,23.65
fragment_00147,2,25.28,25.28,25.28,25.28
fragment_00148,3,23.39,23.04,22.79,28.28
fragment_00149,1,21.73,21.73,21.73,21.73
fragment_00150,5,23.28,22.84,22.58,27.01
fragment_00151,1,20.02,20.02,20.02,20.02
fragment_00152,7,33.26,33.61,30.5,33.61
fragment_00153,4,26.37,26.36,26.36,26.39
fragment_00154,2,22.18,22.19,22.18,22.19
fragment_00155,8,21.81,22.48,19.04,23.35
fragment_00156,3,22.22,22.35,21.85,22.36
fragment_00157,1,20.75,20.75,20.75,20.75
fragment_00158,21,21.55,22.21,19.3,25.81
fragment_00159,1,20.78,20.78,20.78,20.78
fragment_00160,2,26.07,24.85,24.85,28.87
fragment_00161,1,26.42,26.42,26.42,26.42
fragment_00162,3,24.01,24.01,24.01,24.11
fragment_00163,8,25.25,23.87,23.87,27.23
fragment_00164,1,8.99,8.99,8.99,8.99
fragment_00165,1,19.15,19.15,19.15,19.15
fragment_00166,1,20.12,20.12,20.12,20.12
fragment_00167,3,22.86,22.86,22.85,23.14
fragment_00168,9,22.32,21.18,21.16,25.67
fragment_00169,2,22.96,22.96,22.96,22.96
fragment_00170,4,29.11,28.79,27.13,30.88
fragment_00171,1,19.97,19.97,19.97,19.97
fragment_00172,2,23.74,23.74,23.74,23.74
fragment_00173,3,22.69,22.03,22.03,24.69
fragment_00174,4,23.44,23.08,22.8,28.24
fragment_00175,2,22.2,22.2,22.19,22.2
fragment_00176,2,26.07,24.86,24.86,28.87
fragment_00177,11,24.64,24.6,24.18,24.72
fragment_00178,2,20.85,20.86,20.84,20.86
fragment_00179,1,19.59,19.59,19.59,19.59
fragment_00180,2,22.19,22.19,22.19,22.19
fragment_00181,2,22.07,22.07,22.07,22.07
fragment_00182,2,22.13,22.13,22.13,22.13
fragment_00183,2,22.82,22.86,22.62,22.86
fragment_00184,3,24.34,24.34,24.34,24.38
fragment_00185,1,20.49,20.49,20.49,20.49
fragment_00186,2,23.74,23.74,23.74,23.75
fragment_00187,3,22.72,22.03,22.03,24.71
fragment_00188,3,21.39,21.38,21.38,21.73
fragment_00189,3,22.01,22.5,19.45,22.5
fragment_00190,2,20.29,20.29,20.29,20.29
fragment_00191,2,20.82,20.82,20.82,20.82
fragment_00192,6,23.47,23.02,23.02,26.05
fragment_00193,1,20.68,20.68,20.68,20.68
fragment_00194,2,22.17,22.17,22.17,22.17
fragment_00195,3,24.08,24.16,22.29,24.19
fragment_00196,2,22.82,22.86,22.64,22.86
fragment_00197,1,25.75,25.75,25.75,25.75
fragment_00198,15,23.43,25.27,19.52,25.98
fragment_00199,2,22.05,22.05,22.05,22.05
fragment_00200,4,29.11,28.79,27.13,30.89
fragment_00201,8,23.96,23.64,23.64,26.94
fragment_00202,2,23.75,23.75,23.75,23.75
fragment_00203,6,20.96,22.02,20.17,22.02
fragment_00204,2,21.76,21.75,21.75,21.76
fragment_00205,2,22.19,22.19,22.19,22.19
fragment_00206,36,26.81,26.07,25.37,32.39
fragment_00207,3,21.41,21.41,21.41,21.47
fragment_00208,2,23.58,23.58,23.58,23.58
fragment_00209,3,23.75,23.73,23.73,23.83
fragment_00210,1,20.15,20.15,20.15,20.15
fragment_00211,2,23.77,23.76,23.76,23.77
fragment_00212,4,22.12,22.12,22.12,22.13
fragment_00213,2,22.19,22.19,22.19,22.19
fragment_00214,9,24.72,23.51,23.4,26.96
fragment_00215,2,23.78,23.77,23.77,23.8
fragment_00216,3,23.91,23.88,23.63,28.47
fragment_00217,2,19.48,19.48,19.48,19.48
fragment_00218,2,25.15,25.15,25.15,25.16
fragment_00219,5,25.02,24.97,24.93,28.91
fragment_00220,1,20.65,20.65,20.65,20.65
fragment_00221,3,23.59,21.29,21.29,25.4
fragment_00222,2,25.52,25.52,25.52,25.52
fragment_00223,2,23.65,23.65,23.65,23.65
fragment_00224,1,19.17,19.17,19.17,19.17
fragment_00225,2,25.09,25.1,25.09,25.1
fragment_00226,4,21.93,22.05,20.25,22.05
fragment_00227,3,20.49,20.11,20.11,22.83
fragment_00228,2,25.47,25.47,25.47,25.47
fragment_00229,2,26.06,26.07,26.05,26.07
fragment_00230,2,22.17,22.16,22.16,22.17
fragment_00231,10,25.05,23.66,23.55,27.03
fragment_00232,6,22.12,22.13,22.12,22.16
fragment_00233,1,19.98,19.98,19.98,19.98
fragment_00234,9,28.19,28.14,24.93,30.78
fragment_00235,2,27.61,27.69,27.34,27.69
fragment_00236,4,22.1,22.1,22.09,22.1
fragment_00237,9,23.43,22.6,22.59,27.88
fragment_00238,2,22.15,22.15,22.14,22.15
fragment_00239,2,22.4,22.4,22.4,22.4
fragment_00240,3,20.16,19.33,19.33,21.66
fragment_00241,13,20.72,20.48,20.19,25.82
fragment_00242,2,26.47,26.47,26.47,26.47
fragment_00243,1,19.4,19.4,19.4,19.4
fragment_00244,3,25.33,24.86,24.86,28.17
fragment_00245,2,22.24,22.24,22.23,22.24
fragment_00246,15,24.72,23.79,23.75,27.12
fragment_00247,9,23.41,22.6,22.6,27.89
fragment_00248,8,26.49,24.61,24.61,30.16
fragment_00249,1,20.17,20.17,20.17,20.17
fragment_00250,1,23.11,23.11,23.11,23.11
fragment_00251,2,22.13,22.13,22.13,22.13
fragment_00252,4,30.8,30.8,29.24,30.8
fragment_00253,8,24.58,23.68,23.67,26.92
fragment_00254,2,25.41,25.41,25.41,25.41
fragment_00255,2,21.9,21.91,21.9,21.91
fragment_00256,2,25.85,25.85,25.85,25.85
fragment_00257,21,21.71,20.71,20.71,24.01
fragment_00258,1,20.47,20.47,20.47,20.47
fragment_00259,3,20.11,21.64,19.21,21.64
fragment_00260,10,28.14,28.19,24.94,30.77
fragment_00261,1,20.69,20.69,20.69,20.69
fragment_00262,4,24.94,24.92,24.92,28.09
fragment_00263,2,26.17,26.27,25.54,26.27
fragment_00264,1,20.18,20.18,20.18,20.18
fragment_00265,2,25.75,25.75,25.75,25.76
fragment_00266,2,21.75,21.75,21.75,21.76
fragment_00267,2,22.16,22.16,22.16,22.16
fragment_00268,2,23.77,23.77,23.77,23.77
fragment_00269,3,22.14,22.13,22.13,22.26
fragment_00270,3,25.34,24.86,24.86,28.17
fragment_00271,3,22.77,22.92,20.76,22.92
fragment_00272,4,22.15,22.15,22.15,22.16
fragment_00273,2,22.17,22.17,22.16,22.17
fragment_00274,9,23.43,26.32,19.93,26.32
fragment_00275,2,23.33,23.31,23.31,23.48
fragment_00276,9,23.6,23.01,23.01,26.74
fragment_00277,2,23.96,23.95,23.95,23.96
fragment_00278,10,24.23,23.78,23.65,27.06
fragment_00279,24,28.35,28.22,24.9,31.65
fragment_00280,13,31.65,30.73,27.07,33.65
fragment_00281,3,27.61,27.6,27.55,27.62
fragment_00282,6,25.12,25.1,25.02,28.67
fragment_00283,25,28.44,28.18,24.91,31.64
fragment_00284,2,24.28,24.27,24.27,24.29
fragment_00285,2,23.34,23.32,23.32,23.48
fragment_00286,5,29.14,28.85,28.85,32.97
fragment_00287,2,26.18,26.28,25.55,26.28
fragment_00288,9,21.69,22.81,19.31,23.57
fragment_00289,2,22.16,22.17,22.15,22.17
fragment_00290,4,22.98,23.01,22.72,27.44
fragment_00291,2,25.49,25.5,25.49,25.5
fragment_00292,21,22.91,24.37,19.26,24.37
fragment_00293,2,24.09,24.08,24.08,24.1
fragment_00294,2,23.78,23.79,23.78,23.79
fragment_00295,1,20.75,20.75,20.75,20.75
fragment_00296,2,24.83,24.83,24.83,24.83
fragment_00297,4,22.79,22.56,22.35,24.26
fragment_00298,3,23.73,23.73,23.72,23.85
fragment_00299,11,23.74,23.72,23.63,26.81
fragment_00300,2,27.36,27.37,22.91,27.37
fragment_00301,2,24.43,24.42,24.42,24.45
fragment_00302,9,28.23,30.26,26.22,30.29
fragment_00303,1,19.45,19.45,19.45,19.45
fragment_00304,6,20.51,20.12,20.12,22.85
fragment_00305,2,23.94,23.94,23.94,23.94
fragment_00306,4,27.01,27.1,26.0,27.1
fragment_00307,8,29.14,31.31,27.92,31.32
fragment_00308,3,23.41,23.41,23.41,23.44
fragment_00309,2,25.36,25.37,25.35,25.37
fragment_00310,1,20.72,20.72,20.72,20.72
fragment_00311,4,25.92,25.9,25.89,26.31
fragment_00312,1,19.05,19.05,19.05,19.05
fragment_00313,2,23.95,23.95,23.95,23.95
fragment_00314,2,22.23,22.23,22.23,22.23
fragment_00315,3,21.53,21.38,21.38,21.73
fragment_00316,9,24.18,24.08,23.57,28.17
fragment_00317,4,25.26,24.62,24.44,26.73
fragment_00318,14,29.46,29.62,26.37,31.17
fragment_00319,2,22.16,22.16,22.16,22.16
fragment_00320,2,24.83,24.83,24.83,24.83
fragment_00321,5,22.86,22.58,22.35,24.07
fragment_00322,1,21.7,21.7,21.7,21.7
fragment_00323,1,20.69,20.69,20.69,20.69
fragment_00324,3,23.28,22.19,22.19,25.03
fragment_00325,2,26.44,26.49,26.4,26.49
fragment_00326,2,25.33,25.32,25.32,25.33
fragment_00327,4,27.0,27.1,26.0,27.1
fragment_00328,3,23.5,23.0,22.73,27.22
fragment_00329,11,21.55,21.19,20.58,25.45
fragment_00330,4,26.98,26.99,26.9,26.99
fragment_00331,2,20.81,20.81,20.81,20.97
fragment_00332,4,22.16,22.16,22.15,22.16
fragment_00333,1,22.88,22.88,22.88,22.88
fragment_00334,2,25.74,25.74,25.74,25.74
fragment_00335,2,23.87,23.87,23.87,23.88
fragment_00336,4,23.25,22.18,21.6,25.03
fragment_00337,5,25.0,25.0,25.0,25.61
fragment_00338,1,20.7,20.7,20.7,20.7
fragment_00339,9,21.58,21.25,20.6,25.54
fragment_00340,3,19.58,19.58,19.56,19.58
fragment_00341,7,24.88,24.88,23.73,27.0
fragment_00342,4,27.97,26.8,26.8,29.92
fragment_00343,1,20.33,20.33,20.33,20.33
fragment_00344,18,27.35,29.54,24.96,29.54
fragment_00345,9,24.14,24.07,23.56,28.16
fragment_00346,2,23.18,23.18,23.17,23.18
fragment_00347,3,26.32,26.31,26.31,27.23
fragment_00348,2,26.49,26.5,26.48,26.5
fragment_00349,3,24.19,24.23,23.89,24.23
fragment_00350,3,24.99,24.96,24.92,31.85
fragment_00351,2,26.56,26.57,26.54,26.57
fragment_00352,3,24.69,24.69,24.68,24.75
fragment_00353,4,24.96,24.96,24.94,24.97
fragment_00354,1,20.7,20.7,20.7,20.7
fragment_00355,2,22.05,22.05,22.05,22.06
fragment_00356,4,25.07,24.08,24.08,25.88
fragment_00357,7,27.03,27.46,22.87,29.84
fragment_00358,3,26.27,27.74,24.37,27.74
fragment_00359,1,19.14,19.14,19.14,19.14
fragment_00360,1,25.05,25.05,25.05,25.05
fragment_00361,1,19.78,19.78,19.78,19.78
fragment_00362,6,25.06,25.08,24.94,25.66
fragment_00363,6,29.6,29.57,29.51,34.03
fragment_00364,6,20.45,20.13,20.12,22.83
fragment_00365,2,22.13,22.13,22.13,22.13
fragment_00366,1,19.17,19.17,19.17,19.17
fragment_00367,2,26.62,26.62,26.58,26.62
fragment_00368,1,18.91,18.91,18.91,18.91
fragment_00369,5,25.11,24.63,24.0,26.3
fragment_00370,2,26.26,26.26,26.26,26.26
fragment_00371,9,26.72,27.05,25.84,28.07
fragment_00372,4,25.14,25.14,25.14,26.26
fragment_00373,4,25.37,25.94,24.02,25.94
fragment_00374,1,20.69,20.69,20.69,20.69
fragment_00375,2,22.14,22.14,22.14,22.14
fragment_00376,1,26.44,26.44,26.44,26.44
fragment_00377,1,20.79,20.79,20.79,20.79
fragment_00378,4,21.2,20.44,20.44,25.02
fragment_00379,3,25.07,24.06,24.06,25.9
fragment_00380,2,22.17,22.18,22.16,22.18
fragment_00381,12,30.29,30.83,25.3,30.83
fragment_00382,3,26.92,27.22,24.77,27.22
fragment_00383,2,25.44,25.42,25.42,25.46
fragment_00384,2,24.13,24.13,24.13,24.14
fragment_00385,5,26.37,26.3,25.48,27.41
fragment_00386,1,19.98,19.98,19.98,19.98
fragment_00387,2,23.76,23.76,23.76,23.76
fragment_00388,2,24.48,24.48,24.47,24.48
fragment_00389,4,24.1,22.99,22.68,25.33
fragment_00390,1,21.83,21.83,21.83,21.83
fragment_00391,8,32.32,32.81,25.05,32.81
fragment_00392,2,20.75,20.75,20.75,20.75
fragment_00393,27,25.37,24.28,23.57,30.17
fragment_00394,3,27.68,27.67,27.67,30.99
fragment_00395,5,24.94,24.78,24.78,27.19
fragment_00396,2,22.17,22.17,22.17,22.17
fragment_00397,2,21.09,21.09,21.09,21.1
fragment_00398,2,24.78,24.77,24.77,24.78
fragment_00399,1,20.67,20.67,20.67,20.67
fragment_00400,2,25.73,25.73,25.73,25.74
fragment_00401,4,24.08,22.97,22.68,25.29
fragment_00402,7,27.7,27.51,27.22,29.03
fragment_00403,8,24.93,23.91,23.91,27.32
fragment_00404,10,24.3,24.23,23.48,26.92
fragment_00405,2,22.06,22.06,22.06,22.06
fragment_00406,5,22.98,22.99,22.77,27.53
fragment_00407,4,25.08,25.04,25.03,27.97
fragment_00408,2,22.25,22.25,22.25,22.25
fragment_00409,8,32.33,32.82,25.06,32.82
fragment_00410,21,19.96,19.56,19.53,25.62
fragment_00411,9,30.05,30.81,25.29,30.81
fragment_00412,3,23.92,23.9,23.63,28.37
fragment_00413,4,25.08,25.03,25.03,27.95
fragment_00414,8,23.75,23.73,23.73,23.89
fragment_00415,2,23.81,23.81,23.81,23.81
fragment_00416,16,25.68,25.58,25.26,26.82
fragment_00417,4,25.8,24.0,23.78,27.19
fragment_00418,2,25.42,25.42,25.42,25.43
fragment_00419,3,26.01,26.01,25.96,29.85
fragment_00420,9,25.02,24.89,23.73,28.77
fragment_00421,1,21.7,21.7,21.7,21.7
fragment_00422,1,23.78,23.78,23.78,23.78
fragment_00423,5,23.66,23.66,23.65,24.45
fragment_00424,2,23.68,23.67,23.67,23.68
fragment_00425,2,27.67,27.67,27.67,28.36
fragment_00426,1,25.37,25.37,25.37,25.37
fragment_00427,1,20.16,20.16,20.16,20.16
fragment_00428,2,26.99,26.99,26.99,26.99
fragment_00429,22,22.08,20.73,20.73,27.13
fragment_00430,2,17.68,17.68,17.68,18.18
fragment_00431,4,27.0,27.0,26.95,27.0
fragment_00432,2,21.54,21.54,21.54,21.54
fragment_00433,6,25.39,25.7,22.55,28.84
fragment_00434,1,21.68,21.68,21.68,21.68
fragment_00435,1,18.83,18.83,18.83,18.83
fragment_00436,1,26.62,26.62,26.62,26.62
fragment_00437,9,29.29,28.68,28.61,31.92
fragment_00438,4,22.19,22.95,19.56,22.96
fragment_00439,2,25.08,25.08,25.08,25.09
fragment_00440,2,22.18,22.19,22.18,22.19
fragment_00441,2,23.81,23.81,23.81,23.81
fragment_00442,9,25.09,24.96,24.92,32.04
fragment_00443,8,21.19,20.69,20.69,25.84
fragment_00444,3,26.66,26.58,26.58,28.33
fragment_00445,2,24.82,24.82,24.82,24.82
fragment_00446,7,25.02,24.97,24.92,32.01
fragment_00447,7,25.71,25.01,19.36,26.98
fragment_00448,4,25.72,24.8,24.75,28.05
fragment_00449,11,31.59,31.53,27.05,33.64
fragment_00450,9,22.8,22.27,21.07,26.2
fragment_00451,1,20.72,20.72,20.72,20.72
fragment_00452,3,29.12,29.16,27.59,29.16
fragment_00453,3,27.5,27.49,27.49,27.53
fragment_00454,2,22.02,22.02,22.02,22.02
fragment_00455,1,20.74,20.74,20.74,20.74
fragment_00456,4,25.05,25.05,25.05,25.7
fragment_00457,16,22.85,23.89,19.29,27.63
fragment_00458,15,21.17,20.7,20.7,24.83
fragment_00459,12,20.48,20.21,20.2,22.84
fragment_00460,7,33.87,35.36,32.15,35.36
fragment_00461,11,29.14,29.75,24.94,32.3
fragment_00462,1,25.38,25.38,25.38,25.38
fragment_00463,2,25.39,25.39,25.38,25.39
fragment_00464,2,23.4,23.4,23.4,23.41
fragment_00465,1,23.46,23.46,23.46,23.46
fragment_00466,3,19.59,19.59,19.54,19.59
fragment_00467,3,22.22,22.21,22.21,22.41
fragment_00468,3,24.99,24.96,24.92,31.82
fragment_00469,1,23.94,23.94,23.94,23.94
fragment_00470,6,22.19,22.19,22.19,22.2
fragment_00471,4,23.42,23.13,22.93,28.24
fragment_00472,20,26.61,27.42,24.61,29.12
fragment_00473,9,29.14,29.77,24.94,32.22
fragment_00474,2,21.63,21.63,21.63,21.63
fragment_00475,2,22.12,22.12,22.12,22.12
fragment_00476,2,21.97,21.97,21.97,21.97
fragment_00477,8,22.6,22.28,22.08,25.3
fragment_00478,3,29.03,29.05,27.58,29.06
fragment_00479,2,23.62,23.62,23.61,23.62
fragment_00480,1,19.93,19.93,19.93,19.93
fragment_00481,1,21.53,21.53,21.53,21.53
fragment_00482,2,22.39,22.39,22.38,22.39
fragment_00483,6,20.61,19.79,19.79,23.4
fragment_00484,1,23.78,23.78,23.78,23.78
fragment_00485,2,25.44,25.43,25.43,25.44
fragment_00486,3,23.13,23.15,22.93,23.22
fragment_00487,6,20.56,19.78,19.78,23.36
fragment_00488,2,25.4,25.4,25.4,25.4
fragment_00489,4,24.9,24.63,24.63,27.18
fragment_00490,7,24.26,23.69,23.69,26.89
fragment_00491,10,25.06,24.98,24.97,31.88
fragment_00492,14,30.13,30.19,25.43,30.19
fragment_00493,1,23.87,23.87,23.87,23.87
fragment_00494,4,25.81,25.98,24.69,25.99
fragment_00495,3,19.58,19.58,19.55,19.59
fragment_00496,8,22.6,23.14,19.56,25.88
fragment_00497,9,25.01,24.95,24.91,31.89
fragment_00498,1,21.8,21.8,21.8,21.8
fragment_00499,8,22.14,22.14,22.13,22.14
fragment_00500,2,23.73,23.77,23.5,23.77
fragment_00501,5,26.08,27.05,24.84,27.71
fragment_00502,7,33.86,35.33,32.13,35.33
fragment_00503,2,26.36,26.37,26.36,26.37
fragment_00504,4,22.13,22.13,22.13,22.14
fragment_00505,13,24.49,23.74,23.72,27.09
fragment_00506,3,29.46,29.51,28.75,29.51
fragment_00507,1,20.75,20.75,20.75,20.75
fragment_00508,2,22.16,22.17,22.16,22.17
fragment_00509,1,21.56,21.56,21.56,21.56
fragment_00510,2,22.13,22.13,22.13,22.13
fragment_00511,14,24.93,27.09,23.55,27.09
fragment_00512,1,25.78,25.78,25.78,25.78
fragment_00513,3,23.67,23.67,23.66,23.74
fragment_00514,4,26.12,24.94,24.94,27.22
fragment_00515,3,23.69,23.07,22.78,27.88
fragment_00516,2,24.8,24.8,24.8,24.8
fragment_00517,8,28.77,28.68,28.16,32.5
fragment_00518,6,25.15,25.07,25.07,31.5
fragment_00519,5,24.69,24.48,22.13,28.07
fragment_00520,4,28.7,27.64,26.55,30.17
fragment_00521,9,22.74,23.69,19.3,25.46
fragment_00522,9,25.13,25.12,25.09,28.5
fragment_00523,1,20.88,20.88,20.88,20.88
fragment_00524,1,20.77,20.77,20.77,20.77
fragment_00525,6,25.72,24.62,24.62,27.99
fragment_00526,5,25.46,24.63,24.63,27.98
fragment_00527,20,35.71,35.47,32.75,37.98
fragment_00528,9,29.98,30.66,24.92,30.66
fragment_00529,2,22.16,22.17,22.16,22.17
fragment_00530,2,24.34,24.34,24.34,24.34
fragment_00531,2,24.15,24.14,24.14,24.16
fragment_00532,10,21.72,21.21,20.6,25.35
fragment_00533,21,21.69,24.04,19.25,25.68
fragment_00534,3,26.22,27.66,24.37,27.66
fragment_00535,17,33.78,35.26,28.9,35.58
fragment_00536,3,23.5,23.0,22.73,27.22
fragment_00537,2,22.22,22.22,22.22,22.22
fragment_00538,7,24.57,24.48,24.16,24.67
fragment_00539,2,23.96,23.97,23.96,23.97
fragment_00540,2,23.58,23.58,23.58,23.58
fragment_00541,1,23.97,23.97,23.97,23.97
fragment_00542,11,21.76,21.2,20.61,25.37
fragment_00543,3,20.44,20.12,20.12,22.83
fragment_00544,6,27.15,29.31,24.81,29.31
fragment_00545,1,23.93,23.93,23.93,23.93
fragment_00546,3,26.98,27.24,24.77,27.24
fragment_00547,2,26.44,26.45,26.43,26.45
fragment_00548,2,24.12,24.12,24.11,24.12
fragment_00549,10,29.73,30.68,24.93,30.68
fragment_00550,1,26.57,26.57,26.57,26.57
fragment_00551,3,25.87,24.0,24.0,27.19
fragment_00552,2,25.36,25.36,25.35,25.36
fragment_00553,3,24.89,25.85,23.72,25.85
fragment_00554,3,28.75,27.78,27.72,30.28
fragment_00555,9,24.38,23.58,22.56,27.52
fragment_00556,3,20.63,20.63,20.63,22.13
fragment_00557,3,22.2,22.2,21.96,22.2
fragment_00558,4,25.69,24.81,24.77,28.02
fragment_00559,2,22.09,22.09,22.09,22.09
fragment_00560,2,24.49,24.7,23.74,24.7
fragment_00561,2,22.02,22.03,22.02,22.03
fragment_00562,3,24.95,24.95,24.95,30.35
fragment_00563,2,22.13,22.13,22.12,22.13
fragment_00564,1,20.84,20.84,20.84,20.84
fragment_00565,3,23.05,23.19,22.21,23.2
fragment_00566,9,30.96,31.62,26.19,31.62
fragment_00567,1,21.54,21.54,21.54,21.54
fragment_00568,1,20.75,20.75,20.75,20.75
fragment_00569,2,25.57,24.65,24.65,26.65
fragment_00570,6,22.21,22.22,22.2,22.22
fragment_00571,6,26.09,27.07,24.85,27.57
fragment_00572,5,19.71,19.15,19.14,21.57
fragment_00573,4,26.29,26.29,25.69,26.3
fragment_00574,6,25.35,24.63,24.63,27.95
fragment_00575,2,26.42,26.41,26.41,26.43
fragment_00576,7,25.1,25.1,25.07,25.67
fragment_00577,17,27.84,28.73,25.61,28.73
fragment_00578,2,25.11,25.11,25.11,25.11
fragment_00579,6,20.53,19.26,19.02,21.6
fragment_00580,2,23.94,23.94,23.94,23.94
fragment_00581,2,27.56,27.57,26.99,27.57
fragment_00582,3,27.6,27.59,27.55,27.61
fragment_00583,2,22.24,22.24,22.23,22.24
fragment_00584,2,25.41,25.41,25.41,25.42
fragment_00585,3,25.41,25.41,25.41,25.43
fragment_00586,3,23.44,23.44,23.44,23.53
fragment_00587,8,26.55,25.9,25.9,28.49
fragment_00588,6,23.1,23.08,23.08,23.52
fragment_00589,6,26.62,27.24,25.98,27.29
fragment_00590,1,25.43,25.43,25.43,25.43
fragment_00591,2,16.77,16.77,16.77,17.24
fragment_00592,14,18.25,18.29,18.06,18.38
fragment_00593,6,21.14,21.02,21.02,25.79
fragment_00594,6,26.55,26.55,26.51,26.59
fragment_00595,7,20.39,20.23,20.14,22.8
fragment_00596,13,28.52,28.62,27.51,32.65
fragment_00597,2,24.86,25.39,24.03,25.39
fragment_00598,3,23.42,23.42,23.41,23.42
fragment_00599,4,22.1,22.1,22.09,22.1
fragment_00600,9,22.49,23.16,19.54,25.15
fragment_00601,2,23.97,23.97,23.97,23.97
fragment_00602,13,24.97,23.67,23.57,26.91
fragment_00603,3,24.17,24.22,23.89,24.22
fragment_00604,24,22.1,22.1,22.07,22.11
fragment_00605,42,29.22,30.56,25.87,31.02
fragment_00606,12,33.5,33.21,30.55,36.58
fragment_00607,4,22.16,22.16,22.16,22.16
fragment_00608,3,29.26,29.27,27.69,29.27
fragment_00609,2,24.37,24.37,24.36,24.37
fragment_00610,1,27.79,27.79,27.79,27.79
fragment_00611,3,23.36,23.36,23.36,23.45
fragment_00612,3,25.06,25.06,25.05,25.08
fragment_00613,2,22.96,22.96,22.96,23.09
fragment_00614,2,23.5,23.5,23.5,23.5
fragment_00615,1,20.43,20.43,20.43,20.43
fragment_00616,3,26.33,26.32,26.32,27.23
fragment_00617,1,20.06,20.06,20.06,20.06
fragment_00618,3,23.64,23.07,22.79,27.87
fragment_00619,2,22.0,22.0,22.0,22.01
fragment_00620,1,19.68,19.68,19.68,19.68
fragment_00621,19,31.38,32.83,25.04,33.47
fragment_00622,7,29.64,28.94,27.65,31.87
fragment_00623,2,26.93,26.92,26.92,27.04
fragment_00624,2,23.18,23.18,23.18,23.18
fragment_00625,2,25.74,25.74,25.74,25.74
fragment_00626,2,23.35,23.36,23.35,23.36
fragment_00627,6,23.09,23.08,23.07,23.53
fragment_00628,1,21.93,21.93,21.93,21.93
fragment_00629,2,27.66,27.65,27.65,30.88
fragment_00630,1,20.72,20.72,20.72,20.72
fragment_00631,2,27.42,27.46,27.28,27.46
fragment_00632,6,25.09,25.09,25.08,25.72
fragment_00633,5,25.06,24.94,24.03,28.86
fragment_00634,1,27.25,27.25,27.25,27.25
fragment_00635,23,24.58,23.58,23.55,27.38
fragment_00636,5,19.88,19.88,19.84,19.89
fragment_00637,9,21.92,22.94,20.72,27.93
fragment_00638,3,20.4,20.12,20.12,22.81
fragment_00639,2,21.68,21.68,21.68,21.68
fragment_00640,2,23.57,23.63,22.72,23.63
fragment_00641,3,24.2,24.25,23.9,24.25
fragment_00642,14,25.17,26.78,20.55,26.78
fragment_00643,6,24.42,24.41,24.14,24.69
fragment_00644,7,25.11,25.1,25.08,25.75
fragment_00645,4,24.05,24.04,23.41,24.14
fragment_00646,2,27.68,27.68,27.68,28.35
fragment_00647,2,34.86,35.07,34.48,35.07
fragment_00648,2,23.73,23.73,23.73,23.73
fragment_00649,2,20.87,20.86,20.86,20.87
fragment_00650,30,27.43,27.99,25.89,30.46
fragment_00651,19,25.61,25.5,24.96,28.28
fragment_00652,21,21.65,22.41,19.3,24.51
fragment_00653,2,22.11,22.11,22.11,22.11
fragment_00654,1,19.17,19.17,19.17,19.17
fragment_00655,2,25.62,25.62,25.62,25.62
fragment_00656,1,21.73,21.73,21.73,21.73
fragment_00657,2,23.68,23.67,23.67,23.68
fragment_00658,8,20.13,19.99,19.78,20.96
fragment_00659,2,22.24,22.24,22.24,22.24
fragment_00660,3,26.09,26.13,25.52,26.13
fragment_00661,7,29.31,27.8,27.68,31.81
fragment_00662,6,25.36,25.57,22.59,28.86
fragment_00663,2,25.39,25.39,25.39,25.39
fragment_00664,3,27.68,27.17,27.17,30.05
fragment_00665,4,22.17,22.17,22.17,22.17
fragment_00666,2,25.44,25.45,25.44,25.45
fragment_00667,5,20.93,20.16,19.42,23.26
fragment_00668,1,20.65,20.65,20.65,20.65
fragment_00669,3,24.76,24.19,24.19,26.32
fragment_00670,11,24.73,23.66,23.54,26.99
fragment_00671,4,27.1,27.1,26.93,27.11
fragment_00672,1,31.62,31.62,31.62,31.62
fragment_00673,2,22.21,22.22,22.21,22.22
fragment_00674,5,26.42,26.3,25.49,27.48
fragment_00675,4,26.54,26.56,25.48,27.35
fragment_00676,2,24.69,24.68,24.68,24.7
fragment_00677,2,24.87,25.44,23.99,25.44
fragment_00678,13,31.96,33.68,28.07,33.83
fragment_00679,7,19.91,19.51,19.51,26.05
fragment_00680,5,24.71,24.45,22.14,28.13
fragment_00681,2,26.39,26.39,26.39,26.39
fragment_00682,2,25.37,25.37,25.36,25.37
fragment_00683,2,26.57,26.58,26.55,26.58
fragment_00684,2,25.21,25.19,25.19,25.22
fragment_00685,3,29.27,29.34,27.59,29.34
fragment_00686,3,25.51,25.5,25.5,25.64
fragment_00687,10,24.5,24.23,23.48,29.01
fragment_00688,7,27.5,27.41,27.22,29.58
fragment_00689,23,33.14,34.15,25.03,34.15
fragment_00690,6,20.47,19.87,19.87,23.39
fragment_00691,1,25.21,25.21,25.21,25.21
fragment_00692,3,17.37,17.37,17.37,18.06
fragment_00693,2,25.9,25.9,25.9,25.91
fragment_00694,2,20.74,20.74,20.74,20.74
fragment_00695,4,23.89,25.27,22.37,25.27
fragment_00696,11,22.0,19.51,19.51,26.43
fragment_00697,2,25.58,25.59,25.57,25.59
fragment_00698,4,23.57,23.57,23.57,23.61
fragment_00699,6,27.45,28.32,26.43,28.32
fragment_00700,2,22.25,22.25,22.24,22.25
fragment_00701,3,20.41,20.17,20.17,22.77
fragment_00702,4,25.41,25.4,25.39,25.43
fragment_00703,1,19.17,19.17,19.17,19.17
fragment_00704,2,34.87,35.09,34.48,35.09
fragment_00705,6,20.41,20.12,20.11,22.83
fragment_00706,2,24.97,24.94,24.94,31.52
fragment_00707,23,22.88,23.51,20.7,25.68
fragment_00708,5,28.36,29.79,26.61,29.79
fragment_00709,3,25.26,25.17,25.17,28.88
fragment_00710,4,33.77,34.33,32.79,34.33
fragment_00711,5,30.55,30.39,28.31,32.67
fragment_00712,1,20.57,20.57,20.57,20.57
fragment_00713,4,28.74,27.78,26.9,30.27
fragment_00714,22,24.73,24.38,24.04,29.24
fragment_00715,8,25.03,24.5,23.79,29.0
fragment_00716,3,19.99,19.81,19.81,26.19
fragment_00717,6,20.45,19.87,19.87,23.39
fragment_00718,2,22.13,22.13,22.13,22.13
fragment_00719,3,24.01,24.0,24.0,24.11
fragment_00720,2,22.24,22.24,22.24,22.24
fragment_00721,12,32.47,32.26,28.98,37.01
fragment_00722,4,25.49,25.49,25.38,25.49
fragment_00723,24,24.89,26.51,22.61,27.5
fragment_00724,2,25.75,25.75,25.75,25.76
fragment_00725,6,21.14,21.02,20.58,24.32
fragment_00726,9,24.7,24.12,19.26,28.64
fragment_00727,1,20.15,20.15,20.15,20.15
fragment_00728,4,24.95,24.97,24.93,24.97
fragment_00729,12,27.22,26.31,26.31,29.91
fragment_00730,1,19.22,19.22,19.22,19.22
fragment_00731,7,27.92,29.13,25.94,29.13
fragment_00732,2,24.5,24.5,24.5,24.5
fragment_00733,4,26.96,26.96,26.83,26.96
fragment_00734,2,25.11,25.11,25.11,25.11
fragment_00735,3,21.95,22.03,21.87,22.03
fragment_00736,2,25.07,25.07,25.07,25.07
fragment_00737,7,22.8,22.11,22.11,25.78
fragment_00738,14,32.54,32.81,30.32,32.81
fragment_00739,8,27.91,29.16,25.92,29.16
fragment_00740,4,26.11,24.92,24.92,27.22
fragment_00741,7,27.13,29.32,24.8,29.32
fragment_00742,5,27.6,27.56,27.33,30.07
fragment_00743,3,20.69,20.67,20.67,22.25
fragment_00744,7,26.62,26.56,26.52,26.75
fragment_00745,2,27.8,28.0,27.03,28.0
fragment_00746,26,27.36,27.94,25.88,30.45
fragment_00747,14,29.2,28.99,28.46,33.12
fragment_00748,1,20.1,20.1,20.1,20.1
fragment_00749,26,23.97,22.78,22.59,29.54
fragment_00750,8,26.56,25.93,25.93,28.47
fragment_00751,3,29.42,30.19,26.69,30.19
fragment_00752,7,24.9,24.76,24.03,26.82
fragment_00753,6,25.33,25.44,21.28,26.76
fragment_00754,21,28.28,28.37,24.94,32.31
fragment_00755,14,28.58,28.35,26.94,30.47
fragment_00756,17,27.8,28.73,25.73,29.16
fragment_00757,1,22.72,22.72,22.72,22.72
fragment_00758,2,26.18,26.18,26.17,26.18
fragment_00759,7,24.9,24.76,24.0,26.78
fragment_00760,1,31.62,31.62,31.62,31.62
fragment_00761,3,22.69,22.21,22.21,24.92
fragment_00762,28,22.95,23.78,20.71,28.48
fragment_00763,6,28.09,28.01,27.72,30.49
fragment_00764,3,28.02,28.04,27.64,28.04
fragment_00765,7,22.19,22.18,21.64,23.12
fragment_00766,2,23.73,23.73,23.73,23.73
fragment_00767,1,19.77,19.77,19.77,19.77
fragment_00768,29,27.98,30.17,23.96,30.39
fragment_00769,2,25.37,25.37,25.36,25.37
fragment_00770,1,19.17,19.17,19.17,19.17
fragment_00771,22,27.74,28.66,23.8,29.16
fragment_00772,1,19.18,19.18,19.18,19.18
fragment_00773,2,23.97,23.97,23.96,23.97
fragment_00774,2,23.05,23.05,23.05,23.05
fragment_00775,14,24.22,23.73,23.73,26.84
fragment_00776,2,25.07,25.07,25.07,25.07
fragment_00777,8,23.56,23.57,22.99,25.54
fragment_00778,4,29.88,29.93,27.55,29.93
fragment_00779,2,22.05,22.05,22.05,22.05
fragment_00780,2,23.91,23.91,23.91,23.91
fragment_00781,24,24.36,23.75,23.53,30.13
fragment_00782,2,22.19,22.19,22.19,22.19
fragment_00783,2,25.18,25.18,25.18,25.18
fragment_00784,8,22.8,22.09,22.09,25.81
fragment_00785,2,25.36,25.36,25.35,25.36
fragment_00786,9,24.25,23.54,22.53,27.53
fragment_00787,2,26.46,26.46,26.45,26.46
fragment_00788,2,29.24,29.24,29.24,29.24
fragment_00789,2,24.48,24.62,24.22,24.62
fragment_00790,6,30.51,30.34,28.84,32.68
fragment_00791,3,20.92,20.11,20.11,22.58
fragment_00792,4,25.09,25.28,23.54,25.28
fragment_00793,11,25.87,28.26,23.84,28.26
fragment_00794,3,22.49,22.18,22.18,24.79
fragment_00795,4,28.35,29.79,26.6,29.79
fragment_00796,10,26.04,25.7,25.7,29.06
fragment_00797,1,19.19,19.19,19.19,19.19
fragment_00798,1,21.8,21.8,21.8,21.8
fragment_00799,9,21.13,21.96,19.26,23.67
fragment_00800,1,19.95,19.95,19.95,19.95
fragment_00801,12,25.43,25.26,24.93,28.93
fragment_00802,25,24.23,23.84,22.81,28.88
fragment_00803,7,25.18,24.1,23.55,28.35
fragment_00804,2,26.2,26.2,26.19,26.2
fragment_00805,1,20.75,20.75,20.75,20.75
fragment_00806,1,22.53,22.53,22.53,22.53
fragment_00807,2,26.46,26.49,26.43,26.49
fragment_00808,3,22.24,22.23,22.23,22.39
fragment_00809,12,24.27,24.27,23.87,24.27
fragment_00810,2,24.8,24.8,24.8,24.8
fragment_00811,3,20.43,20.12,20.12,22.82
fragment_00812,2,20.2,20.2,20.2,20.2
fragment_00813,3,27.58,27.58,27.54,27.58
fragment_00814,4,26.69,26.77,25.61,30.07
fragment_00815,3,19.31,19.32,19.27,19.32
fragment_00816,4,24.88,24.81,24.18,25.57
fragment_00817,1,23.76,23.76,23.76,23.76
fragment_00818,4,27.7,27.74,25.87,27.74
fragment_00819,2,22.15,22.15,22.14,22.15
fragment_00820,6,25.17,26.21,22.97,26.22
fragment_00821,1,20.74,20.74,20.74,20.74
fragment_00822,4,24.41,23.9,23.57,29.22
fragment_00823,1,20.74,20.74,20.74,20.74
fragment_00824,1,20.57,20.57,20.57,20.57
fragment_00825,2,23.75,23.75,23.75,23.75
fragment_00826,18,28.28,28.33,24.94,30.25
fragment_00827,2,24.21,24.21,24.2,24.21
fragment_00828,2,25.31,25.3,25.3,25.31
fragment_00829,2,22.1,22.09,22.09,22.1
fragment_00830,5,22.75,22.74,22.38,23.04
fragment_00831,1,27.98,27.98,27.98,27.98
fragment_00832,25,21.41,20.71,20.7,25.53
fragment_00833,2,24.87,24.87,24.87,24.87
fragment_00834,10,25.25,25.45,22.97,25.49
fragment_00835,3,23.45,23.36,23.27,25.45
fragment_00836,3,23.81,24.94,21.0,24.94
fragment_00837,2,21.5,21.5,21.5,21.5
fragment_00838,4,22.17,22.17,22.16,22.17
fragment_00839,2,23.36,23.36,23.36,23.37
fragment_00840,4,27.72,28.34,26.03,28.34
fragment_00841,1,20.76,20.76,20.76,20.76
fragment_00842,2,26.51,26.51,26.51,26.51
fragment_00843,2,23.09,23.09,23.09,23.09
fragment_00844,4,23.07,23.64,20.92,24.64
fragment_00845,2,25.75,25.76,25.75,25.76
fragment_00846,7,25.22,24.12,23.57,28.35
fragment_00847,4,24.6,24.6,24.05,24.6
fragment_00849,2,23.84,23.84,23.83,23.84
fragment_00850,14,27.03,26.32,26.32,29.96
fragment_00851,8,30.98,31.64,26.2,31.64
fragment_00852,3,23.5,23.5,23.5,23.63
fragment_00853,13,21.47,20.97,20.9,27.63
fragment_00854,9,26.93,27.0,25.99,27.0
fragment_00855,8,24.6,23.68,23.68,27.01
fragment_00856,18,26.05,24.82,24.7,32.52
fragment_00857,3,28.25,28.27,27.51,28.27
fragment_00858,2,28.24,28.24,28.24,28.24
fragment_00859,8,37.23,36.87,30.94,38.15
fragment_00860,3,21.56,21.55,21.55,21.87
fragment_00861,2,24.96,24.96,24.96,24.96
fragment_00862,2,24.46,24.49,23.92,24.49
fragment_00863,4,24.96,24.94,24.94,33.29
fragment_00864,2,23.6,23.59,23.59,23.6
fragment_00865,3,23.96,25.03,20.79,25.03
fragment_00866,8,26.05,25.81,24.99,29.89
fragment_00867,3,21.67,19.99,19.99,26.03
fragment_00868,22,24.7,24.38,24.05,29.36
fragment_00869,13,28.58,28.35,26.94,30.39
fragment_00870,5,21.87,22.62,19.26,22.62
fragment_00871,8,21.83,22.92,20.72,26.82
fragment_00872,4,24.14,22.86,22.66,28.04
fragment_00873,6,29.3,27.8,27.67,31.81
fragment_00874,7,20.37,19.6,19.6,26.26
fragment_00875,2,22.1,22.09,22.09,22.11
fragment_00876,2,24.49,24.63,24.24,24.63
fragment_00877,1,20.67,20.67,20.67,20.67
fragment_00878,2,25.21,25.18,25.18,28.09
fragment_00879,11,34.31,35.47,29.78,35.47
fragment_00880,6,20.82,20.13,20.08,22.8
fragment_00881,11,21.89,21.47,20.5,26.35
fragment_00882,1,19.63,19.63,19.63,19.63
fragment_00883,2,24.28,24.28,24.28,24.28
fragment_00884,2,22.21,22.21,22.21,22.21
fragment_00885,2,24.98,24.98,24.98,28.02
fragment_00886,2,20.86,20.86,20.86,20.86
fragment_00887,2,23.53,23.53,23.53,23.53
fragment_00888,3,27.65,27.15,27.15,30.05
fragment_00889,5,27.23,27.01,25.86,30.76
fragment_00890,8,25.69,25.7,21.45,25.75
fragment_00891,2,27.0,27.88,25.93,27.88
fragment_00892,1,22.72,22.72,22.72,22.72
fragment_00893,1,21.26,21.26,21.26,21.26
fragment_00894,9,25.05,24.56,23.79,28.96
fragment_00895,2,21.85,21.85,21.85,21.85
fragment_00896,5,23.35,23.56,23.01,27.53
fragment_00897,2,22.12,22.12,22.12,22.12
fragment_00898,2,25.09,25.09,25.09,25.09
fragment_00899,8,26.19,26.6,24.79,28.0
fragment_00900,8,31.78,32.09,29.02,32.54
fragment_00901,6,26.94,28.79,24.66,28.79
fragment_00902,5,22.02,22.14,19.93,23.88
fragment_00903,2,21.98,21.99,21.98,21.99
fragment_00904,2,26.44,26.44,26.44,26.44
fragment_00905,10,31.2,31.94,27.23,33.18
fragment_00906,9,22.45,22.81,21.93,22.81
fragment_00907,2,21.78,21.77,21.77,21.78
fragment_00908,2,25.38,25.38,25.38,25.38
fragment_00909,1,20.14,20.14,20.14,20.14
fragment_00910,1,20.71,20.71,20.71,20.71
fragment_00911,24,22.71,23.58,20.72,24.57
fragment_00912,2,23.09,23.1,23.09,23.1
fragment_00913,4,24.08,22.86,22.65,27.8
fragment_00914,2,22.14,22.14,22.14,22.14
fragment_00915,1,28.32,28.32,28.32,28.32
fragment_00916,22,21.57,20.7,20.7,27.1
fragment_00917,12,24.95,23.66,23.56,27.06
fragment_00918,1,21.14,21.14,21.14,21.14
fragment_00919,5,20.85,20.06,19.41,23.26
fragment_00920,3,21.79,21.75,21.75,21.85
fragment_00921,9,22.95,22.21,22.21,26.95
fragment_00922,1,20.82,20.82,20.82,20.82
fragment_00923,2,24.8,24.8,24.8,24.8
fragment_00924,6,20.46,21.66,19.2,21.66
fragment_00925,3,24.76,24.18,24.18,26.31
fragment_00926,3,24.94,25.94,23.72,25.94
fragment_00927,2,21.89,21.89,21.89,21.89
fragment_00928,2,25.44,25.44,25.44,25.45
fragment_00929,9,24.37,24.38,24.02,24.61
fragment_00930,7,21.68,21.68,21.68,21.7
fragment_00931,2,22.77,22.77,22.77,22.77
fragment_00932,5,25.69,25.71,23.57,28.29
fragment_00933,2,25.53,25.54,23.21,25.54
fragment_00934,2,22.93,22.93,22.93,22.93
fragment_00935,5,27.24,27.19,26.98,30.03
fragment_00936,3,23.93,25.02,20.8,25.02
fragment_00937,1,20.74,20.74,20.74,20.74
fragment_00938,12,29.46,30.73,26.96,33.6
fragment_00939,6,20.47,20.12,20.12,22.84
fragment_00940,3,19.83,19.83,19.82,20.06
fragment_00941,28,24.94,26.44,22.59,29.52
fragment_00942,7,20.05,19.46,19.31,20.49
fragment_00943,2,22.5,22.5,22.49,22.5
fragment_00944,3,23.55,23.55,23.55,23.72
fragment_00945,2,25.84,25.84,25.84,25.85
fragment_00946,6,21.2,20.12,20.12,23.02
fragment_00947,4,33.54,33.28,31.99,35.6
fragment_00948,6,20.4,20.13,20.12,22.85
fragment_00949,1,29.26,29.26,29.26,29.26
fragment_00950,6,25.18,26.21,22.97,26.23
fragment_00951,2,26.71,26.72,26.7,26.72
fragment_00952,3,27.49,27.5,27.48,27.5
fragment_00953,10,24.62,24.59,24.13,24.94
fragment_00954,1,19.19,19.19,19.19,19.19
fragment_00955,19,24.27,23.58,23.54,26.71
fragment_00956,1,20.79,20.79,20.79,20.79
fragment_00957,1,21.55,21.55,21.55,21.55
fragment_00958,1,29.46,29.46,29.46,29.46
fragment_00959,2,25.9,25.9,25.9,25.9
fragment_00960,1,21.78,21.78,21.78,21.78
fragment_00961,3,22.0,21.94,21.94,23.45
fragment_00962,1,20.74,20.74,20.74,20.74
fragment_00963,8,25.33,25.32,25.32,25.35
fragment_00964,10,34.66,35.0,25.86,35.0
fragment_00965,9,22.63,23.28,19.31,25.24
fragment_00966,8,26.05,25.81,25.0,29.89
fragment_00967,4,23.81,23.75,23.75,23.89
fragment_00968,20,21.87,22.33,19.28,25.26
fragment_00969,24,32.95,34.34,25.56,34.34
fragment_00970,34,26.81,28.0,25.84,30.38
fragment_00971,14,24.23,23.74,23.73,26.85
fragment_00972,4,24.41,23.12,22.86,25.65
fragment_00973,11,24.35,24.32,20.77,27.46
fragment_00974,1,19.21,19.21,19.21,19.21
fragment_00975,4,24.41,23.89,23.55,29.22
fragment_00976,6,29.39,28.78,27.77,31.7
fragment_00977,5,22.63,23.12,21.85,23.13
fragment_00978,4,20.41,20.22,20.2,22.73
fragment_00979,2,23.05,23.05,23.05,23.05
fragment_00980,2,24.07,24.09,23.83,24.09
fragment_00981,17,26.16,24.82,24.72,32.5
fragment_00982,3,21.95,21.75,21.75,22.17
fragment_00983,13,27.86,28.59,25.05,29.46
fragment_00984,1,20.62,20.62,20.62,20.62
fragment_00985,23,22.01,21.84,20.7,29.58
fragment_00986,7,23.69,22.96,22.73,26.11
fragment_00987,1,27.79,27.79,27.79,27.79
fragment_00988,1,19.68,19.68,19.68,19.68
fragment_00989,4,22.04,22.03,22.03,22.05
fragment_00990,24,28.54,30.5,24.92,31.6
fragment_00991,11,20.22,20.08,19.49,20.72
fragment_00992,2,24.46,24.49,23.94,24.49
fragment_00993,5,28.01,26.83,25.99,29.98
fragment_00994,2,22.18,22.18,22.17,22.18
fragment_00995,1,19.8,19.8,19.8,19.8
fragment_00996,2,25.11,25.1,25.1,28.08
fragment_00997,2,23.68,23.68,23.67,23.68
fragment_00998,6,26.12,24.9,24.87,27.88
fragment_00999,14,27.62,28.44,24.97,29.74
fragment_01000,7,20.75,21.5,19.49,21.51
fragment_01001,2,24.48,24.69,23.73,24.69
fragment_01002,2,25.57,24.65,24.65,26.64
fragment_01003,7,21.3,21.43,20.26,21.43
fragment_01004,10,21.93,21.46,20.52,25.37
fragment_01005,2,23.54,23.53,23.53,23.54
fragment_01006,1,19.18,19.18,19.18,19.18
fragment_01007,5,24.92,24.71,24.6,25.35
fragment_01008,4,24.87,24.88,24.86,25.85
fragment_01009,1,30.54,30.54,30.54,30.54
fragment_01010,3,28.48,27.67,27.67,30.21
fragment_01011,7,27.0,26.86,26.75,28.38
fragment_01012,2,25.62,25.61,25.61,25.62
fragment_01013,1,19.65,19.65,19.65,19.65
fragment_01014,1,19.69,19.69,19.69,19.69
fragment_01015,2,22.24,22.24,22.24,22.24
fragment_01016,3,24.05,24.04,24.04,24.14
fragment_01017,1,20.73,20.73,20.73,20.73
fragment_01018,1,20.1,20.1,20.1,20.1
fragment_01019,2,22.12,22.12,22.11,22.12
fragment_01020,6,23.0,22.5,22.35,24.09
fragment_01021,16,24.94,24.88,24.86,31.28
fragment_01022,5,27.12,26.72,26.72,29.04
fragment_01023,3,20.48,20.12,20.12,22.78
fragment_01024,8,24.92,24.66,24.66,25.42
fragment_01025,2,25.49,25.49,25.49,25.49
fragment_01026,2,22.11,22.11,22.11,22.11
fragment_01027,2,23.43,23.44,23.43,23.44
fragment_01028,23,22.77,26.19,19.3,27.34
fragment_01029,9,23.03,22.13,22.13,26.97
fragment_01030,2,25.63,25.63,25.63,25.63
fragment_01031,27,30.39,31.04,26.49,31.54
fragment_01032,4,25.64,25.62,25.61,26.99
fragment_01033,5,24.42,24.42,24.41,24.56
fragment_01034,8,28.0,28.17,25.99,28.17
fragment_01035,5,16.4,16.4,16.4,22.7
fragment_01036,8,21.54,21.54,21.53,21.55
fragment_01037,25,26.9,27.27,25.94,29.08
fragment_01038,2,22.12,22.12,22.12,22.12
fragment_01039,2,23.97,23.99,23.96,23.99
fragment_01040,16,21.91,20.86,20.23,23.29
fragment_01041,3,26.55,26.65,22.36,26.65
fragment_01042,10,26.01,25.67,25.67,29.07
fragment_01043,2,22.04,22.03,22.03,22.04
fragment_01044,1,20.87,20.87,20.87,20.87
fragment_01045,12,24.3,23.74,23.72,26.62
fragment_01046,3,23.38,23.41,22.65,25.03
fragment_01047,2,23.69,23.69,23.69,23.69
fragment_01048,4,27.75,28.38,26.03,28.38
fragment_01049,13,29.54,29.61,26.8,31.59
fragment_01050,2,23.03,23.03,23.03,23.04
fragment_01051,2,23.8,23.79,23.79,23.8
fragment_01052,2,25.44,25.44,25.44,25.45
fragment_01053,5,26.56,26.45,25.59,27.55
fragment_01054,1,25.29,25.29,25.29,25.29
fragment_01055,9,24.58,25.0,22.63,25.81
fragment_01056,23,24.52,24.46,22.79,29.51
fragment_01057,1,20.73,20.73,20.73,20.73
fragment_01058,7,24.59,24.61,23.54,27.66
fragment_01059,2,22.87,22.87,22.87,22.87
fragment_01060,1,26.39,26.39,26.39,26.39
fragment_01061,2,25.33,24.65,24.65,26.79
fragment_01062,3,21.43,21.43,21.43,21.49
fragment_01063,2,22.11,22.11,22.11,22.12
fragment_01064,6,26.94,28.79,24.66,28.79
fragment_01065,2,28.43,28.43,28.43,28.43
fragment_01066,2,15.5,15.5,15.5,15.68
fragment_01067,2,22.24,22.25,22.24,22.25
fragment_01068,4,24.41,23.12,22.86,25.65
fragment_01069,1,25.47,25.47,25.47,25.47
fragment_01070,8,24.06,24.01,24.01,24.15
fragment_01071,6,27.1,27.83,24.1,27.94
fragment_01072,8,20.29,20.3,19.68,20.3
fragment_01073,1,21.91,21.91,21.91,21.91
fragment_01074,30,22.36,23.02,20.67,29.6
fragment_01075,4,25.35,25.06,23.7,27.05
fragment_01076,2,23.68,23.68,23.68,23.68
fragment_01077,9,25.04,23.66,23.66,27.09
fragment_01078,2,27.11,27.28,26.86,27.28
fragment_01079,4,25.61,25.61,25.6,25.61
fragment_01080,4,27.7,27.74,25.83,27.74
fragment_01081,3,29.07,29.22,27.55,29.22
fragment_01082,12,26.96,25.53,25.37,33.54
fragment_01083,2,23.38,23.38,23.38,23.38
fragment_01084,36,21.54,21.54,21.53,21.55
fragment_01085,6,25.05,25.07,24.95,25.63
fragment_01086,2,22.02,22.02,22.02,22.02
fragment_01087,19,23.06,21.2,21.16,26.2
fragment_01088,1,21.23,21.23,21.23,21.23
fragment_01089,22,29.07,30.01,24.94,32.43
fragment_01090,9,23.03,23.45,20.73,27.2
fragment_01091,7,22.25,22.26,22.23,22.26
fragment_01092,7,26.22,24.89,24.87,27.84
fragment_01093,24,24.74,27.96,22.58,27.98
fragment_01094,2,22.25,22.25,22.24,22.25
fragment_01095,2,26.02,26.01,26.01,26.02
fragment_01096,2,25.53,25.53,25.53,25.54
fragment_01097,4,25.09,25.28,23.59,25.28
fragment_01098,6,23.67,23.68,22.92,23.68
fragment_01099,2,25.76,25.76,25.76,25.76
fragment_01100,2,27.01,27.88,25.95,27.88
fragment_01101,2,22.22,22.22,22.22,22.22
fragment_01102,7,28.68,30.36,27.23,30.36
fragment_01103,19,24.32,23.97,21.05,25.7
fragment_01104,24,29.61,29.99,24.95,32.42
fragment_01105,2,22.04,22.04,22.04,22.04
fragment_01106,1,19.73,19.73,19.73,19.73
fragment_01107,25,26.71,29.35,23.96,29.35
fragment_01108,7,24.64,23.71,23.61,26.08
fragment_01109,3,19.31,19.32,19.28,19.32
fragment_01110,2,22.12,22.12,22.12,22.12
fragment_01111,2,25.65,25.65,25.65,25.65
fragment_01112,6,28.08,28.0,27.73,30.53
fragment_01113,2,22.13,22.13,22.12,22.13
fragment_01114,9,24.6,22.72,22.72,28.23
fragment_01115,10,28.36,29.06,26.23,29.06
fragment_01116,17,28.26,29.89,25.01,31.18
fragment_01117,11,34.47,35.11,25.87,35.11
fragment_01118,2,22.25,22.25,22.25,22.25
fragment_01119,3,18.17,18.13,18.13,18.29
fragment_01120,9,26.47,24.75,24.75,30.47
fragment_01121,2,24.04,24.03,24.03,24.04
fragment_01122,6,27.14,27.23,26.67,27.23
fragment_01123,12,24.87,23.6,23.59,27.25
fragment_01124,12,31.1,31.55,27.01,33.14
fragment_01125,2,24.9,24.9,24.9,24.9
fragment_01126,8,22.22,22.22,22.2,22.22
fragment_01127,6,23.03,22.5,22.35,24.29
fragment_01128,22,32.99,34.4,25.58,34.4
fragment_01129,24,24.85,27.97,22.58,29.21
fragment_01130,6,27.13,27.89,24.09,27.95
fragment_01131,4,20.8,20.81,20.61,20.81
fragment_01132,4,26.48,26.48,26.46,26.5
fragment_01133,10,27.6,28.04,24.21,28.84
fragment_01134,6,25.09,25.02,24.03,28.91
fragment_01135,2,22.13,22.13,22.13,22.13
fragment_01136,8,20.04,19.88,19.75,20.94
fragment_01137,8,26.11,29.13,23.43,29.13
fragment_01138,12,22.15,22.14,22.14,22.16
fragment_01139,2,22.25,22.25,22.25,22.25
fragment_01140,20,27.7,28.58,24.03,28.58
fragment_01141,14,20.17,19.97,19.73,21.47
fragment_01142,2,23.94,23.95,23.94,23.95
fragment_01143,8,26.24,25.79,24.22,30.15
fragment_01144,10,25.16,24.95,24.91,31.61
fragment_01145,5,23.9,23.86,23.78,24.26
fragment_01146,1,21.83,21.83,21.83,21.83
fragment_01147,2,24.16,24.16,24.16,24.17
fragment_01148,11,22.26,22.4,19.41,24.42
fragment_01149,1,27.38,27.38,27.38,27.38
fragment_01150,2,23.52,23.51,23.51,23.53
fragment_01151,3,19.83,19.1,19.1,21.65
fragment_01152,2,26.51,26.59,26.44,26.59
fragment_01153,2,22.64,22.63,22.63,22.73
fragment_01154,7,26.67,26.38,26.13,28.81
fragment_01155,1,20.35,20.35,20.35,20.35
fragment_01156,5,27.27,27.0,25.86,30.71
fragment_01157,6,22.1,22.11,22.1,22.15
fragment_01158,3,27.06,27.05,27.05,27.16
fragment_01159,10,28.33,29.78,20.59,30.29
fragment_01160,5,33.54,33.28,32.1,35.6
fragment_01161,1,20.09,20.09,20.09,20.09
fragment_01162,10,21.54,21.55,21.43,21.55
fragment_01163,2,24.2,24.2,24.2,24.2
fragment_01164,2,23.63,23.63,23.63,23.63
fragment_01165,2,24.3,24.3,24.29,24.3
fragment_01166,2,22.19,22.19,22.19,22.19
fragment_01167,2,22.01,22.01,22.01,22.01
fragment_01168,8,29.71,30.6,27.24,32.26
fragment_01169,6,24.59,27.4,20.58,27.42
fragment_01170,15,26.98,26.67,25.33,29.02
fragment_01171,3,27.05,29.26,24.86,29.26
fragment_01172,24,24.29,23.63,23.52,29.88
fragment_01173,4,24.0,24.0,23.39,24.11
fragment_01174,1,20.08,20.08,20.08,20.08
fragment_01175,2,22.45,22.49,22.19,22.49
fragment_01176,27,30.34,30.62,29.11,36.54
fragment_01177,2,22.46,22.5,22.19,22.5
fragment_01178,6,30.12,30.37,27.32,30.37
fragment_01179,1,21.31,21.31,21.31,21.31
fragment_01180,2,22.83,22.83,22.83,22.83
fragment_01181,6,31.07,31.69,28.1,31.69
fragment_01182,3,25.21,25.12,25.12,28.89
fragment_01183,3,22.18,22.17,22.17,22.31
fragment_01184,12,27.17,28.4,24.96,29.67
fragment_01185,21,29.05,30.08,24.94,32.22
fragment_01186,1,19.18,19.18,19.18,19.18
fragment_01187,5,22.96,22.95,22.84,22.97
fragment_01188,4,28.49,28.31,28.31,28.72
fragment_01189,4,34.03,34.04,29.26,34.04
fragment_01190,4,23.41,23.33,23.31,23.76
fragment_01191,3,19.95,19.78,19.78,26.21
fragment_01192,5,23.05,23.17,20.76,23.17
fragment_01193,2,23.47,23.47,23.47,23.47
fragment_01194,3,22.71,22.66,22.66,23.38
fragment_01195,12,22.71,23.15,20.72,24.92
fragment_01196,7,21.12,21.02,20.85,28.75
fragment_01197,2,24.96,24.96,24.96,29.16
fragment_01198,1,20.13,20.13,20.13,20.13
fragment_01199,2,22.27,22.27,22.27,22.28
fragment_01200,2,24.19,24.19,24.19,24.19
fragment_01201,23,30.41,29.98,29.86,37.44
fragment_01202,2,23.58,23.58,23.58,23.58
fragment_01203,3,20.23,19.33,19.33,21.95
fragment_01204,2,24.21,24.21,24.21,24.21
fragment_01205,2,24.39,24.38,24.38,24.39
fragment_01206,2,22.8,22.8,22.8,22.8
fragment_01207,20,32.52,33.17,28.74,36.06
fragment_01208,1,20.09,20.09,20.09,20.09
fragment_01209,2,23.73,23.73,23.73,23.74
fragment_01210,2,24.85,24.84,24.84,24.85
fragment_01211,1,18.45,18.45,18.45,18.45
fragment_01212,2,25.32,24.65,24.65,26.77
fragment_01213,4,22.19,22.19,22.18,22.19
fragment_01214,1,19.69,19.69,19.69,19.69
fragment_01215,28,26.18,25.76,24.94,29.77
fragment_01216,7,25.33,25.7,19.23,25.7
fragment_01217,5,29.4,28.8,27.77,31.7
fragment_01218,1,20.69,20.69,20.69,20.69
fragment_01219,2,26.46,26.46,26.46,26.46
fragment_01220,12,24.93,24.93,24.88,24.98
fragment_01221,2,23.51,23.51,23.51,23.51
fragment_01222,3,20.54,20.09,20.09,22.65
fragment_01223,4,22.19,22.19,22.19,22.2
fragment_01224,2,25.01,25.0,25.0,25.01
fragment_01225,11,21.78,21.49,20.53,25.51
fragment_01226,4,21.58,21.57,21.57,21.59
fragment_01227,25,28.6,30.65,24.93,32.07
fragment_01228,1,20.78,20.78,20.78,20.78
fragment_01229,7,24.59,24.6,23.55,27.64
fragment_01230,5,25.68,25.65,23.6,28.31
fragment_01231,3,23.73,23.73,23.73,23.79
fragment_01232,9,25.02,24.99,24.96,31.89
fragment_01233,3,26.23,27.28,24.82,27.28
fragment_01234,2,22.07,22.08,22.07,22.08
fragment_01235,2,23.72,23.71,23.71,23.72
fragment_01236,4,27.0,27.0,26.86,27.0
fragment_01237,3,23.46,23.37,23.28,25.45
fragment_01238,2,24.26,24.25,24.25,24.26
fragment_01239,1,26.85,26.85,26.85,26.85
fragment_01240,1,20.67,20.67,20.67,20.67
fragment_01241,2,25.73,25.74,25.73,25.74
fragment_01242,14,20.09,19.96,19.75,21.77
fragment_01243,13,30.82,31.53,27.0,32.38
fragment_01244,14,28.5,28.62,27.57,33.26
fragment_01245,2,27.03,27.02,27.02,27.03
fragment_01246,3,24.93,24.93,24.93,24.97
fragment_01247,4,26.96,26.96,26.92,26.97
fragment_01248,9,22.7,22.53,19.47,26.23
fragment_01249,2,26.15,26.15,26.14,26.15
fragment_01250,2,26.7,26.7,26.7,26.7
fragment_01251,8,28.52,30.36,27.19,30.36
fragment_01252,30,28.11,30.38,23.99,31.79
fragment_01253,24,28.19,28.12,24.92,32.12
fragment_01254,2,23.68,23.68,23.68,23.69
fragment_01255,13,27.0,26.64,25.31,29.01
fragment_01256,5,26.9,26.88,26.78,28.97
fragment_01257,6,20.56,20.1,20.1,22.77
fragment_01258,8,24.85,24.57,22.94,27.73
fragment_01259,1,20.68,20.68,20.68,20.68
fragment_01260,2,29.73,29.71,29.71,30.0
fragment_01261,2,22.09,22.09,22.09,22.09
fragment_01262,1,27.63,27.63,27.63,27.63
fragment_01263,5,21.87,21.87,21.86,23.49
fragment_01264,2,23.4,23.5,22.94,23.5
fragment_01265,3,23.36,23.36,23.36,23.37
fragment_01266,19,23.69,24.98,19.52,26.44
fragment_01267,2,27.8,27.99,27.04,27.99
fragment_01268,1,24.95,24.95,24.95,24.95
fragment_01269,25,24.17,25.2,22.21,28.42
fragment_01270,6,20.35,20.14,20.14,22.93
fragment_01271,3,22.99,22.93,22.93,28.17
fragment_01272,1,19.07,19.07,19.07,19.07
fragment_01273,4,23.83,23.83,23.83,23.84
fragment_01274,13,36.19,37.21,31.02,37.21
fragment_01275,2,20.81,20.81,20.81,20.81
fragment_01276,6,28.71,29.16,25.11,29.16
fragment_01277,5,29.17,28.3,28.0,32.28
fragment_01278,1,19.69,19.69,19.69,19.69
fragment_01279,2,23.6,23.6,23.6,23.6
fragment_01280,11,20.45,20.24,20.21,22.82
fragment_01281,3,27.67,28.2,25.84,28.26
fragment_01282,20,23.76,24.98,19.53,27.7
fragment_01283,32,22.2,20.46,20.24,28.52
fragment_01284,1,19.69,19.69,19.69,19.69
fragment_01285,3,21.56,21.6,20.61,21.6
fragment_01286,4,27.08,27.08,26.98,27.08
fragment_01287,2,23.76,23.76,23.76,23.76
fragment_01288,3,21.85,22.62,19.27,22.62
fragment_01289,16,21.57,21.3,20.27,24.54
fragment_01290,2,25.79,25.79,25.79,25.79
fragment_01291,2,18.42,18.39,18.39,18.46
fragment_01292,1,29.25,29.25,29.25,29.25
fragment_01293,1,29.46,29.46,29.46,29.46
fragment_01294,1,25.35,25.35,25.35,25.35
fragment_01295,5,22.54,22.91,20.75,22.91
fragment_01296,5,22.69,22.3,22.3,25.97
fragment_01297,2,22.15,22.15,22.15,22.15
fragment_01298,3,27.05,29.27,24.87,29.27
fragment_01299,6,24.18,23.72,23.6,25.34
fragment_01300,1,20.78,20.78,20.78,20.78
fragment_01301,8,27.05,27.05,26.84,27.08
fragment_01302,2,26.8,26.8,26.8,26.81
fragment_01303,11,29.62,28.98,27.24,33.51
fragment_01304,2,21.5,21.5,21.5,21.78
fragment_01305,28,30.01,29.83,26.3,34.51
fragment_01306,1,20.69,20.69,20.69,20.69
fragment_01307,2,22.23,22.23,22.23,22.23
fragment_01308,33,35.71,36.22,30.82,39.17
fragment_01309,1,20.69,20.69,20.69,20.69
fragment_01310,11,24.73,24.76,24.59,25.03
fragment_01311,36,24.25,23.94,20.86,28.36
fragment_01312,28,26.25,26.42,25.56,29.18
fragment_01313,5,27.15,26.74,26.74,29.06
fragment_01314,2,22.19,22.2,22.19,22.2
fragment_01315,6,24.38,24.22,24.0,28.38
fragment_01316,6,22.2,22.2,22.2,22.21
fragment_01317,2,24.28,24.27,24.27,24.29
fragment_01318,2,24.88,24.88,24.88,24.9
fragment_01319,2,25.4,25.41,25.39,25.41
fragment_01320,3,23.42,23.42,23.42,23.51
fragment_01321,11,25.29,24.58,20.82,28.75
fragment_01322,1,20.13,20.13,20.13,20.13
fragment_01323,2,23.57,23.58,23.57,23.58
fragment_01324,6,20.58,20.11,20.11,22.77
fragment_01325,4,23.89,25.27,22.37,25.27
fragment_01326,1,19.73,19.73,19.73,19.73
fragment_01327,2,26.42,26.54,25.85,26.54
fragment_01328,2,21.88,21.88,21.88,21.89
fragment_01329,4,31.79,31.82,31.35,31.82
fragment_01330,2,20.79,20.79,20.79,20.79
fragment_01331,2,22.87,22.86,22.86,22.87
fragment_01332,3,22.97,22.91,22.91,28.1
fragment_01333,9,22.3,23.22,19.29,26.18
fragment_01334,2,19.61,19.61,19.61,19.61
fragment_01335,1,26.04,26.04,26.04,26.04
fragment_01336,6,28.4,27.49,27.49,30.9
fragment_01337,3,29.14,29.27,27.51,29.27
fragment_01338,9,26.72,27.33,25.14,27.83
fragment_01339,1,20.72,20.72,20.72,20.72
fragment_01340,18,29.0,29.44,26.08,34.77
fragment_01341,2,24.88,24.89,24.88,24.89
fragment_01342,2,22.16,22.17,22.16,22.17
fragment_01343,1,19.62,19.62,19.62,19.62
fragment_01344,2,23.82,23.86,23.24,23.86
fragment_01345,10,20.74,20.73,20.72,20.88
fragment_01346,10,25.82,26.93,23.75,29.77
fragment_01347,6,28.01,26.89,26.89,30.26
fragment_01348,10,23.56,23.66,20.6,25.38
fragment_01349,8,29.77,30.65,21.76,30.65
fragment_01350,28,24.2,23.74,23.7,26.77
fragment_01351,6,20.41,20.12,20.12,22.8
fragment_01352,6,21.1,20.61,20.19,23.05
fragment_01353,5,20.62,19.81,19.81,23.33
fragment_01354,5,29.06,29.12,24.21,29.12
fragment_01355,9,23.89,23.96,22.5,26.83
fragment_01356,2,22.3,22.31,22.3,22.31
fragment_01357,3,20.08,20.08,20.08,20.08
fragment_01358,4,22.14,22.13,22.12,22.16
fragment_01359,1,20.7,20.7,20.7,20.7
fragment_01360,2,22.07,22.07,22.07,22.07
fragment_01361,2,30.41,30.24,30.24,30.95
fragment_01362,11,27.11,25.54,25.54,33.5
fragment_01363,3,23.69,23.64,23.64,24.21
fragment_01364,8,25.89,26.92,24.01,29.26
fragment_01365,4,22.19,22.2,22.18,22.2
fragment_01366,2,22.26,22.3,22.0,22.3
fragment_01367,3,27.32,27.33,27.31,27.5
fragment_01368,5,24.97,25.97,21.48,25.97
fragment_01369,2,20.97,20.97,20.97,20.97
fragment_01370,1,20.83,20.83,20.83,20.83
fragment_01371,6,22.18,22.18,22.15,22.18
fragment_01372,8,23.13,23.14,23.11,23.15
fragment_01373,5,26.69,27.01,20.44,27.01
fragment_01374,2,25.36,25.36,25.36,25.36
fragment_01375,7,21.15,21.04,20.84,25.56
fragment_01376,1,17.34,17.34,17.34,17.34
fragment_01377,6,25.02,25.0,25.0,31.49
fragment_01378,11,30.5,31.97,27.29,32.36
fragment_01379,2,22.65,22.65,22.65,22.65
fragment_01380,2,22.25,22.24,22.24,22.25
fragment_01381,4,25.54,25.54,25.53,25.54
fragment_01382,6,26.89,28.82,24.81,28.82
fragment_01383,2,24.81,24.8,24.8,24.81
fragment_01384,1,19.66,19.66,19.66,19.66
fragment_01385,9,21.62,22.77,19.26,23.93
fragment_01386,9,24.87,24.82,24.82,28.58
fragment_01387,5,22.83,22.56,22.36,24.23
fragment_01388,1,25.32,25.32,25.32,25.32
fragment_01389,9,22.7,22.53,19.47,26.24
fragment_01390,1,20.15,20.15,20.15,20.15
fragment_01391,26,26.76,27.17,25.88,29.45
fragment_01392,2,22.15,22.15,22.14,22.15
fragment_01393,12,27.72,28.09,26.74,28.11
fragment_01394,3,25.87,25.86,25.85,25.94
fragment_01395,1,21.73,21.73,21.73,21.73
fragment_01396,8,29.7,30.6,27.2,32.25
fragment_01397,5,26.18,25.22,23.25,27.67
fragment_01398,3,20.58,20.58,20.5,20.58
fragment_01399,1,19.68,19.68,19.68,19.68
fragment_01400,3,23.02,23.0,23.0,23.11
fragment_01401,19,19.96,19.39,19.06,22.42
fragment_01402,2,24.2,24.2,24.2,24.2
fragment_01403,6,28.67,29.18,25.12,29.18
fragment_01404,3,24.28,24.28,24.28,24.32
fragment_01405,2,20.87,20.91,20.79,20.91
fragment_01406,4,22.14,22.13,22.13,22.16
fragment_01407,4,25.41,25.41,25.4,25.41
fragment_01408,3,26.9,28.69,24.73,28.69
fragment_01409,2,24.28,24.27,24.27,24.28
fragment_01410,1,28.77,28.77,28.77,28.77
fragment_01411,6,20.38,20.13,20.13,22.83
fragment_01412,2,26.51,26.52,26.51,26.52
fragment_01413,9,23.95,22.83,22.56,29.43
fragment_01414,10,27.08,27.09,26.89,27.09
fragment_01415,2,25.11,25.11,25.11,25.11
fragment_01416,3,27.88,27.86,27.86,31.39
fragment_01417,2,23.58,23.67,23.11,23.67
fragment_01418,15,28.35,28.72,24.06,28.72
fragment_01419,2,20.03,20.03,20.03,20.05
fragment_01420,3,25.64,25.63,25.63,27.12
fragment_01421,1,19.64,19.64,19.64,19.64
fragment_01422,2,25.49,25.49,25.49,25.64
fragment_01423,1,22.72,22.72,22.72,22.72
fragment_01424,11,29.63,29.0,27.24,33.56
fragment_01425,2,21.56,21.56,21.56,21.56
fragment_01426,6,20.26,20.28,20.0,20.28
fragment_01427,5,27.98,27.34,26.36,29.73
fragment_01428,1,30.52,30.52,30.52,30.52
fragment_01429,2,26.75,26.75,26.75,26.75
fragment_01430,2,23.55,23.61,22.72,23.61
fragment_01432,9,24.23,24.45,22.59,28.49
fragment_01433,2,22.75,22.75,22.75,22.75
fragment_01434,1,20.84,20.84,20.84,20.84
fragment_01435,15,29.08,26.88,26.27,34.1
fragment_01436,2,23.45,23.45,23.45,23.45
fragment_01437,8,24.79,23.74,23.73,27.15
fragment_01438,6,22.05,22.07,21.6,23.17
fragment_01439,3,29.08,29.14,27.57,29.14
fragment_01440,2,26.47,26.46,26.46,26.47
fragment_01441,15,20.09,19.94,19.72,21.8
fragment_01442,10,27.6,28.03,24.33,28.85
fragment_01443,8,28.06,29.43,26.08,29.43
fragment_01444,14,20.8,20.4,20.17,25.55
fragment_01445,9,19.84,19.14,19.12,21.59
fragment_01446,6,25.94,25.82,25.41,27.27
fragment_01447,2,22.11,22.11,22.11,22.11
fragment_01448,2,25.47,25.47,25.46,25.47
fragment_01449,2,27.65,27.65,27.65,27.65
fragment_01450,1,22.6,22.6,22.6,22.6
fragment_01451,7,24.54,23.63,23.62,26.83
fragment_01452,12,23.52,24.01,20.87,25.19
fragment_01453,3,25.14,25.14,25.04,28.72
fragment_01454,6,25.87,26.75,23.69,26.75
fragment_01455,1,20.71,20.71,20.71,20.71
fragment_01456,25,23.63,22.76,22.6,28.49
fragment_01457,7,24.73,23.49,23.49,26.56
fragment_01458,21,24.41,24.53,24.16,26.34
fragment_01459,6,20.31,19.76,19.76,23.33
fragment_01460,11,25.39,24.97,24.9,29.02
fragment_01461,2,23.3,23.3,23.3,23.3
fragment_01462,2,22.21,22.21,22.21,22.21
fragment_01463,13,31.56,31.77,29.06,31.77
fragment_01464,2,22.13,22.13,22.13,22.13
fragment_01465,4,27.6,27.56,27.34,29.8
fragment_01466,21,23.83,24.6,19.54,28.11
fragment_01467,8,28.22,29.29,21.74,29.3
fragment_01468,10,24.24,24.2,24.12,24.6
fragment_01469,7,22.0,22.96,19.49,24.67
fragment_01470,8,19.51,19.56,17.3,19.71
fragment_01471,2,25.27,25.27,25.27,25.28
fragment_01472,2,23.65,23.65,23.65,23.65
fragment_01473,2,25.08,25.08,25.08,25.08
fragment_01474,2,26.42,26.54,25.86,26.54
fragment_01475,3,27.57,27.59,27.53,27.59
fragment_01476,5,25.93,25.81,25.81,27.27
fragment_01477,2,25.52,25.53,25.48,25.53
fragment_01478,9,21.8,21.48,20.53,25.52
fragment_01479,5,24.03,24.0,23.75,28.43
fragment_01480,2,25.5,25.49,25.49,25.51
fragment_01481,2,26.17,26.17,26.17,26.17
fragment_01482,11,32.58,33.05,30.4,33.18
fragment_01483,12,22.15,22.15,22.14,22.16
fragment_01484,6,21.97,22.13,19.93,23.8
fragment_01485,9,25.96,25.88,25.47,28.18
fragment_01486,2,23.49,23.49,23.49,23.49
fragment_01487,2,26.26,26.26,26.25,26.26
fragment_01488,10,24.14,24.02,24.02,24.3
fragment_01489,11,28.06,27.99,26.74,33.74
fragment_01490,2,22.17,22.16,22.16,22.18
fragment_01491,2,27.02,27.14,26.84,27.14
fragment_01492,10,24.44,24.43,24.41,25.76
fragment_01493,5,24.52,24.6,24.33,24.6
fragment_01494,2,23.55,23.54,23.54,23.55
fragment_01495,4,24.24,24.19,24.18,24.51
fragment_01496,2,25.34,25.34,25.34,25.34
fragment_01497,2,20.94,20.94,20.94,20.94
fragment_01498,8,23.2,23.18,23.18,23.46
fragment_01499,15,22.2,22.2,22.2,22.21
fragment_01500,10,17.77,17.76,17.65,18.43
fragment_01501,6,17.6,17.6,17.51,18.45
fragment_01502,5,20.73,20.24,19.8,23.35
fragment_01503,13,25.27,26.18,22.97,27.96
fragment_01504,2,23.14,23.29,22.66,23.29
fragment_01505,2,23.02,23.04,23.01,23.04
fragment_01506,5,28.12,26.86,26.86,30.21
fragment_01507,8,32.14,32.09,29.14,32.86
fragment_01508,2,23.85,23.86,23.64,23.86
fragment_01509,4,24.22,24.18,24.18,24.42
fragment_01510,12,21.69,21.7,21.66,21.7
fragment_01511,23,21.32,21.11,20.7,27.12
fragment_01512,4,29.07,29.07,28.58,29.07
fragment_01513,9,27.95,28.31,24.97,32.74
fragment_01514,2,24.92,24.92,24.92,24.92
fragment_01515,1,19.21,19.21,19.21,19.21
fragment_01516,3,23.45,23.44,23.44,23.46
fragment_01517,10,21.07,20.69,20.69,24.81
fragment_01518,6,26.52,26.46,25.59,27.55
fragment_01519,7,24.69,24.8,19.42,24.86
fragment_01520,4,21.51,21.51,21.51,21.55
fragment_01521,11,25.42,26.99,23.63,27.08
fragment_01522,18,23.84,23.91,20.94,25.43
fragment_01523,2,22.87,22.88,22.87,22.88
fragment_01524,5,30.95,29.77,29.7,34.4
fragment_01525,11,23.88,25.35,19.48,25.35
fragment_01526,1,19.68,19.68,19.68,19.68
fragment_01527,2,26.34,24.99,24.99,29.19
fragment_01528,4,25.28,24.99,23.73,27.04
fragment_01529,26,24.56,24.55,22.8,29.24
fragment_01530,14,29.06,26.85,26.72,34.23
fragment_01531,6,26.87,26.89,26.63,26.89
fragment_01532,17,24.43,23.82,23.79,27.88
fragment_01533,3,25.02,25.7,23.92,25.7
fragment_01534,7,27.72,28.14,24.67,28.14
fragment_01535,11,20.16,20.09,19.98,20.9
fragment_01536,2,26.07,26.08,26.05,26.08
fragment_01537,1,20.68,20.68,20.68,20.68
fragment_01538,1,20.12,20.12,20.12,20.12
fragment_01539,5,27.22,27.18,26.98,30.06
fragment_01540,8,24.56,23.75,23.75,26.9
fragment_01541,4,27.19,27.2,27.12,27.2
fragment_01542,11,28.14,27.97,27.03,31.99
fragment_01543,16,31.33,32.39,28.93,35.27
fragment_01544,2,23.93,23.93,23.93,23.93
fragment_01545,2,23.1,23.11,23.09,23.11
fragment_01546,25,29.6,29.94,24.95,32.52
fragment_01547,3,24.42,22.47,22.47,26.55
fragment_01548,4,22.81,22.79,22.79,23.07
fragment_01549,5,24.28,24.25,23.85,24.35
fragment_01550,1,20.12,20.12,20.12,20.12
fragment_01551,8,24.84,23.6,23.55,26.92
fragment_01552,21,27.18,27.19,25.94,29.08
fragment_01553,1,20.2,20.2,20.2,20.2
fragment_01554,4,25.82,25.9,25.64,25.9
fragment_01555,3,28.91,28.95,27.68,28.97
fragment_01556,2,24.25,24.25,24.25,24.25
fragment_01557,7,28.36,28.42,23.75,28.42
fragment_01558,8,25.12,25.0,22.7,26.6
fragment_01559,6,21.52,21.52,21.52,21.54
fragment_01560,10,20.2,20.2,20.17,20.21
fragment_01561,9,24.15,24.44,22.58,28.47
fragment_01562,10,21.91,21.45,20.54,25.47
fragment_01563,3,23.63,23.63,23.62,23.69
fragment_01564,4,24.54,24.61,24.43,24.61
fragment_01565,2,26.55,26.55,26.55,26.55
fragment_01566,2,22.12,22.12,22.12,22.12
fragment_01567,5,20.3,19.78,19.78,23.26
fragment_01568,3,29.26,29.3,27.63,29.3
fragment_01569,1,20.75,20.75,20.75,20.75
fragment_01570,2,20.18,20.18,20.18,20.18
fragment_01571,2,23.53,23.53,23.53,23.53
fragment_01572,2,26.05,26.03,26.03,26.06
fragment_01573,21,28.38,30.55,23.89,30.55
fragment_01574,2,22.09,22.09,22.09,22.09
fragment_01575,2,24.89,24.89,24.89,24.89
fragment_01576,2,25.82,25.84,25.81,25.84
fragment_01577,6,22.47,22.43,21.64,23.12
fragment_01578,10,24.99,25.02,24.92,27.87
fragment_01579,2,22.17,22.17,22.17,22.17
fragment_01580,8,22.2,22.2,22.19,22.22
fragment_01581,3,23.66,23.66,23.66,23.66
fragment_01582,2,23.48,23.48,23.48,23.48
fragment_01583,2,23.7,23.71,23.7,23.71
fragment_01584,10,20.25,20.42,19.6,21.53
fragment_01585,12,20.13,19.92,19.57,20.74
fragment_01586,1,20.77,20.77,20.77,20.77
fragment_01587,31,22.17,22.18,22.15,22.19
fragment_01588,2,20.84,20.84,20.84,20.84
fragment_01589,19,24.18,23.59,23.59,26.89
fragment_01590,6,26.51,26.52,26.48,26.6
fragment_01591,2,22.25,22.25,22.25,22.25
fragment_01592,2,21.86,21.82,21.82,21.89
fragment_01593,1,20.07,20.07,20.07,20.07
fragment_01594,6,20.41,20.12,20.12,22.89
fragment_01595,1,20.73,20.73,20.73,20.73
fragment_01596,4,23.74,23.73,23.73,23.75
fragment_01597,1,20.78,20.78,20.78,20.78
fragment_01598,2,25.34,25.34,25.34,25.34
fragment_01599,3,26.08,26.05,26.05,26.24
fragment_01600,18,34.72,35.16,28.16,36.61
fragment_01601,3,27.71,28.25,25.85,28.25
fragment_01602,2,22.2,22.2,22.2,22.2
fragment_01603,11,24.91,24.72,20.57,26.14
fragment_01604,8,34.11,33.15,31.01,36.64
fragment_01605,20,21.45,22.24,19.28,24.35
fragment_01606,3,25.8,25.83,25.76,25.83
fragment_01607,5,23.73,23.74,23.72,23.84
fragment_01608,7,23.67,22.96,22.71,26.09
fragment_01609,4,22.11,22.11,22.1,22.11
fragment_01610,18,28.98,29.43,26.08,34.79
fragment_01611,2,23.75,23.75,23.75,23.75
fragment_01612,25,25.48,25.57,23.15,29.85
fragment_01613,10,28.06,29.44,26.07,29.44
fragment_01614,22,26.07,25.7,25.35,29.18
fragment_01615,1,19.22,19.22,19.22,19.22
fragment_01616,9,23.84,23.78,22.49,27.55
fragment_01617,9,20.55,20.31,19.91,24.08
fragment_01618,2,24.9,24.9,24.9,24.9
fragment_01619,2,22.11,22.11,22.11,22.11
fragment_01620,3,20.73,20.73,20.73,20.75
fragment_01621,6,22.18,22.18,22.17,22.19
fragment_01622,35,20.22,20.6,19.32,20.6
fragment_01623,6,23.1,23.08,23.08,23.55
fragment_01624,6,25.97,24.74,24.74,28.6
fragment_01625,19,35.67,36.33,30.84,36.33
fragment_01626,1,26.31,26.31,26.31,26.31
fragment_01627,5,20.67,20.5,20.19,25.0
fragment_01628,1,20.6,20.6,20.6,20.6
fragment_01629,35,35.72,36.37,30.81,39.16
fragment_01630,6,24.17,23.67,23.66,26.78
fragment_01631,2,25.62,25.62,25.62,25.62
fragment_01632,3,23.36,23.36,22.53,24.7
fragment_01633,2,14.09,14.09,14.09,14.98
fragment_01634,1,20.67,20.67,20.67,20.67
fragment_01635,4,24.47,24.47,24.08,24.56
fragment_01636,2,22.24,22.24,22.24,22.24
fragment_01637,3,24.24,24.24,24.23,24.39
fragment_01638,2,22.07,22.08,22.07,22.08
fragment_01639,3,24.98,25.73,23.92,25.73
fragment_01640,7,25.2,24.29,24.29,28.29
fragment_01641,5,32.07,32.69,29.29,32.69
fragment_01642,2,24.91,24.91,24.91,24.94
fragment_01643,2,25.77,25.77,25.76,25.77
fragment_01644,3,20.02,19.23,19.21,21.63
fragment_01645,2,24.26,24.26,24.26,24.26
fragment_01646,3,28.98,29.0,27.57,29.0
fragment_01647,6,22.99,22.51,22.36,24.21
fragment_01648,2,30.51,30.51,30.51,30.52
fragment_01649,2,26.59,26.6,26.59,26.6
fragment_01650,2,23.59,23.58,23.58,23.59
fragment_01651,9,21.85,22.89,19.29,23.56
fragment_01652,2,28.23,28.25,28.2,28.25
fragment_01653,4,20.14,20.14,20.14,20.16
fragment_01654,9,20.35,20.15,20.15,22.96
fragment_01655,4,27.1,27.35,23.4,27.35
fragment_01656,3,25.64,25.65,25.39,25.68
fragment_01657,2,22.51,22.51,22.51,22.51
fragment_01658,1,20.77,20.77,20.77,20.77
fragment_01659,5,20.59,19.81,19.81,23.39
fragment_01660,2,24.05,24.05,24.05,24.06
fragment_01661,2,25.01,25.0,25.0,25.01
fragment_01662,10,25.44,25.26,24.93,28.83
fragment_01663,9,27.33,26.12,26.12,29.01
fragment_01664,9,32.82,32.66,27.3,34.42
fragment_01665,3,23.01,22.96,22.05,25.85
fragment_01666,11,23.73,23.72,23.56,26.77
fragment_01667,3,24.31,24.31,24.31,24.39
fragment_01668,2,19.36,19.36,19.36,19.36
fragment_01669,1,19.7,19.7,19.7,19.7
fragment_01670,2,27.11,24.98,24.98,29.35
fragment_01671,4,22.85,22.59,22.59,23.4
fragment_01672,2,23.74,23.75,23.72,23.75
fragment_01673,15,30.75,30.38,29.04,35.09
fragment_01674,4,27.0,27.0,26.91,27.0
fragment_01675,2,20.84,20.84,20.84,20.84
fragment_01676,8,25.63,25.63,23.9,25.72
fragment_01677,4,26.07,26.99,24.0,26.99
fragment_01678,6,20.54,19.81,19.81,23.42
fragment_01679,5,24.99,25.96,21.5,25.96
fragment_01680,1,21.32,21.32,21.32,21.32
fragment_01681,4,21.42,21.63,20.6,21.63
fragment_01682,15,26.22,26.68,23.72,29.76
fragment_01683,15,22.74,22.42,20.39,25.25
fragment_01684,9,26.11,29.13,23.15,29.13
fragment_01685,2,24.29,24.29,24.29,24.29
fragment_01686,2,25.7,25.69,25.69,25.71
fragment_01687,2,23.14,23.3,22.65,23.3
fragment_01688,2,21.73,21.73,21.72,21.73
fragment_01689,10,29.7,28.9,28.47,31.9
fragment_01690,28,30.07,29.78,26.3,35.36
fragment_01691,22,23.26,23.5,19.49,29.02
fragment_01692,6,23.0,23.13,19.68,23.13
fragment_01693,8,31.73,32.04,29.05,32.56
fragment_01694,15,24.34,23.56,23.55,26.72
fragment_01695,11,24.88,24.87,24.81,26.48
fragment_01696,3,34.03,34.04,32.17,34.04
fragment_01697,2,22.22,22.22,22.22,22.22
fragment_01698,8,22.0,22.9,19.5,24.27
fragment_01699,4,26.74,26.81,25.61,30.21
fragment_01700,2,22.17,22.18,22.17,22.18
fragment_01701,3,19.97,19.97,19.97,19.98
fragment_01702,4,28.46,28.48,28.16,28.48
fragment_01703,5,25.14,25.13,25.05,30.41
fragment_01704,2,25.62,25.62,25.62,25.62
fragment_01705,21,29.59,30.24,26.81,34.67
fragment_01706,2,26.66,26.64,26.64,26.68
fragment_01707,2,27.1,24.98,24.98,29.34
fragment_01708,2,23.85,23.9,23.27,23.9
fragment_01709,15,15.86,15.98,15.32,20.7
fragment_01710,5,26.24,25.29,23.27,27.7
fragment_01711,1,27.29,27.29,27.29,27.29
fragment_01712,14,31.01,28.22,27.48,35.14
fragment_01713,1,20.83,20.83,20.83,20.83
fragment_01714,3,19.57,19.56,19.55,19.57
fragment_01715,12,37.18,37.18,34.53,39.64
fragment_01716,8,20.39,20.24,20.21,22.79
fragment_01717,6,22.68,22.58,21.94,22.88
fragment_01718,8,23.71,23.84,20.94,26.04
fragment_01719,2,25.52,25.54,25.47,25.54
fragment_01720,1,26.39,26.39,26.39,26.39
fragment_01721,2,27.47,27.48,27.45,27.48
fragment_01722,3,22.83,22.74,22.03,25.93
fragment_01723,1,19.69,19.69,19.69,19.69
fragment_01724,6,27.27,27.45,20.6,27.49
fragment_01725,3,22.85,22.85,22.83,22.85
fragment_01726,2,25.48,25.47,25.47,25.48
fragment_01727,8,25.17,23.75,23.75,27.0
fragment_01728,20,23.05,21.16,21.15,27.44
fragment_01729,2,23.47,23.47,23.47,23.47
fragment_01730,21,31.53,31.72,25.51,34.55
fragment_01731,2,25.9,25.9,25.9,25.9
fragment_01732,9,21.88,21.45,20.55,25.51
fragment_01733,8,26.39,26.6,25.4,26.6
fragment_01734,4,25.64,25.54,25.54,25.78
fragment_01735,3,24.42,22.48,22.48,26.59
fragment_01736,1,22.51,22.51,22.51,22.51
fragment_01737,6,21.2,20.1,20.1,22.77
fragment_01738,14,22.75,21.85,21.02,28.3
fragment_01739,5,27.37,26.75,25.94,29.23
fragment_01740,5,25.9,26.72,23.69,26.76
fragment_01741,3,27.58,27.59,27.57,27.59
fragment_01742,7,20.37,20.21,20.09,22.83
fragment_01743,2,22.13,22.13,22.13,22.13
fragment_01744,2,25.38,25.38,25.37,25.38
fragment_01745,6,20.92,20.13,20.09,22.76
fragment_01746,3,28.87,28.86,28.72,29.98
fragment_01747,6,20.43,20.11,20.11,22.84
fragment_01748,2,22.18,22.18,22.17,22.18
fragment_01749,8,26.67,26.38,25.89,28.8
fragment_01750,9,21.0,20.24,20.11,23.19
fragment_01751,8,24.44,23.81,23.52,28.76
fragment_01752,9,22.77,23.44,19.3,25.58
fragment_01753,6,20.37,20.13,20.13,22.85
fragment_01754,2,22.11,22.11,22.11,22.11
fragment_01755,13,25.03,24.1,24.09,27.45
fragment_01756,2,21.99,22.0,21.99,22.0
fragment_01757,3,23.57,23.57,23.57,23.63
fragment_01758,3,26.89,26.91,26.86,27.19
fragment_01759,3,19.77,19.18,19.18,20.4
fragment_01760,5,22.63,23.13,21.88,23.13
fragment_01761,2,23.74,23.74,23.74,23.74
fragment_01762,9,20.04,19.89,19.61,20.66
fragment_01763,5,27.75,29.73,23.99,29.73
fragment_01764,3,23.55,23.55,23.54,23.6
fragment_01765,1,19.18,19.18,19.18,19.18
fragment_01766,8,34.93,35.23,28.93,35.23
fragment_01767,6,20.51,20.11,20.11,22.88
fragment_01768,4,25.62,25.6,25.6,27.02
fragment_01769,1,20.12,20.12,20.12,20.12
fragment_01770,1,20.48,20.48,20.48,20.48
fragment_01771,3,31.57,31.78,28.22,31.78
fragment_01772,17,20.22,20.08,19.72,21.83
fragment_01773,3,21.91,21.91,21.89,21.91
fragment_01774,8,24.54,24.62,24.06,24.62
fragment_01775,4,30.85,32.48,29.06,32.61
fragment_01776,4,25.63,25.61,25.59,27.03
fragment_01777,7,25.03,24.81,24.36,27.23
fragment_01778,9,25.92,24.54,24.54,28.91
fragment_01779,15,30.8,30.38,29.04,35.09
fragment_01780,3,20.34,21.79,19.21,21.79
fragment_01781,2,22.09,22.09,22.09,22.09
fragment_01782,1,17.0,17.0,17.0,17.0
fragment_01783,5,20.87,20.27,19.78,23.45
fragment_01784,3,28.3,30.21,25.18,30.21
fragment_01785,1,21.81,21.81,21.81,21.81
fragment_01786,1,22.71,22.71,22.71,22.71
fragment_01787,49,19.78,20.26,17.42,20.26
fragment_01788,14,22.48,21.79,20.96,30.45
fragment_01789,8,22.97,23.63,20.49,25.23
fragment_01790,1,28.39,28.39,28.39,28.39
fragment_01791,3,25.48,25.48,25.48,26.06
fragment_01792,3,24.71,24.71,24.71,24.77
fragment_01793,2,22.14,22.14,22.14,22.14
fragment_01794,2,22.27,22.28,22.27,22.28
fragment_01795,4,24.23,24.23,24.23,24.24
fragment_01796,2,22.18,22.18,22.18,22.18
fragment_01797,13,29.43,30.57,26.95,33.6
fragment_01798,7,26.81,27.46,25.15,27.67
fragment_01799,2,24.23,24.23,24.23,24.23
fragment_01800,4,27.09,27.34,23.4,27.34
fragment_01801,3,24.42,24.43,24.41,24.43
fragment_01802,31,26.61,26.65,24.85,29.45
fragment_01803,6,21.27,21.06,21.06,26.01
fragment_01804,9,21.28,20.75,20.31,26.68
fragment_01805,2,24.19,24.16,24.16,24.26
fragment_01806,5,26.79,26.77,26.72,28.98
fragment_01807,23,23.16,21.32,20.94,31.34
fragment_01808,9,26.8,27.9,24.6,30.29
fragment_01809,3,23.71,23.71,23.71,23.78
fragment_01810,8,24.6,24.66,23.77,26.92
fragment_01811,21,31.98,32.81,25.71,35.44
fragment_01812,5,23.92,23.88,23.83,24.24
fragment_01813,10,23.97,23.66,23.66,29.42
fragment_01814,5,29.42,29.4,29.33,33.65
fragment_01815,3,25.21,25.19,25.18,25.42
fragment_01816,2,25.44,25.44,25.44,25.44
fragment_01817,2,22.1,22.11,22.1,22.11
fragment_01818,2,23.5,23.51,23.5,23.51
fragment_01819,1,20.74,20.74,20.74,20.74
fragment_01820,6,28.8,28.82,27.52,28.82
fragment_01821,8,30.84,30.85,29.41,30.85
fragment_01822,6,20.45,19.82,19.82,23.48
fragment_01823,3,19.58,19.59,19.54,19.59
fragment_01824,3,29.34,29.37,27.69,29.37
fragment_01825,4,26.19,26.19,26.18,26.21
fragment_01826,1,27.64,27.64,27.64,27.64
fragment_01827,2,28.3,28.31,28.3,28.31
fragment_01828,2,23.22,23.22,23.22,23.22
fragment_01829,9,26.08,25.51,24.67,27.48
fragment_01830,4,28.01,27.37,26.36,29.74
fragment_01831,17,21.31,21.23,20.17,23.23
fragment_01832,3,23.83,23.82,23.82,23.91
fragment_01833,2,22.11,22.11,22.1,22.11
fragment_01834,2,23.98,23.98,23.98,23.99
fragment_01835,9,25.9,25.79,25.06,27.01
fragment_01836,2,22.18,22.2,21.18,22.2
fragment_01837,22,21.66,22.19,19.29,25.09
fragment_01838,5,32.19,32.73,29.59,32.73
fragment_01839,3,27.33,27.74,25.93,27.96
fragment_01840,8,22.2,22.2,22.19,22.21
fragment_01841,20,21.91,21.15,21.1,29.51
fragment_01842,4,20.75,20.63,19.38,20.98
fragment_01843,1,25.4,25.4,25.4,25.4
fragment_01844,2,22.25,22.25,22.25,22.26
fragment_01845,2,22.02,22.01,22.01,22.02
fragment_01846,6,29.69,29.85,28.17,31.98
fragment_01847,8,23.43,23.39,23.35,23.54
fragment_01848,4,22.18,22.18,22.18,22.19
fragment_01849,23,23.49,22.63,22.58,27.98
fragment_01850,2,22.06,22.06,22.06,22.06
fragment_01851,1,21.27,21.27,21.27,21.27
fragment_01852,8,24.44,23.81,23.5,28.76
fragment_01853,13,24.48,24.65,20.81,28.44
fragment_01854,11,25.25,25.17,24.02,27.84
fragment_01855,3,26.54,26.54,25.94,26.54
fragment_01856,2,23.9,23.93,23.26,23.93
fragment_01857,9,32.29,32.55,27.5,33.13
fragment_01858,1,20.75,20.75,20.75,20.75
fragment_01859,5,27.38,26.78,25.94,29.23
fragment_01860,12,24.8,23.67,23.56,27.0
fragment_01861,8,29.78,30.64,26.72,30.64
fragment_01862,2,22.18,22.18,22.18,22.18
fragment_01863,2,22.22,22.23,22.22,22.23
fragment_01864,1,25.94,25.94,25.94,25.94
fragment_01865,2,22.06,22.06,22.06,22.06
fragment_01866,5,21.95,21.88,21.88,24.96
fragment_01867,13,21.12,20.95,20.68,24.52
fragment_01868,1,20.75,20.75,20.75,20.75
fragment_01869,6,22.2,22.2,22.19,22.2
fragment_01870,6,22.12,22.12,22.11,22.17
fragment_01871,2,22.21,22.22,22.21,22.22
fragment_01872,4,24.43,24.42,24.42,24.44
fragment_01873,9,27.48,28.59,26.05,28.59
fragment_01874,16,26.11,25.6,21.39,27.93
fragment_01875,21,26.65,27.63,23.52,30.43
fragment_01876,3,25.57,25.57,25.56,25.57
fragment_01877,7,26.64,26.77,25.04,28.73
fragment_01878,7,20.78,19.84,19.47,25.96
fragment_01879,8,25.13,25.02,22.7,26.58
fragment_01880,2,26.44,26.44,26.44,26.44
fragment_01881,24,26.44,25.5,23.94,31.28
fragment_01882,1,18.92,18.92,18.92,18.92
fragment_01883,8,26.33,24.76,23.78,29.97
fragment_01884,2,22.02,22.02,22.02,22.02
fragment_01885,1,22.11,22.11,22.11,22.11
fragment_01886,12,18.99,18.9,18.85,23.56
fragment_01887,8,21.57,22.37,19.3,24.46
fragment_01888,5,27.45,27.94,25.77,27.94
fragment_01889,13,20.88,20.96,20.14,21.18
fragment_01890,3,22.77,22.76,22.76,29.13
fragment_01891,9,24.52,24.57,24.02,24.58
fragment_01892,1,20.1,20.1,20.1,20.1
fragment_01893,7,28.35,27.77,27.73,30.37
fragment_01894,2,24.71,24.71,24.71,24.71
fragment_01895,1,20.44,20.44,20.44,20.44
fragment_01896,2,22.34,22.37,22.13,22.37
fragment_01897,1,20.73,20.73,20.73,20.73
fragment_01898,23,26.08,25.71,25.35,29.38
fragment_01899,2,24.98,24.97,24.97,28.17
fragment_01900,4,27.4,27.83,25.77,27.83
fragment_01901,2,22.77,22.77,22.77,22.77
fragment_01902,2,23.8,23.8,23.8,23.8
fragment_01903,1,19.61,19.61,19.61,19.61
fragment_01904,11,32.29,32.56,27.37,33.14
fragment_01905,9,24.85,23.59,23.58,27.04
fragment_01906,8,23.62,23.86,20.76,24.68
fragment_01907,1,19.62,19.62,19.62,19.62
fragment_01908,2,26.33,24.98,24.98,29.18
fragment_01909,9,20.55,20.32,19.93,24.02
fragment_01910,1,24.91,24.91,24.91,24.91
fragment_01911,4,22.17,22.16,22.16,22.22
fragment_01912,1,25.02,25.02,25.02,25.02
fragment_01913,1,25.53,25.53,25.53,25.53
fragment_01914,10,25.69,26.28,25.33,26.28
fragment_01915,2,28.76,28.76,28.76,28.76
fragment_01916,2,22.18,22.18,22.18,22.18
fragment_01917,23,26.21,26.13,25.32,30.05
fragment_01918,6,22.19,22.19,22.18,22.2
fragment_01919,2,20.66,20.66,20.66,20.66
fragment_01920,1,19.78,19.78,19.78,19.78
fragment_01921,10,20.05,19.94,19.78,20.83
fragment_01922,11,32.94,33.56,30.75,33.56
fragment_01923,6,26.87,28.81,24.82,28.81
fragment_01924,20,25.6,25.48,21.33,27.24
fragment_01925,4,25.18,25.17,25.17,25.18
fragment_01926,27,23.9,23.93,23.82,24.03
fragment_01927,9,24.41,24.41,24.39,24.48
fragment_01928,2,25.75,25.75,25.75,25.76
fragment_01929,8,25.71,26.65,21.78,28.31
fragment_01930,1,26.31,26.31,26.31,26.31
fragment_01931,22,32.05,32.64,25.65,34.9
fragment_01932,9,26.66,27.16,25.87,28.98
fragment_01933,6,30.41,30.42,29.19,30.48
fragment_01934,2,24.71,24.71,24.7,24.71
fragment_01935,4,26.57,26.55,26.55,26.68
fragment_01936,2,22.47,22.51,22.2,22.51
fragment_01937,15,35.42,36.19,29.81,36.19
fragment_01938,3,23.42,23.43,23.41,23.43
fragment_01939,24,30.89,31.13,25.32,33.24
fragment_01940,2,23.92,23.93,23.92,23.93
fragment_01941,17,21.86,22.02,20.33,23.42
fragment_01942,4,28.79,30.56,26.99,30.56
fragment_01943,17,22.31,22.59,20.22,22.6
fragment_01944,1,19.7,19.7,19.7,19.7
fragment_01945,2,26.19,26.2,26.19,26.2
fragment_01946,2,25.21,25.2,25.2,25.21
fragment_01947,2,22.03,22.03,22.03,22.03
fragment_01948,6,23.43,23.44,23.38,23.44
fragment_01949,2,19.96,19.96,19.96,19.96
fragment_01950,4,27.21,27.55,21.02,27.55
fragment_01951,2,22.2,22.2,22.19,22.2
fragment_01952,3,26.45,26.44,26.44,27.27
fragment_01953,23,32.39,34.76,28.89,36.06
fragment_01954,2,22.17,22.17,22.16,22.17
fragment_01955,2,22.18,22.18,22.18,22.18
fragment_01956,3,23.74,23.64,23.44,31.83
fragment_01957,4,29.14,29.49,28.2,29.5
fragment_01958,2,25.68,25.68,25.67,25.68
fragment_01959,23,23.2,22.56,22.32,28.56
fragment_01960,10,27.01,27.18,26.31,29.97
fragment_01961,2,22.19,22.19,22.19,22.19
fragment_01962,3,23.52,23.5,23.5,23.84
fragment_01963,2,22.95,22.95,22.95,23.07
fragment_01964,2,21.99,21.99,21.98,21.99
fragment_01965,2,23.56,23.56,23.55,23.56
fragment_01966,7,19.89,19.53,19.53,25.91
fragment_01967,3,27.59,27.6,27.56,27.6
fragment_01968,4,25.75,25.69,25.68,27.14
fragment_01969,11,17.47,17.07,16.33,21.15
fragment_01970,3,31.87,31.85,31.67,32.11
fragment_01971,14,26.27,26.68,23.71,29.62
fragment_01972,10,28.34,27.82,27.02,30.66
fragment_01973,19,34.68,35.15,29.45,36.62
fragment_01974,3,23.43,23.43,23.43,23.46
fragment_01975,17,20.23,20.1,19.74,21.06
fragment_01976,3,22.87,23.11,22.57,23.7
fragment_01977,5,20.72,20.23,19.78,23.37
fragment_01978,6,21.72,21.72,21.7,21.72
fragment_01979,3,26.22,26.22,26.2,26.22
fragment_01980,2,23.69,23.7,23.69,23.7
fragment_01981,1,16.3,16.3,16.3,16.3
fragment_01982,4,22.58,22.6,22.39,22.61
fragment_01983,1,21.16,21.16,21.16,21.16
fragment_01984,18,23.78,23.73,23.71,26.72
fragment_01985,16,25.32,24.75,24.67,27.93
fragment_01986,4,21.43,21.63,20.6,21.63
fragment_01987,2,22.18,22.19,22.17,22.19
fragment_01988,22,21.48,21.49,20.15,21.71
fragment_01989,2,24.89,24.57,24.57,25.61
fragment_01990,19,33.38,33.6,30.5,36.26
fragment_01991,3,24.22,24.22,24.2,24.27
fragment_01992,8,26.27,26.87,23.86,30.28
fragment_01993,4,26.3,26.29,26.29,27.46
fragment_01994,2,26.97,26.97,26.96,26.97
fragment_01995,3,22.77,22.76,22.76,29.11
fragment_01996,1,23.53,23.53,23.53,23.53
fragment_01997,2,25.18,25.18,25.17,25.18
fragment_01998,11,24.24,24.21,24.12,24.59
fragment_01999,21,29.59,30.24,26.83,34.56
fragment_02000,2,26.99,26.97,26.97,27.0
fragment_02001,10,28.96,30.54,25.3,31.39
fragment_02002,4,27.21,27.17,27.17,29.07
fragment_02003,1,20.73,20.73,20.73,20.73
fragment_02004,3,22.53,22.37,22.37,25.27
fragment_02005,1,28.47,28.47,28.47,28.47
fragment_02006,3,27.92,27.8,27.8,30.93
fragment_02007,3,27.26,27.26,27.24,27.53
fragment_02008,4,20.9,20.92,20.82,20.92
fragment_02009,5,22.86,23.09,22.5,23.75
fragment_02010,2,32.32,32.34,31.27,32.34
fragment_02011,2,23.62,23.63,23.62,23.63
fragment_02012,2,23.7,23.7,23.7,23.7
fragment_02013,2,22.1,22.1,22.1,22.1
fragment_02014,20,31.98,32.85,25.7,34.97
fragment_02015,25,23.52,24.14,19.28,26.15
fragment_02016,16,25.34,26.2,22.98,29.06
fragment_02017,8,34.9,35.21,28.92,35.21
fragment_02018,10,27.82,28.32,24.93,32.91
fragment_02019,11,20.17,20.13,19.81,20.75
fragment_02020,2,23.84,23.88,23.25,23.88
fragment_02021,4,22.06,22.05,22.05,22.07
fragment_02022,8,26.2,26.21,26.19,26.21
fragment_02023,9,24.71,24.78,23.76,26.92
fragment_02024,3,29.24,29.25,27.6,29.29
fragment_02025,1,23.98,23.98,23.98,23.98
fragment_02026,2,22.21,22.2,22.2,22.21
fragment_02027,11,23.33,23.47,20.18,24.01
fragment_02028,3,21.08,21.15,21.04,21.15
fragment_02029,3,23.34,23.35,22.53,24.7
fragment_02030,6,20.4,20.13,20.12,22.85
fragment_02031,2,22.09,22.09,22.09,22.09
fragment_02032,3,22.99,22.99,22.99,23.16
fragment_02033,16,22.96,23.83,20.9,25.3
fragment_02034,26,25.41,25.42,23.51,29.79
fragment_02035,2,23.6,23.6,23.6,23.61
fragment_02036,2,24.14,24.14,24.14,24.14
fragment_02037,6,27.46,27.48,27.02,27.58
fragment_02038,2,25.24,25.23,25.23,25.24
fragment_02039,2,25.7,25.7,25.7,25.7
fragment_02040,11,20.76,20.79,20.51,20.88
fragment_02041,4,22.65,22.75,20.47,22.75
fragment_02042,2,24.53,24.52,24.52,24.53
fragment_02043,30,22.68,22.71,20.22,22.85
fragment_02044,4,26.63,26.65,26.61,26.66
fragment_02045,16,25.24,24.1,24.07,27.46
fragment_02046,1,19.58,19.58,19.58,19.58
fragment_02047,8,22.2,22.2,22.2,22.21
fragment_02048,3,26.63,26.61,26.61,26.76
fragment_02049,3,23.47,23.53,22.93,23.53
fragment_02050,5,25.45,25.64,23.64,28.19
fragment_02051,4,19.95,19.45,19.31,20.36
fragment_02052,19,30.11,31.81,24.87,32.48
fragment_02053,9,23.71,22.85,22.85,28.68
fragment_02054,25,22.09,22.54,19.3,27.7
fragment_02055,4,27.23,27.17,27.16,29.38
fragment_02056,11,25.41,26.03,24.33,27.01
fragment_02057,1,21.73,21.73,21.73,21.73
fragment_02058,2,23.72,23.72,23.72,23.72
fragment_02059,4,26.66,26.66,26.61,29.68
fragment_02060,9,22.23,22.17,21.65,23.16
fragment_02061,1,20.75,20.75,20.75,20.75
fragment_02062,2,19.85,19.89,19.74,19.89
fragment_02063,5,20.89,20.29,19.78,23.46
fragment_02064,8,26.44,26.45,25.73,27.55
fragment_02065,3,20.32,20.12,20.12,22.87
fragment_02066,16,28.89,30.55,25.15,31.21
fragment_02067,14,24.28,23.57,23.56,26.74
fragment_02068,3,24.64,24.63,24.63,24.72
fragment_02069,1,22.82,22.82,22.82,22.82
fragment_02070,2,19.62,19.62,19.62,19.64
fragment_02071,1,25.93,25.93,25.93,25.93
fragment_02072,7,20.74,20.48,19.84,23.65
fragment_02073,10,30.0,29.3,27.92,34.91
fragment_02074,2,25.91,25.92,25.91,25.92
fragment_02075,5,20.39,20.25,20.24,22.83
fragment_02076,1,19.22,19.22,19.22,19.22
fragment_02077,2,23.73,23.72,23.72,23.73
fragment_02078,3,21.84,21.83,21.83,21.92
fragment_02079,2,25.36,25.35,25.35,25.36
fragment_02080,22,25.94,24.7,24.61,30.66
fragment_02081,11,24.6,24.66,23.75,27.03
fragment_02082,4,26.2,26.2,26.2,26.21
fragment_02083,8,22.18,22.18,22.17,22.18
fragment_02084,2,21.58,21.58,21.57,21.58
fragment_02085,1,25.48,25.48,25.48,25.48
fragment_02086,12,20.41,20.13,20.12,22.83
fragment_02087,7,27.93,28.58,21.68,28.58
fragment_02088,2,21.72,21.72,21.72,21.72
fragment_02089,2,28.03,28.03,28.03,28.46
fragment_02090,9,19.89,19.69,19.51,26.47
fragment_02091,22,25.8,28.13,21.56,28.13
fragment_02092,14,28.72,26.61,26.61,32.65
fragment_02093,8,30.87,29.66,28.16,33.58
fragment_02094,2,20.14,20.14,20.13,20.14
fragment_02095,3,28.32,30.26,25.18,30.26
fragment_02096,19,20.77,20.82,20.04,24.43
fragment_02097,49,23.75,23.7,23.57,27.0
fragment_02098,5,21.29,21.67,19.32,21.67
fragment_02099,7,29.19,30.73,26.88,30.73
fragment_02100,11,23.9,23.59,23.57,26.82
fragment_02101,3,22.29,22.29,22.29,22.96
fragment_02102,14,22.63,22.68,22.47,22.68
fragment_02103,1,20.1,20.1,20.1,20.1
fragment_02104,7,30.85,33.79,27.01,33.79
fragment_02105,9,25.67,25.3,25.3,27.77
fragment_02106,2,24.91,24.91,24.91,24.91
fragment_02107,10,19.99,19.84,19.55,20.62
fragment_02108,4,32.63,32.64,31.81,32.64
fragment_02109,2,23.98,23.98,23.98,23.99
fragment_02110,6,24.49,24.45,24.45,24.56
fragment_02111,9,24.65,24.78,24.08,24.84
fragment_02112,10,28.96,29.5,24.94,30.45
fragment_02113,1,16.82,16.82,16.82,16.82
fragment_02114,1,21.89,21.89,21.89,21.89
fragment_02115,2,24.25,24.26,23.19,24.26
fragment_02116,10,28.99,29.76,20.56,29.76
fragment_02117,2,22.7,22.7,22.7,22.71
fragment_02118,4,22.16,22.16,22.16,22.16
fragment_02119,10,32.41,33.41,28.22,33.72
fragment_02120,2,25.07,25.07,25.07,25.07
fragment_02121,2,24.19,24.19,24.18,24.19
fragment_02122,1,19.17,19.17,19.17,19.17
fragment_02123,3,27.74,27.73,27.73,31.61
fragment_02124,8,20.35,20.24,20.21,22.81
fragment_02125,7,19.2,19.08,19.08,20.16
fragment_02126,10,32.84,32.7,27.3,34.42
fragment_02127,6,20.52,19.8,19.8,23.38
fragment_02128,7,23.28,23.33,22.92,23.33
fragment_02129,9,26.39,26.37,26.31,26.56
fragment_02130,6,29.89,31.12,28.42,31.12
fragment_02131,6,29.66,29.59,28.59,30.7
fragment_02132,8,19.68,19.7,19.49,19.7
fragment_02133,32,24.61,24.62,24.52,26.25
fragment_02134,10,22.34,22.98,20.71,24.48
fragment_02135,4,22.07,22.07,22.07,22.08
fragment_02136,12,21.57,21.63,20.3,21.64
fragment_02137,14,21.75,21.76,21.71,21.78
fragment_02138,2,25.38,25.38,25.38,25.39
fragment_02139,8,26.19,26.18,26.17,26.2
fragment_02140,6,30.2,30.75,29.23,30.75
fragment_02141,11,21.99,21.5,20.53,25.52
fragment_02142,2,25.59,25.59,25.59,25.59
fragment_02143,23,23.99,24.89,20.19,24.89
fragment_02144,1,20.72,20.72,20.72,20.72
fragment_02145,28,36.91,37.47,32.11,40.73
fragment_02146,2,22.11,22.11,22.1,22.11
fragment_02147,3,22.52,22.38,22.38,25.34
fragment_02148,1,21.5,21.5,21.5,21.5
fragment_02149,4,25.79,25.79,25.77,25.79
fragment_02150,25,29.1,30.4,24.93,32.74
fragment_02151,34,22.2,22.2,22.19,22.22
fragment_02152,1,20.69,20.69,20.69,20.69
fragment_02153,3,20.9,20.37,19.19,22.59
fragment_02154,2,26.21,26.21,26.21,26.21
fragment_02155,1,19.64,19.64,19.64,19.64
fragment_02156,26,25.49,31.77,20.68,31.77
fragment_02157,2,26.24,26.24,26.24,26.24
fragment_02158,3,25.61,25.53,25.36,25.92
fragment_02159,2,22.06,22.06,22.06,22.06
fragment_02160,3,28.89,28.9,28.8,28.9
fragment_02161,2,24.63,24.63,24.63,24.63
fragment_02162,15,15.75,15.9,15.3,20.04
fragment_02163,4,28.98,29.39,28.23,29.39
fragment_02164,4,26.44,26.48,26.35,26.48
fragment_02165,7,20.34,20.21,20.13,22.81
fragment_02166,2,23.65,23.65,23.65,23.65
fragment_02167,3,27.09,27.55,24.82,27.55
fragment_02168,4,26.81,26.83,24.79,26.83
fragment_02169,2,23.39,23.39,23.39,23.39
fragment_02170,6,26.89,27.32,25.69,27.32
fragment_02171,23,21.5,22.24,18.93,26.24
fragment_02172,6,22.87,23.1,22.55,23.58
fragment_02173,4,25.9,26.03,24.53,26.84
fragment_02174,4,22.13,22.13,22.13,22.14
fragment_02175,19,23.81,23.61,23.41,27.48
fragment_02176,14,28.35,28.41,26.9,33.9
fragment_02177,6,21.04,20.12,20.12,23.03
fragment_02178,5,25.13,25.09,25.06,28.31
fragment_02179,6,26.31,26.29,26.29,26.36
fragment_02180,4,23.75,23.74,23.74,23.76
fragment_02181,2,23.75,23.76,23.56,23.76
fragment_02182,2,21.93,21.93,21.93,21.93
fragment_02183,11,28.51,29.94,20.19,30.96
fragment_02184,2,22.05,22.05,22.05,22.05
fragment_02185,5,23.4,23.39,23.38,23.46
fragment_02186,8,26.95,26.21,23.62,29.94
fragment_02187,1,19.19,19.19,19.19,19.19
fragment_02188,23,28.67,28.98,25.93,34.43
fragment_02189,7,24.67,23.5,23.5,26.53
fragment_02190,13,28.96,30.03,24.89,30.03
fragment_02191,8,22.18,22.18,22.17,22.18
fragment_02192,3,25.64,25.64,25.64,25.65
fragment_02193,2,22.15,22.15,22.15,22.15
fragment_02194,3,29.43,29.38,29.38,29.47
fragment_02195,11,24.6,24.65,23.74,28.71
fragment_02196,8,20.78,21.03,20.02,21.33
fragment_02197,7,19.97,20.29,19.32,20.29
fragment_02198,1,20.68,20.68,20.68,20.68
fragment_02199,9,21.59,21.05,20.42,24.53
fragment_02200,3,27.72,27.72,27.59,27.73
fragment_02201,1,20.97,20.97,20.97,20.97
fragment_02202,1,20.71,20.71,20.71,20.71
fragment_02203,15,32.57,34.17,25.86,34.66
fragment_02204,4,25.14,24.82,24.3,27.22
fragment_02205,1,25.38,25.38,25.38,25.38
fragment_02206,4,20.25,20.27,19.77,20.27
fragment_02207,8,22.2,22.21,22.19,22.21
fragment_02208,8,26.27,26.48,23.06,29.31
fragment_02209,20,23.05,22.07,21.34,26.66
fragment_02210,2,23.45,23.45,23.45,23.45
fragment_02211,2,30.69,30.6,30.6,30.95
fragment_02212,2,27.25,29.07,24.8,29.07
fragment_02213,2,28.02,28.02,28.02,28.49
fragment_02214,3,19.59,19.59,19.54,19.59
fragment_02215,19,22.79,23.21,19.57,24.92
fragment_02216,3,24.8,24.96,24.64,24.96
fragment_02217,12,20.39,20.41,19.47,21.21
fragment_02218,1,19.22,19.22,19.22,19.22
fragment_02219,2,25.35,25.36,25.35,25.36
fragment_02220,3,23.33,23.36,22.65,25.06
fragment_02221,15,24.02,23.58,23.56,26.59
fragment_02222,2,24.29,24.29,24.29,24.29
fragment_02223,2,20.73,20.73,20.73,20.74
fragment_02224,10,24.47,25.36,22.72,27.86
fragment_02225,3,25.37,25.39,25.25,25.48
fragment_02226,7,23.42,24.47,19.52,24.47
fragment_02227,9,29.77,30.64,26.72,30.64
fragment_02228,2,25.14,25.14,25.13,25.14
fragment_02229,9,24.95,22.39,22.37,26.17
fragment_02230,6,31.98,31.9,30.48,34.18
fragment_02231,6,25.56,25.56,25.51,25.56
fragment_02232,3,20.43,20.12,20.12,22.83
fragment_02233,3,25.15,24.81,24.77,27.22
fragment_02234,12,24.55,23.72,23.39,28.15
fragment_02235,20,22.9,23.83,20.84,25.51
fragment_02236,2,23.58,23.58,23.58,23.58
fragment_02237,9,25.28,24.75,24.09,26.8
fragment_02238,19,32.07,32.49,25.66,35.25
fragment_02239,3,25.14,25.13,25.13,25.66
fragment_02240,2,20.55,20.55,20.55,20.59
fragment_02241,4,20.73,20.73,20.72,20.73
fragment_02242,8,24.88,24.61,22.95,27.73
fragment_02243,11,26.83,27.9,24.57,30.79
fragment_02244,8,19.68,19.69,19.48,19.69
fragment_02245,2,27.88,27.86,27.86,31.4
fragment_02246,8,23.32,23.27,23.17,23.92
fragment_02247,2,21.86,21.87,21.86,21.87
fragment_02248,6,24.37,23.76,23.76,26.76
fragment_02249,4,19.69,19.7,19.49,19.7
fragment_02250,3,29.23,29.25,27.59,29.27
fragment_02251,4,24.4,24.4,24.4,24.4
fragment_02252,7,26.87,27.54,24.71,29.16
fragment_02253,4,20.6,20.17,20.17,22.94
fragment_02254,6,22.16,22.16,22.14,22.16
fragment_02255,2,26.14,26.13,26.13,26.14
fragment_02256,1,20.78,20.78,20.78,20.78
fragment_02257,2,24.29,24.29,24.29,24.29
fragment_02258,1,25.43,25.43,25.43,25.43
fragment_02259,3,25.44,25.44,25.44,25.46
fragment_02260,5,27.61,27.35,20.23,28.03
fragment_02261,9,25.99,25.87,25.48,28.18
fragment_02262,21,23.12,22.09,21.56,26.76
fragment_02263,7,28.43,28.35,27.86,30.54
fragment_02264,1,19.68,19.68,19.68,19.68
fragment_02265,4,25.6,25.57,25.57,26.99
fragment_02266,6,25.95,24.13,23.13,30.33
fragment_02267,2,22.82,23.07,22.51,23.07
fragment_02268,9,23.75,23.75,19.59,27.98
fragment_02269,2,23.31,23.36,22.93,23.36
fragment_02270,20,27.4,26.59,25.96,31.44
fragment_02271,6,20.37,20.13,20.12,22.85
fragment_02272,4,25.25,26.53,21.13,26.54
fragment_02273,2,24.06,24.06,24.06,24.06
fragment_02274,1,19.44,19.44,19.44,19.44
fragment_02275,1,20.83,20.83,20.83,20.83
fragment_02276,3,22.59,22.33,22.33,25.73
fragment_02277,2,20.85,20.84,20.84,20.86
fragment_02278,6,24.12,23.07,22.91,25.59
fragment_02279,2,25.88,25.25,25.25,27.38
fragment_02280,2,22.24,22.25,22.24,22.25
fragment_02281,30,29.07,26.87,25.33,33.23
fragment_02282,3,25.16,25.14,25.14,25.38
fragment_02283,2,24.26,24.26,24.26,24.26
fragment_02284,3,23.43,23.43,23.41,23.44
fragment_02285,1,20.15,20.15,20.15,20.15
fragment_02286,13,25.65,25.28,24.83,28.92
fragment_02287,3,23.83,23.76,23.56,27.79
fragment_02288,1,25.43,25.43,25.43,25.43
fragment_02289,25,24.9,24.92,24.72,28.81
fragment_02290,5,23.27,23.4,23.0,23.85
fragment_02291,4,24.07,24.07,23.51,24.07
fragment_02292,8,20.01,20.01,20.0,20.02
fragment_02293,8,25.75,25.37,22.74,27.64
fragment_02294,9,30.29,31.15,25.4,31.15
fragment_02295,3,27.48,27.49,27.47,27.53
fragment_02296,1,21.79,21.79,21.79,21.79
fragment_02297,1,28.02,28.02,28.02,28.02
fragment_02298,23,24.23,24.22,23.92,24.29
fragment_02299,8,22.14,22.13,22.13,22.14
fragment_02300,7,24.32,24.25,24.18,29.64
fragment_02301,2,24.21,24.21,24.21,24.22
fragment_02302,2,24.31,24.31,24.31,24.31
fragment_02303,5,29.7,29.37,29.37,32.27
fragment_02304,12,23.24,22.39,22.38,28.56
fragment_02305,1,20.75,20.75,20.75,20.75
fragment_02306,8,20.75,20.48,19.83,26.7
fragment_02307,10,24.06,23.77,19.56,28.0
fragment_02308,4,19.7,19.71,19.49,19.71
fragment_02309,6,20.46,20.14,20.13,22.84
fragment_02310,2,24.32,24.3,24.3,24.37
fragment_02311,6,32.0,31.92,30.48,34.2
fragment_02312,4,29.16,30.52,26.96,30.52
fragment_02313,14,23.2,22.4,22.33,27.34
fragment_02314,9,25.17,23.67,23.67,27.1
fragment_02315,4,25.6,25.83,25.1,25.83
fragment_02316,2,24.72,24.72,24.71,24.72
fragment_02317,8,27.07,27.08,26.95,27.08
fragment_02318,13,22.92,22.74,19.49,23.63
fragment_02319,2,22.36,22.39,22.17,22.39
fragment_02320,15,26.64,26.89,20.82,26.89
fragment_02321,13,22.32,22.11,20.29,23.85
fragment_02322,2,22.36,22.39,22.11,22.39
fragment_02323,22,21.73,20.71,20.71,23.84
fragment_02324,8,27.72,26.86,25.99,30.32
fragment_02325,7,28.42,29.31,25.81,29.31
fragment_02326,12,22.25,22.25,22.24,22.26
fragment_02327,11,27.34,27.9,24.87,28.12
fragment_02328,8,20.64,20.65,20.63,20.65
fragment_02329,3,24.06,24.06,23.53,24.18
fragment_02330,6,26.39,27.3,20.96,27.3
fragment_02331,14,24.94,24.96,24.88,24.96
fragment_02332,1,18.98,18.98,18.98,18.98
fragment_02333,2,18.52,18.52,18.52,18.52
fragment_02334,4,20.61,20.17,20.17,22.94
fragment_02335,28,25.71,25.29,24.63,29.59
fragment_02336,2,25.3,25.3,25.3,25.3
fragment_02337,2,25.77,25.77,25.77,25.77
fragment_02338,5,24.77,25.25,23.93,25.25
fragment_02339,3,28.24,28.24,27.49,28.24
fragment_02340,1,22.2,22.2,22.2,22.2
fragment_02341,4,26.09,25.7,25.69,28.42
fragment_02342,1,25.12,25.12,25.12,25.12
fragment_02343,5,20.59,19.82,19.82,23.36
fragment_02344,3,22.36,22.36,22.36,22.37
fragment_02345,46,36.73,36.44,33.09,39.33
fragment_02346,1,19.46,19.46,19.46,19.46
fragment_02347,8,21.0,21.0,20.7,23.2
fragment_02348,8,27.88,27.59,24.74,28.79
fragment_02349,22,28.79,29.83,24.83,33.36
fragment_02350,2,22.08,21.66,21.66,26.6
fragment_02351,27,27.68,27.52,26.25,31.76
fragment_02352,2,25.35,25.36,25.34,25.36
fragment_02353,3,20.6,20.25,20.23,22.39
fragment_02354,9,23.82,24.06,19.36,24.06
fragment_02355,24,31.05,31.21,25.37,33.9
fragment_02356,14,28.67,26.6,26.6,32.5
fragment_02357,2,24.85,24.86,24.85,24.86
fragment_02358,26,23.1,23.94,19.26,27.71
fragment_02359,2,21.61,21.63,21.56,21.63
fragment_02360,3,20.94,20.93,20.93,21.13
fragment_02361,8,22.22,22.22,22.22,22.22
fragment_02362,2,22.19,22.19,22.19,22.19
fragment_02363,3,21.91,21.9,21.9,21.99
fragment_02364,1,19.64,19.64,19.64,19.64
fragment_02365,2,22.32,22.38,22.04,22.38
fragment_02366,2,25.88,25.89,25.86,25.89
fragment_02367,23,23.05,22.09,21.6,27.37
fragment_02368,6,31.98,32.72,29.6,32.72
fragment_02369,18,24.73,23.88,23.75,27.0
fragment_02370,2,23.43,23.43,23.43,23.43
fragment_02371,1,20.81,20.81,20.81,20.81
fragment_02372,27,23.0,23.25,20.67,29.54
fragment_02373,8,28.37,27.69,27.69,33.47
fragment_02374,5,23.15,22.55,22.38,24.41
fragment_02375,2,23.68,23.68,23.68,23.68
fragment_02376,3,23.41,23.41,23.4,23.5
fragment_02377,2,26.0,24.94,24.94,28.96
fragment_02378,9,21.36,20.11,20.11,23.05
fragment_02379,2,24.89,24.89,24.88,24.89
fragment_02380,4,25.43,25.43,25.42,25.45
fragment_02381,9,26.48,26.46,25.7,27.71
fragment_02382,1,20.81,20.81,20.81,20.81
fragment_02383,28,21.47,21.48,20.18,21.72
fragment_02384,2,22.24,22.24,22.24,22.24
fragment_02385,11,30.14,28.85,27.35,33.21
fragment_02386,23,29.15,30.39,24.92,31.99
fragment_02387,6,28.4,27.48,27.48,30.95
fragment_02388,2,20.62,20.62,20.62,20.62
fragment_02389,2,22.04,22.04,22.04,22.05
fragment_02390,6,17.4,17.43,17.17,25.25
fragment_02391,8,23.46,23.64,19.65,23.65
fragment_02392,9,22.77,23.07,22.26,23.3
fragment_02393,14,27.36,26.57,25.99,31.59
fragment_02394,4,24.14,22.86,22.86,25.34
fragment_02395,4,27.14,27.2,26.04,27.2
fragment_02396,1,20.8,20.8,20.8,20.8
fragment_02397,3,24.35,24.35,24.35,24.41
fragment_02398,7,26.22,27.53,20.98,27.53
fragment_02399,9,29.75,31.14,24.84,31.14
fragment_02400,3,23.95,23.96,23.1,23.96
fragment_02401,2,20.66,20.66,20.66,20.67
fragment_02402,1,21.68,21.68,21.68,21.68
fragment_02403,8,25.23,23.85,23.83,27.16
fragment_02404,5,22.45,22.43,21.64,22.83
fragment_02405,2,22.15,22.15,22.15,22.15
fragment_02406,14,18.26,18.29,18.02,18.45
fragment_02407,2,20.92,20.93,20.92,20.93
fragment_02408,2,25.13,25.13,25.13,25.13
fragment_02409,1,26.47,26.47,26.47,26.47
fragment_02410,6,20.41,20.12,20.12,22.86
fragment_02411,12,32.05,31.97,27.13,33.83
fragment_02412,2,29.12,29.13,29.12,29.13
fragment_02413,2,21.77,21.76,21.76,21.79
fragment_02414,1,19.68,19.68,19.68,19.68
fragment_02415,20,26.65,26.46,23.61,30.4
fragment_02416,3,25.03,25.32,23.28,25.32
fragment_02417,3,21.11,20.7,20.7,24.74
fragment_02418,3,29.06,29.14,27.61,29.14
fragment_02419,2,22.18,22.18,22.18,22.18
fragment_02420,1,21.35,21.35,21.35,21.35
fragment_02421,8,31.1,30.68,26.08,32.44
fragment_02422,3,21.21,21.0,21.0,21.5
fragment_02423,2,27.6,27.6,27.6,27.6
fragment_02424,1,19.61,19.61,19.61,19.61
fragment_02425,3,21.77,21.77,21.77,21.78
fragment_02426,6,26.32,26.32,26.32,26.36
fragment_02427,4,20.91,20.92,20.88,20.92
fragment_02428,4,21.81,21.93,20.73,21.93
fragment_02429,16,19.95,20.27,19.32,20.35
fragment_02430,13,20.24,19.99,19.33,20.76
fragment_02431,24,28.49,28.04,24.92,31.92
fragment_02432,2,21.82,21.82,21.82,21.82
fragment_02433,6,19.68,19.7,19.49,19.7
fragment_02434,10,28.89,28.95,27.98,29.18
fragment_02435,10,26.54,26.51,26.43,26.58
fragment_02436,4,26.1,26.76,24.26,26.76
fragment_02437,8,22.15,22.15,22.1,22.16
fragment_02438,10,31.59,31.06,24.92,32.98
fragment_02439,13,24.61,24.93,23.73,30.34
fragment_02440,3,27.73,27.68,27.59,27.79
fragment_02441,14,31.38,32.39,28.95,35.3
fragment_02442,10,23.22,22.47,21.8,27.95
fragment_02443,1,22.52,22.52,22.52,22.52
fragment_02444,29,22.15,22.31,20.25,22.96
fragment_02445,5,32.11,32.68,29.31,32.68
fragment_02446,9,22.38,22.4,22.15,22.66
fragment_02447,3,26.02,26.02,26.02,26.15
fragment_02448,6,20.4,20.14,20.12,22.87
fragment_02449,3,30.21,31.1,24.97,31.1
fragment_02450,8,19.68,19.69,19.49,19.69
fragment_02451,16,21.78,20.86,20.22,23.25
fragment_02452,2,26.52,26.53,26.52,26.53
fragment_02453,29,29.66,28.89,27.18,33.77
fragment_02454,9,24.04,24.13,23.46,28.04
fragment_02455,2,28.22,28.22,28.22,28.22
fragment_02456,19,31.19,30.92,27.03,36.19
fragment_02457,3,22.15,22.15,22.15,22.4
fragment_02458,3,17.35,17.33,17.33,17.88
fragment_02459,2,25.25,25.24,25.24,28.13
fragment_02460,18,28.57,29.16,25.97,34.83
fragment_02461,32,30.03,29.12,27.29,34.43
fragment_02462,1,30.59,30.59,30.59,30.59
fragment_02463,13,27.21,24.64,24.6,30.88
fragment_02464,22,28.23,28.18,24.91,32.08
fragment_02465,23,25.55,26.95,23.53,27.08
fragment_02466,2,26.13,26.13,26.12,26.13
fragment_02467,7,31.37,31.84,27.68,33.16
fragment_02468,5,20.76,21.64,19.43,23.17
fragment_02469,39,22.33,22.73,20.23,22.73
fragment_02470,4,22.1,22.09,22.09,22.1
fragment_02471,4,16.15,16.15,16.15,21.19
fragment_02472,10,21.66,21.21,20.82,25.37
fragment_02473,2,24.16,24.16,24.16,24.16
fragment_02474,1,27.75,27.75,27.75,27.75
fragment_02475,9,22.61,23.86,19.31,23.86
fragment_02476,27,21.99,21.06,20.71,25.21
fragment_02477,9,25.83,25.2,25.15,29.46
fragment_02478,4,19.68,19.69,19.49,19.69
fragment_02479,1,19.68,19.68,19.68,19.68
fragment_02480,12,25.1,23.63,23.63,26.92
fragment_02481,9,20.99,20.25,20.11,23.12
fragment_02482,3,20.76,20.76,20.76,20.76
fragment_02483,3,29.44,29.45,29.37,29.45
fragment_02484,6,20.41,20.11,20.11,22.84
fragment_02485,24,26.55,26.1,22.66,30.09
fragment_02486,4,26.22,26.22,26.21,26.23
fragment_02487,2,30.69,30.6,30.6,31.17
fragment_02488,2,24.61,24.63,24.59,24.63
fragment_02489,1,21.75,21.75,21.75,21.75
fragment_02490,16,24.23,24.97,22.11,24.99
fragment_02491,2,26.51,26.51,26.51,26.51
fragment_02492,22,32.44,33.18,28.76,36.01
fragment_02493,4,21.73,21.56,21.56,21.94
fragment_02494,19,34.16,34.96,30.42,34.96
fragment_02495,4,26.35,26.36,26.33,26.36
fragment_02496,7,21.94,22.06,21.04,28.98
fragment_02497,1,23.97,23.97,23.97,23.97
fragment_02498,11,25.42,25.5,25.05,25.65
fragment_02499,1,19.63,19.63,19.63,19.63
fragment_02500,2,25.96,25.27,25.27,27.49
fragment_02501,8,26.2,26.18,26.17,26.23
fragment_02502,2,25.03,25.03,25.03,25.03
fragment_02503,1,21.36,21.36,21.36,21.36
fragment_02504,17,24.94,25.55,23.59,29.67
fragment_02505,2,22.09,22.09,22.09,22.09
fragment_02506,2,24.02,24.0,24.0,24.29
fragment_02507,2,19.63,19.63,19.63,19.64
fragment_02508,27,30.03,29.07,27.3,34.43
fragment_02509,2,23.95,23.94,23.94,23.96
fragment_02510,2,22.2,22.19,22.19,22.2
fragment_02511,8,24.76,27.0,23.64,27.0
fragment_02512,9,26.79,26.97,25.73,26.97
fragment_02513,1,28.16,28.16,28.16,28.16
fragment_02514,4,19.7,19.71,19.49,19.71
fragment_02515,7,21.08,21.32,20.59,21.32
fragment_02516,23,32.24,33.1,25.58,34.43
fragment_02517,4,18.95,18.95,18.95,19.0
fragment_02518,12,22.13,22.16,22.07,22.16
fragment_02519,3,23.8,23.79,23.79,23.89
fragment_02520,25,24.21,25.18,22.14,28.44
fragment_02521,4,23.85,23.85,23.28,23.92
fragment_02522,9,20.86,19.9,19.9,22.11
fragment_02523,1,20.84,20.84,20.84,20.84
fragment_02524,1,19.69,19.69,19.69,19.69
fragment_02525,2,22.75,22.75,22.75,22.75
fragment_02526,26,22.08,21.11,21.11,27.65
fragment_02527,22,26.04,24.76,24.65,31.1
fragment_02528,7,25.19,23.85,23.83,27.0
fragment_02529,6,23.33,23.35,23.01,23.45
fragment_02530,3,21.65,21.54,21.54,21.71
fragment_02531,11,29.46,29.11,27.78,34.93
fragment_02532,14,31.04,28.25,27.49,35.08
fragment_02533,1,20.84,20.84,20.84,20.84
fragment_02534,7,23.57,23.72,19.64,23.74
fragment_02535,4,19.67,19.68,19.5,19.68
fragment_02536,7,21.74,20.25,20.13,27.71
fragment_02537,2,21.87,21.87,21.87,21.87
fragment_02538,21,22.19,21.9,20.89,31.52
fragment_02539,3,22.82,22.56,22.38,23.45
fragment_02540,3,30.5,30.82,27.78,30.82
fragment_02541,4,26.07,27.0,24.0,27.0
fragment_02542,10,22.14,22.14,22.06,22.15
fragment_02543,5,25.53,25.79,23.57,28.19
fragment_02544,8,22.17,22.17,22.16,22.17
fragment_02545,9,24.04,23.84,22.64,27.66
fragment_02546,2,26.37,26.37,26.37,26.38
fragment_02547,10,39.9,38.7,33.65,41.56
fragment_02548,9,19.79,19.11,19.11,21.64
fragment_02549,4,25.8,25.8,25.8,25.81
fragment_02550,9,26.26,25.84,22.6,27.77
fragment_02551,1,19.62,19.62,19.62,19.62
fragment_02552,1,29.29,29.29,29.29,29.29
fragment_02553,18,24.89,23.77,23.76,27.03
fragment_02554,7,27.85,28.46,21.67,28.46
fragment_02555,4,23.99,23.99,23.75,28.52
fragment_02556,1,21.22,21.22,21.22,21.22
fragment_02557,9,24.91,24.43,24.03,28.5
fragment_02558,1,20.71,20.71,20.71,20.71
fragment_02559,2,23.6,23.6,23.6,23.61
fragment_02560,8,22.14,22.13,22.13,22.15
fragment_02561,3,23.79,23.78,23.78,23.87
fragment_02562,1,19.69,19.69,19.69,19.69
fragment_02563,22,21.87,22.3,19.29,25.7
fragment_02564,24,24.74,23.81,23.78,28.0
fragment_02565,7,19.15,19.15,19.14,19.16
fragment_02566,4,19.69,19.7,19.49,19.7
fragment_02567,2,25.27,25.27,25.27,25.27
fragment_02568,8,29.0,28.28,28.28,30.88
fragment_02569,2,24.21,24.22,24.21,24.22
fragment_02570,12,25.41,25.41,25.39,25.43
fragment_02571,2,25.65,25.64,25.64,25.65
fragment_02572,6,23.87,23.63,23.44,31.43
fragment_02573,4,24.81,24.74,24.74,29.72
fragment_02574,9,24.06,24.11,23.31,28.04
fragment_02575,7,20.37,20.22,20.13,22.8
fragment_02576,4,28.02,27.98,27.85,28.18
fragment_02577,3,24.3,24.29,24.29,24.37
fragment_02578,1,21.93,21.93,21.93,21.93
fragment_02579,4,19.72,19.73,19.5,19.73
fragment_02580,2,28.7,28.7,28.69,28.7
fragment_02581,1,19.69,19.69,19.69,19.69
fragment_02582,7,26.55,26.62,25.04,28.73
fragment_02583,12,24.54,23.72,23.38,28.06
fragment_02584,8,26.19,26.17,26.17,26.2
fragment_02585,1,20.83,20.83,20.83,20.83
fragment_02586,17,30.59,30.83,29.4,32.43
fragment_02587,6,20.55,20.85,19.24,20.85
fragment_02588,6,23.55,23.56,23.55,23.56
fragment_02589,3,25.39,25.37,25.37,25.46
fragment_02590,3,22.67,22.53,22.14,24.92
fragment_02591,27,24.52,23.75,23.72,27.12
fragment_02592,7,24.74,23.82,23.79,27.05
fragment_02593,3,21.93,21.93,21.91,21.93
fragment_02594,2,21.76,21.76,21.76,21.76
fragment_02595,4,23.72,23.73,23.71,23.73
fragment_02596,7,23.8,23.83,23.74,23.86
fragment_02597,4,21.46,21.25,21.25,26.45
fragment_02598,1,20.74,20.74,20.74,20.74
fragment_02599,3,25.06,25.47,23.71,25.5
fragment_02600,3,22.18,22.18,21.95,22.18
fragment_02601,2,24.31,24.31,24.31,24.31
fragment_02602,8,25.75,25.37,22.71,27.63
fragment_02603,1,22.45,22.45,22.45,22.45
fragment_02604,2,23.62,23.62,23.62,23.62
fragment_02605,3,24.24,24.25,23.79,24.25
fragment_02606,3,28.29,28.3,27.87,28.3
fragment_02607,7,24.09,23.77,22.87,29.35
fragment_02608,6,26.57,26.63,22.38,26.73
fragment_02609,9,19.66,19.67,19.48,19.68
fragment_02610,2,25.26,25.26,25.25,25.26
fragment_02611,2,22.21,22.21,22.21,22.21
fragment_02612,9,26.88,31.26,20.97,31.26
fragment_02613,3,22.81,22.78,22.78,23.19
fragment_02614,18,26.85,26.97,25.93,29.78
fragment_02615,2,30.05,30.32,26.94,30.32
fragment_02616,10,21.71,21.28,21.28,26.11
fragment_02617,20,23.53,23.93,20.43,24.88
fragment_02618,6,20.49,20.65,19.4,20.97
fragment_02619,21,23.09,22.08,21.56,26.82
fragment_02620,2,23.65,23.65,23.65,23.65
fragment_02621,26,32.5,34.75,28.88,36.06
fragment_02622,9,24.0,23.42,22.63,27.37
fragment_02623,4,24.14,22.86,22.86,25.34
fragment_02624,21,23.47,24.38,20.74,27.8
fragment_02625,1,20.85,20.85,20.85,20.85
fragment_02626,4,27.66,27.63,27.56,27.69
fragment_02627,11,31.21,30.78,27.14,33.89
fragment_02628,38,27.57,26.58,25.88,32.59
fragment_02629,2,29.75,29.76,29.73,29.76
fragment_02630,1,20.07,20.07,20.07,20.07
fragment_02631,7,24.99,24.98,24.9,25.03
fragment_02632,7,26.04,25.17,19.36,27.13
fragment_02633,6,29.71,29.87,27.92,31.99
fragment_02634,7,25.75,25.17,19.36,26.88
fragment_02635,6,26.38,27.31,20.98,27.31
fragment_02636,5,22.76,22.37,22.32,23.87
fragment_02637,18,21.56,21.6,20.21,21.74
fragment_02638,6,23.71,23.72,23.69,23.83
fragment_02639,4,21.99,21.99,21.99,22.01
fragment_02640,18,35.6,36.21,30.85,36.21
fragment_02641,2,29.34,30.75,27.24,30.75
fragment_02642,3,29.12,30.76,27.22,30.76
fragment_02643,3,26.95,27.09,26.13,27.09
fragment_02644,3,22.75,22.97,22.45,23.52
fragment_02645,6,20.45,20.13,20.13,22.82
fragment_02646,14,24.14,23.73,23.6,32.17
fragment_02647,4,23.16,23.13,23.13,23.5
fragment_02648,17,24.31,23.82,23.68,27.02
fragment_02649,2,20.19,20.25,19.96,20.25
fragment_02650,6,25.35,25.35,25.34,25.39
fragment_02651,2,22.08,22.08,22.08,22.08
fragment_02652,9,25.39,27.23,23.62,28.19
fragment_02653,4,27.09,27.09,26.97,27.09
fragment_02654,17,23.33,22.7,20.16,26.85
fragment_02655,2,26.41,26.42,26.4,26.42
fragment_02656,3,26.58,26.65,22.39,26.65
fragment_02657,2,25.08,24.91,24.91,25.28
fragment_02658,9,19.65,19.66,19.47,19.67
fragment_02659,26,25.63,25.48,25.28,30.06
fragment_02660,4,22.11,22.12,22.11,22.12
fragment_02661,12,25.72,25.31,24.82,28.82
fragment_02662,1,23.93,23.93,23.93,23.93
fragment_02663,2,22.19,22.19,22.19,22.19
fragment_02664,17,20.64,20.1,20.1,22.82
fragment_02665,2,23.77,23.77,23.77,23.77
fragment_02666,4,22.12,22.12,22.12,22.13
fragment_02667,2,22.43,22.47,22.2,22.47
fragment_02668,9,28.81,30.24,27.71,32.38
fragment_02669,1,29.2,29.2,29.2,29.2
fragment_02670,6,20.54,20.12,20.11,22.83
fragment_02671,21,28.0,28.91,23.82,29.25
fragment_02672,1,29.5,29.5,29.5,29.5
fragment_02673,2,23.56,23.55,23.55,23.57
fragment_02674,21,25.83,25.75,24.83,26.48
fragment_02675,1,20.7,20.7,20.7,20.7
fragment_02676,4,27.28,27.35,27.11,27.36
fragment_02677,2,22.15,22.15,22.15,22.15
fragment_02678,2,26.23,26.24,26.23,26.24
fragment_02679,8,25.5,26.98,21.09,26.98
fragment_02680,17,22.71,22.43,20.44,25.25
fragment_02681,29,22.81,24.16,20.21,24.16
fragment_02682,2,24.62,25.2,24.02,25.2
fragment_02683,4,27.23,27.47,26.85,27.51
fragment_02684,2,14.35,14.35,14.35,14.36
fragment_02685,11,22.38,22.35,20.02,24.61
fragment_02686,17,26.82,26.31,25.9,29.49
fragment_02687,5,23.56,22.85,22.58,27.14
fragment_02688,4,23.34,23.22,23.22,23.55
fragment_02689,15,25.1,23.88,23.69,29.62
fragment_02690,2,21.65,21.65,21.65,21.65
fragment_02691,15,24.81,24.69,24.66,27.23
fragment_02692,3,22.94,22.94,22.9,22.94
fragment_02693,25,24.57,23.86,23.61,28.77
fragment_02694,4,24.42,24.43,24.41,24.44
fragment_02695,2,21.22,21.22,21.22,21.22
fragment_02696,15,27.59,27.25,27.1,32.65
fragment_02697,2,25.83,25.85,25.82,25.85
fragment_02698,48,23.89,23.91,23.82,24.07
fragment_02699,3,22.08,22.07,22.07,22.33
fragment_02700,51,22.11,22.1,22.08,22.12
fragment_02701,10,16.7,16.74,15.62,20.09
fragment_02702,5,24.11,24.58,22.9,25.14
fragment_02703,4,26.41,25.95,25.9,28.7
fragment_02704,3,17.23,17.23,17.2,17.23
fragment_02705,13,25.01,23.65,23.52,27.03
fragment_02706,4,26.97,26.97,26.94,26.98
fragment_02707,1,20.69,20.69,20.69,20.69
fragment_02708,2,22.38,22.41,22.18,22.41
fragment_02709,2,26.48,26.48,26.48,26.48
fragment_02710,5,22.76,22.37,22.32,23.87
fragment_02711,1,20.0,20.0,20.0,20.0
fragment_02712,1,24.41,24.41,24.41,24.41
fragment_02713,5,24.95,24.76,24.7,27.23
fragment_02714,2,24.16,24.17,24.15,24.17
fragment_02715,6,22.95,22.56,22.56,25.67
fragment_02716,2,24.05,24.05,24.05,24.05
fragment_02717,11,34.3,35.46,29.78,35.46
fragment_02718,22,25.59,25.68,24.5,26.38
fragment_02719,39,21.67,21.11,20.7,26.57
fragment_02720,7,22.64,24.35,19.31,24.35
fragment_02721,3,23.83,23.77,23.55,27.77
fragment_02722,11,21.88,21.07,20.43,27.1
fragment_02723,2,28.63,28.98,27.89,28.98
fragment_02724,1,19.8,19.8,19.8,19.8
fragment_02725,3,27.24,27.3,24.76,27.3
fragment_02726,17,19.69,19.72,19.5,19.8
fragment_02727,4,28.22,28.24,27.33,30.6
fragment_02728,4,21.22,20.11,20.11,22.1
fragment_02729,22,19.68,19.7,19.5,19.78
fragment_02730,8,22.15,22.16,22.13,22.16
fragment_02731,8,31.81,31.26,28.66,33.48
fragment_02732,8,31.8,31.22,28.66,33.49
fragment_02733,8,31.97,32.68,25.79,32.68
fragment_02734,19,24.84,24.56,20.81,25.61
fragment_02735,5,20.55,20.09,20.09,25.38
fragment_02736,2,24.28,24.27,24.27,24.3
fragment_02737,4,22.81,22.64,22.64,24.34
fragment_02738,8,19.68,19.69,19.49,19.69
fragment_02739,11,23.97,23.6,23.58,26.95
fragment_02740,2,24.03,24.03,24.03,24.03
fragment_02741,16,27.78,27.08,25.82,31.77
fragment_02742,3,25.34,25.34,25.33,25.44
fragment_02743,20,24.08,23.83,22.66,29.83
fragment_02744,3,22.35,22.68,19.4,22.68
fragment_02745,2,26.53,26.53,26.53,26.54
fragment_02746,2,21.24,21.28,21.09,21.28
fragment_02747,4,27.59,27.6,26.1,28.21
fragment_02748,1,23.98,23.98,23.98,23.98
fragment_02749,1,20.52,20.52,20.52,20.52
fragment_02750,2,22.34,22.36,22.17,22.36
fragment_02751,2,29.81,29.83,29.26,29.83
fragment_02752,12,24.97,23.65,23.54,26.97
fragment_02753,5,23.15,23.25,22.96,23.25
fragment_02754,2,22.04,22.04,22.04,22.04
fragment_02755,13,28.7,27.68,26.48,32.38
fragment_02756,30,24.5,23.88,23.68,27.21
fragment_02757,10,28.14,28.16,26.36,28.16
fragment_02758,9,20.29,20.3,19.72,20.31
fragment_02759,4,21.81,21.81,21.75,21.81
fragment_02760,7,27.98,27.41,27.41,30.85
fragment_02761,9,23.07,23.45,21.76,24.17
fragment_02762,2,23.66,23.66,23.66,23.66
fragment_02763,2,25.33,25.34,25.33,25.34
fragment_02764,19,24.81,24.6,24.48,30.48
fragment_02765,2,28.26,28.79,25.89,28.79
fragment_02766,1,21.09,21.09,21.09,21.09
fragment_02767,13,23.03,23.05,22.97,23.47
fragment_02768,8,26.59,27.3,20.47,27.3
fragment_02769,3,23.4,22.74,22.74,24.68
fragment_02770,4,19.74,19.76,19.51,19.76
fragment_02771,2,24.08,24.09,24.08,24.09
fragment_02772,9,23.2,22.52,22.52,28.61
fragment_02773,7,30.86,31.31,28.26,31.46
fragment_02774,6,22.16,22.15,22.14,22.16
fragment_02775,9,21.27,20.72,20.32,26.83
fragment_02776,2,22.25,22.29,22.01,22.29
fragment_02777,14,25.97,27.59,23.13,30.23
fragment_02778,2,26.25,26.25,26.25,26.25
fragment_02779,9,26.66,26.32,23.65,29.51
fragment_02780,4,27.58,27.55,27.53,27.61
fragment_02781,2,23.63,23.63,23.63,23.63
fragment_02782,8,26.28,26.3,26.25,26.31
fragment_02783,2,20.39,20.4,20.39,20.4
fragment_02784,4,22.55,22.83,20.81,22.83
fragment_02785,3,28.39,28.38,27.52,28.41
fragment_02786,25,26.22,26.12,25.38,30.08
fragment_02787,6,22.02,21.94,21.94,28.25
fragment_02788,12,22.93,24.16,20.95,28.4
fragment_02789,14,31.46,32.99,29.77,33.97
fragment_02790,7,26.94,27.36,22.9,29.87
fragment_02791,8,21.04,20.89,20.89,27.01
fragment_02792,1,27.6,27.6,27.6,27.6
fragment_02793,2,16.94,16.94,16.94,16.94
fragment_02794,2,25.55,25.55,25.55,25.55
fragment_02795,6,30.43,30.47,29.37,30.54
fragment_02796,12,23.62,23.58,23.53,26.6
fragment_02797,4,17.02,18.2,15.53,18.2
fragment_02798,15,21.49,21.5,20.25,21.75
fragment_02799,2,23.61,23.61,23.61,23.62
fragment_02800,4,26.66,26.67,26.61,29.68
fragment_02801,1,20.82,20.82,20.82,20.82
fragment_02802,2,25.38,25.38,25.38,25.38
fragment_02803,4,22.6,22.66,21.96,22.68
fragment_02804,2,26.15,26.05,26.05,26.55
fragment_02805,3,21.44,21.5,20.23,21.5
fragment_02806,7,21.28,21.54,20.39,21.54
fragment_02807,2,29.07,29.06,29.06,29.08
fragment_02808,2,25.99,24.94,24.94,28.94
fragment_02809,3,19.97,19.97,19.95,19.97
fragment_02810,5,23.33,23.31,22.84,23.71
fragment_02811,27,36.91,37.47,32.13,40.84
fragment_02812,9,30.83,31.28,28.21,31.45
fragment_02813,3,20.84,20.84,20.83,20.84
fragment_02814,1,19.68,19.68,19.68,19.68
fragment_02815,2,25.22,25.21,25.21,25.22
fragment_02816,6,31.54,31.67,28.02,31.67
fragment_02817,2,22.09,22.09,22.09,22.09
fragment_02818,19,21.54,21.6,20.24,21.68
fragment_02819,3,24.06,24.06,23.52,24.18
fragment_02820,2,25.29,25.29,25.29,25.29
fragment_02821,21,28.86,29.44,25.97,34.83
fragment_02822,10,15.88,15.78,15.64,21.35
fragment_02823,5,27.01,29.13,24.86,29.13
fragment_02824,3,24.77,24.91,24.59,24.91
fragment_02825,7,22.12,22.12,22.11,22.12
fragment_02826,1,20.67,20.67,20.67,20.67
fragment_02827,7,29.83,31.13,28.44,31.13
fragment_02828,4,20.25,20.45,20.1,20.45
fragment_02829,3,27.34,27.77,25.93,27.95
fragment_02830,2,25.35,25.35,25.35,25.35
fragment_02831,2,23.21,23.21,23.21,23.21
fragment_02832,4,26.43,26.45,26.37,26.48
fragment_02833,2,23.64,23.63,23.63,23.64
fragment_02834,5,22.13,22.13,21.91,22.13
fragment_02835,2,25.54,25.55,25.53,25.55
fragment_02836,6,16.15,16.16,16.03,21.13
fragment_02837,6,24.82,24.69,24.02,26.93
fragment_02838,9,25.61,25.35,24.41,28.11
fragment_02839,5,30.11,29.95,27.53,30.5
fragment_02840,6,23.1,23.08,23.08,23.55
fragment_02841,1,21.85,21.85,21.85,21.85
fragment_02842,1,19.97,19.97,19.97,19.97
fragment_02843,2,25.63,25.62,25.62,25.64
fragment_02844,3,26.19,27.21,20.96,27.21
fragment_02845,10,24.91,24.43,24.07,28.5
fragment_02846,2,26.36,26.36,26.36,26.36
fragment_02847,11,22.33,22.4,20.43,24.88
fragment_02848,6,21.22,21.04,21.04,25.9
fragment_02849,3,23.35,23.34,23.34,23.36
fragment_02850,2,20.72,20.72,20.72,20.72
fragment_02851,10,30.31,31.21,25.4,31.21
fragment_02852,3,28.66,27.77,27.77,30.44
fragment_02853,10,24.44,25.36,22.72,27.84
fragment_02854,3,22.12,22.13,21.9,22.13
fragment_02855,20,24.07,23.9,23.89,25.26
fragment_02856,30,27.4,27.1,25.33,28.08
fragment_02857,4,25.92,26.06,24.52,26.84
fragment_02858,24,32.24,33.1,25.59,34.43
fragment_02859,7,23.74,23.89,19.6,23.9
fragment_02860,1,20.78,20.78,20.78,20.78
fragment_02861,11,34.3,34.7,29.48,36.42
fragment_02862,12,26.3,25.88,22.61,27.74
fragment_02863,6,28.4,29.29,25.82,29.29
fragment_02864,8,32.52,33.37,28.29,34.7
fragment_02865,2,27.32,27.33,27.32,27.33
fragment_02866,55,22.5,22.66,22.14,24.7
fragment_02867,10,22.58,24.05,21.02,28.07
fragment_02868,4,21.62,21.62,20.78,21.62
fragment_02869,10,23.26,22.56,22.56,28.19
fragment_02870,6,23.64,26.61,19.42,26.61
fragment_02871,10,19.69,19.66,19.49,19.77
fragment_02872,8,21.94,22.83,19.56,25.35
fragment_02873,39,37.03,37.1,34.04,39.16
fragment_02874,28,25.47,25.43,25.21,29.11
fragment_02875,2,23.15,23.15,23.15,23.15
fragment_02876,6,20.48,20.09,20.09,22.76
fragment_02877,3,27.07,27.06,27.06,27.26
fragment_02878,8,21.25,21.08,20.56,26.25
fragment_02879,2,27.7,27.69,27.69,27.7
fragment_02880,3,23.75,23.74,23.74,23.85
fragment_02881,2,22.38,22.4,22.17,22.4
fragment_02882,4,23.8,23.8,23.8,23.81
fragment_02883,2,22.16,22.16,22.16,22.16
fragment_02884,2,20.85,20.85,20.85,20.85
fragment_02885,9,27.07,27.15,26.21,30.15
fragment_02886,19,28.5,28.21,26.87,30.43
fragment_02887,20,23.19,22.29,22.21,27.76
fragment_02888,8,26.17,26.17,26.16,26.19
fragment_02889,12,25.03,23.76,23.76,29.08
fragment_02890,17,21.54,21.62,20.26,21.74
fragment_02891,14,22.22,22.51,20.95,24.66
fragment_02892,1,19.67,19.67,19.67,19.67
fragment_02893,2,20.61,20.61,20.61,20.61
fragment_02894,6,25.72,25.8,24.22,27.7
fragment_02895,1,26.92,26.92,26.92,26.92
fragment_02896,3,22.15,22.16,21.91,22.16
fragment_02897,10,25.55,25.28,24.96,26.17
fragment_02898,1,27.94,27.94,27.94,27.94
fragment_02899,15,32.53,34.14,25.85,34.66
fragment_02900,4,22.43,22.36,22.36,22.92
fragment_02901,7,27.28,27.76,23.96,30.12
fragment_02902,2,26.49,26.49,26.49,26.5
fragment_02903,2,21.84,21.85,21.84,21.85
fragment_02904,6,26.72,26.95,22.38,26.95
fragment_02905,2,23.09,23.09,23.09,23.09
fragment_02906,2,24.32,24.33,24.32,24.33
fragment_02907,8,19.62,19.63,19.47,19.66
fragment_02908,4,21.87,20.92,20.92,22.87
fragment_02909,22,25.66,25.64,24.63,27.65
fragment_02910,37,22.32,21.59,20.23,25.59
fragment_02911,4,22.14,22.14,22.14,22.14
fragment_02912,2,26.22,26.22,26.21,26.22
fragment_02913,2,22.15,22.16,22.15,22.16
fragment_02914,3,27.6,27.53,27.53,28.87
fragment_02915,23,24.66,24.65,24.5,30.2
fragment_02916,4,27.58,27.6,26.11,28.21
fragment_02917,1,23.11,23.11,23.11,23.11
fragment_02918,9,23.95,24.26,22.92,26.16
fragment_02919,8,24.96,27.09,21.74,27.66
fragment_02920,18,21.84,21.16,21.11,27.26
fragment_02921,3,28.68,28.71,27.63,28.71
fragment_02922,5,28.19,28.19,27.65,33.52
fragment_02923,2,23.65,23.65,23.65,23.65
fragment_02924,1,25.31,25.31,25.31,25.31
fragment_02925,9,28.09,27.78,25.86,30.92
fragment_02926,5,23.82,24.15,20.74,24.16
fragment_02927,8,27.52,26.97,25.84,31.18
fragment_02928,2,23.64,23.64,23.64,23.64
fragment_02929,7,20.79,19.84,19.46,26.01
fragment_02930,4,19.66,19.67,19.5,19.67
fragment_02931,2,22.12,22.12,22.11,22.12
fragment_02932,9,25.83,25.21,25.14,29.46
fragment_02933,2,28.27,28.79,25.89,28.79
fragment_02934,2,23.58,23.58,23.58,23.58
fragment_02935,8,19.68,19.69,19.49,19.69
fragment_02936,13,25.55,25.53,25.34,30.16
fragment_02937,47,26.16,24.92,24.82,31.61
fragment_02938,21,25.59,25.58,25.25,29.95
fragment_02939,35,22.19,22.19,22.18,22.21
fragment_02940,4,19.71,19.99,17.33,19.99
fragment_02941,8,23.58,23.98,19.1,23.98
fragment_02942,1,29.22,29.22,29.22,29.22
fragment_02943,29,26.61,26.65,25.56,32.65
fragment_02944,7,26.03,26.1,23.63,28.75
fragment_02945,4,26.99,27.0,26.99,27.0
fragment_02946,2,21.77,21.77,21.77,21.77
fragment_02947,8,26.67,26.66,26.58,26.73
fragment_02948,1,23.76,23.76,23.76,23.76
fragment_02949,2,26.1,26.13,26.07,26.13
fragment_02950,1,23.64,23.64,23.64,23.64
fragment_02951,5,25.33,25.13,25.12,28.92
fragment_02952,3,23.13,23.12,23.11,23.32
fragment_02953,5,24.33,23.43,23.24,26.96
fragment_02954,2,22.18,22.18,22.18,22.18
fragment_02955,4,30.45,30.29,29.9,34.07
fragment_02956,2,24.25,24.25,24.25,24.25
fragment_02957,1,19.06,19.06,19.06,19.06
fragment_02958,18,24.8,23.83,23.76,27.13
fragment_02959,1,20.17,20.17,20.17,20.17
fragment_02960,6,20.94,20.13,20.13,23.08
fragment_02961,8,20.67,20.72,19.52,20.74
fragment_02962,8,28.6,28.41,28.06,31.46
fragment_02963,8,27.11,27.11,26.9,27.12
fragment_02964,2,27.45,27.48,26.86,27.48
fragment_02965,2,21.45,21.45,21.45,21.45
fragment_02966,1,19.69,19.69,19.69,19.69
fragment_02967,19,25.68,25.76,24.84,26.52
fragment_02968,10,23.47,24.46,21.21,27.64
fragment_02969,1,29.71,29.71,29.71,29.71
fragment_02970,2,26.38,26.39,26.37,26.39
fragment_02971,9,26.41,25.33,25.33,31.54
fragment_02972,2,22.52,22.52,22.52,22.52
fragment_02973,2,23.72,23.72,23.72,23.72
fragment_02974,26,33.96,35.39,31.83,38.33
fragment_02975,2,21.8,21.78,21.78,21.81
fragment_02976,3,26.19,27.19,20.98,27.19
fragment_02977,5,28.2,28.23,27.45,28.24
fragment_02978,4,20.99,21.0,20.64,21.02
fragment_02979,2,22.14,22.14,22.14,22.14
fragment_02980,10,25.5,25.73,21.24,25.83
fragment_02981,2,22.21,22.21,22.21,22.21
fragment_02982,3,28.76,27.54,27.54,30.09
fragment_02983,1,18.15,18.15,18.15,18.15
fragment_02984,2,24.15,24.18,23.83,24.18
fragment_02985,19,22.17,21.73,21.7,25.18
fragment_02986,4,19.58,19.58,19.58,19.6
fragment_02987,8,26.77,26.95,26.01,26.95
fragment_02988,14,25.6,25.54,25.25,28.17
fragment_02989,2,19.53,19.53,19.53,19.54
fragment_02990,3,32.46,32.33,32.33,32.76
fragment_02991,1,20.74,20.74,20.74,20.74
fragment_02992,2,14.37,14.37,14.37,14.59
fragment_02993,2,26.99,26.99,26.96,26.99
fragment_02994,3,24.27,24.27,24.27,24.32
fragment_02995,1,20.03,20.03,20.03,20.03
fragment_02996,12,19.69,19.72,19.51,19.74
fragment_02997,1,20.68,20.68,20.68,20.68
fragment_02998,12,21.86,21.85,21.81,21.91
fragment_02999,3,29.02,29.37,28.19,29.37
fragment_03000,18,23.38,23.41,22.24,23.93
fragment_03001,3,25.66,25.66,25.64,25.66
fragment_03002,44,25.99,25.36,22.67,28.51
fragment_03003,13,27.91,27.4,26.5,30.45
fragment_03004,2,25.92,25.92,25.92,25.92
fragment_03005,3,22.16,22.16,22.15,22.29
fragment_03006,1,19.18,19.18,19.18,19.18
fragment_03007,5,22.16,22.16,22.14,22.17
fragment_03008,6,21.17,20.99,20.99,26.07
fragment_03009,13,24.9,24.93,24.72,28.8
fragment_03010,4,30.19,30.78,27.72,30.78
fragment_03011,9,24.8,24.59,20.37,26.59
fragment_03012,9,19.16,19.16,19.16,19.22
fragment_03013,3,25.63,25.54,25.37,25.96
fragment_03014,4,20.15,20.01,20.01,20.86
fragment_03015,15,20.6,20.35,19.42,22.78
fragment_03016,4,21.99,21.98,21.98,22.03
fragment_03017,2,22.2,22.2,22.2,22.2
fragment_03018,11,27.23,26.22,25.96,33.08
fragment_03019,1,20.65,20.65,20.65,20.65
fragment_03020,2,25.38,25.38,25.38,25.39
fragment_03021,9,27.03,27.07,20.26,27.73
fragment_03022,1,26.5,26.5,26.5,26.5
fragment_03023,11,24.38,24.2,21.7,26.84
fragment_03024,13,23.31,22.5,22.32,28.02
fragment_03025,7,24.11,23.78,22.87,29.31
fragment_03026,2,23.5,23.49,23.49,23.5
fragment_03027,2,36.38,36.55,35.8,36.55
fragment_03028,4,25.36,24.92,24.27,27.81
fragment_03029,35,21.79,21.93,20.23,22.8
fragment_03030,34,23.64,23.57,23.53,23.88
fragment_03031,15,22.72,22.72,22.63,22.81
fragment_03032,11,29.92,30.31,27.79,35.06
fragment_03033,1,29.19,29.19,29.19,29.19
fragment_03034,2,22.15,22.15,22.15,22.15
fragment_03035,4,27.19,27.29,26.08,27.29
fragment_03036,34,21.47,21.51,20.19,21.72
fragment_03037,9,28.79,30.21,27.65,32.38
fragment_03038,9,23.91,22.78,22.54,29.43
fragment_03039,5,30.42,30.25,29.89,34.06
fragment_03040,19,25.22,24.42,20.83,29.97
fragment_03041,8,25.69,24.66,23.81,29.61
fragment_03042,2,27.28,27.27,27.27,27.29
fragment_03043,4,26.19,26.18,26.18,26.2
fragment_03044,19,23.83,24.61,19.27,24.69
fragment_03045,2,25.98,25.98,25.98,25.98
fragment_03046,7,25.41,25.4,25.14,25.61
fragment_03047,1,18.92,18.92,18.92,18.92
fragment_03048,2,23.64,23.64,23.64,23.64
fragment_03049,29,22.08,22.31,20.24,22.68
fragment_03050,2,29.09,29.11,27.38,29.11
fragment_03051,3,25.04,24.98,24.98,28.24
fragment_03052,8,32.0,32.84,27.91,32.84
fragment_03053,1,34.73,34.73,34.73,34.73
fragment_03055,1,20.73,20.73,20.73,20.73
fragment_03056,14,25.56,24.3,20.81,29.08
fragment_03057,2,23.54,23.55,23.54,23.55
fragment_03058,27,21.52,21.52,20.23,21.71
fragment_03059,2,28.86,28.86,28.86,28.86
fragment_03060,7,21.76,21.76,21.73,21.78
fragment_03061,35,28.54,28.45,25.98,32.7
fragment_03062,12,22.13,22.81,20.07,24.61
fragment_03063,11,35.98,36.63,30.3,36.63
fragment_03064,1,19.67,19.67,19.67,19.67
fragment_03065,5,24.35,24.42,20.73,26.05
fragment_03066,27,27.09,27.21,25.71,27.28
fragment_03067,2,22.06,22.07,22.05,22.07
fragment_03068,5,25.13,25.09,25.06,28.29
fragment_03069,2,22.22,22.22,22.22,22.23
fragment_03070,5,27.7,29.1,24.83,29.1
fragment_03071,5,22.66,23.13,21.88,23.13
fragment_03072,7,22.69,22.44,21.12,25.47
fragment_03073,3,23.4,23.4,23.39,23.46
fragment_03074,10,15.24,15.23,15.22,15.36
fragment_03075,22,23.49,22.62,22.6,26.54
fragment_03076,1,29.26,29.26,29.26,29.26
fragment_03077,2,29.02,29.01,29.01,33.24
fragment_03078,2,22.41,22.42,22.41,22.42
fragment_03079,1,22.82,22.82,22.82,22.82
fragment_03080,21,27.3,29.34,24.95,29.34
fragment_03081,2,22.25,22.25,22.25,22.26
fragment_03082,6,22.55,22.73,20.83,25.49
fragment_03083,22,25.42,27.03,22.35,27.03
fragment_03084,2,24.43,24.97,23.79,24.97
fragment_03085,2,26.45,27.07,25.0,27.07
fragment_03086,2,22.11,22.11,22.11,22.11
fragment_03087,5,20.59,19.8,19.8,23.36
fragment_03088,8,26.21,26.21,26.17,26.22
fragment_03089,2,23.84,23.85,23.83,23.85
fragment_03090,2,19.64,19.64,19.62,19.64
fragment_03091,2,22.18,22.18,22.18,22.18
fragment_03092,20,23.2,22.4,22.21,27.76
fragment_03093,22,24.16,23.59,23.59,26.98
fragment_03094,8,31.97,32.77,27.91,32.77
fragment_03095,25,34.81,35.6,28.62,35.6
fragment_03096,2,23.85,23.86,23.65,23.86
fragment_03097,15,25.94,26.06,25.32,29.56
fragment_03098,21,26.05,27.57,23.77,30.02
fragment_03099,2,21.83,21.83,21.83,21.83
fragment_03100,2,22.19,22.19,22.19,22.19
fragment_03101,3,23.94,23.94,23.42,25.31
fragment_03102,2,23.68,23.68,23.68,23.68
fragment_03103,6,26.12,24.16,23.16,30.36
fragment_03104,2,22.26,22.26,22.25,22.26
fragment_03105,2,14.35,14.34,14.34,14.35
fragment_03106,2,22.17,22.17,22.17,22.17
fragment_03107,10,23.3,22.45,22.45,27.3
fragment_03108,2,25.55,25.55,25.54,25.55
fragment_03109,2,25.1,25.11,25.1,25.11
fragment_03110,20,28.84,29.41,25.86,34.03
fragment_03111,5,25.52,25.8,23.56,28.24
fragment_03112,11,21.99,21.48,20.53,25.48
fragment_03113,9,28.94,29.42,24.93,30.5
fragment_03114,8,19.68,19.7,19.48,19.7
fragment_03115,2,27.6,27.65,27.43,27.65
fragment_03116,6,27.03,27.51,24.78,29.42
fragment_03117,12,22.15,22.16,22.14,22.16
fragment_03118,2,26.44,26.44,26.43,26.44
fragment_03119,2,26.61,26.61,26.61,26.62
fragment_03120,2,25.66,25.66,25.66,25.66
fragment_03121,4,24.72,24.72,23.6,24.8
fragment_03122,4,22.56,22.39,22.34,26.04
fragment_03123,4,24.53,24.53,24.52,24.53
fragment_03124,6,32.49,32.97,29.83,32.97
fragment_03125,2,24.64,25.21,24.01,25.21
fragment_03126,3,22.8,23.02,22.48,23.67
fragment_03127,2,25.61,25.6,25.6,25.61
fragment_03128,4,21.98,21.99,21.97,21.99
fragment_03129,23,25.23,23.85,23.69,27.3
fragment_03130,11,26.46,27.21,21.06,27.24
fragment_03131,4,21.78,21.87,21.63,21.92
fragment_03132,6,24.06,24.17,20.55,26.1
fragment_03133,33,24.51,23.93,23.66,28.84
fragment_03134,2,22.45,22.47,22.44,22.47
fragment_03135,1,21.55,21.55,21.55,21.55
fragment_03136,11,25.47,27.15,23.61,27.22
fragment_03137,3,22.35,22.34,22.34,22.45
fragment_03138,6,19.18,19.18,19.17,19.18
fragment_03139,2,28.86,28.86,28.86,28.86
fragment_03140,6,24.5,25.12,23.33,28.61
fragment_03141,22,28.95,29.83,24.81,33.31
fragment_03142,7,21.22,21.04,20.51,25.83
fragment_03143,5,27.07,27.42,26.03,27.59
fragment_03144,4,26.33,24.64,24.64,28.33
fragment_03145,9,25.26,25.35,24.06,30.04
fragment_03146,20,23.2,22.58,22.44,28.16
fragment_03147,8,21.75,21.76,21.71,21.79
fragment_03148,1,20.09,20.09,20.09,20.09
fragment_03149,1,20.18,20.18,20.18,20.18
fragment_03150,1,20.73,20.73,20.73,20.73
fragment_03151,30,22.15,22.34,20.23,22.61
fragment_03152,2,24.75,24.75,24.75,24.75
fragment_03153,2,26.52,26.52,26.52,26.52
fragment_03154,1,21.83,21.83,21.83,21.83
fragment_03155,14,28.65,28.94,24.17,29.86
fragment_03156,19,25.74,25.33,24.71,29.89
fragment_03157,6,21.84,21.85,21.79,21.85
fragment_03158,17,35.84,36.57,31.04,36.57
fragment_03159,2,25.55,25.55,25.55,25.56
fragment_03160,13,28.32,28.13,26.93,30.33
fragment_03161,11,24.49,23.72,23.69,31.35
fragment_03162,12,21.35,22.24,19.75,22.33
fragment_03163,16,23.75,23.73,23.65,26.78
fragment_03164,2,27.56,27.56,27.56,27.56
fragment_03165,2,24.37,24.38,24.36,24.38
fragment_03166,14,23.05,23.05,22.93,23.15
fragment_03167,4,21.22,21.22,21.22,22.66
fragment_03168,2,23.14,23.13,23.13,23.14
fragment_03169,4,23.49,24.51,22.93,24.51
fragment_03170,3,21.97,21.93,21.93,22.1
fragment_03171,2,15.15,15.15,15.15,15.15
fragment_03172,6,29.95,29.84,29.84,34.46
fragment_03173,1,28.73,28.73,28.73,28.73
fragment_03174,3,21.35,21.36,21.34,21.42
fragment_03175,3,23.24,23.25,23.22,23.25
fragment_03176,2,23.54,23.54,23.54,23.54
fragment_03177,2,22.08,22.08,22.08,22.08
fragment_03178,4,19.5,18.53,18.53,22.11
fragment_03179,2,22.08,22.08,22.08,22.08
fragment_03180,3,23.83,22.89,22.68,27.94
fragment_03181,2,22.52,22.51,22.51,22.53
fragment_03182,5,23.25,23.39,22.98,23.83
fragment_03183,2,22.44,22.48,22.21,22.48
fragment_03184,12,29.46,29.42,26.38,32.07
fragment_03185,3,26.37,26.36,26.36,27.19
fragment_03186,3,24.84,24.83,24.83,26.69
fragment_03187,5,24.3,24.59,23.89,24.59
fragment_03188,1,20.65,20.65,20.65,20.65
fragment_03189,9,25.06,24.96,24.9,28.58
fragment_03190,3,23.44,23.44,23.44,23.44
fragment_03191,4,22.2,22.2,22.19,22.2
fragment_03192,4,18.92,18.83,18.81,19.76
fragment_03193,30,22.21,22.17,22.14,24.97
fragment_03194,1,28.39,28.39,28.39,28.39
fragment_03195,2,25.34,25.34,25.33,25.34
fragment_03196,3,21.43,21.44,21.22,21.44
fragment_03197,1,17.32,17.32,17.32,17.32
fragment_03198,3,28.15,28.15,27.47,28.15
fragment_03199,53,24.43,23.74,23.64,26.98
fragment_03200,2,24.04,24.05,24.03,24.05
fragment_03201,8,34.07,33.09,31.05,36.66
fragment_03202,1,22.81,22.81,22.81,22.81
fragment_03203,19,28.33,29.1,24.31,29.49
fragment_03204,4,19.53,18.52,18.52,22.19
fragment_03205,13,24.67,23.65,23.53,26.96
fragment_03206,8,23.82,23.87,23.74,23.94
fragment_03207,33,24.49,23.84,23.65,26.88
fragment_03208,2,21.59,21.61,21.54,21.61
fragment_03209,2,25.4,25.4,25.4,25.4
fragment_03210,2,22.34,22.34,22.34,22.34
fragment_03211,6,19.19,19.08,19.08,20.19
fragment_03212,4,20.2,20.2,20.2,20.2
fragment_03213,4,23.85,24.0,21.9,24.3
fragment_03214,12,24.81,24.81,24.8,24.83
fragment_03215,14,28.78,29.86,26.4,30.32
fragment_03216,21,21.66,22.18,19.3,24.06
fragment_03217,1,20.73,20.73,20.73,20.73
fragment_03218,2,22.2,22.2,22.2,22.21
fragment_03219,4,23.85,23.99,21.9,24.32
fragment_03220,9,31.32,31.77,27.76,33.15
fragment_03221,1,20.66,20.66,20.66,20.66
fragment_03222,4,27.95,28.01,24.89,28.01
fragment_03223,2,22.19,22.2,22.18,22.2
fragment_03224,22,26.27,24.62,24.61,30.46
fragment_03225,11,21.67,21.21,20.81,25.36
fragment_03226,2,25.53,25.53,25.52,25.53
fragment_03227,2,23.85,23.85,23.85,23.86
fragment_03228,28,32.37,31.21,27.48,35.83
fragment_03229,1,20.73,20.73,20.73,20.73
fragment_03230,7,25.61,25.1,22.61,27.53
fragment_03231,2,20.71,20.71,20.67,20.71
fragment_03232,8,27.74,27.28,27.21,34.11
fragment_03233,8,26.85,26.85,25.36,27.37
fragment_03234,10,30.02,29.29,27.95,35.03
fragment_03235,2,25.53,25.53,25.52,25.53
fragment_03236,3,24.62,24.55,24.55,24.78
fragment_03237,8,24.7,25.05,23.21,25.05
fragment_03238,3,24.01,23.95,23.95,24.38
fragment_03239,16,24.22,23.74,23.63,26.97
fragment_03240,5,26.31,26.31,26.3,27.04
fragment_03241,4,19.68,19.67,19.67,19.68
fragment_03242,24,25.52,25.54,25.26,31.25
fragment_03243,3,27.93,27.94,23.65,27.94
fragment_03244,2,20.74,20.75,20.74,20.75
fragment_03245,4,25.66,25.67,25.36,25.67
fragment_03246,11,19.02,18.96,18.95,22.93
fragment_03247,4,22.16,22.14,22.14,22.2
fragment_03248,26,29.03,27.76,26.64,33.55
fragment_03249,2,23.79,23.79,23.79,23.79
fragment_03250,14,22.2,22.2,22.2,22.21
fragment_03251,3,28.44,28.41,28.41,28.95
fragment_03252,4,26.07,26.06,26.06,26.18
fragment_03253,9,26.21,26.2,26.14,26.23
fragment_03254,2,23.92,23.94,23.27,23.94
fragment_03255,29,24.05,24.02,20.24,26.37
fragment_03256,11,27.98,28.07,26.42,28.14
fragment_03257,1,24.11,24.11,24.11,24.11
fragment_03258,5,23.29,23.24,22.98,27.63
fragment_03259,8,26.21,26.21,26.2,26.22
fragment_03260,23,31.58,31.78,25.51,34.49
fragment_03261,17,21.46,21.48,20.24,21.62
fragment_03262,3,26.17,27.0,24.58,27.0
fragment_03263,11,23.43,23.44,23.36,23.44
fragment_03264,9,24.62,22.72,22.72,28.18
fragment_03265,12,25.4,26.4,20.27,26.4
fragment_03266,16,22.17,22.17,22.14,22.18
fragment_03267,1,19.17,19.17,19.17,19.17
fragment_03268,9,26.99,26.9,25.82,28.04
fragment_03269,5,25.74,24.63,24.63,27.87
fragment_03270,2,22.46,22.47,22.46,22.47
fragment_03271,3,23.55,23.5,23.15,25.69
fragment_03272,8,21.08,20.87,20.87,26.77
fragment_03273,2,23.71,23.71,23.71,23.71
fragment_03274,2,25.47,25.46,25.46,25.48
fragment_03275,1,20.57,20.57,20.57,20.57
fragment_03276,4,24.85,24.82,24.82,31.19
fragment_03277,4,20.98,21.0,20.66,21.0
fragment_03278,5,23.85,24.02,23.43,24.02
fragment_03279,2,25.48,25.41,25.41,25.79
fragment_03280,13,29.54,29.64,26.79,31.41
fragment_03281,1,29.79,29.79,29.79,29.79
fragment_03282,8,26.88,26.88,26.79,26.91
fragment_03283,2,23.59,23.59,23.59,23.59
fragment_03284,19,26.82,28.25,24.71,30.74
fragment_03285,8,22.19,22.2,22.19,22.21
fragment_03286,8,22.06,22.06,22.05,22.12
fragment_03287,2,24.03,24.03,24.03,24.03
fragment_03288,1,21.8,21.8,21.8,21.8
fragment_03289,1,28.38,28.38,28.38,28.38
fragment_03290,2,25.53,25.53,25.53,25.54
fragment_03291,4,22.13,22.12,22.12,22.17
fragment_03292,15,26.86,28.05,23.73,30.48
fragment_03293,11,24.78,24.36,23.89,28.01
fragment_03294,19,22.14,22.14,22.13,22.15
fragment_03295,8,27.55,27.63,25.97,30.98
fragment_03296,12,22.11,22.1,22.1,22.11
fragment_03297,12,22.08,22.08,22.05,22.11
fragment_03298,3,22.63,22.62,22.62,24.3
fragment_03299,2,22.14,22.14,22.14,22.14
fragment_03300,6,19.61,19.69,19.48,19.69
fragment_03301,5,23.61,23.6,23.6,23.66
fragment_03302,6,21.63,21.63,21.63,21.64
fragment_03303,1,24.2,24.2,24.2,24.2
fragment_03304,9,23.54,23.55,23.51,23.58
fragment_03305,4,22.17,22.17,22.17,22.19
fragment_03306,2,21.79,21.79,21.79,21.84
fragment_03307,3,21.76,21.76,21.7,21.76
fragment_03308,12,21.94,21.8,20.62,25.72
fragment_03309,25,24.85,24.9,24.76,28.91
fragment_03310,2,26.36,26.35,26.35,26.36
fragment_03311,1,20.67,20.67,20.67,20.67
fragment_03312,4,20.19,20.17,20.17,23.0
fragment_03313,2,22.19,22.19,22.19,22.2
fragment_03314,3,24.79,24.74,24.74,26.69
fragment_03315,6,29.83,29.92,26.74,31.95
fragment_03316,3,22.29,22.28,22.28,23.62
fragment_03317,2,26.1,26.1,26.1,26.1
fragment_03318,1,20.68,20.68,20.68,20.68
fragment_03319,19,22.17,22.17,22.14,22.22
fragment_03320,3,30.5,30.82,27.77,30.82
fragment_03321,29,23.99,23.86,23.58,27.56
fragment_03322,1,19.58,19.58,19.58,19.58
fragment_03323,1,30.21,30.21,30.21,30.21
fragment_03324,9,39.92,40.27,36.69,40.36
fragment_03325,16,22.8,22.5,20.96,27.09
fragment_03326,2,28.59,28.59,28.59,28.59
fragment_03327,7,27.69,27.24,27.24,34.09
fragment_03328,10,27.33,25.44,25.37,33.88
fragment_03329,9,26.61,26.33,26.32,34.46
fragment_03330,13,24.95,23.76,23.76,27.19
fragment_03331,22,33.95,35.4,32.08,38.26
fragment_03332,6,24.49,24.72,23.59,28.54
fragment_03333,2,22.48,22.48,22.47,22.48
fragment_03334,21,24.1,23.73,22.67,29.48
fragment_03335,7,25.42,24.75,24.17,27.47
fragment_03336,10,27.36,27.21,26.27,29.91
fragment_03337,4,21.4,21.34,21.34,21.51
fragment_03338,4,22.14,22.13,22.13,22.14
fragment_03339,2,24.52,24.52,24.52,24.53
fragment_03340,1,19.21,19.21,19.21,19.21
fragment_03341,2,21.4,21.41,21.38,21.41
fragment_03342,2,22.25,22.25,22.25,22.25
fragment_03343,1,19.62,19.62,19.62,19.62
fragment_03344,2,30.82,30.84,30.76,30.84
fragment_03345,6,32.12,34.05,30.16,34.05
fragment_03346,16,24.17,29.44,20.76,29.44
fragment_03347,24,23.18,23.83,20.82,28.0
fragment_03348,23,24.3,25.01,20.52,26.84
fragment_03349,10,21.73,21.69,21.69,21.76
fragment_03350,8,24.34,23.7,23.02,28.58
fragment_03351,21,22.58,24.4,19.25,24.4
fragment_03352,4,25.55,25.55,25.54,25.56
fragment_03353,12,16.08,16.08,15.85,21.85
fragment_03354,2,23.73,23.73,23.73,23.73
fragment_03355,12,28.89,30.05,24.87,30.05
fragment_03356,14,24.81,24.79,24.73,30.19
fragment_03357,10,23.9,25.39,19.44,25.39
fragment_03358,1,24.99,24.99,24.99,24.99
fragment_03359,2,24.2,24.21,24.2,24.21
fragment_03360,12,26.51,25.83,24.1,30.09
fragment_03361,5,24.95,25.88,23.32,25.88
fragment_03362,4,20.4,20.39,20.24,20.65
fragment_03363,27,36.17,37.02,34.16,38.6
fragment_03364,2,21.28,21.27,21.27,21.29
fragment_03365,4,27.59,27.59,26.36,27.61
fragment_03366,31,27.09,28.23,25.88,30.5
fragment_03367,7,23.49,23.32,23.32,23.93
fragment_03368,15,26.24,26.59,20.44,26.59
fragment_03369,9,19.64,19.66,19.49,19.66
fragment_03370,1,26.38,26.38,26.38,26.38
fragment_03371,21,24.71,25.6,20.81,25.6
fragment_03372,28,38.44,39.66,33.11,39.66
fragment_03373,7,32.79,32.9,24.37,32.9
fragment_03374,2,22.64,22.63,22.63,22.65
fragment_03375,2,23.57,23.56,23.56,23.57
fragment_03376,2,22.45,22.38,22.38,24.63
fragment_03377,7,21.18,21.01,20.53,26.12
fragment_03378,4,29.16,30.51,27.03,30.51
fragment_03379,1,28.41,28.41,28.41,28.41
fragment_03380,3,25.7,25.69,25.69,25.7
fragment_03381,1,21.2,21.2,21.2,21.2
fragment_03382,2,24.7,24.7,24.69,24.7
fragment_03383,10,25.58,25.32,24.39,28.13
fragment_03384,5,25.36,24.24,24.24,27.43
fragment_03385,4,17.35,17.33,17.33,18.14
fragment_03386,2,27.4,27.39,27.39,27.41
fragment_03387,11,24.49,23.72,23.68,27.2
fragment_03388,4,22.13,22.14,22.13,22.14
fragment_03389,2,26.0,26.03,25.96,26.03
fragment_03390,4,19.68,19.69,19.48,19.69
fragment_03391,12,30.02,30.47,25.96,30.47
fragment_03392,6,26.27,26.82,23.87,26.82
fragment_03393,2,25.47,25.46,25.46,25.47
fragment_03394,12,19.16,19.16,19.15,19.21
fragment_03395,1,19.39,19.39,19.39,19.39
fragment_03396,22,22.18,22.16,22.14,22.65
fragment_03397,21,23.4,23.37,22.23,23.95
fragment_03398,4,17.81,17.88,17.74,17.88
fragment_03399,1,24.35,24.35,24.35,24.35
fragment_03400,4,28.73,30.55,26.96,30.55
fragment_03401,6,20.48,20.66,19.42,20.99
fragment_03402,11,22.16,20.03,19.99,27.19
fragment_03403,2,21.88,21.86,21.86,21.9
fragment_03404,1,29.16,29.16,29.16,29.16
fragment_03405,1,20.71,20.71,20.71,20.71
fragment_03406,3,21.95,21.91,21.91,22.13
fragment_03407,7,22.06,22.06,22.04,22.11
fragment_03408,19,29.95,31.75,23.95,31.75
fragment_03409,12,29.34,29.78,24.89,30.19
fragment_03410,4,22.07,22.06,22.05,22.1
fragment_03411,2,22.41,22.41,22.41,22.41
fragment_03412,5,22.05,21.89,21.89,25.1
fragment_03413,13,22.48,22.46,21.94,23.62
fragment_03414,5,25.17,26.33,23.37,26.33
fragment_03415,4,32.87,32.87,32.05,32.87
fragment_03416,9,24.62,23.67,23.64,26.98
fragment_03417,17,25.58,22.96,22.58,28.64
fragment_03418,15,25.79,27.38,23.13,30.28
fragment_03419,2,26.48,26.48,26.48,26.48
fragment_03420,4,26.2,26.2,26.2,26.21
fragment_03421,2,23.11,23.11,23.11,23.11
fragment_03422,1,26.29,26.29,26.29,26.29
fragment_03423,4,25.41,25.47,25.17,26.55
fragment_03424,6,26.22,26.23,26.2,26.23
fragment_03425,22,26.13,28.05,21.16,28.05
fragment_03426,8,22.19,22.19,22.18,22.2
fragment_03427,7,24.27,24.44,23.9,24.44
fragment_03428,1,27.0,27.0,27.0,27.0
fragment_03429,1,21.87,21.87,21.87,21.87
fragment_03430,14,25.7,25.69,19.34,26.23
fragment_03431,7,38.39,38.7,37.27,38.71
fragment_03432,6,17.37,17.34,17.34,18.3
fragment_03433,6,29.42,29.37,28.14,30.34
fragment_03434,3,26.71,26.81,25.99,26.81
fragment_03435,20,28.43,30.34,23.94,30.54
fragment_03436,32,23.94,23.78,23.61,26.97
fragment_03437,2,26.1,25.99,25.99,26.52
fragment_03438,10,30.17,28.92,27.33,33.23
fragment_03439,7,27.33,26.04,25.96,33.11
fragment_03440,3,27.68,27.69,27.61,27.69
fragment_03441,2,23.8,23.8,23.8,23.8
fragment_03442,4,26.93,26.64,26.64,29.33
fragment_03443,9,22.23,22.23,22.21,22.24
fragment_03444,20,16.13,15.98,15.29,19.78
fragment_03445,1,21.45,21.45,21.45,21.45
fragment_03446,3,21.68,21.68,21.68,21.68
fragment_03447,4,29.12,29.13,28.74,29.13
fragment_03448,2,22.75,22.75,22.75,22.75
fragment_03449,4,25.44,25.5,25.18,26.55
fragment_03450,17,33.19,34.04,25.76,34.6
fragment_03451,7,29.16,30.65,26.87,30.65
fragment_03452,58,22.51,23.35,20.4,23.92
fragment_03453,6,27.27,28.98,24.88,28.98
fragment_03454,3,27.53,27.53,27.51,27.53
fragment_03455,6,26.6,26.23,26.06,28.35
fragment_03456,2,23.47,23.46,23.46,23.47
fragment_03457,9,21.58,22.66,19.17,22.66
fragment_03458,2,21.15,21.15,21.15,21.15
fragment_03459,10,29.04,27.84,26.98,32.87
fragment_03460,11,23.43,23.42,23.38,23.46
fragment_03461,5,30.77,32.47,29.0,32.59
fragment_03462,12,34.57,36.51,32.84,36.51
fragment_03463,2,25.43,25.44,25.42,25.44
fragment_03464,19,23.13,23.82,20.32,25.42
fragment_03465,1,20.73,20.73,20.73,20.73
fragment_03466,5,24.8,23.77,23.76,27.04
fragment_03467,4,28.82,28.68,26.89,30.57
fragment_03468,7,24.9,24.89,22.8,27.42
fragment_03469,3,23.72,23.71,23.71,23.82
fragment_03470,2,22.47,22.54,22.08,22.54
fragment_03471,2,20.91,20.93,20.89,20.93
fragment_03472,6,28.62,28.79,28.35,29.84
fragment_03473,10,29.03,29.6,24.93,31.12
fragment_03474,5,26.0,25.76,25.71,26.51
fragment_03475,11,22.04,19.62,19.55,24.65
fragment_03476,9,16.17,16.2,16.07,21.13
fragment_03477,21,24.1,23.94,23.9,25.34
fragment_03478,2,23.17,23.16,23.16,23.17
fragment_03479,2,21.84,21.83,21.83,21.84
fragment_03480,3,23.59,23.58,23.58,23.63
fragment_03481,3,26.89,26.89,26.87,26.89
fragment_03482,2,22.29,22.29,22.29,22.29
fragment_03483,2,19.97,19.96,19.96,19.97
fragment_03484,5,26.2,26.2,26.2,26.21
fragment_03485,2,28.16,28.16,28.16,28.16
fragment_03486,9,26.97,27.21,26.32,29.98
fragment_03487,18,23.57,24.61,19.53,28.12
fragment_03488,2,23.74,23.97,23.37,23.97
fragment_03489,2,26.72,27.49,25.92,27.49
fragment_03490,2,21.79,21.8,21.77,21.8
fragment_03491,2,19.61,19.62,19.61,19.62
fragment_03492,4,20.72,20.75,19.51,20.75
fragment_03493,4,26.94,26.96,26.72,26.96
fragment_03494,23,23.29,25.19,21.08,26.13
fragment_03495,20,24.77,23.83,23.73,27.14
fragment_03496,3,22.46,22.34,22.34,25.37
fragment_03497,2,25.02,25.02,25.01,25.02
fragment_03498,4,25.7,25.78,23.79,25.78
fragment_03499,7,21.21,21.03,20.53,25.9
fragment_03500,2,22.3,22.3,22.3,22.3
fragment_03501,2,26.2,26.2,26.19,26.2
fragment_03502,9,30.14,30.25,27.12,34.8
fragment_03503,4,34.47,34.52,31.94,34.52
fragment_03504,1,19.4,19.4,19.4,19.4
fragment_03505,18,24.4,24.43,20.29,25.34
fragment_03506,6,23.81,22.67,22.67,26.45
fragment_03507,5,20.52,20.43,20.23,25.0
fragment_03508,10,29.99,30.48,28.61,32.15
fragment_03509,3,25.48,28.42,21.49,28.42
fragment_03510,6,24.54,23.06,22.91,27.19
fragment_03511,45,30.63,30.74,25.52,36.43
fragment_03512,6,24.86,24.72,24.05,26.91
fragment_03513,6,27.1,26.51,25.94,28.97
fragment_03514,19,26.02,26.37,24.55,26.83
fragment_03515,4,24.52,24.52,24.52,24.53
fragment_03516,3,26.73,26.68,26.68,27.04
fragment_03517,5,22.5,22.18,21.59,25.26
fragment_03518,27,24.18,23.69,23.61,26.83
fragment_03519,6,19.16,19.16,19.16,19.18
fragment_03520,1,25.98,25.98,25.98,25.98
fragment_03521,3,21.0,21.0,20.61,21.0
fragment_03522,2,21.63,21.63,21.63,21.63
fragment_03523,1,23.36,23.36,23.36,23.36
fragment_03524,26,25.46,27.28,23.66,27.34
fragment_03525,3,23.86,23.91,23.6,23.91
fragment_03526,2,26.85,26.86,26.85,26.86
fragment_03527,3,24.05,24.95,20.17,24.95
fragment_03528,7,21.21,21.04,20.54,25.96
fragment_03529,6,23.41,23.41,23.38,23.42
fragment_03530,2,20.79,20.79,20.79,20.79
fragment_03531,6,16.14,16.14,16.13,16.19
fragment_03532,2,26.12,26.13,26.12,26.13
fragment_03533,6,24.91,24.71,24.53,25.35
fragment_03534,2,21.78,21.79,21.78,21.79
fragment_03535,9,29.0,29.55,24.94,31.12
fragment_03536,48,22.1,22.31,20.19,22.73
fragment_03537,1,27.85,27.85,27.85,27.85
fragment_03538,13,29.76,30.7,26.81,33.68
fragment_03539,4,26.91,26.91,26.84,26.91
fragment_03540,5,27.93,27.74,27.29,29.44
fragment_03541,2,21.47,21.65,20.72,21.65
fragment_03542,4,28.61,27.82,26.95,30.53
fragment_03543,5,28.87,28.92,26.83,28.92
fragment_03544,2,24.37,24.89,23.79,24.89
fragment_03545,1,19.46,19.46,19.46,19.46
fragment_03546,1,20.71,20.71,20.71,20.71
fragment_03547,6,22.41,22.4,22.4,22.64
fragment_03548,3,24.74,24.74,24.03,24.75
fragment_03549,2,31.13,31.13,31.13,31.14
fragment_03550,2,27.59,27.59,27.58,27.59
fragment_03551,3,28.88,28.9,27.57,28.9
fragment_03552,3,23.74,23.74,23.73,23.81
fragment_03553,6,23.71,23.69,23.69,23.84
fragment_03554,2,25.66,25.66,25.66,25.71
fragment_03555,6,26.49,26.54,22.78,27.18
fragment_03556,13,22.03,21.74,21.3,27.25
fragment_03557,3,30.37,30.76,27.81,30.76
fragment_03558,6,32.47,33.43,27.6,33.43
fragment_03559,25,22.22,21.8,21.79,28.59
fragment_03560,9,26.42,25.35,25.35,31.49
fragment_03561,4,22.21,22.2,22.18,22.21
fragment_03562,13,27.21,27.14,20.44,28.97
fragment_03563,20,21.52,21.54,20.25,21.71
fragment_03564,24,33.99,34.83,30.61,35.64
fragment_03565,12,21.2,22.49,19.55,22.5
fragment_03566,1,20.76,20.76,20.76,20.76
fragment_03567,8,26.2,26.19,26.17,26.23
fragment_03568,3,23.61,23.42,23.26,25.47
fragment_03569,8,22.26,22.26,22.24,22.27
fragment_03570,24,25.41,25.4,25.28,29.11
fragment_03571,3,19.98,19.98,19.97,19.98
fragment_03572,33,20.69,20.64,19.41,21.27
fragment_03573,2,25.17,25.17,25.17,25.17
fragment_03574,24,23.62,23.65,20.13,23.95
fragment_03575,2,27.64,27.75,27.32,27.75
fragment_03576,3,21.54,21.75,19.29,21.75
fragment_03577,4,28.77,29.4,27.97,29.41
fragment_03578,7,23.75,23.72,23.22,26.83
fragment_03579,2,26.19,26.19,26.19,26.19
fragment_03580,4,26.6,27.91,24.74,27.91
fragment_03581,10,22.96,22.72,21.89,25.21
fragment_03582,8,22.1,22.1,22.09,22.11
fragment_03583,24,28.61,29.83,25.76,30.31
fragment_03584,2,23.52,23.51,23.51,23.52
fragment_03585,11,20.89,20.86,20.68,23.99
fragment_03586,3,23.58,23.53,23.2,25.69
fragment_03587,8,25.23,23.66,23.66,27.08
fragment_03588,5,26.34,26.33,26.16,26.53
fragment_03589,9,29.4,31.08,24.82,31.08
fragment_03590,2,23.77,23.77,23.77,23.78
fragment_03591,9,24.13,23.48,22.63,27.39
fragment_03592,5,19.58,19.57,19.55,19.59
fragment_03593,6,25.77,25.69,25.69,26.1
fragment_03594,3,29.17,29.27,27.01,29.27
fragment_03595,4,23.78,23.77,23.77,23.78
fragment_03596,11,22.17,22.17,22.11,22.17
fragment_03597,6,20.43,20.12,20.12,22.83
fragment_03598,9,30.0,30.19,28.61,31.1
fragment_03599,20,25.84,26.15,22.3,27.3
fragment_03600,5,26.11,26.39,22.89,26.39
fragment_03601,4,29.17,29.2,27.78,29.2
fragment_03602,4,22.3,22.3,22.29,22.3
fragment_03603,2,22.12,22.12,22.12,22.12
fragment_03604,1,19.56,19.56,19.56,19.56
fragment_03605,1,20.61,20.61,20.61,20.61
fragment_03606,6,26.22,26.22,26.2,26.23
fragment_03607,4,22.3,22.3,22.29,22.3
fragment_03608,2,27.8,27.92,27.03,27.92
fragment_03609,32,24.22,26.62,20.67,26.77
fragment_03610,2,24.18,24.23,23.55,24.23
fragment_03611,8,26.21,26.2,26.19,26.23
fragment_03612,6,28.89,29.0,27.65,29.12
fragment_03613,2,25.39,25.39,25.38,25.39
fragment_03614,4,24.18,24.19,24.18,24.91
fragment_03615,3,29.02,29.04,27.59,29.04
fragment_03616,2,22.21,22.21,22.2,22.21
fragment_03617,2,20.39,20.39,20.39,20.4
fragment_03618,9,16.47,16.45,15.41,21.88
fragment_03619,2,21.19,21.19,21.19,21.19
fragment_03620,2,21.5,21.5,21.5,21.5
fragment_03621,2,22.14,22.14,22.14,22.14
fragment_03622,14,22.98,23.39,19.56,29.79
fragment_03623,6,16.15,16.15,16.03,21.24
fragment_03624,2,22.43,22.47,22.21,22.47
fragment_03625,28,21.48,21.5,20.27,21.69
fragment_03626,7,20.02,19.92,19.92,20.54
fragment_03627,1,20.11,20.11,20.11,20.11
fragment_03628,6,22.47,22.44,22.14,22.61
fragment_03629,8,22.19,22.18,22.18,22.2
fragment_03630,3,21.12,20.71,20.71,24.75
fragment_03631,7,30.13,30.4,25.01,30.93
fragment_03632,6,27.22,29.33,24.81,29.33
fragment_03633,1,22.8,22.8,22.8,22.8
fragment_03634,6,21.43,21.51,21.23,21.51
fragment_03635,11,21.17,21.13,19.59,22.66
fragment_03636,14,22.22,21.78,21.78,25.26
fragment_03637,19,23.8,24.6,19.25,24.6
fragment_03638,11,22.24,22.4,20.47,24.27
fragment_03639,22,21.83,22.25,19.26,25.04
fragment_03640,2,30.17,30.18,30.16,30.18
fragment_03641,2,25.38,25.39,25.38,25.39
fragment_03642,2,24.28,24.28,24.28,24.28
fragment_03643,36,30.64,29.46,25.34,35.17
fragment_03644,10,29.56,30.95,26.72,30.95
fragment_03645,2,23.74,23.71,23.71,23.78
fragment_03646,3,23.62,24.28,22.63,24.28
fragment_03647,11,24.02,24.25,23.03,26.13
fragment_03648,14,27.37,26.44,25.79,29.25
fragment_03649,2,29.43,29.43,28.15,29.43
fragment_03650,4,31.17,31.17,29.16,31.17
fragment_03651,2,25.38,25.38,25.38,25.38
fragment_03652,33,26.2,26.72,23.71,30.26
fragment_03653,4,22.11,22.11,22.11,22.11
fragment_03654,6,20.6,20.74,19.53,20.74
fragment_03655,3,23.63,23.63,23.63,23.69
fragment_03656,3,28.95,28.97,27.6,28.98
fragment_03657,1,29.26,29.26,29.26,29.26
fragment_03658,6,28.81,28.84,26.94,30.97
fragment_03659,2,22.12,22.12,22.12,22.12
fragment_03660,3,25.53,25.27,25.27,25.96
fragment_03661,1,19.67,19.67,19.67,19.67
fragment_03662,3,24.62,24.54,24.54,24.78
fragment_03663,1,20.72,20.72,20.72,20.72
fragment_03664,4,26.18,26.17,25.62,26.2
fragment_03665,2,24.5,24.5,24.5,24.5
fragment_03666,1,27.36,27.36,27.36,27.36
fragment_03667,6,27.82,28.3,21.27,28.85
fragment_03668,3,18.13,18.1,16.34,18.16
fragment_03669,9,24.49,24.5,24.03,24.69
fragment_03671,1,19.47,19.47,19.47,19.47
fragment_03672,5,27.07,27.05,26.05,33.67
fragment_03673,2,21.7,21.69,21.69,21.79
fragment_03674,1,19.63,19.63,19.63,19.63
fragment_03675,2,22.91,22.91,22.91,23.05
fragment_03676,8,28.33,28.36,27.17,32.26
fragment_03677,2,21.48,21.4,21.4,21.66
fragment_03678,2,22.17,22.17,22.17,22.17
fragment_03679,31,24.48,26.74,20.67,26.8
fragment_03680,11,20.36,20.21,20.2,22.82
fragment_03681,4,24.8,25.13,24.14,25.13
fragment_03682,25,30.37,32.8,27.18,34.12
fragment_03683,6,24.81,23.76,23.73,27.05
fragment_03684,7,23.54,23.55,23.43,25.8
fragment_03685,16,26.93,26.02,23.61,30.87
fragment_03686,2,28.47,28.48,26.14,28.48
fragment_03687,9,23.92,24.36,19.36,24.36
fragment_03688,15,29.95,30.61,25.96,30.61
fragment_03689,7,23.9,24.17,23.07,27.96
fragment_03690,4,23.33,23.21,23.21,23.55
fragment_03691,7,24.54,22.47,21.02,31.06
fragment_03692,1,19.24,19.24,19.24,19.24
fragment_03693,2,22.35,22.38,22.17,22.38
fragment_03694,26,33.58,33.73,30.53,39.9
fragment_03695,21,28.95,29.33,25.94,34.47
fragment_03696,7,21.63,22.81,19.53,25.34
fragment_03697,4,26.18,26.18,26.18,26.19
fragment_03698,2,28.45,28.34,28.34,30.31
fragment_03699,13,22.1,22.02,20.28,23.19
fragment_03700,17,24.99,25.09,22.89,29.8
fragment_03701,2,22.16,22.17,22.16,22.17
fragment_03702,50,24.0,23.72,23.61,26.6
fragment_03703,10,22.0,21.54,20.58,25.5
fragment_03704,6,22.06,22.06,22.06,22.06
fragment_03705,4,28.32,28.32,27.43,28.57
fragment_03706,5,25.97,24.77,24.77,28.59
fragment_03707,16,20.52,20.18,20.12,22.77
fragment_03708,6,19.68,19.71,19.49,19.71
fragment_03709,14,22.21,22.22,22.19,22.22
fragment_03710,8,26.22,26.26,25.71,26.26
fragment_03711,2,22.2,22.21,22.2,22.21
fragment_03712,2,20.49,20.49,20.49,20.5
fragment_03713,14,22.16,22.48,20.54,24.69
fragment_03714,10,28.05,27.77,25.93,30.91
fragment_03715,7,30.44,31.05,28.69,31.05
fragment_03716,2,26.46,26.45,26.45,26.46
fragment_03717,1,19.18,19.18,19.18,19.18
fragment_03718,1,20.12,20.12,20.12,20.12
fragment_03719,2,21.55,21.43,21.43,21.81
fragment_03720,16,20.16,20.03,19.66,21.87
fragment_03721,7,19.89,19.51,19.51,26.04
fragment_03722,14,24.72,23.86,23.77,27.67
fragment_03723,4,20.72,20.87,20.65,20.87
fragment_03724,4,25.18,25.18,25.18,25.19
fragment_03725,8,22.1,20.43,20.2,27.2
fragment_03726,4,26.83,26.84,26.37,26.84
fragment_03727,2,22.88,22.88,22.88,22.88
fragment_03728,2,22.18,22.19,22.18,22.19
fragment_03729,5,28.78,28.79,26.87,30.45
fragment_03730,4,17.65,17.65,17.64,18.53
fragment_03731,4,28.16,28.51,27.57,28.52
fragment_03732,2,23.63,23.63,23.63,23.64
fragment_03733,4,23.08,23.03,23.02,23.22
fragment_03734,9,26.07,25.94,25.18,30.17
fragment_03735,4,25.97,26.04,25.57,26.04
fragment_03736,6,27.79,26.88,26.58,30.34
fragment_03737,17,26.67,29.09,23.5,31.95
fragment_03738,4,27.44,27.38,27.38,30.6
fragment_03739,1,21.78,21.78,21.78,21.78
fragment_03740,6,31.24,33.86,26.84,33.86
fragment_03741,3,24.06,24.06,24.06,24.18
fragment_03742,2,23.42,23.42,23.42,23.42
fragment_03743,9,21.5,21.26,21.25,28.48
fragment_03744,1,24.97,24.97,24.97,24.97
fragment_03745,2,22.16,22.16,22.15,22.16
fragment_03746,4,23.18,23.09,23.08,23.4
fragment_03747,7,15.31,15.32,15.29,15.33
fragment_03748,10,20.45,20.2,20.16,22.79
fragment_03749,1,20.66,20.66,20.66,20.66
fragment_03750,8,22.71,23.92,20.98,28.05
fragment_03751,21,23.1,23.28,19.5,27.07
fragment_03752,1,27.8,27.8,27.8,27.8
fragment_03753,3,21.82,21.82,21.82,21.91
fragment_03754,1,19.07,19.07,19.07,19.07
fragment_03755,7,20.2,19.9,19.81,23.34
fragment_03756,4,22.17,22.17,22.16,22.17
fragment_03757,2,28.54,28.54,28.54,28.55
fragment_03758,4,28.29,28.34,27.16,28.34
fragment_03759,4,25.5,25.12,23.67,27.26
fragment_03760,10,22.96,22.47,21.78,28.22
fragment_03761,2,18.96,18.96,18.94,18.96
fragment_03762,2,25.27,25.27,25.27,25.27
fragment_03763,2,26.31,26.31,26.31,26.31
fragment_03764,22,23.07,22.24,21.37,26.91
fragment_03765,40,24.77,27.32,20.05,28.06
fragment_03766,3,21.32,21.32,21.31,21.45
fragment_03767,25,21.52,21.54,20.23,21.73
fragment_03768,2,22.23,22.22,22.22,22.24
fragment_03769,3,29.73,29.77,29.39,29.78
fragment_03770,4,24.26,24.28,24.23,24.28
fragment_03771,27,24.29,23.78,23.67,26.62
fragment_03772,8,24.41,24.4,24.4,24.43
fragment_03773,29,21.48,21.54,20.2,21.74
fragment_03774,12,30.11,30.24,27.17,34.8
fragment_03775,6,26.47,26.54,26.4,26.54
fragment_03776,17,23.23,21.26,20.76,30.95
fragment_03777,2,20.68,20.68,20.68,20.68
fragment_03778,5,23.05,23.08,22.22,23.66
fragment_03779,5,33.8,36.18,28.92,36.66
fragment_03780,24,19.4,19.52,16.42,19.78
fragment_03781,3,27.77,27.77,27.4,27.77
fragment_03782,14,21.6,22.16,20.18,22.16
fragment_03783,2,23.59,23.59,23.59,23.59
fragment_03784,7,38.98,39.01,36.68,39.01
fragment_03785,2,24.01,24.0,24.0,24.01
fragment_03786,2,22.46,22.37,22.37,24.64
fragment_03787,8,23.1,23.33,20.55,25.08
fragment_03788,13,24.21,23.99,23.72,29.37
fragment_03789,2,22.77,22.78,22.77,22.78
fragment_03790,10,21.36,21.02,21.02,25.16
fragment_03791,5,33.14,32.26,30.66,34.89
fragment_03792,14,29.17,30.58,26.2,31.9
fragment_03793,8,28.99,28.28,28.28,30.88
fragment_03794,16,27.81,26.95,26.06,31.37
fragment_03795,4,26.98,27.45,24.7,28.21
fragment_03796,14,28.75,29.86,26.4,30.34
fragment_03797,8,25.65,25.63,25.63,25.67
fragment_03798,3,22.39,22.39,22.38,22.46
fragment_03799,7,28.89,28.81,26.05,29.32
fragment_03800,14,32.49,32.26,28.93,37.01
fragment_03801,11,26.82,26.33,25.83,34.45
fragment_03802,2,25.4,25.4,25.4,25.41
fragment_03803,3,22.16,22.15,21.91,22.16
fragment_03804,5,25.41,25.62,23.58,28.32
fragment_03805,11,25.06,22.88,22.59,27.32
fragment_03806,5,18.65,18.39,18.26,19.37
fragment_03807,1,25.56,25.56,25.56,25.56
fragment_03808,10,21.99,21.89,21.89,22.19
fragment_03809,9,21.24,19.37,19.27,22.25
fragment_03810,30,22.56,22.13,20.23,25.08
fragment_03811,4,15.2,15.19,15.19,15.27
fragment_03812,5,23.85,24.36,22.71,24.81
fragment_03813,10,25.82,22.76,21.08,31.32
fragment_03814,2,22.44,22.38,22.38,24.57
fragment_03815,2,26.95,27.01,26.84,27.01
fragment_03816,1,21.86,21.86,21.86,21.86
fragment_03817,7,21.66,21.81,20.77,21.81
fragment_03818,2,23.3,23.3,23.29,23.3
fragment_03819,13,25.5,24.46,23.84,29.22
fragment_03820,2,25.9,25.91,25.89,25.91
fragment_03821,6,22.37,22.42,22.11,22.42
fragment_03822,1,22.51,22.51,22.51,22.51
fragment_03823,9,22.21,22.21,22.17,22.23
fragment_03824,9,26.18,26.18,26.16,26.2
fragment_03825,4,22.17,22.17,22.16,22.17
fragment_03826,3,28.97,29.13,27.53,29.15
fragment_03827,17,25.57,24.71,23.59,31.44
fragment_03828,41,25.37,26.26,22.99,30.29
fragment_03829,4,20.77,20.78,20.74,20.78
fragment_03830,3,30.93,30.96,29.57,30.96
fragment_03831,6,25.91,25.93,25.86,25.93
fragment_03832,2,26.47,26.49,26.46,26.49
fragment_03833,9,23.19,23.55,21.06,27.34
fragment_03834,2,25.63,25.63,25.62,25.63
fragment_03835,2,26.53,26.53,26.52,26.53
fragment_03836,9,22.21,22.2,22.19,22.26
fragment_03837,4,26.28,26.28,26.27,26.3
fragment_03838,2,26.5,26.61,26.36,26.61
fragment_03839,5,23.05,23.23,20.26,23.23
fragment_03840,3,23.65,23.78,22.93,23.78
fragment_03841,23,21.47,20.7,20.68,27.04
fragment_03842,6,26.11,26.22,22.32,26.22
fragment_03843,7,24.46,20.09,20.09,27.52
fragment_03844,4,28.63,29.48,23.88,29.48
fragment_03845,4,26.51,26.5,26.49,26.53
fragment_03846,26,21.92,22.3,20.23,22.43
fragment_03847,2,25.33,25.33,25.33,25.33
fragment_03848,2,26.56,26.56,26.55,26.56
fragment_03849,7,21.23,21.1,20.62,26.3
fragment_03850,25,23.62,23.61,22.62,28.44
fragment_03851,3,26.45,27.3,20.98,27.3
fragment_03852,9,31.6,31.65,29.37,33.89
fragment_03853,2,22.28,22.29,22.28,22.29
fragment_03854,3,25.39,25.34,25.34,25.62
fragment_03855,2,27.25,29.07,24.8,29.07
fragment_03856,15,28.49,29.93,26.16,32.32
fragment_03857,3,29.24,29.29,27.61,29.29
fragment_03858,38,22.11,21.62,20.14,24.06
fragment_03859,8,26.22,26.19,26.18,26.26
fragment_03860,2,20.09,19.93,19.93,20.38
fragment_03861,8,28.2,27.75,27.14,33.09
fragment_03862,8,25.6,25.99,22.48,26.21
fragment_03863,9,24.13,24.08,22.61,27.77
fragment_03864,2,25.05,25.05,25.05,25.05
fragment_03865,6,24.02,24.01,24.01,24.2
fragment_03866,2,20.83,20.83,20.83,20.83
fragment_03867,2,26.21,26.21,26.21,26.21
fragment_03868,4,25.0,25.47,23.7,25.47
fragment_03869,1,22.58,22.58,22.58,22.58
fragment_03870,4,19.69,19.7,19.49,19.7
fragment_03871,11,28.32,27.57,26.54,31.92
fragment_03872,2,23.66,23.66,23.66,23.66
fragment_03873,1,27.25,27.25,27.25,27.25
fragment_03874,29,24.05,23.73,23.55,26.8
fragment_03875,11,27.17,26.83,26.71,32.9
fragment_03876,16,21.47,21.48,20.25,21.59
fragment_03877,37,25.28,26.19,22.99,29.99
fragment_03878,2,27.18,27.18,27.18,27.18
fragment_03879,5,24.52,24.51,24.51,24.59
fragment_03880,36,28.43,28.41,26.01,32.29
fragment_03881,14,23.7,23.57,23.57,24.2
fragment_03882,11,26.44,26.1,26.1,31.78
fragment_03883,2,28.75,28.77,27.97,28.77
fragment_03884,2,23.61,23.61,23.61,23.61
fragment_03885,4,25.04,25.07,24.97,28.18
fragment_03886,8,25.29,26.95,23.64,26.95
fragment_03887,4,34.47,34.52,31.87,34.52
fragment_03888,11,36.02,36.67,33.37,37.13
fragment_03889,5,20.76,20.75,20.75,22.72
fragment_03890,36,37.82,38.74,34.05,42.04
fragment_03891,1,20.75,20.75,20.75,20.75
fragment_03892,7,19.28,19.13,19.13,20.02
fragment_03893,12,25.15,27.17,23.89,27.17
fragment_03894,4,30.08,30.08,29.86,30.09
fragment_03895,1,20.78,20.78,20.78,20.78
fragment_03896,1,20.2,20.2,20.2,20.2
fragment_03897,2,24.58,24.58,24.58,24.58
fragment_03898,12,27.21,26.19,25.94,32.79
fragment_03899,2,27.7,27.69,27.69,27.7
fragment_03900,40,25.28,23.83,23.7,29.26
fragment_03901,2,26.18,26.19,26.18,26.19
fragment_03902,2,22.18,22.19,22.18,22.19
fragment_03903,4,20.18,20.9,18.02,20.94
fragment_03904,2,22.14,22.14,22.14,22.14
fragment_03905,22,22.89,22.5,22.39,29.16
fragment_03906,16,22.18,22.97,20.15,22.97
fragment_03907,8,19.68,19.69,19.49,19.69
fragment_03908,10,29.76,29.77,29.66,34.16
fragment_03909,1,29.1,29.1,29.1,29.1
fragment_03910,1,19.69,19.69,19.69,19.69
fragment_03911,1,20.4,20.4,20.4,20.4
fragment_03912,7,20.82,20.83,20.81,20.83
fragment_03913,6,26.05,26.14,22.3,26.14
fragment_03914,3,18.94,18.85,18.85,20.04
fragment_03915,3,20.37,20.12,20.12,22.84
fragment_03916,3,23.59,23.21,23.21,23.9
fragment_03917,2,22.23,22.24,22.23,22.24
fragment_03918,1,19.84,19.84,19.84,19.84
fragment_03919,4,28.39,28.14,26.54,30.2
fragment_03920,22,22.66,23.08,19.55,25.85
fragment_03921,1,22.85,22.85,22.85,22.85
fragment_03922,1,21.34,21.34,21.34,21.34
fragment_03923,28,19.6,19.83,18.09,26.47
fragment_03924,7,23.1,23.7,22.04,23.7
fragment_03925,2,20.89,20.89,20.89,20.89
fragment_03926,6,20.84,20.85,20.83,20.85
fragment_03927,1,29.22,29.22,29.22,29.22
fragment_03928,4,22.17,22.2,22.14,22.2
fragment_03929,1,27.93,27.93,27.93,27.93
fragment_03930,29,22.25,22.26,22.21,22.75
fragment_03931,10,26.34,26.35,26.24,26.49
fragment_03932,5,30.7,31.13,28.73,31.13
fragment_03933,6,20.78,20.13,20.13,22.82
fragment_03934,24,27.91,29.59,26.46,33.43
fragment_03935,17,24.93,25.49,23.59,29.71
fragment_03936,11,20.36,20.21,20.21,22.81
fragment_03937,2,23.04,23.05,23.04,23.05
fragment_03938,8,21.96,21.5,20.19,23.14
fragment_03939,6,16.89,17.18,15.1,17.18
fragment_03940,11,23.33,23.87,22.19,24.73
fragment_03941,4,24.98,24.98,24.98,24.98
fragment_03942,1,19.61,19.61,19.61,19.61
fragment_03943,1,18.37,18.37,18.37,18.37
fragment_03944,5,28.91,29.07,27.46,29.15
fragment_03945,17,21.82,21.61,20.26,22.25
fragment_03946,6,23.37,26.37,21.24,26.59
fragment_03947,13,22.78,22.39,21.06,25.26
fragment_03948,2,23.06,23.06,23.06,27.65
fragment_03949,2,22.5,22.54,22.27,22.54
fragment_03950,8,19.94,20.3,19.46,20.39
fragment_03951,7,21.41,21.47,21.28,21.49
fragment_03952,7,25.6,25.6,25.58,25.75
fragment_03953,7,20.73,20.85,20.51,20.86
fragment_03954,9,23.93,23.4,23.38,26.94
fragment_03955,2,23.69,23.69,23.69,23.69
fragment_03956,2,22.13,22.13,22.13,22.13
fragment_03957,2,27.49,27.49,27.49,27.49
fragment_03958,1,20.6,20.6,20.6,20.6
fragment_03959,23,28.31,28.1,24.92,31.84
fragment_03960,1,19.39,19.39,19.39,19.39
fragment_03961,1,20.77,20.77,20.77,20.77
fragment_03962,3,22.24,22.24,22.24,22.42
fragment_03963,1,19.62,19.62,19.62,19.62
fragment_03964,4,26.02,26.64,24.31,26.65
fragment_03965,2,22.22,22.22,22.22,22.22
fragment_03966,6,20.0,20.9,18.69,20.91
fragment_03967,16,27.76,27.0,25.87,31.74
fragment_03968,2,25.34,25.33,25.33,25.34
fragment_03969,2,22.13,22.13,22.12,22.13
fragment_03970,28,21.74,21.76,21.71,21.78
fragment_03971,1,39.05,39.05,39.05,39.05
fragment_03972,11,24.52,24.56,20.81,28.55
fragment_03973,24,23.12,22.28,21.37,27.6
fragment_03974,5,22.66,22.66,22.33,22.96
fragment_03975,2,22.04,22.04,22.04,22.04
fragment_03976,6,19.68,19.7,19.49,19.7
fragment_03977,49,22.01,22.87,20.39,23.52
fragment_03978,3,16.93,16.93,16.92,16.94
fragment_03979,6,32.34,32.33,32.14,32.42
fragment_03980,1,19.6,19.6,19.6,19.6
fragment_03981,1,22.64,22.64,22.64,22.64
fragment_03982,2,17.54,17.54,17.54,18.15
fragment_03983,9,21.41,21.35,21.32,21.52
fragment_03984,6,26.21,26.21,26.21,26.25
fragment_03985,1,19.22,19.22,19.22,19.22
fragment_03986,6,23.45,23.33,23.33,23.89
fragment_03987,1,19.69,19.69,19.69,19.69
fragment_03988,2,21.47,21.39,21.39,21.64
fragment_03989,1,19.67,19.67,19.67,19.67
fragment_03990,4,24.04,24.17,23.46,24.19
fragment_03991,5,25.13,25.98,23.1,25.98
fragment_03992,11,25.23,25.16,24.09,27.83
fragment_03993,11,21.88,21.94,20.32,21.94
fragment_03994,8,23.97,23.57,23.57,26.71
fragment_03995,2,23.97,23.91,23.91,24.46
fragment_03996,4,29.31,29.45,28.33,29.46
fragment_03997,2,23.04,23.08,22.87,23.08
fragment_03998,7,21.12,20.11,20.11,23.03
fragment_03999,10,28.46,27.45,26.24,33.72
fragment_04000,12,24.48,25.64,23.49,26.47
fragment_04001,2,21.47,21.38,21.38,21.64
fragment_04002,2,26.3,26.3,26.3,26.31
fragment_04003,1,20.85,20.85,20.85,20.85
fragment_04004,3,21.41,21.4,21.4,21.48
fragment_04005,11,30.98,30.78,28.97,33.96
fragment_04006,1,19.18,19.18,19.18,19.18
fragment_04007,6,19.15,19.01,19.01,19.53
fragment_04008,6,23.5,23.26,23.01,28.13
fragment_04009,2,32.35,32.37,31.19,32.37
fragment_04010,6,20.13,19.75,19.75,21.32
fragment_04011,6,20.95,20.94,20.94,20.95
fragment_04012,1,30.38,30.38,30.38,30.38
fragment_04013,1,19.67,19.67,19.67,19.67
fragment_04014,1,29.22,29.22,29.22,29.22
fragment_04015,4,32.3,33.29,29.61,33.29
fragment_04016,6,29.43,28.3,28.16,32.09
fragment_04017,1,28.4,28.4,28.4,28.4
fragment_04018,6,20.41,20.11,20.11,22.84
fragment_04019,6,34.81,35.32,28.88,35.32
fragment_04020,3,23.42,23.4,23.4,23.49
fragment_04021,18,22.33,23.0,19.55,25.29
fragment_04022,3,26.59,26.66,22.35,26.66
fragment_04023,19,28.17,26.62,26.22,32.22
fragment_04024,2,27.01,27.09,26.76,27.09
fragment_04025,10,20.61,19.69,18.79,23.28
fragment_04026,1,26.43,26.43,26.43,26.43
fragment_04027,10,21.69,21.21,20.61,25.36
fragment_04028,2,22.26,22.26,22.26,22.27
fragment_04029,1,21.9,21.9,21.9,21.9
fragment_04030,16,19.67,19.67,19.48,19.71
fragment_04031,2,26.46,26.46,26.45,26.46
fragment_04032,8,27.29,27.77,23.93,30.01
fragment_04033,2,22.1,22.1,22.1,22.1
fragment_04034,1,22.56,22.56,22.56,22.56
fragment_04035,2,22.15,22.16,22.15,22.16
fragment_04036,5,21.7,21.6,21.58,24.53
fragment_04037,3,29.28,29.29,27.6,29.29
fragment_04038,3,20.46,20.45,20.45,20.59
fragment_04039,6,20.52,20.76,19.5,20.76
fragment_04040,4,27.6,27.6,27.55,27.61
fragment_04041,30,22.46,22.42,22.41,29.49
fragment_04042,17,30.43,29.7,29.7,33.15
fragment_04043,11,25.84,26.25,24.35,29.46
fragment_04044,9,23.72,23.68,23.64,23.75
fragment_04045,12,20.62,20.85,19.64,22.04
fragment_04046,7,24.19,24.18,23.78,24.29
fragment_04047,6,28.77,29.72,24.89,30.45
fragment_04048,15,22.23,21.75,21.75,29.88
fragment_04049,4,20.47,20.52,20.3,20.52
fragment_04050,43,24.19,23.86,23.76,27.16
fragment_04051,3,32.45,32.45,32.16,33.02
fragment_04052,7,26.24,26.45,23.06,27.54
fragment_04053,2,23.5,23.5,23.5,23.5
fragment_04054,5,25.67,25.68,25.54,25.69
fragment_04055,10,22.28,22.61,19.58,22.81
fragment_04056,1,25.83,25.83,25.83,25.83
fragment_04057,3,30.95,30.89,30.89,31.13
fragment_04058,4,27.13,27.2,26.19,27.2
fragment_04059,4,22.12,22.11,22.11,22.12
fragment_04060,4,27.19,27.29,26.1,27.29
fragment_04061,16,27.08,27.49,20.16,27.49
fragment_04062,5,22.99,23.0,22.75,27.46
fragment_04063,1,21.36,21.36,21.36,21.36
fragment_04064,4,22.56,22.63,22.19,22.63
fragment_04065,33,27.95,27.84,25.61,28.34
fragment_04066,2,25.16,25.16,25.16,25.17
fragment_04067,25,24.97,25.25,19.29,25.36
fragment_04068,11,24.65,23.0,22.58,26.94
fragment_04069,3,20.41,20.13,20.13,22.83
fragment_04070,4,28.67,28.2,28.2,33.17
fragment_04071,18,21.56,21.58,20.22,21.74
fragment_04072,1,20.78,20.78,20.78,20.78
fragment_04073,8,23.46,23.44,23.34,23.48
fragment_04074,6,23.93,23.07,22.9,25.23
fragment_04075,2,25.36,25.36,25.36,25.36
fragment_04076,1,28.33,28.33,28.33,28.33
fragment_04077,11,29.31,29.8,24.89,30.17
fragment_04078,10,28.55,30.78,25.71,30.78
fragment_04079,32,23.74,23.74,23.73,23.75
fragment_04080,9,27.43,27.3,26.24,29.94
fragment_04081,8,20.6,20.69,19.51,20.7
fragment_04082,5,26.17,26.75,25.06,26.75
fragment_04083,16,20.63,20.77,19.53,20.81
fragment_04084,32,27.83,27.52,26.26,31.32
fragment_04085,10,33.84,34.07,29.66,34.16
fragment_04086,18,27.86,26.62,26.2,32.15
fragment_04087,6,26.36,26.48,25.61,27.45
fragment_04088,1,24.26,24.26,24.26,24.26
fragment_04089,7,25.62,27.04,23.82,29.55
fragment_04090,6,22.19,22.64,21.06,22.64
fragment_04091,4,28.04,28.04,27.03,31.93
fragment_04092,18,26.58,26.36,22.65,29.32
fragment_04093,13,28.01,26.49,25.82,31.04
fragment_04094,21,22.95,22.49,22.12,27.97
fragment_04095,2,15.94,15.95,15.94,15.95
fragment_04096,11,25.92,26.33,25.43,26.34
fragment_04097,4,23.2,23.5,22.76,23.5
fragment_04098,4,30.24,31.17,24.96,31.17
fragment_04099,1,17.86,17.86,17.86,17.86
fragment_04100,1,30.27,30.27,30.27,30.27
fragment_04101,2,21.52,21.39,21.39,21.93
fragment_04102,2,28.42,28.42,28.42,28.51
fragment_04103,6,22.16,22.14,22.14,22.19
fragment_04104,11,24.57,24.81,23.49,29.47
fragment_04105,19,25.57,25.61,25.24,30.55
fragment_04106,5,25.09,27.18,23.67,27.18
fragment_04107,2,26.55,26.55,26.55,26.55
fragment_04108,4,25.04,24.6,24.6,25.65
fragment_04109,22,22.3,23.34,19.27,26.92
fragment_04110,7,26.75,26.85,25.31,27.97
fragment_04111,21,22.88,22.08,21.66,28.08
fragment_04112,8,20.09,21.05,18.13,21.21
fragment_04113,18,19.47,19.46,19.31,20.24
fragment_04114,12,22.22,22.22,22.2,22.22
fragment_04115,26,25.22,25.93,23.73,29.33
fragment_04116,6,25.14,25.18,19.58,25.63
fragment_04117,4,23.59,23.59,23.58,24.2
fragment_04118,1,20.06,20.06,20.06,20.06
fragment_04119,9,20.26,20.3,19.32,20.31
fragment_04120,4,18.93,18.93,18.93,18.94
fragment_04121,2,24.24,24.24,24.24,24.24
fragment_04122,2,25.98,25.98,25.98,25.98
fragment_04123,4,22.13,22.13,22.13,22.13
fragment_04124,19,31.86,33.18,25.79,33.84
fragment_04125,5,26.26,24.86,24.86,28.99
fragment_04126,17,23.36,22.65,22.65,28.44
fragment_04127,33,21.48,21.49,20.23,21.72
fragment_04128,4,23.74,23.74,23.73,23.74
fragment_04129,35,30.39,28.65,26.46,36.93
fragment_04130,2,25.18,25.08,25.08,31.55
fragment_04131,19,22.33,21.6,20.21,24.02
fragment_04132,14,19.81,19.81,19.8,19.83
fragment_04133,6,23.4,23.32,23.32,23.67
fragment_04134,12,23.96,23.6,23.58,27.03
fragment_04135,6,26.44,27.31,20.97,27.43
fragment_04136,10,16.55,16.46,15.11,19.87
fragment_04137,2,22.07,22.07,22.07,22.09
fragment_04138,3,22.54,22.79,21.87,22.79
fragment_04139,3,23.31,22.89,22.89,27.05
fragment_04140,4,28.84,29.26,28.19,29.26
fragment_04141,3,23.61,24.28,22.62,24.28
fragment_04142,6,24.15,25.25,22.56,25.83
fragment_04143,18,24.55,23.6,23.58,26.94
fragment_04144,8,24.3,24.56,23.4,27.31
fragment_04145,3,28.41,28.39,28.39,29.15
fragment_04146,7,25.63,27.03,23.86,29.62
fragment_04147,4,29.0,29.01,28.99,30.29
fragment_04148,1,29.33,29.33,29.33,29.33
fragment_04149,27,22.47,22.51,21.89,23.8
fragment_04150,10,27.25,27.44,20.83,29.52
fragment_04151,2,24.02,24.0,24.0,24.04
fragment_04152,5,26.01,26.67,19.63,26.67
fragment_04153,2,25.4,25.41,25.4,25.41
fragment_04154,11,22.32,22.38,20.45,24.87
fragment_04155,3,24.68,24.7,22.16,24.7
fragment_04156,8,19.69,19.7,19.49,19.7
fragment_04157,3,20.87,20.33,20.33,25.22
fragment_04158,1,20.68,20.68,20.68,20.68
fragment_04159,13,28.8,29.86,27.63,33.56
fragment_04160,25,21.28,21.15,20.7,27.3
fragment_04161,36,21.45,21.45,20.21,21.69
fragment_04162,2,26.63,26.63,26.63,26.63
fragment_04163,2,24.02,24.03,24.02,24.03
fragment_04164,2,23.76,23.76,23.76,23.76
fragment_04165,2,25.55,25.55,25.55,25.55
fragment_04166,12,21.5,21.52,20.22,21.67
fragment_04167,4,22.4,22.43,22.26,22.43
fragment_04168,12,21.32,22.09,20.23,26.87
fragment_04169,6,28.8,29.71,24.88,30.56
fragment_04170,17,25.8,25.82,25.7,26.1
fragment_04171,20,23.64,23.81,22.67,27.3
fragment_04172,5,21.32,21.44,19.75,22.08
fragment_04173,4,26.83,26.86,25.65,26.86
fragment_04174,3,23.88,23.92,23.73,23.92
fragment_04175,3,23.73,23.72,23.72,23.8
fragment_04176,2,26.35,26.35,26.35,26.35
fragment_04177,3,23.81,23.81,23.81,23.91
fragment_04178,13,23.62,23.22,20.24,27.03
fragment_04179,19,23.26,23.56,19.5,28.43
fragment_04180,21,25.83,25.13,24.45,30.2
fragment_04181,1,19.18,19.18,19.18,19.18
fragment_04182,8,24.78,25.01,20.79,26.96
fragment_04183,2,21.7,21.7,21.7,21.7
fragment_04184,5,20.78,21.71,19.38,23.17
fragment_04185,6,23.81,23.81,23.79,23.93
fragment_04186,2,25.97,25.97,25.96,25.97
fragment_04187,6,23.44,23.33,23.33,23.89
fragment_04188,5,23.07,23.11,22.25,23.5
fragment_04189,16,24.84,25.64,19.82,25.64
fragment_04190,3,25.53,25.48,25.13,25.75
fragment_04191,2,25.18,25.18,25.18,25.18
fragment_04192,8,25.6,25.09,22.61,27.54
fragment_04193,6,22.14,22.15,22.14,22.17
fragment_04194,2,21.98,21.97,21.97,21.98
fragment_04195,2,23.94,23.94,23.94,23.94
fragment_04196,3,17.65,17.66,17.62,18.29
fragment_04197,6,26.81,27.51,20.98,27.68
fragment_04198,6,20.42,20.12,20.12,22.81
fragment_04199,2,25.71,25.72,25.69,25.72
fragment_04200,24,24.08,23.37,23.35,27.72
fragment_04201,25,25.69,25.4,25.23,29.69
fragment_04202,2,25.39,25.39,25.39,25.4
fragment_04203,18,22.2,22.2,22.19,22.21
fragment_04204,1,19.68,19.68,19.68,19.68
fragment_04205,16,19.21,19.58,17.77,19.58
fragment_04206,4,28.61,27.83,27.0,30.53
fragment_04207,24,21.35,20.94,20.93,26.65
fragment_04208,1,20.05,20.05,20.05,20.05
fragment_04209,5,30.05,30.09,29.3,31.43
fragment_04210,3,26.44,26.45,26.37,27.37
fragment_04211,6,25.35,25.35,25.35,25.41
fragment_04212,15,25.57,25.5,25.24,28.33
fragment_04213,7,31.31,31.51,28.13,32.37
