molecule,atoms,radius,method,param,time,vbur
H.xyz,2,3.5,grid,g=0.1,0.08736013899999762,5.621748988574224
H.xyz,2,3.5,gaussian,ord=3,0.0007540249999919979,11.20159131746519
Me.xyz,5,3.5,grid,g=0.1,0.09095495799999753,15.817143111190148
Me.xyz,5,3.5,gaussian,ord=3,0.0011961580000274807,23.59502742958307
tBu.xyz,14,3.5,grid,g=0.1,0.11652523899999778,38.85278960340578
tBu.xyz,14,3.5,gaussian,ord=3,0.015097943000000669,41.595753630945474
